pair_id,name_a,city_a,platforms_a,name_b,city_b,platforms_b,label,notes
P0000,Rosetta Hotel Danang,Đà Nẵng,booking,Sea Links Beach Resort & Golf,Phan Thiết,traveloka,0,[z-ai/glm-5.3-flash|high] Completely different names (Rosetta Hotel vs Sea Links Beach Resort & Golf) and different cities (Đà Nẵng vs Phan Thiết). These are clearly two distinct properties.
P0001,Khu nghỉ dưỡng Novotel Phú Quốc,Phú Quốc,ivivu,Khu nghỉ dưỡng Pullman Phú Quốc,Phú Quốc,ivivu,0,"[z-ai/glm-5.3-flash|high] Both listings are on Phú Quốc, but the names carry different brand markers of the same operator (Accor): Novotel vs Pullman. These are distinct properties, so they do not refer to the same physical hotel."
P0002,Khách sạn Dạ Lan 2 Đà Lạt,Đà Lạt,ivivu,Khách sạn Tulip 3 Đà Lạt,Đà Lạt,ivivu,0,[z-ai/glm-5.3-flash|high] The two listings have entirely different hotel names: 'Dạ Lan 2' vs 'Tulip 3'. They are different properties despite both being in Đà Lạt.
P0003,Khách sạn Majestic Nha Trang,Nha Trang,ivivu,Khách sạn Majestic Premium Nha Trang,Nha Trang,ivivu,0,"[z-ai/glm-5.3-flash|high] Both are in Nha Trang, but 'Majestic' vs 'Majestic Premium' are different tier/sub-brand markers of the same operator, indicating distinct properties (per the 'Majestic' vs 'Majestic Premium' example)."
P0004,Khu nghỉ dưỡng Le Palmier Hồ Tràm,Vũng Tàu,ivivu,Khách sạn Meliá Vinpearl Nha Trang Empire,Nha Trang,ivivu,0,[z-ai/glm-5.3-flash|high] Different names and different cities (Vũng Tàu vs Nha Trang); clearly different hotels.
P0005,Khu nghỉ dưỡng & biệt thự Sanctuary Hồ Tràm,Vũng Tàu,ivivu,Khách sạn CANVAS Đà Nẵng Beach,Đà Nẵng,ivivu,0,"[z-ai/glm-5.3-flash|high] Different properties: Sanctuary Hồ Tràm (Vũng Tàu) vs CANVAS Đà Nẵng Beach (Đà Nẵng), different names and cities."
P0006,Khách sạn Paradise Đà Lạt,Đà Lạt,ivivu,Khách sạn Tulip 3 Đà Lạt,Đà Lạt,ivivu,0,"[z-ai/glm-5.3-flash|high] The two listings have completely different hotel names — 'Paradise' vs 'Tulip 3' — with no transliteration, prefix/suffix, or word-order variation that could link them. Both are in Đà Lạt, but nothing indicates they are the same property."
P0007,Khách sạn Empress Đà Lạt,Đà Lạt,ivivu,Khách sạn Hồng Tâm Đà Lạt,Đà Lạt,ivivu | traveloka,0,"[z-ai/glm-5.3-flash|high] The two listings are both in Đà Lạt but carry entirely different hotel names: ""Empress"" vs ""Hồng Tâm"". These are not diacritic variants, brand spelling variants, or word-order differences — they are distinct proper names referring to different properties."
P0008,Orchid Hotel,Huế,booking,Victoria Hội An Beach Resort & Spa,Hội An,ivivu,0,"[z-ai/glm-5.3-flash|high] Different names and different cities: 'Orchid Hotel' is in Huế while 'Victoria Hội An Beach Resort & Spa' is in Hội An. No naming, brand, or transliteration similarity supports a merge."
P0009,Khách Sạn Malibu Beach Vũng Tàu,Vũng Tàu,ivivu,Khách sạn Corvin Vũng Tàu,Vũng Tàu,ivivu,0,"[z-ai/glm-5.3-flash|high] Different hotel names (Malibu Beach vs Corvin) in the same city, no naming variation links them."
P0010,Minh Hien Hotel,Phan Thiết,booking,Redhouse Dalat Hotel,Đà Lạt,booking,0,[z-ai/glm-5.3-flash|high] Different names (Minh Hien vs Redhouse Dalat) and different cities (Phan Thiết vs Đà Lạt); no shared brand or transliteration link.
P0011,Khu nghỉ dưỡng Amarin Phú Quốc,Phú Quốc,ivivu,Khu nghỉ dưỡng Novotel Phú Quốc,Phú Quốc,ivivu,0,[z-ai/glm-5.3-flash|high] Different brands (Amarin vs Novotel) in the same city.
P0012,Khách sạn Giai Điệu Đà Lạt,Đà Lạt,ivivu,Khách sạn Lasol Boutique Đà Lạt,Đà Lạt,ivivu,0,"[z-ai/glm-5.3-flash|high] The two listings have entirely different proper names: 'Giai Điệu' vs 'Lasol Boutique'. These are not related by diacritics, transliteration, property-type prefix/suffix, or brand spelling variation — they are two distinct hotels, both located in Đà Lạt."
P0013,Hoian Central Hotel,Hội An,booking,SOL by Meliá Phu Quoc,Phú Quốc,booking,0,"[z-ai/glm-5.3-flash|high] Completely different names (Hoian Central Hotel vs SOL by Meliá Phu Quoc), different brands (Meliá vs independent), and different cities (Hội An vs Phú Quốc). These are clearly distinct properties."
P0014,Khu nghỉ dưỡng Hội An Beach,Hội An,ivivu,Khu nghỉ dưỡng Palm Garden Beach Hội An,Hội An,ivivu,0,"[z-ai/glm-5.3-flash|high] Listing A is 'Khu nghỉ dưỡng Hội An Beach' (Hoi An Beach Resort) while Listing B is 'Khu nghỉ dưỡng Palm Garden Beach Hội An' (Palm Garden Beach Resort). The distinctive brand element 'Palm Garden' appears only in B, and A's name contains no equivalent core name beyond the city/beach descriptor. These are two different resort properties in Hội An, not a word-order or diacritic variation of the same name."
P0015,Khách sạn Bưu Điện Vũng Tàu,Vũng Tàu,ivivu,Khách sạn Rex Vũng Tàu,Vũng Tàu,ivivu,0,[z-ai/glm-5.3-flash|high] Different names referring to different properties: Listing A is named after the Post Office (Bưu Điện) while Listing B is the Rex hotel; the shared city Vũng Tàu does not make them the same hotel.
P0016,Khu Nghỉ Dưỡng Tiến Đạt Mũi Né,Phan Thiết,ivivu,Khu nghỉ dưỡng Đà Lạt Wonder,Đà Lạt,ivivu,0,[z-ai/glm-5.3-flash|high] Different names and different cities (Phan Thiết vs Đà Lạt); clearly unrelated properties.
P0017,Khu Nghỉ Dưỡng Radisson Phan Thiết,Phan Thiết,ivivu,Khu nghỉ dưỡng Novela Phan Thiết,Phan Thiết,ivivu,0,"[z-ai/glm-5.3-flash|high] Both are in Phan Thiết, but they carry different operator brands: 'Radisson' vs 'Novela'. These are distinct hotel chains with separate properties; nothing indicates one name resolves to the other's property."
P0018,Khu nghỉ dưỡng Novotel Phú Quốc,Phú Quốc,ivivu,Novotel Phu Quoc Resort,Phú Quốc,booking,1,"[z-ai/glm-5.3-flash|high] Same brand (Novotel), same city (Phú Quốc), names differ only by diacritics/transliteration and word order."
P0019,Davue Hotel Da Nang,Đà Nẵng,traveloka,V Hotel Nha Trang,Nha Trang,booking | traveloka,0,[z-ai/glm-5.3-flash|high] Different hotels: Davue Hotel in Đà Nẵng vs V Hotel in Nha Trang — different cities and names.
P0020,Allegro Hoi An . A Little Luxury Hotel & Spa,Hội An,booking,Khách Sạn Malibu Beach Vũng Tàu,Vũng Tàu,ivivu,0,[z-ai/glm-5.3-flash|high] The two listings are in different cities (Hội An vs Vũng Tàu) and the names do not match at all ('Allegro Hoi An' vs 'Malibu Beach'). They are clearly different hotels.
P0021,Khách sạn Kings Đà Lạt,Đà Lạt,ivivu,Khách sạn Kova Diamond Đà Nẵng,Đà Nẵng,ivivu,0,[z-ai/glm-5.3-flash|high] Different hotel names (Kings vs Kova Diamond) and different cities (Đà Lạt vs Đà Nẵng); clearly distinct properties.
P0022,Khách sạn Lasol Boutique Đà Lạt,Đà Lạt,ivivu,Khách sạn Thông Đỏ Đà Lạt,Đà Lạt,ivivu,0,[z-ai/glm-5.3-flash|high] Completely different hotel names: 'Lasol Boutique' vs 'Thông Đỏ' in the same city (Đà Lạt). Nothing links these two properties.
P0023,Aroma Beach Resort & Spa Phan Thiết,Phan Thiết,ivivu,Sunny Beach Resort & Spa Phan Thiết,Phan Thiết,ivivu,0,"[z-ai/glm-5.3-flash|high] The two listings carry different brand names — 'Aroma Beach Resort & Spa' vs 'Sunny Beach Resort & Spa' — not merely a diacritic, punctuation, or property-type prefix/suffix variation. Both are in Phan Thiết, but the differing proper names indicate distinct properties, so they cannot be confirmed as the same hotel."
P0024,Khách sạn Sunny Đà Lạt,Đà Lạt,ivivu,Khách sạn Sài Gòn Đà Lạt,Đà Lạt,ivivu,0,"[z-ai/glm-5.3-flash|high] The core names differ: 'Sunny' vs 'Sài Gòn' — these are not diacritic variants, transliterations, or word-order rearrangements of one another. Both are in Đà Lạt, but nothing indicates they are the same property."
P0025,Khách sạn Altara Suites Đà Nẵng,Đà Nẵng,ivivu,Khách sạn Gold Coast Đà Nẵng,Đà Nẵng,ivivu,0,[z-ai/glm-5.3-flash|high] Different names (Altara Suites vs Gold Coast) indicate different hotels.
P0026,Khách sạn Nice Dream Đà Lạt,Đà Lạt,ivivu,Khách sạn Sammy Đà Lạt,Đà Lạt,ivivu,0,"[z-ai/glm-5.3-flash|high] The two names are entirely different: 'Nice Dream' vs 'Sammy'. Both are in Đà Lạt, but nothing links them — different proper names indicate different physical hotels."
P0027,La Casa Boutique Hotel,Vũng Tàu,booking,Vuong Gia Hotel,Đà Lạt,traveloka,0,[z-ai/glm-5.3-flash|high] Different names ('La Casa Boutique Hotel' vs 'Vuong Gia Hotel') and different cities (Vũng Tàu vs Đà Lạt). Nothing indicates they refer to the same property.
P0028,Mövenpick Villas & Residences Phu Quoc,Phú Quốc,booking,Quy Nhơn Balahouse,Quy Nhơn,booking,0,"[z-ai/glm-5.3-flash|high] Different cities: Phú Quốc vs Quy Nhơn, and unrelated names."
P0029,Khách sạn Meliá Vinpearl Huế,Huế,booking | ivivu | traveloka,Khách sạn Mường Thanh Holiday Huế,Huế,ivivu | traveloka,0,"[z-ai/glm-5.3-flash|high] Different hotel brands entirely: 'Meliá Vinpearl' (Vinpearl/Meliá) vs 'Mường Thanh Holiday' (Mường Thanh chain). The shared elements are only the generic prefix 'Khách sạn' and the city name Huế, which do not indicate the same property."
P0030,Khách sạn Riva Vũng Tàu,Vũng Tàu,ivivu | traveloka,Khách sạn Romeliess Vũng Tàu,Vũng Tàu,ivivu,0,"[z-ai/glm-5.3-flash|high] The core names differ substantively: 'Riva' vs 'Romeliess'. This is not a diacritic, transliteration, property-type prefix/suffix, or word-order variation — both are hotels in Vũng Tàu, but 'Riva' and 'Romeliess' are distinct property names referring to different hotels."
P0031,Cherish Hotel Hue,Huế,traveloka,Hue Four Seasons Hotel,Huế,booking,0,"[z-ai/glm-5.3-flash|high] The core names differ entirely: 'Cherish Hotel' vs 'Four Seasons Hotel'. Both are in Huế and both include 'Hue' in the name, but there is no diacritic, word-order, prefix/suffix, or brand-spelling variation that would reconcile 'Cherish' with 'Four Seasons'. These are two distinct hotels in the same city."
P0032,Can ho Melody Vung Tau - Your Homestay,Vũng Tàu,booking,Navada Beach Hotel,Nha Trang,booking,0,[z-ai/glm-5.3-flash|high] Different hotels: they are in different cities (Vũng Tàu vs Nha Trang) and the names share no brand or property similarity (Melody Vung Tau homestay vs Navada Beach Hotel).
P0033,Sunny Beach Resort & Spa Phan Thiết,Phan Thiết,ivivu,Victoria Phan Thiết Beach Resort & Spa,Phan Thiết,ivivu,0,"[z-ai/glm-5.3-flash|high] Sunny Beach Resort & Spa and Victoria Phan Thiết Beach Resort & Spa are distinct hotel names (different brands), not variations of the same property."
P0034,Sala Danang Beach Hotel,Đà Nẵng,booking,Sunny A Hotel,Huế,booking,0,[z-ai/glm-5.3-flash|high] Completely different names (Sala Danang Beach Hotel vs Sunny A Hotel) and different cities (Đà Nẵng vs Huế); no shared brand or naming variant links them.
P0035,Khách sạn Hồng Tâm Đà Lạt,Đà Lạt,ivivu | traveloka,Khách sạn Tâm Dung Đà Lạt,Đà Lạt,ivivu,0,[z-ai/glm-5.3-flash|high] Names differ: 'Hồng Tâm' vs 'Tâm Dung' — different hotel names in the same city.
P0036,Hội An Reverie Villas,Hội An,traveloka,Rạng Garden Beach Side Resort,Phan Thiết,traveloka,0,"[z-ai/glm-5.3-flash|high] Different names and different cities: Hội An Reverie Villas is in Hội An, while Rạng Garden Beach Side Resort is in Phan Thiết. There is no brand, transliteration, or wording overlap to suggest a shared property."
P0037,Fireworks Homestay,Hội An,traveloka,Nam Thu Hotel,Quy Nhơn,booking,0,[z-ai/glm-5.3-flash|high] The two listings have completely different names (Fireworks Homestay vs Nam Thu Hotel) and are located in different cities (Hội An vs Quy Nhơn). There is no evidence they refer to the same property.
P0038,GIC Luxury Hotel And Spa,Đà Nẵng,traveloka,VND Hotel,Vũng Tàu,traveloka,0,"[z-ai/glm-5.3-flash|high] Different hotel names (GIC Luxury Hotel And Spa vs VND Hotel) and different cities (Đà Nẵng vs Vũng Tàu); no plausible brand, transliteration, or property-type relationship."
P0039,Sandunes Beach Resort and Spa,Phan Thiết,traveloka,Tuấn Vũ Homestay,Đà Lạt,ivivu,0,[z-ai/glm-5.3-flash|high] Different names (Sandunes Beach Resort and Spa vs Tuấn Vũ Homestay) and different cities (Phan Thiết vs Đà Lạt); no evidence they are the same property.
P0040,Khách sạn Mường Thanh Holiday Vũng Tàu,Vũng Tàu,ivivu,Khách sạn ibis Styles Vũng Tàu,Vũng Tàu,ivivu,0,"[z-ai/glm-5.3-flash|high] Different brands: Mường Thanh Holiday vs ibis Styles, same city but clearly different hotels."
P0041,Khách sạn Empyrean Nha Trang,Nha Trang,ivivu,Khách sạn Liberty Central Nha Trang,Nha Trang,ivivu,0,"[z-ai/glm-5.3-flash|high] Different hotel names: 'Empyrean' vs 'Liberty Central' are distinct hotel brands in the same city (Nha Trang), not a diacritic, word-order, or property-type variation."
P0042,Khu nghỉ dưỡng Fusion Cam Ranh,Nha Trang,ivivu,Khu nghỉ dưỡng Movenpick Cam Ranh,Nha Trang,ivivu,0,[z-ai/glm-5.3-flash|high] Different operators/brands: Fusion vs Movenpick; different properties in Cam Ranh.
P0043,Khách sạn Lucky Sun Nha Trang,Nha Trang,ivivu,Khách sạn Sun City Nha Trang,Nha Trang,ivivu | traveloka,0,"[z-ai/glm-5.3-flash|high] Different names: Lucky Sun vs Sun City are distinct hotels, not diacritic/word-order variants."
P0044,La Cactus Hotel,Quy Nhơn,booking,La Cactus Hotel 2,Quy Nhơn,booking,0,"[z-ai/glm-5.3-flash|high] The names differ by an explicit branch number: 'La Cactus Hotel 2' indicates a second, distinct property. Even though both are in Quy Nhơn, per the guidelines branch-number variants of the same operator are different hotels, so this matches the given 'La Cactus Hotel' vs 'La Cactus Hotel 2' different-hotel example."
P0045,Khách sạn Green Vũng Tàu,Vũng Tàu,ivivu,Khách sạn Riva Vũng Tàu,Vũng Tàu,ivivu | traveloka,0,"[z-ai/glm-5.3-flash|high] Both listings are in Vũng Tàu, but the core names differ ('Green' vs 'Riva'), which is not explained by diacritics, word order, or property-type prefixes. They are distinct hotel brands/properties."
P0046,Blue Sky Phú Quốc Hotel,Phú Quốc,traveloka,Hưng Nguyên Valley Đà Lạt,Đà Lạt,traveloka,0,"[z-ai/glm-5.3-flash|high] The two listings have entirely different names and are in different cities (Phú Quốc vs Đà Lạt), so they cannot refer to the same physical hotel."
P0047,Khu Nghỉ Dưỡng Elwood Phú Quốc,Phú Quốc,ivivu,Khu nghỉ dưỡng Amarin Phú Quốc,Phú Quốc,ivivu,0,"[z-ai/glm-5.3-flash|high] The two listings carry different property names: 'Elwood' vs 'Amarin'. Although both are resorts in Phú Quốc on the same platform, nothing indicates these names resolve to the same physical property, so they must be treated as different hotels."
P0048,Khách sạn Cẩm Tú Cầu Đà Lạt,Đà Lạt,ivivu,Khách sạn Hoa Sen 62 Đà Lạt,Đà Lạt,ivivu,0,[z-ai/glm-5.3-flash|high] Different names: 'Cẩm Tú Cầu' vs 'Hoa Sen 62' are distinct hotel names in Đà Lạt.
P0049,Khách sạn Du Parc Đà Lạt,Đà Lạt,ivivu,Son Hoi An Boutique Hotel & Spa,Hội An,booking,0,"[z-ai/glm-5.3-flash|high] Different names and different cities (Đà Lạt vs Hội An), clearly unrelated properties."
P0050,Khách sạn Rosaleen Boutique Huế,Huế,ivivu,Rosaleen Boutique Hotel,Huế,booking,1,"[z-ai/glm-5.3-flash|high] Both listings are in Huế. 'Khách sạn Rosaleen Boutique Huế' and 'Rosaleen Boutique Hotel' differ only by the property-type marker ('Khách sạn' vs 'Hotel') and the redundant city suffix, which resolve to the same property: Rosaleen Boutique Hotel in Huế."
P0051,Art Nest Hotel & Apartment Nha Trang,Nha Trang,ivivu,Virgo Hotel Nha Trang,Nha Trang,booking,0,"[z-ai/glm-5.3-flash|high] The two listings are both in Nha Trang, but the names are entirely different: ""Art Nest Hotel & Apartment"" vs ""Virgo Hotel"". There is no diacritic variation, shared brand name, word-order rearrangement, or operator spelling that could reconcile them. Different names indicate different physical hotels."
P0052,Khu nghỉ dưỡng Banyan Tree Lăng Cô Huế,Huế,ivivu,Khách sạn Marina Bay Côn Đảo,Vũng Tàu,ivivu,0,[z-ai/glm-5.3-flash|high] Different names (Banyan Tree Lăng Cô vs Marina Bay) and different cities (Huế vs Vũng Tàu/Côn Đảo); clearly two distinct properties.
P0053,Best Western Premier Sonasea Phu Quoc,Phú Quốc,booking,Khu Nghỉ Dưỡng Best Western Premier Sonasea Phú Quốc,Phú Quốc,ivivu,1,"[z-ai/glm-5.3-flash|high] The two names differ only by a property-type prefix (""Khu Nghỉ Dưỡng"" = ""Resort"") and a diacritics/transliteration variant (""Phu Quoc"" vs ""Phú Quốc""). Both are in Phú Quốc and share the identical brand and property name ""Best Western Premier Sonasea"", so they refer to the same physical hotel."
P0054,Khách sạn ibis Styles Vũng Tàu,Vũng Tàu,ivivu,ibis Styles Vung Tau,Vũng Tàu,booking,1,"[z-ai/glm-5.3-flash|high] Both listings refer to the ibis Styles hotel in Vũng Tàu. Listing A adds the property-type prefix 'Khách sạn' (hotel), and 'Vũng Tàu' vs 'Vung Tau' is merely a diacritics difference. Same brand, same city, same property type."
P0055,Khách sạn Gold Đà Nẵng,Đà Nẵng,ivivu,Khách sạn Novotel Nha Trang,Nha Trang,ivivu,0,[z-ai/glm-5.3-flash|high] Different hotel names and brands (Gold vs Novotel) in different cities (Đà Nẵng vs Nha Trang); clearly distinct properties.
P0056,Allegro Hoi An . A Little Luxury Hotel & Spa,Hội An,booking,Khu nghỉ dưỡng Pilgrimage Village Boutique,Huế,booking | traveloka,0,"[z-ai/glm-5.3-flash|high] Different hotels in different cities (Hội An vs Huế) with entirely unrelated names: 'Allegro Hoi An . A Little Luxury Hotel & Spa' vs 'Khu nghỉ dưỡng Pilgrimage Village Boutique'. No shared brand, transliteration, or word-order variation applies."
P0057,The Palmy Resort & Spa Phú Quốc,Phú Quốc,ivivu,The Shells Resort & Spa Phú Quốc,Phú Quốc,booking | ivivu | traveloka,0,"[z-ai/glm-5.3-flash|high] Different core proper names: 'The Palmy' vs 'The Shells'. Both are Resort & Spa properties in Phú Quốc, but the distinctive name tokens differ entirely, so these are two different resorts, not transliteration, word-order, or property-type variants."
P0058,Hotel Hoai Anh,Vũng Tàu,booking,Khu nghỉ dưỡng Anantara Quy Nhơn Villas,Quy Nhơn,ivivu,0,[z-ai/glm-5.3-flash|high] Different cities (Vũng Tàu vs Quy Nhơn) and entirely different names (Hoai Anh vs Anantara Quy Nhơn Villas); these are clearly not the same property.
P0059,Khu Nghỉ Dưỡng Radisson Phan Thiết,Phan Thiết,ivivu,Khu nghỉ dưỡng Movenpick Phan Thiết,Phan Thiết,ivivu,0,"[z-ai/glm-5.3-flash|high] The two listings carry entirely different operator brands: Radisson vs. Mövenpick. Unlike the example where 'Movenpick' vs 'Mövenpick' is just a diacritic spelling of the same brand, here the brand names themselves differ, and there is no evidence (branch name, address, or matching identity) that they resolve to the same property. Per the rules, an unconfirmable merge must not be credited."
P0060,Khách sạn King's Finger Đà Nẵng,Đà Nẵng,ivivu,Khách sạn Mường Thanh Luxury Đà Nẵng,Đà Nẵng,ivivu,0,"[z-ai/glm-5.3-flash|high] The two listings have entirely different brand names ('King's Finger' vs 'Mường Thanh Luxury'); the shared suffix 'Đà Nẵng' and hotel-type prefix do not make them the same property. These are distinct hotel operators, not diacritic, word-order, or brand-spelling variants."
P0061,Khu nghỉ dưỡng Vietsovpetro Hồ Tràm,Vũng Tàu,ivivu,Khách sạn Lucky Sun Nha Trang,Nha Trang,ivivu,0,"[z-ai/glm-5.3-flash|high] Completely different names (Vietsovpetro vs Lucky Sun) and different cities (Vũng Tàu vs Nha Trang), so these are clearly different properties."
P0062,Khu nghỉ dưỡng Seava Hồ Tràm,Vũng Tàu,ivivu,Khu nghỉ dưỡng Vietsovpetro Hồ Tràm,Vũng Tàu,ivivu,0,"[z-ai/glm-5.3-flash|high] The two listings carry entirely different brand names: 'Seava' vs 'Vietsovpetro'. This is not a diacritic, word-order, property-type prefix/suffix, or spelling variant of the same operator name. Although both are located in the Hồ Tràm area of Vũng Tàu, nothing in the names indicates they resolve to the same physical property, and a rebrand/shared-operator relationship cannot be confirmed from the given evidence, so the pair must not be merged."
P0063,Aroma Beach Resort & Spa Phan Thiết,Phan Thiết,ivivu,Victoria Phan Thiết Beach Resort & Spa,Phan Thiết,ivivu,0,"[z-ai/glm-5.3-flash|high] The two names contain different brand names, 'Aroma' vs 'Victoria', which are distinct operators/properties. Both are in Phan Thiết, but this is a brand difference, not a spelling, diacritic, word-order, or property-type variant, so they are different hotels."
P0064,Khu nghỉ dưỡng Movenpick Phan Thiết,Phan Thiết,ivivu,Sekong Hotel Da Nang,Đà Nẵng,booking,0,"[z-ai/glm-5.3-flash|high] The two listings are in different cities (Phan Thiết vs Đà Nẵng) and carry entirely different names/brands (Movenpick resort vs Sekong Hotel). No naming variation, transliteration, or brand suffix can reconcile them, so they are different properties."
P0065,The Palmy Phú Quốc Resort & Spa,Phú Quốc,traveloka,The Palmy Resort & Spa Phú Quốc,Phú Quốc,ivivu,1,"[z-ai/glm-5.3-flash|high] The names differ only in word order: 'The Palmy Phú Quốc Resort & Spa' vs 'The Palmy Resort & Spa Phú Quốc'. Both are located in Phú Quốc, and the shared distinctive brand name 'The Palmy' with identical 'Resort & Spa' type strongly indicates the same physical property."
P0066,Khách sạn Lake View Đà Lạt,Đà Lạt,ivivu,Khách sạn Sài Gòn Đà Lạt,Đà Lạt,ivivu,,
P0067,Khách sạn La Sapinette Đà Lạt,Đà Lạt,ivivu,Khách sạn Phố Núi Đà Lạt,Đà Lạt,ivivu,0,"[z-ai/glm-5.3-flash|high] The core names differ completely: 'La Sapinette' vs 'Phố Núi'. Both are hotels in Đà Lạt, but nothing indicates they are the same property — different names mean different hotels."
P0068,Khách sạn Ngọc Phát Đà Lạt,Đà Lạt,ivivu,Khách sạn Tâm Dung Đà Lạt,Đà Lạt,ivivu,0,"[z-ai/glm-5.3-flash|high] The two names contain entirely different proper names — 'Ngọc Phát' vs 'Tâm Dung' — with no diacritic, transliteration, word-order, or brand-spelling variation that could reconcile them. Both are in Đà Lạt, but they are clearly distinct hotel brands, so they refer to different physical hotels."
P0069,Khách sạn Star City Nha Trang,Nha Trang,ivivu,Khách sạn Sun City Nha Trang,Nha Trang,ivivu | traveloka,0,"[z-ai/glm-5.3-flash|high] The names differ by a core word: 'Star City' vs 'Sun City'. This is not a diacritic, word-order, or property-type variation but two distinct hotel names in the same city (Nha Trang)."
P0070,Khách sạn Kova Diamond Đà Nẵng,Đà Nẵng,ivivu,Khách sạn Mường Thanh Grand Đà Nẵng,Đà Nẵng,ivivu,0,"[z-ai/glm-5.3-flash|high] The two listings carry entirely different brand names — 'Kova Diamond' vs 'Mường Thanh Grand' — with no transliteration, property-type, word-order, or operator-spelling variation linking them. Both are in Đà Nẵng, but nothing indicates they are the same physical property, so they must be treated as different hotels."
P0071,Nolis Hotel Vung Tau,Vũng Tàu,traveloka,Son Hoi An Boutique Hotel & Spa,Hội An,booking,0,[z-ai/glm-5.3-flash|high] Different names and different cities: Nolis Hotel is in Vũng Tàu while Son Hoi An Boutique Hotel & Spa is in Hội An. These are clearly different properties.
P0072,Khách sạn Paradise Đà Lạt,Đà Lạt,ivivu,Khách sạn Park Đà Lạt,Đà Lạt,ivivu,0,"[z-ai/glm-5.3-flash|high] The distinguishing names differ: ""Paradise"" vs ""Park"" are unrelated proper names, not diacritic variants, brand spellings, or type/word-order differences. Both are in Đà Lạt, but there is no evidence these refer to one property."
P0073,Khách sạn ANYA Quy Nhơn,Quy Nhơn,ivivu | traveloka,Khách sạn Hoàng Yến 1 Quy Nhơn,Quy Nhơn,traveloka,0,"[z-ai/glm-5.3-flash|high] Different hotel names: 'ANYA' vs 'Hoàng Yến 1'. The names share no brand, transliteration, or word-order variation that could resolve to the same property; both being in Quy Nhơn does not make them the same hotel."
P0074,RIO Hotel and Apartment,Vũng Tàu,booking,Sekong Hotel Da Nang,Đà Nẵng,booking,0,[z-ai/glm-5.3-flash|high] Completely different names (RIO vs Sekong) and different cities (Vũng Tàu vs Đà Nẵng). These are clearly distinct properties.
P0075,Kings Hotel Dalat,Đà Lạt,booking,M Hotel Đà Lạt,Đà Lạt,booking,0,"[z-ai/glm-5.3-flash|high] The names 'Kings Hotel Dalat' and 'M Hotel Đà Lạt' are entirely different hotel names, not variants of each other by diacritics, word order, or property-type prefixes. Same city does not make different-branded hotels the same property."
P0076,Raon Hotel - STAY 24H,Đà Nẵng,booking,Raon Villa - STAY 24H,Đà Lạt,booking,0,"[z-ai/glm-5.3-flash|high] The pair fails on multiple disqualifying criteria: they are in different cities (Đà Nẵng vs Đà Lạt), and the property types genuinely differ ('Raon Hotel' vs 'Raon Villa'). Even under the same 'STAY 24H' branding, these are distinct properties."
P0077,Khu Nghỉ Dưỡng Lahana Phú Quốc,Phú Quốc,booking | ivivu | traveloka,Khu nghỉ dưỡng Arcadia Phú Quốc,Phú Quốc,ivivu | traveloka,0,"[z-ai/glm-5.3-flash|high] Lahana và Arcadia là hai thương hiệu nghỉ dưỡng khác nhau; dù cùng ở Phú Quốc, tên gọi không trùng khớp nên là hai cơ sở vật chất khác nhau."
P0078,Khách sạn Four Points by Sheraton Đà Nẵng,Đà Nẵng,ivivu,Little Riverside Hoi An . A Luxury Hotel & Spa,Hội An,booking,0,"[z-ai/glm-5.3-flash|high] Different brands (Four Points by Sheraton vs Little Riverside) and different cities (Đà Nẵng vs Hội An), so these are clearly different hotels."
P0079,Khách sạn Iris Đà Lạt,Đà Lạt,ivivu,Khách sạn Park Đà Lạt,Đà Lạt,ivivu,0,"[z-ai/glm-5.3-flash|high] Different core names: 'Iris' vs 'Park' — two distinct hotels in Đà Lạt, not variants of one property."
P0080,Khách sạn Green Vũng Tàu,Vũng Tàu,ivivu,Khách sạn Rex Vũng Tàu,Vũng Tàu,ivivu,0,"[z-ai/glm-5.3-flash|high] Different hotel names: 'Green' vs 'Rex' are distinct brands/properties, both located in Vũng Tàu. Nothing indicates they are the same hotel."
P0081,Khách sạn FLC Grand Quy Nhơn,Quy Nhơn,ivivu,Mango Bay Resort,Phú Quốc,booking,0,[z-ai/glm-5.3-flash|high] Different names (FLC Grand Quy Nhơn vs Mango Bay Resort) and different cities (Quy Nhơn vs Phú Quốc); these are clearly different properties.
P0082,Khu Nghỉ Dưỡng Radisson Phan Thiết,Phan Thiết,ivivu,Khu nghỉ dưỡng Pandanus Phan Thiết,Phan Thiết,ivivu,0,"[z-ai/glm-5.3-flash|medium] Both listings are in Phan Thiết, but the brand names are entirely different: 'Radisson' vs 'Pandanus'. The shared generic parts ('Khu nghỉ dưỡng', 'Phan Thiết') do not establish identity. While a rebranding (e.g., a former name) could theoretically link them, this cannot be confirmed from the given evidence, and per the rules an unconfirmable merge must be answered 0."
P0083,Khách sạn Empress Đà Lạt,Đà Lạt,ivivu,Khách sạn Park Đà Lạt,Đà Lạt,ivivu,0,[z-ai/glm-5.3-flash|high] The core names differ: 'Empress' vs 'Park'. Sharing the same city (Đà Lạt) and property type ('Khách sạn') is not sufficient; these are distinct proper names referring to different hotels.
P0084,TMS Hotel Da Nang Beach,Đà Nẵng,booking,TMS Hotel Đà Nẵng Beach,Đà Nẵng,ivivu,1,"[z-ai/glm-5.3-flash|high] The names are identical except for diacritics: ""TMS Hotel Da Nang Beach"" vs ""TMS Hotel Đà Nẵng Beach"" (Da Nang / Đà Nẵng is only a diacritics difference). Both listings are in Đà Nẵng, so they refer to the same physical hotel."
P0085,Khách sạn Thanh Lịch Royal Boutique Huế,Huế,ivivu,Thanh Lich Royal Boutique,Huế,booking,1,"[z-ai/glm-5.3-flash|high] Both listings are in Huế and share the identical core name 'Thanh Lịch Royal Boutique' — A merely adds the property-type prefix 'Khách sạn' and the city suffix 'Huế', while B drops diacritics ('Lich' vs 'Lịch'). These fall squarely within allowed variations (diacritics, property-type prefix, city qualifier), so they refer to the same physical hotel."
P0086,Khu Nghỉ Dưỡng Elwood Phú Quốc,Phú Quốc,ivivu,Khu nghỉ dưỡng Arcadia Phú Quốc,Phú Quốc,ivivu | traveloka,0,[z-ai/glm-5.3-flash|high] Different names: Elwood vs Arcadia resorts in Phú Quốc.
P0087,Khu nghỉ dưỡng Meliá Vinpearl Phú Quốc,Phú Quốc,ivivu,Khu nghỉ dưỡng Novotel Phú Quốc,Phú Quốc,ivivu,0,"[z-ai/glm-5.3-flash|high] Different brands/operators: Meliá Vinpearl vs Novotel, both in Phú Quốc but distinct properties."
P0088,Khách sạn Mường Thanh Luxury Đà Nẵng,Đà Nẵng,ivivu,Khách sạn Paris Deli Đà Nẵng,Đà Nẵng,ivivu,0,[z-ai/glm-5.3-flash|high] The two listings have completely different names: 'Mường Thanh Luxury' vs 'Paris Deli'. Sharing the same city (Đà Nẵng) does not make them the same hotel; these are clearly distinct properties and brands.
P0089,Khách sạn ANYA Premier Quy Nhơn,Quy Nhơn,ivivu,Khách sạn ANYA Quy Nhơn,Quy Nhơn,ivivu | traveloka,0,"[z-ai/glm-5.3-flash|high] ANYA Premier vs ANYA differ by a tier marker (Premier), indicating different sub-brands/properties even in the same city."
P0090,Khu nghỉ dưỡng Intourco  Vũng Tàu,Vũng Tàu,ivivu,Khu nghỉ dưỡng Seaside Vũng Tàu,Vũng Tàu,ivivu,0,"[z-ai/glm-5.3-flash|high] Both are resorts in Vũng Tàu, but the distinguishing names differ completely: 'Intourco' vs 'Seaside'. These are two distinct known properties in Vũng Tàu, not variants of the same name."
P0091,Bella VT Hotel,Vũng Tàu,booking | traveloka,Lotus Rock Hotel,Đà Nẵng,traveloka,0,[z-ai/glm-5.3-flash|high] Different names (Bella VT Hotel vs Lotus Rock Hotel) and different cities (Vũng Tàu vs Đà Nẵng); no evidence of a shared property.
P0092,Khách sạn Du Parc Đà Lạt,Đà Lạt,ivivu,Khách sạn Hoa Sen 62 Đà Lạt,Đà Lạt,ivivu,0,[z-ai/glm-5.3-flash|high] Different names: Du Parc vs Hoa Sen 62; no evidence they are the same property.
P0093,CAMY Hotel Vung Tau,Vũng Tàu,booking,Khách sạn Phương Uyên Đà Lạt,Đà Lạt,ivivu | traveloka,0,[z-ai/glm-5.3-flash|high] Different names and different cities (Vũng Tàu vs Đà Lạt).
P0094,Mövenpick Resort Phan Thiet,Phan Thiết,booking,Rạng Garden Beach Side Resort,Phan Thiết,traveloka,0,"[z-ai/glm-5.3-flash|high] The names refer to entirely different properties: Mövenpick Resort Phan Thiet is an international brand resort, while Rạng Garden Beach Side Resort is a distinct locally named resort. Same city (Phan Thiết) alone is not sufficient evidence of a match, and no name variation, brand, or transliteration connects them."
P0095,Khách sạn Ngọc Mai Phú Đà Lạt,Đà Lạt,ivivu,Khách sạn Thi Thảo - Gardenia Đà Lạt,Đà Lạt,ivivu,0,[z-ai/glm-5.3-flash|high] The core names differ entirely: 'Ngọc Mai Phú' vs 'Thi Thảo - Gardenia'. Sharing only the city (Đà Lạt) and the generic 'Khách sạn' prefix does not make them the same property.
P0096,Khách sạn Marina Bay Côn Đảo,Vũng Tàu,ivivu,Seashore Hotel & Apartment,Đà Nẵng,traveloka,0,[z-ai/glm-5.3-flash|high] Different names and different cities (Vũng Tàu vs Đà Nẵng); no evidence of a shared property.
P0097,Khu nghỉ dưỡng Citadines Pearl Hội An,Hội An,ivivu,Khu nghỉ dưỡng Movenpick Phan Thiết,Phan Thiết,ivivu,0,[z-ai/glm-5.3-flash|high] Different brands (Citadines vs Movenpick) and different cities (Hội An vs Phan Thiết).
P0098,Khu nghỉ dưỡng Pilgrimage Village Boutique,Huế,booking | traveloka,Pilgrimage Village Resort & Spa Huế,Huế,ivivu,1,"[z-ai/glm-5.3-flash|high] Both in Huế, same core name 'Pilgrimage Village'; 'Khu nghỉ dưỡng' vs 'Resort & Spa' are property-type wording variants of the same boutique resort."
P0099,Khách sạn CANVAS Đà Nẵng Beach,Đà Nẵng,ivivu,Khách sạn SALA Đà Nẵng Beach,Đà Nẵng,ivivu,0,[z-ai/glm-5.3-flash|high] Different hotel names (CANVAS vs SALA) in the same city — distinct properties.
P0100,Bondi Backpackers Nhatrang,Nha Trang,booking,Tigon Dalat Hostel,Đà Lạt,booking,0,[z-ai/glm-5.3-flash|high] Different names ('Bondi Backpackers' vs 'Tigon Dalat Hostel') and different cities (Nha Trang vs Đà Lạt); clearly different properties.
P0101,Khách sạn Hồng Tâm Đà Lạt,Đà Lạt,ivivu | traveloka,Khách sạn Paradise Đà Lạt,Đà Lạt,ivivu,0,"[z-ai/glm-5.3-flash|high] The core names differ completely: 'Hồng Tâm' vs 'Paradise' — not a diacritic, transliteration, word-order, or property-type variant. Same city (Đà Lạt) but clearly different hotel names, so different hotels."
P0102,Khu nghỉ dưỡng Six Senses Côn Đảo,Vũng Tàu,ivivu,Khách sạn Đông Xuân Hồng Phú Quốc,Phú Quốc,ivivu,0,[z-ai/glm-5.3-flash|high] Different properties: Six Senses Côn Đảo vs Đông Xuân Hồng in Phú Quốc; names and locations do not match.
P0103,Khách sạn ibis Styles Vũng Tàu,Vũng Tàu,ivivu,Ocean Vista Sea Links Phan Thiết,Phan Thiết,ivivu,0,"[z-ai/glm-5.3-flash|high] Different names and different cities: ibis Styles Vũng Tàu is in Vũng Tàu, while Ocean Vista Sea Links is in Phan Thiết. No transliteration, brand, or word-order similarity could make these the same property."
P0104,Khách sạn Sea Links Beach Phan Thiết,Phan Thiết,ivivu,Sea Links Beach Villas Phan Thiết,Phan Thiết,ivivu,0,"[z-ai/glm-5.3-flash|high] Both are in Phan Thiết under the Sea Links brand, but they are different property types: Listing A is the hotel (Khách sạn Sea Links Beach) while Listing B is the villas (Sea Links Beach Villas). Genuine property-type difference at the same brand, so they are not the same physical hotel."
P0105,Khách sạn San Hô Vũng Tàu,Vũng Tàu,traveloka,VinOasis Phu Quoc,Phú Quốc,traveloka,,
P0106,Khu nghỉ dưỡng New World  Phú Quốc,Phú Quốc,ivivu,Khu nghỉ dưỡng Pullman Phú Quốc,Phú Quốc,ivivu,0,"[z-ai/glm-5.3-flash|high] Different brand operators: New World vs Pullman, both in Phú Quốc but clearly distinct properties."
P0107,Cereja Hotel & Resort Đà Lạt,Đà Lạt,ivivu | traveloka,Lovely House,Đà Lạt,booking,0,"[z-ai/glm-5.3-flash|high] The names share no token, brand, or transliteration: 'Cereja Hotel & Resort' vs 'Lovely House'. Matching city (Đà Lạt) alone is insufficient; these appear to be different properties."
P0108,Khu Nghỉ Dưỡng Movenpick Waverly Phú Quốc,Phú Quốc,ivivu,Mövenpick Resort Waverly Phu Quoc,Phú Quốc,booking,1,"[z-ai/glm-5.3-flash|high] Same property; names differ only by diacritics/transliteration (Mövenpick/Movenpick, Phú Quốc/Phu Quoc) and property-type wording, both in Phú Quốc."
P0109,Khách sạn Vias Vũng Tàu,Vũng Tàu,ivivu,Vias Hotel Vung Tau,Vũng Tàu,booking,1,"[z-ai/glm-5.3-flash|high] Both refer to the Vias hotel in Vũng Tàu. 'Khách sạn' is simply the Vietnamese word for 'hotel' (a property-type prefix vs. the suffix 'Hotel'), and 'Vũng Tàu' vs 'Vung Tau' is only a diacritics difference. Same city, same name, different platforms only."
P0110,Hoi An River Beach Resort and Residences,Hội An,traveloka,Holiday Beach Đà Nẵng Hotel & Resort,Đà Nẵng,ivivu,0,"[z-ai/glm-5.3-flash|high] Different properties in different cities: Listing A is in Hội An while Listing B is in Đà Nẵng, and the names share no brand or property identifier (Hoi An River Beach Resort and Residences vs Holiday Beach Đà Nẵng Hotel & Resort). No transliteration, word-order, or brand variant explains the difference."
P0111,Khu nghỉ dưỡng Novela Phan Thiết,Phan Thiết,ivivu,Khu nghỉ dưỡng Pandanus Phan Thiết,Phan Thiết,ivivu,0,"[z-ai/glm-5.3-flash|high] Both are resorts in Phan Thiết, but the core brand names differ: 'Novela' vs 'Pandanus'. These are distinct properties (Novela Phan Thiet Resort vs Pandanus Resort), not a diacritic, word-order, or property-type variation."
P0112,Hotel La Perle,Huế,booking | traveloka,La Beach Hotel,Đà Nẵng,traveloka,0,[z-ai/glm-5.3-flash|high] Different cities (Huế vs Đà Nẵng) and different names; no evidence links the two listings.
P0113,Sen Hotel Phu Quoc,Phú Quốc,booking,VinOasis Phu Quoc,Phú Quốc,traveloka,0,"[z-ai/glm-5.3-flash|high] The names are entirely different: 'Sen Hotel' is not a spelling, word-order, or property-type variant of 'VinOasis' (a distinct Vingroup sub-brand). Even though both are in Phú Quốc, nothing links them to the same physical property, so they must be treated as different hotels."
P0114,Khu nghỉ dưỡng ALMA Cam Ranh,Nha Trang,ivivu,Khu nghỉ dưỡng Fusion Cam Ranh,Nha Trang,ivivu,0,[z-ai/glm-5.3-flash|high] ALMA and Fusion are different resort brands in Cam Ranh; names differ materially.
P0115,Khu nghỉ dưỡng Angsana Lăng Cô Huế,Huế,ivivu,Khu nghỉ dưỡng Banyan Tree Lăng Cô Huế,Huế,ivivu,0,[z-ai/glm-5.3-flash|high] Angsana and Banyan Tree are distinct brands at Lăng Cô (different operators/sub-brands of Banyan Tree group); they are separate physical resorts.
P0116,Khu nghỉ dưỡng & biệt thự Sanctuary Hồ Tràm,Vũng Tàu,ivivu,Nam Xuan Premium Hotel,Đà Lạt,traveloka,0,"[z-ai/glm-5.3-flash|high] Different properties: Listing A is the Sanctuary resort & villas in Hồ Tràm (Vũng Tàu), while Listing B is Nam Xuan Premium Hotel in Đà Lạt. The names share no brand element and the cities differ, so they cannot be the same hotel."
P0117,Cereja Hotel & Resort Đà Lạt,Đà Lạt,ivivu | traveloka,M Hotel Đà Lạt,Đà Lạt,booking,0,"[z-ai/glm-5.3-flash|high] Cả hai đều ở Đà Lạt, nhưng tên gọi hoàn toàn khác nhau: 'Cereja Hotel & Resort' so với 'M Hotel'. Không có sự tương đồng về thương hiệu, tiền tố/hậu tố loại hình lưu trú hay biến thể chính tả nào; các tên chỉ khác nhau ở các phần cốt lõi khác biệt. Không có bằng chứng cho thấy đây là cùng một cơ sở lưu trú."
P0118,Khách sạn Gold Coast Đà Nẵng,Đà Nẵng,ivivu,Khách sạn Gold Đà Nẵng,Đà Nẵng,ivivu,0,"[z-ai/glm-5.3-flash|high] Both are in Đà Nẵng, but the proper names differ by a substantive word: 'Gold Coast' vs 'Gold'. 'Coast' is part of the hotel's name, not a property-type prefix/suffix, so this is not covered by the allowable name variations (diacritics, property-type words, word order, brand spelling). These are likely two distinct hotels; a merge cannot be confirmed."
P0119,Lovely House,Đà Lạt,booking,Mento Hotel Quy Nhon,Quy Nhơn,booking | traveloka,0,"[z-ai/glm-5.3-flash|high] Different names (""Lovely House"" vs ""Mento Hotel Quy Nhon"") and different cities (Đà Lạt vs Quy Nhơn); no evidence they are the same property."
P0120,Khách sạn Cẩm Tú Cầu Đà Lạt,Đà Lạt,ivivu,Khách sạn La Sapinette Đà Lạt,Đà Lạt,ivivu,,
P0121,Khách sạn Hoa Sen 62 Đà Lạt,Đà Lạt,ivivu,Khách sạn Hải Duyên Đà Lạt,Đà Lạt,ivivu,0,"[z-ai/glm-5.3-flash|high] The hotel names are entirely different: 'Hoa Sen 62' vs 'Hải Duyên'. Both are in Đà Lạt, but there is no name similarity suggesting they are the same property."
P0122,Khu nghỉ dưỡng Hải Dương Intourco Vũng Tàu,Vũng Tàu,ivivu,Khu nghỉ dưỡng Intourco  Vũng Tàu,Vũng Tàu,ivivu,1,"[z-ai/glm-5.3-flash|medium] Both listings are in Vũng Tàu on the same platform (ivivu), and the names differ only by the extra token 'Hải Dương' in Listing A, which reads as part of the operator/corporate name attached to the same 'Intourco' resort brand. No tier, branch-number, or property-type distinction is present, so both resolve to the same physical Intourco resort in Vũng Tàu."
P0123,Khu nghỉ dưỡng FLC Luxury Quy Nhơn,Quy Nhơn,ivivu | traveloka,Khách sạn FLC Luxury Quy Nhơn,Quy Nhơn,ivivu,1,"[z-ai/glm-5.3-flash|high] Both listings share the identical core name 'FLC Luxury Quy Nhơn' and the same city (Quy Nhơn). The only difference is the property-type prefix: 'Khu nghỉ dưỡng' (resort) vs 'Khách sạn' (hotel), which falls under the property-type prefix/suffix variation rule (e.g., 'Khách sạn X' / 'Khu nghỉ dưỡng X' / 'X Resort'). This is not a genuine sub-brand or villa/hotel split like 'Raon Hotel' vs 'Raon Villa', so they refer to the same physical property."
P0124,Hai Yen Family Resort,Phan Thiết,traveloka,Khách sạn Rex Vũng Tàu,Vũng Tàu,ivivu,0,[z-ai/glm-5.3-flash|high] Different names (Hai Yen Family Resort vs Rex) and different cities (Phan Thiết vs Vũng Tàu); no shared brand or transliteration evidence.
P0125,CAMY Hotel Vung Tau,Vũng Tàu,booking,Khu nghỉ dưỡng Anantara Quy Nhơn Villas,Quy Nhơn,ivivu,0,[z-ai/glm-5.3-flash|high] Different properties: different names (CAMY Hotel vs Anantara) and different cities (Vũng Tàu vs Quy Nhơn).
P0126,Khách sạn Sammy Đà Lạt,Đà Lạt,ivivu,Khách sạn Sunny Đà Lạt,Đà Lạt,ivivu,0,"[z-ai/glm-5.3-flash|high] The distinguishing tokens are different: 'Sammy' vs 'Sunny'. These are distinct hotel names, not diacritic or transliteration variants, and there is no brand/operator or property-type marker that would unify them. Both are in Đà Lạt, but the names indicate two different physical hotels."
P0127,Khách sạn Corvin Vũng Tàu,Vũng Tàu,ivivu,Khách sạn Riva Vũng Tàu,Vũng Tàu,ivivu | traveloka,0,"[z-ai/glm-5.3-flash|high] The two listings carry entirely different brand names: 'Corvin' vs 'Riva'. Even though both are in Vũng Tàu, these are distinct hotel names referring to different physical properties, not a diacritic, transliteration, or property-type variation."
P0128,Khách sạn Grand Sea Đà Nẵng,Đà Nẵng,ivivu,Khách sạn Paradise Đà Lạt,Đà Lạt,ivivu,0,[z-ai/glm-5.3-flash|high] Different names (Grand Sea vs Paradise) and different cities (Đà Nẵng vs Đà Lạt); these are clearly distinct hotels.
P0129,Khách sạn VinHolidays Fiesta Phú Quốc,Phú Quốc,ivivu | traveloka,Orchid Hotel,Huế,booking,0,[z-ai/glm-5.3-flash|high] Different hotels: Listing A is VinHolidays Fiesta in Phú Quốc while Listing B is Orchid Hotel in Huế; the names share no brand or property match and the cities differ.
P0130,Khách sạn Royal Vũng Tàu,Vũng Tàu,traveloka,Khách sạn Vias Vũng Tàu,Vũng Tàu,ivivu,0,"[z-ai/glm-5.3-flash|high] Royal vs Vias are different names, not diacritic or word-order variants."
P0131,Khách sạn Sammy Vũng Tàu,Vũng Tàu,ivivu,Khách sạn San Hô Vũng Tàu,Vũng Tàu,traveloka,0,"[z-ai/glm-5.3-flash|high] The core names differ: 'Sammy' vs 'San Hô' are unrelated identifiers, not diacritic, transliteration, or word-order variants. Both being in Vũng Tàu with the same 'Khách sạn' prefix does not make them the same property; these appear to be two distinct hotels."
P0132,Aroma Beach Resort & Spa Phan Thiết,Phan Thiết,ivivu,Romana Resort & Spa Phan Thiết,Phan Thiết,ivivu,0,"[z-ai/glm-5.3-flash|high] Different hotel names — Aroma Beach Resort & Spa and Romana Resort & Spa are two distinct resorts, both located in Phan Thiết, not variants of the same property name."
P0133,Khách sạn Eldora Huế,Huế,ivivu,Khách sạn Mường Thanh Luxury Nha Trang,Nha Trang,booking | ivivu | traveloka,0,"[z-ai/glm-5.3-flash|high] The two listings are in different cities (Huế vs Nha Trang) and carry different names: 'Eldora' vs 'Mường Thanh Luxury'. Different cities under any naming alone rules out a match, and there is no evidence these refer to the same physical property."
P0134,An Gia,Đà Lạt,booking,Khu Nghỉ Dưỡng Đồi Mộng Mơ Đà Lạt,Đà Lạt,ivivu,0,"[z-ai/glm-5.3-flash|medium] ""An Gia"" and ""Đồi Mộng Mơ"" are entirely different names; no evidence links them to the same property."
P0135,Hong Diep Hotel Quy Nhon,Quy Nhơn,traveloka,Sen Hotel Phu Quoc,Phú Quốc,booking,0,"[z-ai/glm-5.3-flash|high] Different names (Hong Diep vs Sen) and different cities (Quy Nhơn vs Phú Quốc), so these are clearly distinct properties."
P0136,Khách sạn InterContinental Grand Hồ Tràm,Vũng Tàu,ivivu,The Dream Resort & Spa,Phan Thiết,booking,0,[z-ai/glm-5.3-flash|high] Different properties in different cities (Vũng Tàu vs Phan Thiết) with entirely different names.
P0137,Emerald Bay Hotel & Spa,Nha Trang,booking,Khu nghỉ dưỡng Ana Mandara Villas Dalat Resort and Spa,Đà Lạt,ivivu | traveloka,0,[z-ai/glm-5.3-flash|high] Different hotels: different names and different cities (Nha Trang vs Đà Lạt).
P0138,Hội An Việt House Homestay,Hội An,traveloka,Sala Danang Beach Hotel,Đà Nẵng,booking,0,[z-ai/glm-5.3-flash|high] Different cities (Hội An vs Đà Nẵng) and unrelated names.
P0139,Khách sạn Sammy Đà Lạt,Đà Lạt,ivivu,Khách sạn Tulip 3 Đà Lạt,Đà Lạt,ivivu,0,"[z-ai/glm-5.3-flash|high] The two listings have entirely different hotel names (""Sammy"" vs ""Tulip 3"") in the same city (Đà Lạt); nothing in the names suggests they are the same property, so they are different hotels."
P0140,Khách sạn Marigold Đà Lạt,Đà Lạt,ivivu,Sheraton Nha Trang Hotel & Spa,Nha Trang,ivivu,0,[z-ai/glm-5.3-flash|high] Different cities (Đà Lạt vs Nha Trang) and entirely different names.
P0141,Khách sạn Imperial Vũng Tàu,Vũng Tàu,booking | ivivu | traveloka,Khách sạn Royal Vũng Tàu,Vũng Tàu,traveloka,0,"[z-ai/glm-5.3-flash|high] The core names differ: 'Imperial' vs 'Royal'. These are distinct hotel names (Imperial Hotel and Royal Hotel are two separate properties in Vũng Tàu), not variants by diacritics, word order, or property-type wording."
P0142,Khách sạn Lasol Boutique Đà Lạt,Đà Lạt,ivivu,Khách sạn Len's Đà Lạt,Đà Lạt,ivivu,0,"[z-ai/glm-5.3-flash|high] The core names differ: 'Lasol Boutique' vs 'Len's' are unrelated names, not variants by diacritics, transliteration, or word order. Both are in Đà Lạt, but nothing indicates they are the same property."
P0143,Khách sạn La Sapinette Đà Lạt,Đà Lạt,ivivu,Khách sạn Stillus Boutique Đà Lạt,Đà Lạt,ivivu,0,[z-ai/glm-5.3-flash|high] Different names ('La Sapinette' vs 'Stillus Boutique') refer to different hotels.
P0144,Khách sạn Mường Thanh Holiday Huế,Huế,ivivu | traveloka,Rạng Garden Beach Side Resort,Phan Thiết,traveloka,0,[z-ai/glm-5.3-flash|high] Different cities (Huế vs Phan Thiết) and completely unrelated names: 'Mường Thanh Holiday Huế' vs 'Rạng Garden Beach Side Resort'. No naming similarity suggests the same property.
P0145,Khách sạn Golf Valley Đà Lạt,Đà Lạt,ivivu,Khách sạn Roy Dala Đà Lạt,Đà Lạt,ivivu,0,"[z-ai/glm-5.3-flash|high] Different names: 'Golf Valley' vs 'Roy Dala' are distinct hotel names, not transliteration or formatting variants."
P0146,Khu nghỉ dưỡng Movenpick Phan Thiết,Phan Thiết,ivivu,Khu nghỉ dưỡng Pandanus Phan Thiết,Phan Thiết,ivivu,0,"[z-ai/glm-5.3-flash|high] Different brand names: 'Movenpick' and 'Pandanus' are distinct operator names, not diacritic/transliteration variants of each other. A shared city (Phan Thiết) and property-type prefix ('Khu nghỉ dưỡng') are not enough to confirm they are the same physical hotel."
P0147,Marine Hotel & Apartment,Vũng Tàu,booking,Vuon Xuan Hotel - STAY 24H,Đà Lạt,booking,0,[z-ai/glm-5.3-flash|high] Different cities (Vũng Tàu vs Đà Lạt) and completely unrelated names; these are clearly different properties.
P0148,Khách sạn HAIAN Riverfront Đà Nẵng,Đà Nẵng,ivivu,"Nha Trang Marriott Resort & Spa, Hon Tre Island",Nha Trang,ivivu,0,"[z-ai/glm-5.3-flash|high] Hoàn toàn khác nhau: khác thành phố (Đà Nẵng vs Nha Trang) và khác thương hiệu (HAIAN vs Marriott), không phải cùng một khách sạn."
P0149,Khu nghỉ dưỡng Arcadia Phú Quốc,Phú Quốc,ivivu | traveloka,Khu nghỉ dưỡng Pullman Phú Quốc,Phú Quốc,ivivu,0,"[z-ai/glm-5.3-flash|high] Different brand names: 'Arcadia' vs 'Pullman' are distinct operators/hotels, both in Phú Quốc. Same city does not make them the same property."
P0150,Aroma Nha Trang Boutique Hotel,Nha Trang,traveloka,DTX Hotel Nha Trang,Nha Trang,booking,0,"[z-ai/glm-5.3-flash|high] Different names (Aroma vs DTX Hotel) with no transliteration, prefix/suffix, or word-order variation linking them; no evidence they are the same property."
P0151,Khách sạn Sammy Vũng Tàu,Vũng Tàu,ivivu,Khách sạn Vias Vũng Tàu,Vũng Tàu,ivivu,0,"[z-ai/glm-5.3-flash|high] Both listings are in Vũng Tàu, but the core names differ: 'Sammy' vs 'Vias'. These are distinct proper names, not variants explained by diacritics, transliteration, word order, or brand spelling, so they refer to different hotels."
P0152,Khách sạn Majestic Premium Nha Trang,Nha Trang,ivivu,Khách sạn Meliá Vinpearl Nha Trang Empire,Nha Trang,ivivu,,
P0153,Hong Thien 1 Hotel,Huế,traveloka,Tâm Homestay,Huế,booking,0,[z-ai/glm-5.3-flash|high] Different names (Hong Thien 1 Hotel vs Tâm Homestay) with no transliteration or type-prefix relationship; they are different properties.
P0154,La Casa Boutique Hotel,Vũng Tàu,booking,Son Hoi An Boutique Hotel & Spa,Hội An,booking,0,"[z-ai/glm-5.3-flash|high] Different names ('La Casa Boutique Hotel' vs 'Son Hoi An Boutique Hotel & Spa') and different cities (Vũng Tàu vs Hội An). No shared brand, operator, or transliteration evidence supports a match."
P0155,Khu nghỉ dưỡng Premier Village Phu Quoc Managed By Accor,Phú Quốc,ivivu,Khu nghỉ dưỡng Premier Village Đà Nẵng,Đà Nẵng,ivivu,0,"[z-ai/glm-5.3-flash|high] Same brand (Premier Village) but different locations: one is in Phú Quốc, the other in Đà Nẵng. Different cities under an identical brand indicate different physical properties."
P0156,Khu nghỉ dưỡng Hải Dương Intourco Vũng Tàu,Vũng Tàu,ivivu,LAlya Ninh Vân Bay,Nha Trang,ivivu,0,"[z-ai/glm-5.3-flash|high] Different hotels: A is in Vũng Tàu, B is in Nha Trang, and the names share no brand or property identifier."
P0157,Hong Thien 1 Hotel,Huế,traveloka,Khách sạn Thanh Lịch Royal Boutique Huế,Huế,ivivu,0,"[z-ai/glm-5.3-flash|high] The two names share no common token: 'Hong Thien 1 Hotel' vs 'Khách sạn Thanh Lịch Royal Boutique Huế'. Neither diacritics/transliteration, property-type prefixes, word order, nor brand spellings can explain the difference. Same city (Huế) alone is not sufficient evidence; these appear to be two distinct properties."
P0158,Khách sạn Giai Điệu Đà Lạt,Đà Lạt,ivivu,Khách sạn Tulip 3 Đà Lạt,Đà Lạt,ivivu,0,"[z-ai/glm-5.3-flash|high] The two listings are both hotels in Đà Lạt, but their names share no common brand or property identifier: 'Giai Điệu' vs 'Tulip 3'. A difference in name substance (not diacritics, word order, or property-type prefix) indicates different physical hotels."
P0159,Hoi An Rose Garden Hotel,Hội An,traveloka,Minh Hien Hotel,Phan Thiết,booking,0,"[z-ai/glm-5.3-flash|high] Different cities (Hội An vs Phan Thiết, ~600 km apart) and entirely different names with no shared brand or transliteration similarity. These cannot be the same physical hotel."
P0160,Coral Bay Resort,Phú Quốc,booking,Dalat Wonder Resort,Đà Lạt,traveloka,0,"[z-ai/glm-5.3-flash|high] Different names and different cities (Phú Quốc vs Đà Lạt), clearly different hotels."
P0161,Khách sạn Mường Thanh Grand Đà Nẵng,Đà Nẵng,ivivu,Khách sạn Mường Thanh Luxury Đà Nẵng,Đà Nẵng,ivivu,0,"[z-ai/glm-5.3-flash|high] Different tier/sub-brand markers of the same operator: 'Mường Thanh Grand' vs 'Mường Thanh Luxury' are distinct sub-brands in the Mường Thanh chain, even though both are located in Đà Nẵng."
P0162,Khách sạn Kings Đà Lạt,Đà Lạt,ivivu,Khách sạn Sài Gòn Đà Lạt,Đà Lạt,ivivu,0,"[z-ai/glm-5.3-flash|high] The core names differ: 'Kings' vs 'Sài Gòn Đà Lạt'. Even though both are in Đà Lạt, these are distinct hotel names referring to different properties, not just variations by diacritics, word order, or property-type prefixes."
P0163,Dusit Princess Moonrise Beach Resort,Phú Quốc,booking,Hyatt Regency Đà Nẵng Resort & Spa,Đà Nẵng,ivivu,0,"[z-ai/glm-5.3-flash|high] Different brands (Dusit vs Hyatt Regency), different names, and different cities (Phú Quốc vs Đà Nẵng); clearly distinct properties."
P0164,Khách sạn Golf Valley Đà Lạt,Đà Lạt,ivivu,Khách sạn Sài Gòn Đà Lạt,Đà Lạt,ivivu,0,"[z-ai/glm-5.3-flash|high] The core names differ entirely: 'Golf Valley' vs 'Sài Gòn'. Both are in Đà Lạt, but there is no diacritic, transliteration, property-type, or word-order variation that could make these the same property. They are two distinct hotels."
P0165,Thanh Kieu Beach Resort,Phú Quốc,booking,Vuong Gia Hotel,Đà Lạt,traveloka,0,[z-ai/glm-5.3-flash|high] Different hotels: names are entirely unrelated ('Thanh Kieu Beach Resort' vs 'Vuong Gia Hotel') and the cities differ (Phú Quốc vs Đà Lạt).
P0166,Bazan Hotel Dalat - STAY 24H,Đà Lạt,booking,Vuon Xuan Hotel - STAY 24H,Đà Lạt,booking,0,[z-ai/glm-5.3-flash|high] Different names: Bazan Hotel vs Vuon Xuan Hotel; no evidence they are the same property.
P0167,Khách sạn Du Lys Đà Lạt,Đà Lạt,ivivu,Khách sạn Du Parc Đà Lạt,Đà Lạt,ivivu,0,"[z-ai/glm-5.3-flash|high] Du Lys and Du Parc are different hotel names (distinct properties), not spelling variants."
P0168,Khách sạn Corvin Vũng Tàu,Vũng Tàu,ivivu,Khách sạn Green Vũng Tàu,Vũng Tàu,ivivu,0,"[z-ai/glm-5.3-flash|high] The distinguishing name parts differ ('Corvin' vs 'Green'); both are separate hotels in Vũng Tàu, not variations of the same name."
P0169,SOL by Meliá Phu Quoc,Phú Quốc,booking,V Hotel Nha Trang,Nha Trang,booking | traveloka,0,"[z-ai/glm-5.3-flash|high] Different properties: SOL by Meliá Phu Quoc is in Phú Quốc, while V Hotel Nha Trang is in Nha Trang; names and cities do not match."
P0170,Khu Nghỉ Dưỡng Lahana Phú Quốc,Phú Quốc,booking | ivivu | traveloka,Khu Nghỉ Dưỡng Premier Residences Phú Quốc Emerald Bay,Phú Quốc,ivivu,0,"[z-ai/glm-5.3-flash|high] Both are in Phú Quốc, but the names identify distinct properties: 'Lahana' (Khu Nghỉ Dưỡng Lahana Phú Quốc) versus 'Premier Residences ... Emerald Bay' (a different branded resort). The shared city and the generic 'Khu Nghỉ Dưỡng' prefix do not make them the same hotel."
P0171,Khu nghỉ dưỡng Risemount Premier Đà Nẵng,Đà Nẵng,traveloka,Khu nghỉ dưỡng Risemount Premier Đà Nẵng,Đà Nẵng,ivivu,1,"[z-ai/glm-5.3-flash|high] Identical names, only diacritic rendering differs; same city Đà Nẵng."
P0172,Côn Đảo Resort,Vũng Tàu,ivivu,Hoang Long Hotel Phan Thiết,Phan Thiết,booking,0,[z-ai/glm-5.3-flash|high] Different names and different cities (Vũng Tàu vs Phan Thiết).
P0173,La Siesta Hội An Resort & Spa,Hội An,ivivu,Mira Bãi Xếp Quy Nhơn - The Hidden Jewel,Quy Nhơn,booking,0,"[z-ai/glm-5.3-flash|high] The two listings are in different cities (Hội An vs Quy Nhơn) and have entirely different names with no brand, operator, or property-type overlap. They cannot refer to the same physical hotel."
P0174,Khách sạn Brilliant Đà Nẵng,Đà Nẵng,ivivu,Khách sạn CANVAS Đà Nẵng Beach,Đà Nẵng,ivivu,0,"[z-ai/glm-5.3-flash|high] The two names share no brand token: 'Brilliant' vs 'CANVAS ... Beach' are different hotel names in the same city (Đà Nẵng). There is no diacritic, transliteration, word-order, or type-suffix relationship that could make them the same property, so they are different hotels."
P0175,Khách sạn Roy Dala Đà Lạt,Đà Lạt,ivivu,Khách sạn Saphir Đà Lạt,Đà Lạt,ivivu,0,[z-ai/glm-5.3-flash|high] Different names: Roy Dala vs Saphir are distinct hotels.
P0176,Khu nghỉ dưỡng Ocean Dunes Phan Thiết,Phan Thiết,ivivu,Phan Thiet Ocean Dunes Resort,Phan Thiết,traveloka,1,"[z-ai/glm-5.3-flash|high] The names differ only by word order, property-type term ('Khu nghỉ dưỡng' vs 'Resort'), and diacritics ('Phan Thiết' vs 'Phan Thiet'). Both are in Phan Thiết, so they refer to the same property."
P0177,Anantara Resort & Spa Mũi Né,Phan Thiết,ivivu,Vuon Xuan Hotel - STAY 24H,Đà Lạt,booking,0,[z-ai/glm-5.3-flash|high] Different hotel names (Anantara Resort & Spa Mũi Né vs Vuon Xuan Hotel) located in different cities (Phan Thiết vs Đà Lạt); no evidence they are the same property.
P0178,Khách sạn Iris Đà Lạt,Đà Lạt,ivivu,Khách sạn Paradise Đà Lạt,Đà Lạt,ivivu,,
P0179,Khách sạn Hải Duyên Đà Lạt,Đà Lạt,ivivu,Khách sạn Hồng Hải Đà Lạt,Đà Lạt,ivivu,0,"[z-ai/glm-5.3-flash|high] Tên khác nhau rõ rệt: 'Hải Duyên' vs 'Hồng Hải' — đây là hai khách sạn khác nhau, không phải khác biệt về dấu, tiền tố/hậu tố loại cơ sở lưu trú, hay thứ tự từ. Cùng thành phố (Đà Lạt) không đủ để coi là cùng một khách sạn."
P0180,An Lâm Retreats Ninh Vân Bay,Nha Trang,ivivu,Raon Hotel - STAY 24H,Đà Nẵng,booking,0,[z-ai/glm-5.3-flash|high] Different names and different cities (Nha Trang vs Đà Nẵng).
P0181,Khu nghỉ dưỡng ALMA Cam Ranh,Nha Trang,ivivu,Khu nghỉ dưỡng Furama Đà Nẵng,Đà Nẵng,ivivu,0,[z-ai/glm-5.3-flash|high] Different properties and different cities: ALMA is in Cam Ranh (Nha Trang area) while Furama is in Đà Nẵng; names do not match at all.
P0182,Khách sạn Minh Đăng Vũng Tàu,Vũng Tàu,ivivu,Khách sạn New Wave Vũng Tàu,Vũng Tàu,ivivu,0,"[z-ai/glm-5.3-flash|high] Both listings are hotels in Vũng Tàu, but the distinguishing proper names are entirely different: 'Minh Đăng' vs 'New Wave'. These are not variant spellings, transliterations, or brand-name variants of each other; they refer to two distinct hotel properties in the same city."
P0183,La An Central Boutique Villa,Hội An,booking | traveloka,La Casa Boutique Hotel,Vũng Tàu,booking,0,[z-ai/glm-5.3-flash|high] Different cities (Hội An vs Vũng Tàu) and different names ('La An Central Boutique Villa' vs 'La Casa Boutique Hotel'); no brand or transliteration evidence links them.
P0184,Khách sạn Cẩm Tú Cầu Đà Lạt,Đà Lạt,ivivu,Khách sạn Xuân Hồng 2 Đà Lạt,Đà Lạt,ivivu,0,"[z-ai/glm-5.3-flash|high] The core hotel names differ completely: 'Cẩm Tú Cầu' vs 'Xuân Hồng 2'. The '2' in listing B indicates a branch number, and neither a brand match nor a shared operator is evident. Different physical hotels despite both being in Đà Lạt."
P0185,Mira Eco Hotel Quy Nhơn,Quy Nhơn,booking,Mira Hotel,Quy Nhơn,booking | traveloka,0,"[z-ai/glm-5.3-flash|medium] Both are in Quy Nhơn, but Listing A carries the marker 'Eco' (Mira Eco Hotel) that is absent in Listing B (Mira Hotel). Comparable to sub-brand/tier markers (e.g., Mường Thanh Grand vs Mường Thanh Luxury), this distinguishing word suggests possibly different properties, and the evidence is not conclusive enough to confirm a merge, so the safe answer is 0."
P0186,Khách sạn Giai Điệu Đà Lạt,Đà Lạt,ivivu,Khách sạn La Sapinette Đà Lạt,Đà Lạt,ivivu,0,"[z-ai/glm-5.3-flash|high] Completely different names: Giai Điệu vs La Sapinette, both in Đà Lạt; no evidence they are the same property."
P0187,Khách sạn Dragon King 1 Đà Lạt,Đà Lạt,ivivu,Nam Thu Hotel,Quy Nhơn,booking,0,[z-ai/glm-5.3-flash|high] Different names (Khách sạn Dragon King 1 vs Nam Thu Hotel) and different cities (Đà Lạt vs Quy Nhơn); no evidence of a shared property.
P0188,Khu nghỉ dưỡng Terracotta Đà Lạt,Đà Lạt,booking | ivivu | traveloka,Khu nghỉ dưỡng Đà Lạt Wonder,Đà Lạt,ivivu,0,"[z-ai/glm-5.3-flash|high] Both are Đà Lạt resorts, but the distinguishing proper names differ: 'Terracotta' vs 'Wonder'. There is no transliteration, punctuation, or property-type variation that would link them, so they appear to be two different resorts."
P0189,Khách sạn Mường Thanh Luxury Đà Nẵng,Đà Nẵng,ivivu,Khách sạn Stella Maris Đà Nẵng,Đà Nẵng,ivivu,0,"[z-ai/glm-5.3-flash|high] Completely different names: 'Mường Thanh Luxury' (a Mường Thanh brand hotel) vs 'Stella Maris' — no diacritic, prefix, or word-order variant could map one to the other. Both are in Đà Nẵng, but the names denote different properties."
P0190,Khu nghỉ dưỡng Minh Tâm Beach Phan Thiết,Phan Thiết,ivivu,Khu nghỉ dưỡng Movenpick Phan Thiết,Phan Thiết,ivivu,0,[z-ai/glm-5.3-flash|high] Minh Tâm Beach and Movenpick are clearly different property names in the same city; no transliteration or brand variant links them.
P0191,Khu Nghỉ Dưỡng Movenpick Waverly Phú Quốc,Phú Quốc,ivivu,Khu nghỉ dưỡng Crowne Plaza Phú Quốc Starbay,Phú Quốc,ivivu,0,"[z-ai/glm-5.3-flash|high] Different operators: Listing A is a Mövenpick property while Listing B is a Crowne Plaza (Starbay). Same city but entirely different brands, so they cannot be the same physical hotel."
P0192,Khách sạn Hồng Hải Đà Lạt,Đà Lạt,ivivu,Khách sạn Sunny Đà Lạt,Đà Lạt,ivivu,0,"[z-ai/glm-5.3-flash|high] The core names differ entirely: 'Hồng Hải' vs 'Sunny'. Sharing the same city (Đà Lạt) and the 'Khách sạn' prefix does not make them the same property; no transliteration, brand spelling, or word-order equivalence links these names."
P0193,HAIAN Beach Hotel & Spa,Đà Nẵng,booking,HAIAN Beach Hotel & Spa Đà Nẵng,Đà Nẵng,ivivu,1,"[z-ai/glm-5.3-flash|high] Both listings are ""HAIAN Beach Hotel & Spa"" in Đà Nẵng; the only difference is the city name appended in listing B, which is redundant with the city field. Same physical hotel."
P0194,Allezboo Beach Resort & Spa Phan Thiết,Phan Thiết,ivivu,Victoria Phan Thiết Beach Resort & Spa,Phan Thiết,ivivu,,
P0195,Khu nghỉ dưỡng ALMA Cam Ranh,Nha Trang,ivivu,Khu nghỉ dưỡng Movenpick Cam Ranh,Nha Trang,ivivu,0,"[z-ai/glm-5.3-flash|high] Both are Cam Ranh resorts in Nha Trang, but they carry different brand names: ALMA (Alma Resort Cam Ranh) and Movenpick (Mövenpick Resort Cam Ranh) are distinct operators with separate physical properties. Same city does not make them the same hotel."
P0196,Khách sạn Grand Sea Đà Nẵng,Đà Nẵng,ivivu,Khách sạn Zalo Sea,Đà Nẵng,traveloka,0,"[z-ai/glm-5.3-flash|high] Both listings are in Đà Nẵng, but the core names differ: 'Grand Sea' vs 'Zalo Sea'. The difference is not explained by diacritics, property-type wording, word order, or brand transliteration, and there is no evidence these are the same property or a rebranding. Inconclusive name evidence must be treated as different hotels."
P0197,Khách sạn Empress Đà Lạt,Đà Lạt,ivivu,Khách sạn Iris Đà Lạt,Đà Lạt,ivivu,0,"[z-ai/glm-5.3-flash|high] Both listings are in Đà Lạt, but the core hotel names differ entirely: 'Empress' vs 'Iris'. These are two distinct hotels, not variants of the same name."
P0198,Khách sạn Novotel Nha Trang,Nha Trang,ivivu,Khách sạn Senkotel Nha Trang,Nha Trang,traveloka,0,"[z-ai/glm-5.3-flash|high] The core names differ: 'Novotel Nha Trang' is an Accor-branded hotel, while 'Senkotel Nha Trang' is a different, unrelated property. The shared city and 'Khách sạn' prefix do not make them the same hotel."
P0199,Khách sạn New Wave Vũng Tàu,Vũng Tàu,ivivu,Khách sạn Sammy Vũng Tàu,Vũng Tàu,ivivu,0,"[z-ai/glm-5.3-flash|high] Different core names: ""New Wave"" vs ""Sammy"". Both are in Vũng Tàu, but the names do not differ by diacritics, transliteration, property-type prefix/suffix, or word order — they are clearly distinct properties."
P0200,Hoang Yen Canary Hotel Quy Nhon,Quy Nhơn,traveloka,Khách sạn Sea Links Beach Phan Thiết,Phan Thiết,ivivu,0,[z-ai/glm-5.3-flash|high] Different names (Hoang Yen Canary vs Sea Links Beach) and different cities (Quy Nhơn vs Phan Thiết); no evidence of a shared property.
P0201,Khu Nghỉ Dưỡng Wyndham Garden Cam Ranh,Nha Trang,ivivu,The Palmy Phú Quốc Resort & Spa,Phú Quốc,traveloka,0,[z-ai/glm-5.3-flash|high] Different properties: Listing A is Wyndham Garden in Cam Ranh (Nha Trang) while Listing B is The Palmy Resort & Spa in Phú Quốc. The names share no brand or property element and the locations differ entirely.
P0202,Khách sạn Riva Vũng Tàu,Vũng Tàu,ivivu | traveloka,Khách sạn Royal Vũng Tàu,Vũng Tàu,traveloka,0,"[z-ai/glm-5.3-flash|high] The distinguishing names differ: 'Riva' vs 'Royal' are distinct proper-name tokens, not diacritic, transliteration, word-order, or property-type variants. Both are hotels in Vũng Tàu, but Riva Vũng Tàu and Royal Vũng Tàu are different properties."
P0203,Hương Giang Hotel Resort & Spa Huế,Huế,ivivu | traveloka,Pilgrimage Village Resort & Spa Huế,Huế,ivivu,0,"[z-ai/glm-5.3-flash|high] Different names entirely: Hương Giang Hotel vs Pilgrimage Village Resort, both in Huế."
P0204,Khu Nghỉ Dưỡng Lahana Phú Quốc,Phú Quốc,booking | ivivu | traveloka,Khu nghỉ dưỡng Novotel Phú Quốc,Phú Quốc,ivivu,0,"[z-ai/glm-5.3-flash|high] Different operators/brands: Lahana vs Novotel, both in Phú Quốc."
P0205,Seashells Phu Quoc Hotel & Spa,Phú Quốc,booking,Seashells Phú Quốc Hotel & Spa,Phú Quốc,ivivu | traveloka,1,"[z-ai/glm-5.3-flash|high] The names differ only by diacritics on the location word ('Phu Quoc' vs 'Phú Quốc'), which is a permitted transliteration/diacritic variation, and both listings are in Phú Quốc, so they refer to the same physical hotel."
P0206,Khu nghỉ dưỡng Risemount Premier Đà Nẵng,Đà Nẵng,traveloka,Khu nghỉ dưỡng Premier Village Đà Nẵng,Đà Nẵng,ivivu,0,"[z-ai/glm-5.3-flash|high] Both are in Đà Nẵng, but they carry different brand names: 'Risemount Premier' (Listing A) vs 'Premier Village' (Listing B). The shared word 'Premier' is part of two distinct brand/property names (Risemount Premier Resort vs Premier Village Resort), not a diacritic, type-suffix, or word-order variant. These are two separate resort properties in Đà Nẵng."
P0207,Khách sạn Hồng Hải Đà Lạt,Đà Lạt,ivivu,Khách sạn Park Đà Lạt,Đà Lạt,ivivu,0,"[z-ai/glm-5.3-flash|high] The core names differ: 'Hồng Hải' vs 'Park'. Same city (Đà Lạt) but the names are entirely different proper names, not variants by diacritics, word order, or property-type wording."
P0208,Khách sạn Arapang Đà Lạt,Đà Lạt,ivivu,Khách sạn Park Đà Lạt,Đà Lạt,ivivu,0,"[z-ai/glm-5.3-flash|high] Both listings are in Đà Lạt, but the core hotel names differ entirely: 'Arapang' vs 'Park'. This is not a diacritic, transliteration, word-order, or property-type variation — they are distinct hotel names, so they refer to different physical hotels."
P0209,Khách sạn Four Points by Sheraton Đà Nẵng,Đà Nẵng,ivivu,Khách sạn Meliá Vinpearl Đà Nẵng Riverfront,Đà Nẵng,ivivu,0,"[z-ai/glm-5.3-flash|high] Different brands: Four Points by Sheraton vs Meliá Vinpearl, unrelated properties in Đà Nẵng."
P0210,Halona Hotel Phu Quoc,Phú Quốc,traveloka,Seashells Phu Quoc Hotel & Spa,Phú Quốc,booking,0,[z-ai/glm-5.3-flash|high] Different names: 'Halona Hotel' vs 'Seashells Phu Quoc Hotel & Spa' share no core name token; clearly different properties.
P0211,Khách sạn Marigold Đà Lạt,Đà Lạt,ivivu,Khách sạn Xuân Hồng 2 Đà Lạt,Đà Lạt,ivivu,0,"[z-ai/glm-5.3-flash|high] The core names differ entirely: 'Marigold' vs 'Xuân Hồng 2'. There is no diacritic, transliteration, word-order, or brand-variant relationship that links them; 'Xuân Hồng 2' is a distinctly numbered property with a different name from Marigold, even though both are in Đà Lạt."
P0212,Khu Nghỉ Dưỡng Elwood Phú Quốc,Phú Quốc,ivivu,Khu nghỉ dưỡng Pullman Phú Quốc,Phú Quốc,ivivu,0,[z-ai/glm-5.3-flash|high] Different brand names: Elwood vs Pullman; different properties.
P0213,Allegro Hoi An . A Little Luxury Hotel & Spa,Hội An,booking,Son Hoi An Boutique Hotel & Spa,Hội An,booking,0,[z-ai/glm-5.3-flash|high] Different names — 'Allegro' vs 'Son Hoi An Boutique' — no evidence they are the same property.
P0214,Khu nghỉ dưỡng Intourco  Vũng Tàu,Vũng Tàu,ivivu,O.Six Resort,Quy Nhơn,traveloka,0,[z-ai/glm-5.3-flash|high] Different names and different cities (Vũng Tàu vs Quy Nhơn); no evidence they are the same property.
P0215,Khách Sạn Stop And Go Boutique Đà Lạt,Đà Lạt,ivivu,Khách sạn Hải Duyên Đà Lạt,Đà Lạt,ivivu,0,[z-ai/glm-5.3-flash|high] The core names differ entirely: 'Stop And Go Boutique' vs 'Hải Duyên'. Sharing only the generic prefix 'Khách sạn' and the city Đà Lạt does not indicate the same property.
P0216,Khách sạn TTC Premium Phan Thiết,Phan Thiết,ivivu,Vinpearl Resort & Spa Nha Trang Bay,Nha Trang,ivivu,0,[z-ai/glm-5.3-flash|high] Different brands (TTC Premium vs Vinpearl) and different cities (Phan Thiết vs Nha Trang); they cannot be the same property.
P0217,Hue Nino Hotel,Huế,booking,Khách sạn Hải Duyên Đà Lạt,Đà Lạt,ivivu,0,"[z-ai/glm-5.3-flash|high] The two listings are in different cities (Huế vs Đà Lạt) and the names are entirely unrelated (Nino vs Hải Duyên), so they cannot refer to the same physical hotel."
P0218,Khách sạn Dragon King 1 Đà Lạt,Đà Lạt,ivivu,Khách sạn Đà Lạt Palace Heritage,Đà Lạt,ivivu,0,[z-ai/glm-5.3-flash|high] Different names entirely: 'Dragon King 1' vs 'Đà Lạt Palace Heritage' share no brand or name element; no evidence links them.
P0219,Khách sạn Iris Đà Lạt,Đà Lạt,ivivu,Khách sạn Victory Đà Lạt,Đà Lạt,ivivu,0,"[z-ai/glm-5.3-flash|high] Different names: 'Iris' vs 'Victory'. While both are in Đà Lạt, the brand names differ entirely, indicating different physical hotels."
P0220,Khách sạn Paradise Đà Lạt,Đà Lạt,ivivu,Khách sạn Sài Gòn Đà Lạt,Đà Lạt,ivivu,0,[z-ai/glm-5.3-flash|high] Different names: Paradise vs Sài Gòn; no evidence they are the same property.
P0221,Khách sạn Imperial Vũng Tàu,Vũng Tàu,booking | ivivu | traveloka,Minh Duc Guesthouse,Phan Thiết,booking,0,[z-ai/glm-5.3-flash|high] Different names and different cities (Vũng Tàu vs Phan Thiết).
P0222,Khách sạn Majestic Star Nha Trang,Nha Trang,ivivu,Khách sạn Star City Nha Trang,Nha Trang,ivivu,0,[z-ai/glm-5.3-flash|high] Different names: 'Majestic Star' vs 'Star City' — distinct properties despite shared city.
P0223,Khu nghỉ dưỡng Le Viva Mũi Né,Phan Thiết,ivivu,Terracotta Resort & Spa Phan Thiết,Phan Thiết,ivivu,0,"[z-ai/glm-5.3-flash|high] The names are entirely different: 'Le Viva Mũi Né' vs 'Terracotta Resort & Spa'. Both are in Phan Thiết, but there is no diacritic, transliteration, word-order, or brand-spelling relationship between the names. These are two distinct resorts in the Mũi Né area, so they cannot be merged."
P0224,Khách Sạn Stop And Go Boutique Đà Lạt,Đà Lạt,ivivu,Khách sạn TTC – Đà Lạt,Đà Lạt,ivivu,0,"[z-ai/glm-5.3-flash|high] different names, not variant forms"
P0225,Khách sạn Seagull Quy Nhơn,Quy Nhơn,ivivu,Ocean Bay Phu Quoc Resort and Spa,Phú Quốc,booking,0,[z-ai/glm-5.3-flash|high] Different names (Seagull vs Ocean Bay) and different cities (Quy Nhơn vs Phú Quốc); clearly distinct properties.
P0226,Khu nghỉ dưỡng Mercure Đà Lạt,Đà Lạt,ivivu,Seaside Resort Vung Tau,Vũng Tàu,traveloka,0,[z-ai/glm-5.3-flash|high] Different names and different cities (Đà Lạt vs Vũng Tàu); no evidence they are the same property.
P0227,Aroma Nha Trang Boutique Hotel,Nha Trang,traveloka,La Vague Hotel Nha Trang,Nha Trang,traveloka,0,"[z-ai/glm-5.3-flash|high] Different names (Aroma vs La Vague) with no diacritic, type-prefix, or brand spelling variation; they are different hotels."
P0228,ANRIZON HOTEL NHA TRANG,Nha Trang,booking,Sea Star Resort,Phú Quốc,booking,0,[z-ai/glm-5.3-flash|high] Different names and different cities (Nha Trang vs Phú Quốc).
P0229,Hoang Yen Canary Hotel Quy Nhon,Quy Nhơn,traveloka,Khu nghỉ dưỡng Amarin Phú Quốc,Phú Quốc,ivivu,,
P0230,Khách sạn Hồng Hải Đà Lạt,Đà Lạt,ivivu,Khách sạn Lasol Boutique Đà Lạt,Đà Lạt,ivivu,0,[z-ai/glm-5.3-flash|high] Different names: 'Hồng Hải' vs 'Lasol Boutique' are distinct hotels.
P0231,Khách sạn Gold Đà Nẵng,Đà Nẵng,ivivu,Khách sạn Ngọc Phát Đà Lạt,Đà Lạt,ivivu,0,[z-ai/glm-5.3-flash|high] Different names ('Gold' vs 'Ngọc Phát') and different cities (Đà Nẵng vs Đà Lạt); clearly two distinct properties.
P0232,Century Riverside Hue,Huế,booking | traveloka,Khách sạn Premier Havana Nha Trang,Nha Trang,ivivu | traveloka,0,"[z-ai/glm-5.3-flash|high] Different cities: Huế vs Nha Trang, and completely different hotel names."
P0233,La Cactus Hotel 2,Quy Nhơn,booking,VES - PA Luxury Hotel,Đà Lạt,booking,0,[z-ai/glm-5.3-flash|high] Different names and different cities (Quy Nhơn vs Đà Lạt); no evidence of a shared property.
P0234,Cassia Cottage,Phú Quốc,booking,Holi Panorama Nha Trang,Nha Trang,booking | traveloka,0,[z-ai/glm-5.3-flash|high] Different names and different cities (Phú Quốc vs Nha Trang).
P0235,Khách sạn Sammy Đà Lạt,Đà Lạt,ivivu,Khách sạn Vietsovpetro Đà Lạt,Đà Lạt,ivivu | traveloka,0,"[z-ai/glm-5.3-flash|high] The two listings carry entirely different brand names — 'Sammy' vs 'Vietsovpetro' — both in Đà Lạt. There is no diacritic, transliteration, word-order, or property-type variation that could make these the same hotel; they are clearly distinct properties."
P0236,Khu nghỉ dưỡng Premier Village Đà Nẵng,Đà Nẵng,ivivu,Khu nghỉ dưỡng Risemount Premier Đà Nẵng,Đà Nẵng,ivivu,0,[z-ai/glm-5.3-flash|high] Different brands: Premier Village Đà Nẵng (Mường Thanh's Premier Village) vs Risemount Premier Resort Đà Nẵng. Similar words 'Premier' but distinct properties.
P0237,Khu nghỉ dưỡng SOL by Meliá Phú Quốc,Phú Quốc,ivivu,SOL by Meliá Phu Quoc,Phú Quốc,booking,1,"[z-ai/glm-5.3-flash|high] Both listings refer to the same SOL by Meliá property in Phú Quốc. Listing A adds the Vietnamese property-type prefix 'Khu nghỉ dưỡng' (Resort), and 'Phú Quốc' vs 'Phu Quoc' is only a diacritics difference. Same brand, same city — same physical hotel."
P0238,HAIAN Beach Hotel & Spa Đà Nẵng,Đà Nẵng,ivivu,Khách sạn Empress Đà Lạt,Đà Lạt,ivivu,0,[z-ai/glm-5.3-flash|high] Different hotels: HAIAN Beach Hotel & Spa is in Đà Nẵng while Empress is in Đà Lạt; names and cities do not match.
P0239,La Cactus Hotel,Quy Nhơn,booking,La Sera Hotel,Nha Trang,booking,0,"[z-ai/glm-5.3-flash|high] The names differ ('La Cactus Hotel' vs 'La Sera Hotel') and the cities also differ (Quy Nhơn vs Nha Trang), so these are clearly different hotels."
P0240,BED STATION HOSTEL,Quy Nhơn,booking,Lovely House,Đà Lạt,booking,0,[z-ai/glm-5.3-flash|high] Completely different names (BED STATION HOSTEL vs Lovely House) and different cities (Quy Nhơn vs Đà Lạt); no evidence these refer to the same property.
P0241,Khu nghỉ dưỡng Banyan Tree Lăng Cô Huế,Huế,ivivu,Khu nghỉ dưỡng Mia Nha Trang,Nha Trang,ivivu,0,[z-ai/glm-5.3-flash|high] Different brands (Banyan Tree vs Mia) and different cities (Huế vs Nha Trang). These are clearly separate resorts.
P0242,Khách sạn Empyrean Nha Trang,Nha Trang,ivivu,Khách sạn Imperial Nha Trang,Nha Trang,ivivu,0,[z-ai/glm-5.3-flash|high] Empyrean and Imperial are distinct hotel names/brands in Nha Trang; no evidence they are the same property.
P0243,Khách sạn Dạ Lan 2 Đà Lạt,Đà Lạt,ivivu,Khách sạn Hồng Tâm Đà Lạt,Đà Lạt,ivivu | traveloka,0,"[z-ai/glm-5.3-flash|high] Different hotel names: 'Dạ Lan 2' vs 'Hồng Tâm'. The '2' in A marks a branch of Dạ Lan, not a match with an unrelated property; nothing links the two names to the same hotel."
P0244,Khách sạn Lucky Sun Nha Trang,Nha Trang,ivivu,Khách sạn Thanh Bình 2,Hội An,traveloka,0,[z-ai/glm-5.3-flash|high] Different hotel names (Lucky Sun vs Thanh Bình 2) and different cities (Nha Trang vs Hội An); no shared brand or transliteration link.
P0245,Khu nghỉ dưỡng InterContinental Phu Quoc Long Beach,Phú Quốc,ivivu,Sun Beach Hotel,Vũng Tàu,booking,0,"[z-ai/glm-5.3-flash|high] Different brands and different cities: 'Khu nghỉ dưỡng InterContinental Phu Quoc Long Beach' is an InterContinental resort in Phú Quốc, while 'Sun Beach Hotel' is in Vũng Tàu. Nothing suggests these are the same physical property."
P0246,Aroma Nha Trang Boutique Hotel,Nha Trang,traveloka,"Làng Bình An, Hồ Tuyền Lâm Đà Lạt",Đà Lạt,ivivu,0,[z-ai/glm-5.3-flash|high] Different names and different cities (Nha Trang vs Da Lat).
P0247,Alba Wellness Valley by Fusion Huế,Huế,ivivu,An Gia,Đà Lạt,booking,0,[z-ai/glm-5.3-flash|high] The two listings are in different cities (Huế vs Đà Lạt) and have entirely different names (Alba Wellness Valley by Fusion vs An Gia). Nothing indicates they are the same physical property.
P0248,Khách sạn Riva Vũng Tàu,Vũng Tàu,ivivu | traveloka,Khách sạn Sammy Vũng Tàu,Vũng Tàu,ivivu,0,"[z-ai/glm-5.3-flash|high] Different brand names: 'Riva Vũng Tàu' vs 'Sammy Vũng Tàu'. Both are in Vũng Tàu, but the core property names (Riva vs Sammy) are entirely different, so they are distinct hotels."
P0249,Khách sạn San Hô Vũng Tàu,Vũng Tàu,traveloka,Sun Lake Hotel,Vũng Tàu,booking,0,"[z-ai/glm-5.3-flash|high] The names are entirely different: 'San Hô' (coral) vs 'Sun Lake Hotel'. Sharing the same city (Vũng Tàu) is not sufficient evidence; there is no diacritic, transliteration, brand, or word-order relationship linking the two names. Inconclusive at best, so the safe answer is 0."
P0250,Laluna Hoi An Riverside Hotel & Spa,Hội An,booking,Phan Thiet Ocean Dunes Resort,Phan Thiết,traveloka,0,"[z-ai/glm-5.3-flash|high] Different names and different cities: Laluna Hoi An Riverside Hotel & Spa is in Hội An, while Phan Thiet Ocean Dunes Resort is in Phan Thiết. These are clearly two distinct properties with no name overlap."
P0251,Muong Thanh Luxury Khanh Hoa Hotel,Nha Trang,booking | traveloka,The Shells Resort & Spa Phú Quốc,Phú Quốc,booking | ivivu | traveloka,0,"[z-ai/glm-5.3-flash|high] Different brands and different cities: 'Muong Thanh Luxury Khanh Hoa Hotel' is in Nha Trang, while 'The Shells Resort & Spa Phú Quốc' is in Phú Quốc. Nothing in the names suggests these resolve to the same property."
P0252,Khách sạn La Sapinette Đà Lạt,Đà Lạt,ivivu,Sofiana My Khe Hotel & Spa,Đà Nẵng,booking,0,[z-ai/glm-5.3-flash|high] Completely different names and different cities (Đà Lạt vs Đà Nẵng).
P0253,Hoi An Golden Holiday Hotel & Spa,Hội An,booking,TTC Hotel - Hoi An,Hội An,traveloka,0,"[z-ai/glm-5.3-flash|high] The distinctive name elements differ entirely: Listing A is branded 'Golden Holiday' (Hotel & Spa), while Listing B is branded 'TTC' (a separate hotel chain). 'Hoi An' in both names is just the city location, not a shared brand marker. No diacritic, word-order, property-type, or brand-spelling equivalence applies, so these are different hotels in the same city."
P0254,Khách sạn Mường Thanh Grand Đà Nẵng,Đà Nẵng,ivivu,Milan Homestay - The Song Vung Tau,Vũng Tàu,traveloka,0,[z-ai/glm-5.3-flash|high] Completely different names and different cities: Mường Thanh Grand in Đà Nẵng vs Milan Homestay in Vũng Tàu. No name overlap that could indicate the same property.
P0255,Khu nghỉ dưỡng Premier Village Phu Quoc Managed By Accor,Phú Quốc,ivivu,Khách sạn Tháng Mười,Vũng Tàu,traveloka,0,[z-ai/glm-5.3-flash|high] Completely different properties: names differ entirely (Premier Village Phu Quoc vs Tháng Mười) and the cities differ (Phú Quốc vs Vũng Tàu). No shared brand or name element supports a match.
P0256,Khu Nghỉ Dưỡng Movenpick Waverly Phú Quốc,Phú Quốc,ivivu,Khu nghỉ dưỡng Radisson Blu Phú Quốc,Phú Quốc,booking | ivivu | traveloka,0,"[z-ai/glm-5.3-flash|high] Both listings are resorts on Phú Quốc, but they carry entirely different operator brands: 'Movenpick Waverly' (Mövenpick) vs 'Radisson Blu'. These are distinct properties under different hotel groups, not a brand-spelling variant, tier difference under one operator, or type difference at the same brand. Inconclusive matching must not be credited, but here the evidence is actually conclusive: different brands = different physical hotels."
P0257,Alibaba Hotel Da Nang,Đà Nẵng,booking | traveloka,Sekong Hotel Da Nang,Đà Nẵng,booking,0,"[z-ai/glm-5.3-flash|high] Different names, same city, no grounds to merge"
P0258,Khách sạn Mường Thanh Đà Lạt,Đà Lạt,ivivu,Khách sạn Stillus Boutique Đà Lạt,Đà Lạt,ivivu,0,"[z-ai/glm-5.3-flash|high] Different brand names: Mường Thanh (a chain hotel) vs Stillus Boutique — two distinct properties in Đà Lạt, despite the shared city."
P0259,Khách sạn Paradise Đà Lạt,Đà Lạt,ivivu,Khách sạn SALA Đà Nẵng Beach,Đà Nẵng,ivivu,0,[z-ai/glm-5.3-flash|high] The two listings name entirely different hotels in different cities: 'Paradise' in Đà Lạt vs 'SALA Đà Nẵng Beach' in Đà Nẵng. Different brand names and different cities confirm they are distinct properties.
P0260,Art Nest Hotel & Apartment Nha Trang,Nha Trang,ivivu,Putin Nha Trang Hotel,Nha Trang,booking,0,[z-ai/glm-5.3-flash|high] Different names entirely; no shared brand or property match.
P0261,Khách sạn Corvin Vũng Tàu,Vũng Tàu,ivivu,Khách sạn Rex Vũng Tàu,Vũng Tàu,ivivu,0,"[z-ai/glm-5.3-flash|high] Both listings are in Vũng Tàu but the names differ entirely ('Corvin' vs 'Rex'), with no shared brand, diacritic variant, or property-type rewording. These are two distinct hotels."
P0262,Khách sạn Green Vũng Tàu,Vũng Tàu,ivivu,Khách sạn Romeliess Vũng Tàu,Vũng Tàu,ivivu,,
P0263,Khách sạn Kova Diamond Đà Nẵng,Đà Nẵng,ivivu,Khách sạn Meliá Vinpearl Đà Nẵng Riverfront,Đà Nẵng,ivivu,0,"[z-ai/glm-5.3-flash|high] The two names refer to entirely different properties: 'Kova Diamond' is a separate hotel brand/name, while 'Meliá Vinpearl Đà Nẵng Riverfront' is a Meliá-Vinpearl branded riverfront hotel. No diacritic, prefix/suffix, word-order, or brand-spelling variation connects them; they share only the city Đà Nẵng, which is not sufficient evidence of the same hotel."
P0264,Khách sạn Sea Links Beach Phan Thiết,Phan Thiết,ivivu,Minh Duc Guesthouse,Phan Thiết,booking,0,[z-ai/glm-5.3-flash|high] The names are entirely different: 'Khách sạn Sea Links Beach' vs 'Minh Duc Guesthouse'. Being in the same city (Phan Thiết) does not make them the same property; nothing indicates they refer to the same hotel.
P0265,Anantara Resort & Spa Mũi Né,Phan Thiết,ivivu,Vias Hotel Vung Tau,Vũng Tàu,booking,0,[z-ai/glm-5.3-flash|high] Different properties in different cities (Phan Thiết vs Vũng Tàu) with entirely different names.
P0266,Khách sạn Empress Đà Lạt,Đà Lạt,ivivu,Khách sạn Vietsovpetro Đà Lạt,Đà Lạt,ivivu | traveloka,0,"[z-ai/glm-5.3-flash|high] The core names differ entirely — 'Empress' vs 'Vietsovpetro' — with no diacritic, word-order, or property-type variation linking them. Same city (Đà Lạt) but clearly two distinct hotel brands/properties."
P0267,Khu nghỉ dưỡng Fleur de Lys Long Hải,Vũng Tàu,ivivu,Nohana Hotel (Former Y Khoa Hotel),Phan Thiết,traveloka,0,[z-ai/glm-5.3-flash|high] Different names and different cities (Vũng Tàu vs Phan Thiết); clearly different hotels.
P0268,Khách sạn Park Đà Lạt,Đà Lạt,ivivu,Khách sạn Saphir Đà Lạt,Đà Lạt,ivivu,0,[z-ai/glm-5.3-flash|high] Different names: Park vs Saphir; same city but clearly distinct hotels.
P0269,Flora Hotel Hue,Huế,traveloka,The Nam An Villa Hoi An,Hội An,traveloka,0,[z-ai/glm-5.3-flash|high] The listings are in different cities (Huế vs Hội An) and the names share no common property name; Flora Hotel Hue is a hotel while The Nam An Villa Hoi An is a different property type. They cannot be the same hotel.
P0270,Khu nghỉ dưỡng Crown Retreat Quy Nhơn,Quy Nhơn,ivivu,Khu nghỉ dưỡng Dankbaar Quy Nhơn,Quy Nhơn,ivivu,0,"[z-ai/glm-5.3-flash|high] Completely different names: Crown Retreat vs Dankbaar, both in Quy Nhơn."
P0271,Dalat Home Villa,Đà Lạt,traveloka,Hôtel Colline Dalat,Đà Lạt,booking | traveloka,0,[z-ai/glm-5.3-flash|medium] Names differ entirely ('Dalat Home Villa' vs 'Hôtel Colline Dalat'); no evidence they are the same property.
P0272,Khách Sạn Flower Sky Nha Trang,Nha Trang,booking,Khách sạn Modern Sky Nha Trang,Nha Trang,traveloka,0,"[z-ai/glm-5.3-flash|high] The distinguishing name words differ: 'Flower Sky' vs 'Modern Sky'. This is not a diacritic, word-order, or property-type variation; they are distinct hotel names in Nha Trang, so they should be treated as different hotels."
P0273,Khách sạn Radisson Đà Nẵng,Đà Nẵng,ivivu,MyFa House,Huế,booking,0,[z-ai/glm-5.3-flash|high] Completely different names and different cities (Đà Nẵng vs Huế); clearly not the same hotel.
P0274,Allezboo Beach Resort & Spa Phan Thiết,Phan Thiết,ivivu,Sunny Beach Resort & Spa Phan Thiết,Phan Thiết,ivivu,0,[z-ai/glm-5.3-flash|high] Different hotel names (Allezboo vs Sunny Beach) in the same city; no evidence they are the same property.
P0275,Khu nghỉ dưỡng Arcadia Phú Quốc,Phú Quốc,ivivu | traveloka,Khu nghỉ dưỡng Novotel Phú Quốc,Phú Quốc,ivivu,0,[z-ai/glm-5.3-flash|high] Different brands (Arcadia vs Novettel/Novotel) at the same location; not the same hotel.
P0276,Khách sạn Cẩm Tú Cầu Đà Lạt,Đà Lạt,ivivu,Khách sạn Thi Thảo - Gardenia Đà Lạt,Đà Lạt,ivivu,0,"[z-ai/glm-5.3-flash|high] The core names differ entirely: 'Cẩm Tú Cầu' (hydrangea) vs 'Thi Thảo - Gardenia'. This is not a diacritic, word-order, or property-type variation; they are two distinct hotel names in Đà Lạt."
P0277,Khách Sạn Malibu Beach Vũng Tàu,Vũng Tàu,ivivu,Khách sạn Minh Đăng Vũng Tàu,Vũng Tàu,ivivu,,
P0278,Khách sạn InterContinental Nha Trang,Nha Trang,ivivu,Khách sạn Modern Sky Nha Trang,Nha Trang,traveloka,0,[z-ai/glm-5.3-flash|high] Different hotel names: InterContinental Nha Trang vs Modern Sky Nha Trang are unrelated properties.
P0279,Khu nghỉ dưỡng Seaside Vũng Tàu,Vũng Tàu,ivivu,Seaside Resort Vung Tau,Vũng Tàu,traveloka,1,"[z-ai/glm-5.3-flash|high] Both listings are in Vũng Tàu. ""Khu nghỉ dưỡng Seaside Vũng Tàu"" and ""Seaside Resort Vung Tau"" differ only by the property-type word (""Khu nghỉ dưỡng"" = ""Resort"") and diacritics/transliteration (""Vũng Tàu"" vs ""Vung Tau""), which the guidelines treat as the same property."
P0280,Khách sạn Mường Thanh Grand Nha Trang,Nha Trang,ivivu,Khách sạn Mường Thanh Luxury Nha Trang,Nha Trang,booking | ivivu | traveloka,0,"[z-ai/glm-5.3-flash|high] Both listings are in Nha Trang, but they carry different tier/sub-brand markers of the Mường Thanh operator: 'Grand' vs 'Luxury' are distinct sub-brands and refer to different properties, matching the rule that tier markers like 'Mường Thanh Grand' vs 'Mường Thanh Luxury' indicate different hotels."
P0281,Milan Homestay - The Song Vung Tau,Vũng Tàu,traveloka,Song Homestay - The Song Vung Tau,Vũng Tàu,traveloka,0,"[z-ai/glm-5.3-flash|high] Both listings are in Vũng Tàu and share the suffix '- The Song Vung Tau' (likely a building/complex name), but the core property names differ: 'Milan Homestay' vs 'Song Homestay'. 'Milan' and 'Song' are distinct proper names, not variants from diacritics, word order, punctuation, or brand spelling. This indicates two different homestays, possibly within the same complex, so they should not be merged."
P0282,Khách sạn Du Parc Đà Lạt,Đà Lạt,ivivu,Khách sạn Mường Thanh Đà Lạt,Đà Lạt,ivivu,0,[z-ai/glm-5.3-flash|high] Different hotel names: 'Du Parc' (a historic Dalat hotel) vs 'Mường Thanh' (a different hotel brand). Same city does not make them the same property.
P0283,Khách sạn Imperial Nha Trang,Nha Trang,ivivu,Khách sạn Modern Sky Nha Trang,Nha Trang,traveloka,0,"[z-ai/glm-5.3-flash|high] Different hotel names: 'Imperial' vs 'Modern Sky'. Both are in Nha Trang, but the distinct core names indicate two separate hotels."
P0284,Hội An Memories Resort & Spa,Hội An,ivivu,Khách sạn Sunny Đà Lạt,Đà Lạt,ivivu,0,[z-ai/glm-5.3-flash|high] Different names and different cities: Hội An Memories Resort & Spa is in Hội An while Khách sạn Sunny Đà Lạt is in Đà Lạt. These are clearly two separate properties.
P0285,Bazan Hotel Dalat - STAY 24H,Đà Lạt,booking,Khách sạn Victory Đà Lạt,Đà Lạt,ivivu,0,"[z-ai/glm-5.3-flash|high] Both listings are in Đà Lạt, but the names differ in the core brand identifier: 'Bazan Hotel' vs 'Khách sạn Victory'. Different brand names indicate different physical hotels; the shared city alone is not sufficient evidence of a match."
P0286,Khách sạn Meliá Vinpearl Nha Trang Empire,Nha Trang,ivivu,Khách sạn Star City Nha Trang,Nha Trang,ivivu,0,"[z-ai/glm-5.3-flash|high] Different hotel brands and names: 'Meliá Vinpearl Nha Trang Empire' vs 'Star City Nha Trang'. Both are in Nha Trang, but nothing in the names indicates they are the same property."
P0287,Khách sạn Riva Vũng Tàu,Vũng Tàu,ivivu | traveloka,Khách sạn Vias Vũng Tàu,Vũng Tàu,ivivu,0,"[z-ai/glm-5.3-flash|high] Both are in Vũng Tàu, but the core names differ: 'Riva' vs 'Vias'. These are not variants by diacritics, transliteration, word order, or brand spelling—they appear to be distinct hotel names, so this is likely a different property."
P0288,Khách sạn Lasol Boutique Đà Lạt,Đà Lạt,ivivu,Khách sạn Stillus Boutique Đà Lạt,Đà Lạt,ivivu,,
P0289,Kings Hotel Dalat,Đà Lạt,booking,The Grace Hotel Dalat,Đà Lạt,traveloka,0,"[z-ai/glm-5.3-flash|high] The core names differ entirely: 'Kings Hotel' vs 'The Grace Hotel'. Same city (Đà Lạt) does not make them the same property; no diacritic, prefix/suffix, word-order, or brand-spelling variation explains the difference. These are different hotels."
P0290,Gold Ocean Apartments Nha Trang,Nha Trang,traveloka,Khách sạn Minh Hùng,Phan Thiết,traveloka,0,"[z-ai/glm-5.3-flash|high] The names share no common element (Gold Ocean Apartments vs Khách sạn Minh Hùng) and the cities differ (Nha Trang vs Phan Thiết), so these are clearly two different properties."
P0291,Hoang Yen Canary Hotel Quy Nhon,Quy Nhơn,traveloka,NAM Hotel & Spa Đà Nẵng,Đà Nẵng,ivivu,0,[z-ai/glm-5.3-flash|high] Different hotel names (Hoang Yen Canary Hotel vs NAM Hotel & Spa) and different cities (Quy Nhơn vs Đà Nẵng); these are clearly different physical properties.
P0292,Khu nghỉ dưỡng Crowne Plaza Phú Quốc Starbay,Phú Quốc,ivivu,Khu nghỉ dưỡng Radisson Blu Phú Quốc,Phú Quốc,booking | ivivu | traveloka,0,"[z-ai/glm-5.3-flash|high] The two listings carry entirely different brand names — Crowne Plaza (Starbay) vs Radisson Blu — indicating different operators and different physical properties, even though both are located in Phú Quốc."
P0293,Khách sạn Hồng Hải Đà Lạt,Đà Lạt,ivivu,Khách sạn Hồng Tâm Đà Lạt,Đà Lạt,ivivu | traveloka,0,[z-ai/glm-5.3-flash|high] Names differ: Hồng Hải vs Hồng Tâm — different hotels in Đà Lạt.
P0294,Homestay Song Ngọc Phan Thiết,Phan Thiết,booking,Ly Ky Hotel,Quy Nhơn,traveloka,0,"[z-ai/glm-5.3-flash|high] The names are entirely different ('Song Ngọc' vs 'Ly Ky'), the property types differ (homestay vs hotel), and the cities differ (Phan Thiết vs Quy Nhơn). No name, brand, or transliteration evidence supports a match."
P0295,Khu Nghỉ Dưỡng Best Western Premier Sonasea Phú Quốc,Phú Quốc,ivivu,Khu nghỉ dưỡng New World  Phú Quốc,Phú Quốc,ivivu,0,"[z-ai/glm-5.3-flash|high] Both are Phú Quốc resorts, but they belong to entirely different brands/operators: A is Best Western Premier Sonasea, B is New World. Same city does not make them the same property."
P0296,Allezboo Beach Resort & Spa Phan Thiết,Phan Thiết,ivivu,Khu nghỉ dưỡng Ana Mandara Villas Dalat Resort and Spa,Đà Lạt,ivivu | traveloka,0,[z-ai/glm-5.3-flash|high] Different brand names (Allezboo vs Ana Mandara) and different cities (Phan Thiết vs Đà Lạt) — clearly different properties.
P0297,Khách sạn Dạ Lan 2 Đà Lạt,Đà Lạt,ivivu,Khách sạn Hilton Đà Nẵng,Đà Nẵng,ivivu,0,[z-ai/glm-5.3-flash|high] Different names (Dạ Lan 2 vs Hilton) and different cities (Đà Lạt vs Đà Nẵng); clearly not the same property.
P0298,Khu nghỉ dưỡng Holiday Inn Hồ Tràm,Vũng Tàu,ivivu,Victoria Phan Thiết Beach Resort & Spa,Phan Thiết,ivivu,0,[z-ai/glm-5.3-flash|high] Different brands (Holiday Inn vs Victoria) in different locations: Hồ Tràm (Vũng Tàu) vs Phan Thiết. These are clearly two separate properties.
P0299,Khu Nghỉ Dưỡng Radisson Phan Thiết,Phan Thiết,ivivu,Radisson Resort Phan Thiet,Phan Thiết,booking,1,"[z-ai/glm-5.3-flash|high] ""Khu Nghỉ Dưỡng Radisson Phan Thiết"" is the Vietnamese rendering of ""Radisson Resort Phan Thiet"" — ""Khu Nghỉ Dưỡng"" means ""Resort"", and the names differ only by word order/translation. Both are in Phan Thiết, so they refer to the same physical hotel."
P0300,Khách sạn Brilliant Đà Nẵng,Đà Nẵng,ivivu,Khách sạn Tâm Dung Đà Lạt,Đà Lạt,ivivu,0,[z-ai/glm-5.3-flash|high] Different hotel names (Brilliant vs Tâm Dung) and different cities (Đà Nẵng vs Đà Lạt); clearly distinct properties.
P0301,Khách sạn Len's Đà Lạt,Đà Lạt,ivivu,Sala Danang Beach Hotel,Đà Nẵng,booking,0,[z-ai/glm-5.3-flash|high] Different names (Len's vs Sala Danang Beach) and different cities (Đà Lạt vs Đà Nẵng); clearly different hotels.
P0302,Khách sạn Imperial Vũng Tàu,Vũng Tàu,booking | ivivu | traveloka,Khách sạn Riva Vũng Tàu,Vũng Tàu,ivivu | traveloka,0,"[z-ai/glm-5.3-flash|high] Different hotel names: Imperial vs Riva, both in Vũng Tàu but clearly distinct properties."
P0303,Khách sạn Gold Đà Nẵng,Đà Nẵng,ivivu,Khách sạn Marigold Đà Lạt,Đà Lạt,ivivu,0,[z-ai/glm-5.3-flash|high] The properties are in different cities (Đà Nẵng vs Đà Lạt) and the names differ ('Gold' vs 'Marigold' — the substring overlap does not indicate the same hotel). These are clearly different physical hotels.
P0304,Khu nghỉ dưỡng Novotel Phú Quốc,Phú Quốc,ivivu,Victorian Hotel Dalat,Đà Lạt,traveloka,0,[z-ai/glm-5.3-flash|high] Different properties: Novotel Phú Quốc resort in Phú Quốc vs Victorian Hotel in Đà Lạt; different names and cities.
P0305,Khách sạn Meliá Vinpearl Nha Trang Empire,Nha Trang,ivivu,Khách sạn Merperle Beach Nha Trang,Nha Trang,ivivu,0,"[z-ai/glm-5.3-flash|high] Different hotel brands in the same city: 'Meliá Vinpearl Nha Trang Empire' is a Meliá–Vinpearl property, while 'Merperle Beach Nha Trang' belongs to the Merperle chain. The names share only the generic 'Nha Trang' location marker and no diacritic, word-order, or property-type variation explains the difference, so they are distinct hotels."
P0306,Khách sạn Lasol Boutique Đà Lạt,Đà Lạt,ivivu,Khách sạn Phố Núi Đà Lạt,Đà Lạt,ivivu,0,"[z-ai/glm-5.3-flash|high] Both listings are in Đà Lạt, but the hotel names are entirely different: 'Lasol Boutique' vs 'Phố Núi'. These are not variations of the same name (no diacritic/transliteration difference, no shared brand or property-type distinction), so they refer to two different hotels."
P0307,Khách sạn Rex Vũng Tàu,Vũng Tàu,ivivu,Khách sạn Riva Vũng Tàu,Vũng Tàu,ivivu | traveloka,0,[z-ai/glm-5.3-flash|high] Rex and Riva are distinct hotel names in Vũng Tàu; no evidence they are the same property.
P0308,Biệt thự Khánh Lâm Đà Lạt,Đà Lạt,ivivu,LAlya Ninh Vân Bay,Nha Trang,ivivu,0,"[z-ai/glm-5.3-flash|high] Different properties: A is 'Biệt thự Khánh Lâm' (a villa) in Đà Lạt, while B is 'LAlya Ninh Vân Bay' in Nha Trang. The names share no common brand or property identity, and the cities differ (Đà Lạt vs Nha Trang)."
P0309,Khách sạn Thi Thảo - Gardenia Đà Lạt,Đà Lạt,ivivu,Khách sạn Tulip 3 Đà Lạt,Đà Lạt,ivivu,0,"[z-ai/glm-5.3-flash|high] The two listings have entirely different core names: 'Thi Thảo - Gardenia' versus 'Tulip 3'. There is no shared brand or name component (the flower-related words are coincidental), and no diacritic, word-order, or property-type variation that could reconcile them. They are different hotels in Đà Lạt."
P0310,Khách sạn FLC Grand Quy Nhơn,Quy Nhơn,ivivu,Khách sạn FLC Luxury Quy Nhơn,Quy Nhơn,ivivu,0,[z-ai/glm-5.3-flash|high] FLC Grand vs FLC Luxury are different tier/sub-brand markers of the same operator.
P0311,Khu Nghỉ Dưỡng Lahana Phú Quốc,Phú Quốc,booking | ivivu | traveloka,Khu nghỉ dưỡng Pullman Phú Quốc,Phú Quốc,ivivu,0,"[z-ai/glm-5.3-flash|high] Both listings are on Phú Quốc, but the brand names differ: 'Lahana' is an independent resort, while 'Pullman' is an Accor-affiliated property. The shared pattern 'Khu nghỉ dưỡng ... Phú Quốc' only reflects the location; there is no evidence these resolve to the same physical hotel."
P0312,Allegro Hoi An . A Little Luxury Hotel & Spa,Hội An,booking,Little Riverside Hoi An . A Luxury Hotel & Spa,Hội An,booking,0,"[z-ai/glm-5.3-flash|high] Different hotel names: 'Allegro Hoi An' vs 'Little Riverside Hoi An' are distinct properties in Hội An, not just diacritic or word-order variants."
P0313,Khách Sạn LADALAT,Đà Lạt,ivivu,Khách sạn Iris Đà Lạt,Đà Lạt,ivivu,0,"[z-ai/glm-5.3-flash|high] The two names share no identifying token: 'LADALAT' vs 'Iris' are distinct hotel names in the same city (Đà Lạt), and neither diacritics, word order, nor a property-type prefix explains the difference. They are different physical hotels."
P0314,Khách sạn Tulip 3 Đà Lạt,Đà Lạt,ivivu,Khách sạn Đà Lạt Palace Heritage,Đà Lạt,ivivu,0,"[z-ai/glm-5.3-flash|high] Different hotels. 'Tulip 3' and 'Đà Lạt Palace Heritage' share no brand or core name element; the only overlap is the city name Đà Lạt, which appears as a location qualifier in both listings in the same city. Nothing indicates these are the same property."
P0315,Khách sạn Kings Đà Lạt,Đà Lạt,ivivu,TMS Luxury Condotel Quy Nhơn,Quy Nhơn,booking,0,[z-ai/glm-5.3-flash|high] Different names (Kings vs TMS Luxury Condotel) and different cities (Đà Lạt vs Quy Nhơn); clearly not the same hotel.
P0316,Khách sạn Majestic Nha Trang,Nha Trang,ivivu,Khách sạn Majestic Star Nha Trang,Nha Trang,ivivu,0,[z-ai/glm-5.3-flash|high] Majestic vs Majestic Star are different sub-brand names; not the same hotel.
P0317,Hong Thien 1 Hotel,Huế,traveloka,Khách sạn Mường Thanh Grand Nha Trang,Nha Trang,ivivu,0,[z-ai/glm-5.3-flash|high] Different names (Hong Thien 1 vs Mường Thanh Grand) and different cities (Huế vs Nha Trang).
P0318,Radisson Resort Phan Thiet,Phan Thiết,booking,The Cliff Resort & Residences Phan Thiết,Phan Thiết,ivivu | traveloka,0,"[z-ai/glm-5.3-flash|high] The two listings carry entirely different brand/property names: 'Radisson Resort Phan Thiet' vs 'The Cliff Resort & Residences Phan Thiết'. Matching brand operators or rebranding cannot be confirmed from the names alone, so this is treated as two different properties in Phan Thiết."
P0319,Khách sạn Stella Maris Đà Nẵng,Đà Nẵng,ivivu,Khách sạn Vietsovpetro Đà Lạt,Đà Lạt,ivivu | traveloka,0,"[z-ai/glm-5.3-flash|high] Different hotels: Listing A is Stella Maris in Đà Nẵng, Listing B is Vietsovpetro in Đà Lạt. The names are entirely different and the cities differ, so they cannot be the same property."
P0320,Azura Gold Hotel & Apartment,Nha Trang,booking,Khách sạn ÊMM Huế,Huế,ivivu,0,[z-ai/glm-5.3-flash|high] Different hotel names and different cities (Nha Trang vs Huế).
P0321,Khu nghỉ dưỡng Kim Hoa Phú Quốc,Phú Quốc,ivivu,Khu nghỉ dưỡng Meliá Vinpearl Phú Quốc,Phú Quốc,ivivu,0,"[z-ai/glm-5.3-flash|high] Kim Hoa và Meliá Vinpearl là các thương hiệu/nhà điều hành khác nhau, là các khu nghỉ dưỡng riêng biệt tại Phú Quốc."
P0322,Khu nghỉ dưỡng Naman Retreat Đà Nẵng,Đà Nẵng,ivivu,La Siesta Hội An Resort & Spa,Hội An,ivivu,0,[z-ai/glm-5.3-flash|high] Different names (Naman Retreat vs La Siesta) and different cities (Đà Nẵng vs Hội An); clearly separate properties.
P0323,Khách sạn Rex Vũng Tàu,Vũng Tàu,ivivu,Khách sạn The Cap Vũng Tàu,Vũng Tàu,ivivu | traveloka,0,"[z-ai/glm-5.3-flash|high] Names differ substantially: Rex vs The Cap are different hotel names in Vũng Tàu, not diacritic or word-order variants."
P0324,Khu Nghỉ Dưỡng Elwood Phú Quốc,Phú Quốc,ivivu,Khu Nghỉ Dưỡng Lahana Phú Quốc,Phú Quốc,booking | ivivu | traveloka,0,"[z-ai/glm-5.3-flash|high] Elwood vs Lahana là hai tên thương hiệu khác nhau, không phải biến thể chính tả của nhau."
P0325,Davue Hotel Da Nang,Đà Nẵng,traveloka,Sekong Hotel Da Nang,Đà Nẵng,booking,0,"[z-ai/glm-5.3-flash|high] The core hotel names are completely different: 'Davue Hotel' vs 'Sekong Hotel'. They share only the generic word 'Hotel' and the city 'Da Nang', which is not sufficient to establish they are the same property. Different brand names in the same city indicate different hotels."
P0326,Khách sạn Empress Đà Lạt,Đà Lạt,ivivu,Khách sạn Paradise Đà Lạt,Đà Lạt,ivivu,0,"[z-ai/glm-5.3-flash|high] Different names: Empress vs Paradise, both in Đà Lạt; no evidence they are the same property."
P0327,Khu nghỉ dưỡng Movenpick Phan Thiết,Phan Thiết,ivivu,Mövenpick Resort Phan Thiet,Phan Thiết,booking,1,[z-ai/glm-5.3-flash|high] Same city (Phan Thiết) and names are transliteration/spelling variants of the same Mövenpick resort property.
P0328,Hoi An Riverside Villas & Apartments,Hội An,booking,Victorian Hotel Dalat,Đà Lạt,traveloka,0,"[z-ai/glm-5.3-flash|high] Different properties in different cities: Listing A is 'Hoi An Riverside Villas & Apartments' in Hội An, while Listing B is 'Victorian Hotel Dalat' in Đà Lạt. Neither the names nor the locations match, so they cannot be the same physical hotel."
P0329,Khách sạn FLC Grand Quy Nhơn,Quy Nhơn,ivivu,Khách sạn Grand Hyams Quy Nhơn,Quy Nhơn,ivivu,0,[z-ai/glm-5.3-flash|high] FLC Grand and Grand Hyams are different hotel names/brands; no evidence they are the same property.
P0330,Can ho Melody Vung Tau - Your Homestay,Vũng Tàu,booking,Vinpearl Resort & Spa Phú Quốc,Phú Quốc,ivivu,0,[z-ai/glm-5.3-flash|high] Different properties in different cities: an apartment/homestay in Vũng Tàu vs Vinpearl Resort & Spa in Phú Quốc.
P0331,Khách sạn Pullman Vũng Tàu,Vũng Tàu,ivivu,Pullman Vung Tau,Vũng Tàu,booking,1,"[z-ai/glm-5.3-flash|high] ""Khách sạn"" is a property-type prefix and ""Vung Tau"" differs only by diacritics from ""Vũng Tàu""; both listings are in Vũng Tàu for the same Pullman property, so they refer to the same physical hotel."
P0332,Khách sạn Golf Valley Đà Lạt,Đà Lạt,ivivu,Khách sạn Paradise Đà Lạt,Đà Lạt,ivivu,0,"[z-ai/glm-5.3-flash|high] Different names: Golf Valley vs Paradise, no evidence they are the same property."
P0333,Khu nghỉ dưỡng Amiana Nha Trang,Nha Trang,ivivu,Khu nghỉ dưỡng Mia Nha Trang,Nha Trang,ivivu,0,[z-ai/glm-5.3-flash|high] Amiana vs Mia are different resort names in Nha Trang.
P0334,Khách sạn Premier Pearl Vũng Tàu,Vũng Tàu,ivivu | traveloka,Villa Del Sol Beach Resort  & Spa Phan Thiết,Phan Thiết,ivivu,0,"[z-ai/glm-5.3-flash|high] The listings are in different cities (Vũng Tàu vs Phan Thiết) and have completely different names with no shared brand, so they cannot be the same physical hotel."
P0335,Khách sạn A La Carte Đà Nẵng,Đà Nẵng,ivivu,Venus Hotel & Sky Bar Phu Quoc,Phú Quốc,traveloka,0,[z-ai/glm-5.3-flash|high] Completely different names and different cities (Đà Nẵng vs Phú Quốc).
P0336,Khách sạn Meliá Vinpearl Nha Trang Empire,Nha Trang,ivivu,Khách sạn Modern Sky Nha Trang,Nha Trang,traveloka,,
P0337,Alibaba Hotel Da Nang,Đà Nẵng,booking | traveloka,Hotel La Perle,Huế,booking | traveloka,0,"[z-ai/glm-5.3-flash|high] Different names and different cities: Alibaba Hotel is in Đà Nẵng while Hotel La Perle is in Huế, so they cannot be the same physical hotel."
P0338,Khách Sạn Flower Sky Nha Trang,Nha Trang,booking,Minera Hot Springs Bình Châu (Khoáng Nóng Thiên Nhiên Bình Châu),Vũng Tàu,ivivu | traveloka,0,[z-ai/glm-5.3-flash|high] Different hotel names (Flower Sky vs Minera Hot Springs Bình Châu) and different cities (Nha Trang vs Vũng Tàu); no evidence they are the same property.
P0339,Hotel Hoai Anh,Vũng Tàu,booking,Khu nghỉ dưỡng Fusion Cam Ranh,Nha Trang,ivivu,0,[z-ai/glm-5.3-flash|high] Completely different names (Hoai Anh vs Fusion Cam Ranh) and different cities (Vũng Tàu vs Nha Trang). These are clearly different properties.
P0340,Khách sạn Mường Thanh Holiday Vũng Tàu,Vũng Tàu,ivivu,Khách sạn Mường Thanh Luxury Phú Quốc,Phú Quốc,ivivu | traveloka,0,"[z-ai/glm-5.3-flash|high] Different Mường Thanh sub-brands (Holiday vs Luxury) and different cities (Vũng Tàu vs Phú Quốc), so they are distinct properties."
P0341,Khu Nghỉ Dưỡng Best Western Premier Sonasea Phú Quốc,Phú Quốc,ivivu,Khu Nghỉ Dưỡng La Mer Phú Quốc,Phú Quốc,ivivu,0,"[z-ai/glm-5.3-flash|high] Both listings are in Phú Quốc, but the core names differ: 'Best Western Premier Sonasea' is a Best Western-branded resort, while 'La Mer' is an entirely different property name and brand. The shared 'Khu Nghỉ Dưỡng' prefix and city do not make them the same hotel."
P0342,Khách sạn Ngọc Mai Phú Đà Lạt,Đà Lạt,ivivu,Khách sạn Rum Vàng Đà Lạt,Đà Lạt,ivivu,0,"[z-ai/glm-5.3-flash|high] The two listings carry entirely different hotel names — 'Ngọc Mai Phú' vs 'Rum Vàng' — despite both being in Đà Lạt. Nothing in the names suggests a shared brand, transliteration, or property-type variation, so they are different hotels."
P0343,Bondi Backpackers Nhatrang,Nha Trang,booking,Cherry Hotel & Apartment Da Nang - Phoenix 2 Hotel,Đà Nẵng,booking,0,[z-ai/glm-5.3-flash|high] Different cities (Nha Trang vs Đà Nẵng) and entirely different names (Bondi Backpackers vs Cherry Hotel & Apartment / Phoenix 2 Hotel). These are clearly different properties.
P0344,Khách sạn Mường Thanh Holiday Mũi Né,Phan Thiết,ivivu | traveloka,The Cliff Resort & Residences Phan Thiết,Phan Thiết,ivivu | traveloka,0,"[z-ai/glm-5.3-flash|high] Completely different names: 'Mường Thanh Holiday Mũi Né' is a Mường Thanh chain property, while 'The Cliff Resort & Residences' is an unrelated resort. Despite both being in Phan Thiết, nothing in the names, brand, or transliteration suggests they are the same physical hotel."
P0345,Khách sạn Hilton Đà Nẵng,Đà Nẵng,ivivu,Khách sạn Sài Gòn Đà Lạt,Đà Lạt,ivivu,0,[z-ai/glm-5.3-flash|high] Different names and different cities (Đà Nẵng vs Đà Lạt); clearly unrelated hotels.
P0346,Phong Nha Hotel Hue,Huế,traveloka,Sheraton Phú Quốc Long Beach Resort,Phú Quốc,ivivu,0,[z-ai/glm-5.3-flash|high] Different cities (Huế vs Phú Quốc) and completely unrelated names; no evidence of a shared property.
P0347,Khách sạn Mường Thanh Luxury Đà Nẵng,Đà Nẵng,ivivu,La Beach Hotel,Đà Nẵng,traveloka,0,"[z-ai/glm-5.3-flash|high] The names share no lexical relationship: 'Mường Thanh Luxury Đà Nẵng' is a Mường Thanh chain property while 'La Beach Hotel' is an entirely different hotel name. Both are in Đà Nẵng, but identical city alone does not establish a match, and nothing in the names suggests they resolve to the same physical property."
P0348,Century Riverside Hue,Huế,booking | traveloka,Sea Star Resort,Phú Quốc,booking,0,"[z-ai/glm-5.3-flash|high] Completely different names ('Century Riverside Hue' vs 'Sea Star Resort') with no shared brand or token, and different cities (Huế vs Phú Quốc). Clearly different properties."
P0349,Khách Sạn LADALAT,Đà Lạt,ivivu,Khách sạn Sài Gòn Đà Lạt,Đà Lạt,ivivu,0,"[z-ai/glm-5.3-flash|high] The names 'LADALAT' and 'Sài Gòn Đà Lạt' are entirely different hotel names, not variations of the same name via diacritics, word order, or brand spelling. Both are in Đà Lạt, but nothing indicates they are the same property."
P0350,Royal Dalat Hotel,Đà Lạt,traveloka,Victorian Hotel Dalat,Đà Lạt,traveloka,0,"[z-ai/glm-5.3-flash|high] The names differ fundamentally: 'Royal Dalat Hotel' vs 'Victorian Hotel Dalat'. 'Royal' and 'Victorian' are distinct name tokens, not diacritic variants, brand spelling variants, or property-type prefixes/suffixes. Both are in Đà Lạt, but the different names indicate different hotels."
P0351,Khu Nghỉ Dưỡng La Mer Phú Quốc,Phú Quốc,ivivu,Khu nghỉ dưỡng Wyndham Grand Phú Quốc,Phú Quốc,ivivu,0,"[z-ai/glm-5.3-flash|high] Different brand names: 'La Mer' vs 'Wyndham Grand' are distinct properties in Phú Quốc, not a diacritic, word-order, or operator-spelling variation."
P0352,Khu Nghỉ Dưỡng Lahana Phú Quốc,Phú Quốc,booking | ivivu | traveloka,Khu nghỉ dưỡng Amarin Phú Quốc,Phú Quốc,ivivu,0,"[z-ai/glm-5.3-flash|high] The two listings are both resorts on Phú Quốc, but their core names differ: 'Lahana' vs 'Amarin'. This is not a diacritic, transliteration, word-order, or property-type variation — they are two distinct resorts, so they are different physical hotels."
P0353,Khách sạn Merperle Beach Nha Trang,Nha Trang,ivivu,Khách sạn Mường Thanh Grand Nha Trang,Nha Trang,ivivu,0,"[z-ai/glm-5.3-flash|high] The two listings carry entirely different brand names: Merperle Beach vs Mường Thanh Grand. These are separate hotel operators, so despite both being in Nha Trang, they refer to different physical hotels."
P0354,Khách sạn Nice Dream Đà Lạt,Đà Lạt,ivivu,Khách sạn Rum Vàng Đà Lạt,Đà Lạt,ivivu,0,[z-ai/glm-5.3-flash|high] The two listings carry completely different names — 'Nice Dream' vs 'Rum Vàng' — in the same city (Đà Lạt). Nothing indicates these names resolve to the same property; they are plainly two distinct hotels.
P0355,Dalat De Charme Village,Đà Lạt,ivivu,Mango Bay Resort,Phú Quốc,booking,0,[z-ai/glm-5.3-flash|high] Different names entirely (Dalat De Charme Village vs Mango Bay Resort) and different cities (Đà Lạt vs Phú Quốc); these cannot be the same physical hotel.
P0356,Khách sạn Arapang Đà Lạt,Đà Lạt,ivivu,Khách sạn CANVAS Đà Nẵng Beach,Đà Nẵng,ivivu,0,[z-ai/glm-5.3-flash|high] Different hotel names (Arapang vs CANVAS Đà Nẵng Beach) and different cities (Đà Lạt vs Đà Nẵng); these are clearly distinct properties.
P0357,Khách sạn Rex Vũng Tàu,Vũng Tàu,ivivu,Khách sạn Royal Vũng Tàu,Vũng Tàu,traveloka,0,"[z-ai/glm-5.3-flash|high] The distinguishing names differ: 'Rex' vs 'Royal'. These are not transliteration, diacritics, word-order, or property-type variations — they are distinct brand names pointing to different hotels (Rex Hotel Vũng Tàu vs Royal Hotel Vũng Tàu), both of which exist separately in Vũng Tàu."
P0358,Khu nghỉ dưỡng Dankbaar Quy Nhơn,Quy Nhơn,ivivu,Khu nghỉ dưỡng Maia Quy Nhơn,Quy Nhơn,ivivu,0,"[z-ai/glm-5.3-flash|high] Both are resorts in Quy Nhơn, but the core property names differ: 'Dankbaar' vs 'Maia'. These are distinct brand names, not variants of each other (no diacritic, word-order, or type-prefix difference), so they refer to different physical hotels."
P0359,Fleur de Lys Hotel Quy Nhon,Quy Nhơn,booking,Khách sạn Fleur De Lys Quy Nhơn,Quy Nhơn,ivivu,1,"[z-ai/glm-5.3-flash|high] Both listings are in Quy Nhơn and share the same core name 'Fleur De Lys'. The differences are only a property-type word ('Hotel' vs 'Khách sạn') and diacritics ('Quy Nhon' vs 'Quy Nhơn'), which fall under allowed variations."
P0360,MyFa House,Huế,booking,Putin Nha Trang Hotel,Nha Trang,booking,0,[z-ai/glm-5.3-flash|high] Different names and different cities (Huế vs Nha Trang).
P0361,Khu nghỉ dưỡng Amarin Phú Quốc,Phú Quốc,ivivu,Khu nghỉ dưỡng Pullman Phú Quốc,Phú Quốc,ivivu,0,"[z-ai/glm-5.3-flash|high] Different brands: ""Amarin"" vs ""Pullman"" are unrelated hotel names in the same city (Phú Quốc), so they refer to different physical properties."
P0362,Khách sạn TTC - Ngọc Lan Đà Lạt,Đà Lạt,ivivu,Khách sạn TTC – Đà Lạt,Đà Lạt,ivivu,0,"[z-ai/glm-5.3-flash|medium] Both listings are in Đà Lạt under the same TTC brand, but the name 'Ngọc Lan' marks a specific branch/property. The TTC chain operates more than one hotel in Đà Lạt (e.g., TTC Hotel – Đà Lạt and TTC Hotel – Ngọc Lan Đà Lạt are listed as separate properties), and the shorter name 'Khách sạn TTC – Đà Lạt' cannot be confirmed as shorthand for the Ngọc Lan property. Since a merge cannot be confirmed, answer 0."
P0363,Khu nghỉ dưỡng Núi Thần Tài Ebisu Đà Nẵng,Đà Nẵng,ivivu,Khu nghỉ dưỡng Premier Village Đà Nẵng,Đà Nẵng,ivivu,0,"[z-ai/glm-5.3-flash|high] Different properties in Đà Nẵng: A is 'Khu nghỉ dưỡng Núi Thần Tài Ebisu' (Núi Thần Tài area), while B is 'Premier Village Đà Nẵng' (an Accor-managed resort); no brand, name, or transliteration overlap."
P0364,Khu nghỉ dưỡng Melia Đà Nẵng Beach,Đà Nẵng,ivivu,Khu nghỉ dưỡng Pullman Đà Nẵng Beach,Đà Nẵng,ivivu,,
P0365,Khách sạn HAIAN Riverfront Đà Nẵng,Đà Nẵng,ivivu,Khách sạn Sammy Đà Lạt,Đà Lạt,ivivu,0,[z-ai/glm-5.3-flash|high] Different names (HAIAN Riverfront vs Sammy) and different cities (Đà Nẵng vs Đà Lạt); clearly distinct properties.
P0366,Khu nghỉ dưỡng Risemount Premier Đà Nẵng,Đà Nẵng,ivivu,Khách sạn Vietsovpetro Đà Lạt,Đà Lạt,ivivu | traveloka,0,"[z-ai/glm-5.3-flash|high] Different names (Risemount Premier vs Vietsovpetro), different property types, and different cities (Đà Nẵng vs Đà Lạt); clearly distinct hotels."
P0367,The Palmy Phú Quốc Resort & Spa,Phú Quốc,traveloka,The Shells Resort & Spa Phú Quốc,Phú Quốc,booking | ivivu | traveloka,0,[z-ai/glm-5.3-flash|high] Different names: 'The Palmy' vs 'The Shells' are distinct properties in Phú Quốc.
P0368,Hồ Tràm Beach Boutique Resort & Spa,Vũng Tàu,ivivu,Khu nghỉ dưỡng Premier Village Phu Quoc Managed By Accor,Phú Quốc,ivivu,0,"[z-ai/glm-5.3-flash|high] Hồ Tràm Beach Boutique Resort & Spa is located in Vũng Tàu, while Khu nghỉ dưỡng Premier Village Phu Quoc Managed By Accor is in Phú Quốc. The names share no brand, and the cities differ, so these are clearly different hotels."
P0369,Khách sạn Majestic Premium Nha Trang,Nha Trang,ivivu,Khách sạn Majestic Star Nha Trang,Nha Trang,ivivu,0,"[z-ai/glm-5.3-flash|high] Both are in Nha Trang, but the names carry different sub-brand markers of the Majestic operator: 'Majestic Premium' vs 'Majestic Star'. Different tier/sub-brand markers indicate different properties, so they are not the same hotel."
P0370,Khu Nghỉ Dưỡng Radisson Phan Thiết,Phan Thiết,ivivu,Khách sạn Imperial Vũng Tàu,Vũng Tàu,booking | ivivu | traveloka,0,"[z-ai/glm-5.3-flash|high] Different brands and different cities: 'Khu Nghỉ Dưỡng Radisson Phan Thiết' is in Phan Thiết, while 'Khách sạn Imperial Vũng Tàu' is in Vũng Tàu. Nothing indicates these are the same physical property."
P0371,Laluna Hoi An Riverside Hotel & Spa,Hội An,booking,Zest Villas & Spa Hoi An,Hội An,booking,0,[z-ai/glm-5.3-flash|high] The core brand names differ completely: 'Laluna Hoi An Riverside Hotel & Spa' vs 'Zest Villas & Spa Hoi An'. The shared location (Hội An) and generic words like 'Spa' do not make them the same property; these appear to be two distinct hotels.
P0372,Khu Nghỉ Dưỡng Zen Valley Đà Lạt,Đà Lạt,ivivu,Khu nghỉ dưỡng Risemount Premier Đà Nẵng,Đà Nẵng,ivivu,0,[z-ai/glm-5.3-flash|high] Different names and different cities (Đà Lạt vs Đà Nẵng).
P0373,Khách sạn Mường Thanh Grand Đà Nẵng,Đà Nẵng,ivivu,Muong Thanh Grand Da Nang Hotel,Đà Nẵng,traveloka,1,"[z-ai/glm-5.3-flash|high] Both listings refer to the Mường Thanh Grand brand in Đà Nẵng. The differences are only diacritics/transliteration ('Mường' vs 'Muong', 'Đà Nẵng' vs 'Da Nang') and the property-type word ('Khách sạn' vs 'Hotel'). Same tier marker 'Grand' and same city, so they resolve to the same physical hotel."
P0374,Flora Hotel Hue,Huế,traveloka,Purple Hue Central Hub,Huế,booking,0,"[z-ai/glm-5.3-flash|high] Names are entirely different: 'Flora Hotel Hue' vs 'Purple Hue Central Hub'. No diacritic, transliteration, property-type, word-order, or brand-spelling relationship exists between them. Same city alone cannot establish a match, so the evidence does not support merging."
P0375,Khu nghỉ dưỡng Mercure Đà Lạt,Đà Lạt,ivivu,Khu nghỉ dưỡng Đà Lạt Wonder,Đà Lạt,ivivu,0,[z-ai/glm-5.3-flash|high] Different brand names: Mercure vs Đà Lạt Wonder; no evidence they are the same property.
P0376,Khách Sạn LADALAT,Đà Lạt,ivivu,Khách sạn Cẩm Tú Cầu Đà Lạt,Đà Lạt,ivivu,0,"[z-ai/glm-5.3-flash|high] The two names are fundamentally different: LADALAT vs Cẩm Tú Cầu (hydrangea). Both are in Đà Lạt, but the names share no brand or transliteration relationship, so they are distinct properties."
P0377,Khách sạn Mường Thanh Holiday Huế,Huế,ivivu | traveloka,Khách sạn Mường Thanh Đà Lạt,Đà Lạt,ivivu,0,"[z-ai/glm-5.3-flash|high] Different cities: Huế vs Đà Lạt, and different branch markers (Holiday Huế vs Đà Lạt)."
P0378,Hoian Central Hotel,Hội An,booking,Khách sạn Phố Núi Đà Lạt,Đà Lạt,ivivu,0,[z-ai/glm-5.3-flash|high] Different cities (Hội An vs Đà Lạt) and entirely different names (Hoian Central Hotel vs Khách sạn Phố Núi Đà Lạt); no evidence these refer to the same property.
P0379,Rosetta Hotel Danang,Đà Nẵng,booking,The Shells Resort & Spa Phú Quốc,Phú Quốc,booking | ivivu | traveloka,0,"[z-ai/glm-5.3-flash|high] The two listings have entirely different names (Rosetta Hotel vs The Shells Resort & Spa) and are located in different cities (Đà Nẵng vs Phú Quốc), so they cannot be the same physical hotel."
P0380,Raon Dalat - STAY 24H,Đà Lạt,booking,Raon Hotel - STAY 24H,Đà Nẵng,booking,0,"[z-ai/glm-5.3-flash|high] The two listings are in different cities — Đà Lạt vs Đà Nẵng — so even though both carry the 'Raon' brand and 'STAY 24H' tag, they are separate physical properties."
P0381,Coral Bay Resort,Phú Quốc,booking,Khách sạn Sunny Đà Lạt,Đà Lạt,ivivu,0,[z-ai/glm-5.3-flash|high] Different names and different cities (Phú Quốc vs Đà Lạt).
P0382,Minh Hien Hotel,Phan Thiết,booking,Sen Hotel Phu Quoc,Phú Quốc,booking,0,[z-ai/glm-5.3-flash|high] Different names (Minh Hien vs Sen) and different cities (Phan Thiết vs Phú Quốc); clearly unrelated properties.
P0383,Golden Bell Backpacker Hotel & Pool Bar,Hội An,traveloka,Khách sạn Giai Điệu Đà Lạt,Đà Lạt,ivivu,0,"[z-ai/glm-5.3-flash|high] Different names and different cities: Golden Bell Backpacker Hotel & Pool Bar is in Hội An, while Khách sạn Giai Điệu is in Đà Lạt."
P0384,Arapang Hotel 2,Đà Lạt,booking,La Cactus Hotel 2,Quy Nhơn,booking,0,"[z-ai/glm-5.3-flash|high] Different names (Arapang vs La Cactus), different branch markers, and different cities (Đà Lạt vs Quy Nhơn)."
P0385,Khu nghỉ dưỡng Movenpick Phan Thiết,Phan Thiết,ivivu,Khu nghỉ dưỡng Novela Phan Thiết,Phan Thiết,ivivu,0,"[z-ai/glm-5.3-flash|high] Different brands: Movenpick vs Novela, both in Phan Thiết."
P0386,Khu nghỉ dưỡng Novotel Phú Quốc,Phú Quốc,ivivu,Marina Bay Resort & Spa Vũng Tàu,Vũng Tàu,ivivu,0,[z-ai/glm-5.3-flash|high] Different properties and different cities: Novotel Phú Quốc vs Marina Bay Resort & Spa Vũng Tàu.
P0387,Allezboo Beach Resort & Spa Phan Thiết,Phan Thiết,ivivu,Aroma Beach Resort & Spa Phan Thiết,Phan Thiết,ivivu,0,"[z-ai/glm-5.3-flash|high] Different brands: Allezboo vs Aroma Beach, both in Phan Thiết."
P0388,Khách sạn Arapang Đà Lạt,Đà Lạt,ivivu,Khách sạn Hoa Sen 62 Đà Lạt,Đà Lạt,ivivu,0,"[z-ai/glm-5.3-flash|high] Different names: 'Arapang' vs 'Hoa Sen 62' — no transliteration, brand, or word-order variation links them; they are distinct hotels in the same city."
P0389,Khách sạn Lucky Sun Nha Trang,Nha Trang,ivivu,Khách sạn Premier Havana Nha Trang,Nha Trang,ivivu | traveloka,0,"[z-ai/glm-5.3-flash|high] The core names differ entirely: 'Lucky Sun' vs 'Premier Havana'. These are not diacritic, word-order, or property-type variants of the same name. Despite both being in Nha Trang, they refer to different hotels."
P0390,Than Thien Friendly Hotel,Huế,traveloka,Vinpearl Beachfront Nha Trang,Nha Trang,ivivu,0,[z-ai/glm-5.3-flash|high] Different hotels: names differ entirely and cities differ (Huế vs Nha Trang).
P0391,Khách Sạn Malibu Beach Vũng Tàu,Vũng Tàu,ivivu,Khách sạn The Cap Vũng Tàu,Vũng Tàu,ivivu | traveloka,0,"[z-ai/glm-5.3-flash|high] The two listings share only the city and the generic prefix 'Khách Sạn'; the core names 'Malibu Beach' and 'The Cap' are entirely different proper names with no shared brand, operator, or transliteration link, so they refer to different hotels in Vũng Tàu."
P0392,Khách sạn The Luxe Đà Lạt,Đà Lạt,ivivu | traveloka,Khách sạn Tulip 3 Đà Lạt,Đà Lạt,ivivu,0,"[z-ai/glm-5.3-flash|high] The core proper names are entirely different: 'The Luxe' vs 'Tulip 3'. Same city (Đà Lạt) and same type prefix (Khách sạn), but nothing links these names — no diacritic, transliteration, word-order, or brand-spelling variation applies. They are distinct hotels."
P0393,Khu Nghỉ Dưỡng Elwood Phú Quốc,Phú Quốc,ivivu,Khu nghỉ dưỡng Novotel Phú Quốc,Phú Quốc,ivivu,0,"[z-ai/glm-5.3-flash|high] Both are resorts in Phú Quốc, but the brand names differ fundamentally: 'Elwood' vs 'Novotel'. These are distinct operators/properties, not the same hotel under different spellings or word orders."
P0394,Khu nghỉ dưỡng Amarin Phú Quốc,Phú Quốc,ivivu,Khu nghỉ dưỡng Arcadia Phú Quốc,Phú Quốc,ivivu | traveloka,0,"[z-ai/glm-5.3-flash|high] Different names: Amarin vs Arcadia, two distinct resorts in Phú Quốc."
P0395,Khu Nghỉ Dưỡng Elwood Phú Quốc,Phú Quốc,ivivu,La An Central Boutique Villa,Hội An,booking | traveloka,0,"[z-ai/glm-5.3-flash|high] Completely different names (Elwood vs La An Central), different cities (Phú Quốc vs Hội An), and different property types (Resort vs Boutique Villa). No shared brand or transliteration evidence supports a match."
P0396,Khách sạn Mường Thanh Holiday Mũi Né,Phan Thiết,ivivu | traveloka,Khách sạn Mường Thanh Luxury Đà Nẵng,Đà Nẵng,ivivu,0,[z-ai/glm-5.3-flash|high] Different sub-brands (Holiday vs Luxury) and different cities (Phan Thiết vs Đà Nẵng).
P0397,Khách sạn Gold Đà Nẵng,Đà Nẵng,ivivu,Khách sạn Roy Dala Đà Lạt,Đà Lạt,ivivu,0,"[z-ai/glm-5.3-flash|high] Different hotel names (Gold vs Roy Dala) and different cities (Đà Nẵng vs Đà Lạt); no brand, transliteration, or word-order evidence links them."
P0398,RAON Hotel - STAY 24H,Quy Nhơn,booking,Raon Villa - STAY 24H,Đà Lạt,booking,0,"[z-ai/glm-5.3-flash|high] Two independent mismatches: (1) different property types under the same brand ('Raon Hotel' vs 'Raon Villa' — an explicit different-hotel case), and (2) different cities (Quy Nhơn vs Đà Lạt), which rules out a same-property match even under an identical brand."
P0399,Everland Hotel,Đà Nẵng,booking,Hong Diep Hotel Quy Nhon,Quy Nhơn,traveloka,0,[z-ai/glm-5.3-flash|high] Different names and different cities (Đà Nẵng vs Quy Nhơn); no evidence they are the same hotel.
P0400,Hoi An Odyssey Hotel & Spa,Hội An,booking,Laluna Hoi An Riverside Hotel & Spa,Hội An,booking,0,"[z-ai/glm-5.3-flash|high] The distinguishing names differ: 'Odyssey' vs 'Laluna ... Riverside'. Both are in Hội An, but the core property names are unrelated, and no diacritic, word-order, or property-type variation links them. Different hotels."
P0401,AN Boutique Hotel - STAY 24H,Đà Lạt,booking,Khách sạn Mường Thanh Holiday Huế,Huế,ivivu | traveloka,0,[z-ai/glm-5.3-flash|high] Different cities (Đà Lạt vs Huế) and completely different names (AN Boutique Hotel vs Mường Thanh Holiday); no evidence of a shared property.
P0402,Khách sạn Park Đà Lạt,Đà Lạt,ivivu,Khách sạn TTC - Ngọc Lan Đà Lạt,Đà Lạt,ivivu,0,"[z-ai/glm-5.3-flash|high] Names differ materially: 'Park' vs 'TTC - Ngọc Lan' are distinct hotel names in Đà Lạt; no diacritic, word-order, or type-prefix variation explains the difference. Different hotels."
P0403,Khách sạn Marigold Đà Lạt,Đà Lạt,ivivu,Silk Path Grand Huế Hotel & Spa,Huế,ivivu,0,"[z-ai/glm-5.3-flash|high] Different hotels: Listing A is Khách sạn Marigold in Đà Lạt, while Listing B is Silk Path Grand Huế Hotel & Spa in Huế. The names share no common property identifier and the cities differ."
P0404,Biệt thự Khánh Lâm Đà Lạt,Đà Lạt,ivivu,TTC Hotel - Hoi An,Hội An,traveloka,0,"[z-ai/glm-5.3-flash|high] The two listings are in different cities (Đà Lạt vs Hội An) and have entirely different names (Biệt thự Khánh Lâm vs TTC Hotel), so they cannot refer to the same physical hotel."
P0405,JW Marriott Phu Quoc Emerald Bay Resort & Spa,Phú Quốc,ivivu,Khu nghỉ dưỡng Casa Marina Quy Nhơn,Quy Nhơn,booking | ivivu | traveloka,,
P0406,Khách sạn Grand Sea Đà Nẵng,Đà Nẵng,ivivu,Khách sạn Sammy Đà Lạt,Đà Lạt,ivivu,0,"[z-ai/glm-5.3-flash|high] Different names (Grand Sea vs Sammy) and different cities (Đà Nẵng vs Đà Lạt), so they cannot refer to the same physical hotel."
P0407,Daisy Garden Villa Hoi An,Hội An,booking,Hồ Tràm Beach Boutique Resort & Spa,Vũng Tàu,ivivu,0,[z-ai/glm-5.3-flash|high] Different cities (Hội An vs Vũng Tàu) and entirely different names; no evidence they refer to the same property.
P0408,Khách sạn Hồng Hải Đà Lạt,Đà Lạt,ivivu,Khách sạn Paradise Đà Lạt,Đà Lạt,ivivu,0,"[z-ai/glm-5.3-flash|high] Different names (Hồng Hải vs Paradise), same city; no evidence they are the same property."
P0409,Khu nghỉ dưỡng Mia Nha Trang,Nha Trang,ivivu,Khu nghỉ dưỡng The Anam Nha Trang,Nha Trang,ivivu,0,"[z-ai/glm-5.3-flash|high] Different core names: ""Mia"" vs ""The Anam"" are two distinct resorts in Nha Trang; the shared city and property-type prefix do not make them the same property."
P0410,Khách sạn Marigold Đà Lạt,Đà Lạt,ivivu,Khách sạn Sandals LiLy Đà Lạt,Đà Lạt,ivivu,0,[z-ai/glm-5.3-flash|high] The names differ substantially: 'Marigold' vs 'Sandals LiLy' indicate two distinct hotels in Đà Lạt.
P0411,Khu nghỉ dưỡng Maia Quy Nhơn,Quy Nhơn,ivivu,TMS Luxury Condotel Quy Nhơn,Quy Nhơn,booking,0,"[z-ai/glm-5.3-flash|high] The core property names are entirely different: 'Maia' vs 'TMS Luxury'. This is not a case of diacritics, word order, punctuation, or property-type prefix variation — both share the city Quy Nhơn but carry distinct brand names (Maia Resort vs TMS Luxury Condotel), so they are different physical hotels."
P0412,Khách sạn Iris Đà Lạt,Đà Lạt,ivivu,Khách sạn Kings Đà Lạt,Đà Lạt,ivivu,0,"[z-ai/glm-5.3-flash|high] The two listings have entirely different core names: 'Iris' vs 'Kings'. Both are in Đà Lạt, but the names refer to distinct hotel brands/properties, so they are different physical hotels."
P0413,Khách sạn Du Lys Đà Lạt,Đà Lạt,ivivu,Vedana Lagoon Resort & Spa Huế,Huế,ivivu,0,[z-ai/glm-5.3-flash|high] Completely different names and different cities (Đà Lạt vs Huế).
P0414,Khu nghỉ dưỡng Anantara Hội An,Hội An,ivivu,Khu nghỉ dưỡng Hội An Beach,Hội An,ivivu,0,"[z-ai/glm-5.3-flash|high] Listing A carries the Anantara brand ('Khu nghỉ dưỡng Anantara Hội An'), while Listing B is 'Khu nghỉ dưỡng Hội An Beach' (Hoi An Beach Resort). Both are in Hội An, but they are distinct properties with different brand names — Anantara Hoi An is a riverside resort, whereas Hoi An Beach Resort is a separate beachfront hotel. The shared word 'Hội An' is only a location descriptor, not evidence of the same hotel."
P0415,Homestay Song Ngọc Phan Thiết,Phan Thiết,booking,Khách sạn Premier Havana Nha Trang,Nha Trang,ivivu | traveloka,0,[z-ai/glm-5.3-flash|high] Different cities (Phan Thiết vs Nha Trang) and entirely different names; no evidence they refer to the same property.
P0416,Khách sạn Phố Núi Đà Lạt,Đà Lạt,ivivu,Khách sạn TTC - Ngọc Lan Đà Lạt,Đà Lạt,ivivu,0,"[z-ai/glm-5.3-flash|high] Both listings are in Đà Lạt, but the names refer to different properties: 'Phố Núi' vs 'TTC - Ngọc Lan'. There is no shared brand or transliteration/diacritic variation connecting them, so they are different hotels."
P0417,Khách sạn Romeliess Vũng Tàu,Vũng Tàu,ivivu,Khách sạn Royal Vũng Tàu,Vũng Tàu,traveloka,0,"[z-ai/glm-5.3-flash|high] The distinguishing names differ: 'Romeliess' vs 'Royal'. These are not variations of the same name by diacritics, transliteration, word order, or property-type prefix. Both are in Vũng Tàu, but they refer to different hotels."
P0418,Vedana Lagoon Resort & Spa Huế,Huế,ivivu,Vinpearl Resort Nha Trang - Hon Tre Island,Nha Trang,traveloka,0,"[z-ai/glm-5.3-flash|high] Different properties: Listing A is Vedana Lagoon Resort & Spa in Huế, while Listing B is Vinpearl Resort on Hon Tre Island in Nha Trang. They belong to different brands, different operators, and are located in different cities, so they cannot be the same physical hotel."
P0419,RAON Hotel - STAY 24H,Quy Nhơn,booking,Raon Hotel - STAY 24H,Đà Nẵng,booking,0,[z-ai/glm-5.3-flash|high] Identical brand name but different cities: RAON Hotel in Quy Nhơn vs Đà Nẵng are separate properties under the same brand.
P0420,Khách sạn King's Finger Đà Nẵng,Đà Nẵng,ivivu,Khách sạn Radisson Đà Nẵng,Đà Nẵng,ivivu,0,"[z-ai/glm-5.3-flash|high] The two listings are both in Đà Nẵng but the names identify entirely different hotels: 'King's Finger' is a distinct local hotel brand, while 'Radisson' is a separate international hotel brand. Nothing in either name (no diacritic variants, no shared core name, no brand/operator resolution) links them to the same property, so they must be treated as different hotels."
P0421,Khu nghỉ dưỡng Mercure Đà Lạt,Đà Lạt,ivivu,Khu nghỉ dưỡng Terracotta Đà Lạt,Đà Lạt,booking | ivivu | traveloka,0,"[z-ai/glm-5.3-flash|high] The two listings carry entirely different brand names: 'Mercure' (an Accor brand) versus 'Terracotta'. Although both are resorts in Đà Lạt, there is no evidence of renaming, rebranding, or shared property identity, and different brand names indicate different physical hotels."
P0422,Khách sạn Iris Đà Lạt,Đà Lạt,ivivu,Khách sạn Saphir Đà Lạt,Đà Lạt,ivivu,0,"[z-ai/glm-5.3-flash|high] Different hotel names in the same city: 'Iris' and 'Saphir' are entirely distinct names, not variants due to diacritics, transliteration, or property-type prefixes. They refer to two different hotels in Đà Lạt."
P0423,Art Nest Hotel & Apartment Nha Trang,Nha Trang,ivivu,Marine Hotel & Apartment,Vũng Tàu,booking,0,"[z-ai/glm-5.3-flash|high] Different names ('Art Nest' vs 'Marine') and different cities (Nha Trang vs Vũng Tàu). The shared 'Hotel & Apartment' suffix is only a property-type descriptor, not a brand indicator. Clearly different properties."
P0424,Khu nghỉ dưỡng & biệt thự Sanctuary Hồ Tràm,Vũng Tàu,ivivu,Khách sạn Imperial Vũng Tàu,Vũng Tàu,booking | ivivu | traveloka,0,"[z-ai/glm-5.3-flash|high] Two entirely different properties: Listing A is the Sanctuary Ho Tram resort & villas in the Ho Tram area, while Listing B is the Imperial hotel in Vung Tau city. The names share no brand or property identifier; only the province-level city matches, which is not evidence of the same hotel."
P0425,Khách sạn Corvin Vũng Tàu,Vũng Tàu,ivivu,Khách sạn Vias Vũng Tàu,Vũng Tàu,ivivu,0,[z-ai/glm-5.3-flash|high] Names differ entirely: Corvin vs Vias; no evidence they are the same property.
