user_id,hotel_id,rating,date,source
Udd12fb44b382,H0287,6.3,2011-10-15,ivivu
U8253b44df1a6,H0392,6.7,2011-11-16,ivivu
U494dffb5df0b,H0409,7.3,2012-01-05,ivivu
U4e1e49dc53d7,H0171,7.0,2012-01-05,ivivu
Uf06c933c09c5,H0107,6.0,2012-01-06,ivivu
U589b6f5dbab3,H0171,6.0,2012-01-07,ivivu
U7c1d5d39a5a6,H0409,7.0,2012-01-07,ivivu
U3dc0694f2bfe,H0289,6.0,2012-01-08,ivivu
Ub2d6c89d11d7,H0278,6.0,2012-01-08,ivivu
U6d4e9381c04d,H0315,7.3,2012-02-04,ivivu
Ue29f69035ce9,H0171,6.0,2012-02-07,ivivu
U4bbdb01db092,H0422,8.3,2012-02-08,ivivu
U6058695c187f,H0299,6.0,2012-02-08,ivivu
Udaab87116efd,H0551,5.7,2012-03-07,ivivu
U577306d16590,H0189,6.7,2012-03-08,ivivu
Uac8fa35c35a0,H0305,6.7,2012-03-16,ivivu
U704c66009c2a,H0107,6.0,2012-04-30,ivivu
U6ba8dc43549f,H0266,6.0,2012-05-06,ivivu
Ub56e2ddf8368,H0429,9.0,2012-05-07,ivivu
U94c827da872a,H0244,6.3,2012-05-11,ivivu
Udb72418518a3,H0266,6.0,2012-05-23,ivivu
U368bc380472e,H0315,6.0,2012-05-24,ivivu
Ubd5a50c46738,H0107,7.0,2012-05-24,ivivu
Ud337acc90f71,H0409,6.0,2012-05-24,ivivu
U2f357a185bcc,H0266,6.0,2012-05-28,ivivu
Ud5e4230ce41d,H0107,6.0,2012-05-31,ivivu
Ue16b3d28b496,H0409,6.7,2012-05-31,ivivu
U61a70904d5d0,H0305,6.0,2012-06-06,ivivu
Uafc61897ea53,H0268,7.7,2012-06-06,ivivu
U80eafb433b40,H0422,9.0,2012-06-07,ivivu
U9deb26de64b9,H0315,6.0,2012-06-14,ivivu
Uf8c2d55709e9,H0545,6.0,2012-06-14,ivivu
Ua438bde446df,H0315,6.0,2012-06-20,ivivu
Ua9e839da5ce1,H0171,6.0,2012-06-20,ivivu
U2b3a2e05b697,H0266,6.7,2012-06-22,ivivu
Ua7ef30943bd2,H0268,7.7,2012-06-28,ivivu
U6156734cc45f,H0289,6.0,2012-07-08,ivivu
U774d0f8542d4,H0422,9.3,2012-07-09,ivivu
U17df181ce620,H0278,7.3,2012-07-17,ivivu
Uae43a1c16f19,H0545,6.0,2012-07-17,ivivu
U153c63805ca7,H0289,6.0,2012-07-18,ivivu
U29c21658c780,H0287,6.0,2012-07-18,ivivu
U1daecd5ec0a9,H0287,6.0,2012-07-19,ivivu
U9deb26de64b9,H0278,6.7,2012-07-19,ivivu
U9867f1d225ff,H0287,6.0,2012-07-20,ivivu
Ufe9ca7d5c856,H0545,6.7,2012-07-20,ivivu
U72dad724cec4,H0289,6.0,2012-07-24,ivivu
Ucbe98c1a341e,H0278,6.3,2012-08-08,ivivu
U577306d16590,H0409,6.7,2012-08-09,ivivu
Ud3cfecf9cc58,H0551,6.7,2012-08-09,ivivu
U1af4940c2763,H0439,8.7,2012-08-14,ivivu
Uc0da38209912,H0189,6.3,2012-08-14,ivivu
U85fa973a3aab,H0545,7.7,2012-08-15,ivivu
Uba11c050f8c4,H0287,6.0,2012-08-15,ivivu
U771d660093c3,H0189,6.0,2012-08-16,ivivu
Uac4057d02e3a,H0289,6.0,2012-08-16,ivivu
U1c4233edc9c5,H0422,9.7,2012-08-21,ivivu
U18b33c7090f4,H0429,9.3,2012-08-22,ivivu
U25f8c86a7b82,H0422,9.0,2012-08-22,ivivu
U39b9e2bf2518,H0299,6.0,2012-08-22,ivivu
Uf23cf97aa3af,H0189,6.0,2012-08-22,ivivu
Uc38d53801806,H0299,6.0,2012-10-07,ivivu
Ua66dbe3d2ab9,H0299,6.0,2012-11-07,ivivu
U1356efff0995,H0422,9.7,2012-11-24,ivivu
U281e32d55a14,H0233,7.7,2012-11-24,ivivu
U7f0d25c709aa,H0244,6.0,2012-11-24,ivivu
Ubd088edf2f63,H0140,8.0,2012-11-24,ivivu
U26882cd0d4bd,H0266,6.0,2012-12-06,ivivu
U518a41b25eca,H0315,6.0,2012-12-06,ivivu
Uf2533c3e0101,H0545,6.0,2012-12-06,ivivu
U6dbb4301b696,H0244,7.3,2012-12-12,ivivu
U092ab664cd88,H0517,6.0,2013-01-04,ivivu
Ue863642ca441,H0247,5.7,2013-01-04,ivivu
U5b95ae6b3cfe,H0386,7.0,2013-01-05,ivivu
U6ccc929d2f7d,H0136,6.0,2013-01-05,ivivu
U85302e08d43d,H0022,6.0,2013-01-25,ivivu
U27010f649dff,H0418,6.7,2013-02-04,ivivu
U7b268953043b,H0244,6.0,2013-02-04,ivivu
U5c4f44f4f42f,H0198,6.7,2013-02-05,ivivu
Uab7f98ce54c4,H0551,7.7,2013-02-05,ivivu
Ua099655f939e,H0244,6.0,2013-02-07,ivivu
U03ee321825eb,H0244,6.0,2013-02-11,ivivu
U44c120420540,H0289,8.7,2013-02-27,ivivu
Ue8e24c95d3f2,H0386,6.7,2013-03-06,ivivu
Ueeefbb3cc075,H0299,7.0,2013-03-12,ivivu
U37778183a082,H0303,6.0,2013-03-15,ivivu
Ub877a1a30563,H0244,7.0,2013-03-20,ivivu
U1e5788b7bef9,H0517,8.0,2013-04-04,ivivu
U367dd584f0ff,H0421,7.3,2013-04-07,ivivu
Ud97435c31b78,H0268,6.0,2013-04-08,ivivu
Uf729845ba3e8,H0244,6.0,2013-04-09,ivivu
Uef35cb793711,H0484,7.7,2013-04-13,ivivu
U1b27086eaf29,H0157,6.3,2013-04-18,ivivu
U2bab1c543dc4,H0545,6.0,2013-04-18,ivivu
U958093ca1539,H0270,7.7,2013-04-18,ivivu
Uc4316bf3f282,H0307,7.3,2013-04-19,ivivu
U572b6d16f06c,H0303,7.3,2013-04-22,ivivu
Uccf7da39ddc4,H0157,6.0,2013-04-22,ivivu
U1262fa7ef9c7,H0386,6.0,2013-04-23,ivivu
Ua497ac61f801,H0057,6.0,2013-04-23,ivivu
U572b6d16f06c,H0303,8.3,2013-04-26,ivivu
U1e84baf9b7e4,H0266,6.0,2013-04-27,ivivu
U63dd838a90e4,H0033,7.0,2013-04-27,ivivu
Ua0f1285b9569,H0270,6.0,2013-04-27,ivivu
Udb53b7822867,H0386,6.0,2013-04-27,ivivu
Uf38a2d2b874f,H0057,9.7,2013-04-27,ivivu
Uf39304d905f5,H0270,6.0,2013-04-27,ivivu
U329f9481ce2e,H0033,6.0,2013-04-28,ivivu
Uada44920f035,H0233,6.3,2013-04-28,ivivu
Uc2fa4260b151,H0233,7.7,2013-04-28,ivivu
Ue49475d686d2,H0136,6.7,2013-04-28,ivivu
U99f7a5646634,H0551,6.3,2013-04-29,ivivu
Uf20c8a8ba45f,H0233,7.0,2013-04-29,ivivu
Uf38a2d2b874f,H0432,7.3,2013-04-29,ivivu
U4f72e4beb176,H0545,7.0,2013-04-30,ivivu
U2c4f3cbf0254,H0545,7.7,2013-05-07,ivivu
U7f1d82df196e,H0383,8.0,2013-05-09,ivivu
U96ee79149337,H0386,4.0,2013-05-11,ivivu
U283f742ce58f,H0136,7.7,2013-05-17,ivivu
Uaf83f260d858,H0136,7.0,2013-05-17,ivivu
Uaf83f260d858,H0136,4.7,2013-05-17,ivivu
Ud74ec4accf22,H0140,5.0,2013-05-17,ivivu
Ue1ac849abcae,H0526,6.0,2013-05-17,ivivu
U2afa5ab7b4ec,H0244,8.0,2013-05-25,ivivu
U4206f9bb6be4,H0244,6.0,2013-05-25,ivivu
U488b1151b6ff,H0033,7.0,2013-05-25,ivivu
U3f42dc51172b,H0386,7.0,2013-05-26,ivivu
U4b3e911c78a0,H0386,4.0,2013-05-31,ivivu
Uaec84ada4f6e,H0244,6.0,2013-05-31,ivivu
U42a3a1eb7fc5,H0022,6.0,2013-06-01,ivivu
U65fc0436955d,H0045,7.5,2013-06-07,ivivu
Uef35cb793711,H0307,7.7,2013-06-07,ivivu
U9a57677b54c3,H0079,8.0,2013-06-13,ivivu
U8bf2fb2331c3,H0517,6.0,2013-06-14,ivivu
U6113f41659d3,H0233,7.3,2013-06-15,ivivu
Udcc35c827775,H0232,7.7,2013-06-15,ivivu
Udb53b7822867,H0270,7.0,2013-06-16,ivivu
Ud87bf24595d2,H0484,7.3,2013-06-17,ivivu
U100b86ef5546,H0136,7.7,2013-06-26,ivivu
U9fa5c6dca503,H0167,6.0,2013-06-26,ivivu
U0bafd6b0c352,H0287,5.7,2013-06-27,ivivu
U2679ff957dd4,H0244,6.0,2013-06-28,ivivu
U8cc77a9d302b,H0299,7.7,2013-07-05,ivivu
U8182cc7382bf,H0551,7.7,2013-07-06,ivivu
Uae43a1c16f19,H0268,7.0,2013-07-09,ivivu
U8a846364c8ee,H0265,7.0,2013-07-14,ivivu
Uc75194e97fac,H0232,7.7,2013-07-14,ivivu
U721f27459cc3,H0517,9.3,2013-07-17,ivivu
Udba4621a2797,H0299,7.3,2013-07-18,ivivu
U19c5ad4cabd3,H0303,7.3,2013-07-19,ivivu
U2e94b43ade38,H0315,7.7,2013-07-19,ivivu
U91ea4166cd1e,H0268,6.3,2013-07-29,ivivu
U6cf4271e5eab,H0390,7.3,2013-07-31,ivivu
U1d39c48d3743,H0262,7.7,2013-08-03,ivivu
U7e9c84e7704b,H0244,7.7,2013-08-07,ivivu
U2b90cf741d7d,H0232,8.0,2013-08-11,ivivu
U1e84baf9b7e4,H0232,6.7,2013-08-16,ivivu
U80fe8655bf8a,H0296,7.7,2013-08-16,ivivu
U0615a0d384b1,H0386,6.0,2013-08-20,ivivu
Ud53fb482143b,H0303,7.0,2013-08-23,ivivu
Ub6bb34a24359,H0484,7.0,2013-08-31,ivivu
Uad736c7dffac,H0268,8.0,2013-09-06,ivivu
U9c7571420735,H0244,7.7,2013-09-09,ivivu
Ue991b70a8fac,H0413,9.3,2013-09-16,ivivu
Ub4c17184f2aa,H0413,10.0,2013-09-21,ivivu
U1c798f8874bd,H0232,6.7,2013-10-06,ivivu
U6058695c187f,H0303,7.7,2013-10-08,ivivu
Ue863642ca441,H0392,6.0,2013-10-08,ivivu
Uf82d4292e949,H0303,6.0,2013-10-10,ivivu
U1df00184876e,H0244,6.0,2013-10-13,ivivu
Ue5b7a1eb4421,H0079,10.0,2013-10-18,ivivu
U1f6fe69853c6,H0305,6.0,2013-10-19,ivivu
U8741e6874a3a,H0126,9.3,2013-10-19,ivivu
U97893350dc42,H0272,8.0,2013-10-21,ivivu
U8840d87d1061,H0244,7.0,2013-10-22,ivivu
U95d58cf35962,H0086,8.3,2013-10-22,ivivu
Uae487a607a45,H0303,6.0,2013-10-25,ivivu
U2f7ae844ffb7,H0022,5.7,2013-11-06,ivivu
U210975ccc06d,H0140,7.0,2013-11-10,ivivu
U642a8e4c1b61,H0232,6.0,2013-11-12,ivivu
Ue19790d86696,H0268,5.7,2013-11-14,ivivu
U56cd43a597c5,H0057,8.0,2013-11-22,ivivu
U6156734cc45f,H0266,6.3,2013-11-24,ivivu
Uc8a2f92ea016,H0022,6.0,2013-12-04,ivivu
Uca221f1f71b4,H0268,7.0,2013-12-14,ivivu
Ube8c213e4607,H0266,7.0,2013-12-25,ivivu
Uc4ea8a96461f,H0268,6.0,2013-12-28,ivivu
U0bbccf7b9ce5,H0377,8.7,2014-01-01,ivivu
Udcc35c827775,H0296,6.7,2014-01-01,ivivu
U17b80c7d556b,H0206,7.0,2014-01-02,ivivu
U1ceb07ee4ab8,H0386,4.7,2014-01-02,ivivu
Uef8324b7bd3e,H0012,7.7,2014-01-02,ivivu
U17df181ce620,H0431,6.0,2014-01-05,ivivu
U17f4a6102459,H0079,9.0,2014-01-06,ivivu
U5fed7ec81c9f,H0268,6.7,2014-01-06,ivivu
U065eace5e341,H0232,9.0,2014-01-07,ivivu
U26a75df822a1,H0272,7.7,2014-01-07,ivivu
Ucd9b06271443,H0235,7.0,2014-01-07,ivivu
Ud941aea99c16,H0259,9.7,2014-01-07,ivivu
U137be1c111ea,H0432,8.3,2014-01-08,ivivu
U51e843464940,H0198,9.3,2014-01-08,ivivu
Uaa9ef9b0a4d7,H0174,7.0,2014-01-08,ivivu
U6a5776793a9e,H0107,8.0,2014-01-09,ivivu
U9deb26de64b9,H0145,7.0,2014-01-09,ivivu
Uac8fa35c35a0,H0145,7.7,2014-01-09,ivivu
Ucd9b06271443,H0551,6.7,2014-01-09,ivivu
U42d2ad3dc9f1,H0033,7.3,2014-01-10,ivivu
Uf108289db707,H0296,6.0,2014-01-30,ivivu
U50e509299f27,H0390,6.0,2014-02-01,ivivu
U1b13fe0a5738,H0247,6.3,2014-02-02,ivivu
U51409affa44d,H0303,7.3,2014-02-02,ivivu
U75a2bcfdd466,H0247,6.0,2014-02-02,ivivu
U7ca0a58af4fe,H0046,8.3,2014-02-06,ivivu
U153e2f688abc,H0356,10.0,2014-02-08,ivivu
U6058695c187f,H0187,6.7,2014-02-08,ivivu
U7f5a08762a65,H0188,7.7,2014-02-08,ivivu
U8e8e22687f66,H0526,7.3,2014-02-08,ivivu
U649edb966709,H0026,10.0,2014-02-09,ivivu
U49041250225d,H0046,8.0,2014-02-10,ivivu
U00591dbf646e,H0247,7.3,2014-02-14,ivivu
Uab7f98ce54c4,H0206,6.7,2014-02-14,ivivu
U0264c518c2f2,H0383,6.0,2014-02-17,ivivu
U6602382a13a1,H0206,6.0,2014-02-22,ivivu
U7225666d1e11,H0206,8.0,2014-02-24,ivivu
U17b80c7d556b,H0299,6.3,2014-02-27,ivivu
U5fc08b0208e2,H0348,6.0,2014-03-01,ivivu
U021e97c451c9,H0247,6.7,2014-03-02,ivivu
U556a0cb72e5d,H0232,8.0,2014-03-02,ivivu
U7f4d10019b9c,H0012,5.7,2014-03-02,ivivu
Ua9d5538f5c30,H0432,7.0,2014-03-02,ivivu
U4b3e911c78a0,H0270,7.7,2014-03-05,ivivu
Uaee431249879,H0522,7.7,2014-03-05,ivivu
Uf4b28150ba5f,H0126,9.7,2014-03-05,ivivu
U294e123fd5cc,H0356,8.0,2014-03-10,ivivu
Ua198a0d12bff,H0057,8.3,2014-03-13,ivivu
U31ff0fe21876,H0247,6.3,2014-03-14,ivivu
Uf57a18241370,H0364,6.3,2014-03-14,ivivu
U29b5f0f6790e,H0126,7.3,2014-03-19,ivivu
U91feaa87d7e6,H0266,6.3,2014-03-21,ivivu
Uf5a89f1f2e90,H0206,7.0,2014-03-24,ivivu
Ub86a9a0bbe72,H0299,7.0,2014-03-25,ivivu
U6156734cc45f,H0272,8.7,2014-03-28,ivivu
Uce0dcd5d8c2f,H0012,7.3,2014-03-28,ivivu
U4f72e4beb176,H0348,4.0,2014-03-29,ivivu
U1df00184876e,H0289,7.0,2014-03-31,ivivu
U73957fc30091,H0387,6.0,2014-04-01,ivivu
Uf8c331cd2305,H0392,7.3,2014-04-01,ivivu
Ua2ec149f2d16,H0045,7.3,2014-04-02,ivivu
U6058695c187f,H0268,10.0,2014-04-04,ivivu
U19adc6819b23,H0522,6.7,2014-04-05,ivivu
U027fe40532cd,H0206,7.3,2014-04-07,ivivu
U12d26ed90cb2,H0022,7.7,2014-04-09,ivivu
U458d06a3dcd4,H0289,7.7,2014-04-09,ivivu
Ub5401f457cec,H0447,6.0,2014-04-09,ivivu
U1bf0f62e4b02,H0409,6.3,2014-04-18,ivivu
U41afa59bc0c2,H0431,7.5,2014-04-19,ivivu
U17df181ce620,H0247,1.3,2014-04-21,ivivu
U5546befb8efe,H0272,1.3,2014-04-22,ivivu
Uf57a18241370,H0206,6.0,2014-04-24,ivivu
Ue076a3132ee6,H0247,1.0,2014-04-25,ivivu
Ucc77ce124280,H0235,1.3,2014-04-27,ivivu
Udb70f3ada58d,H0429,6.3,2014-04-28,ivivu
Uefc6351e837f,H0235,7.7,2014-04-28,ivivu
U2ee927faff55,H0033,7.3,2014-04-30,ivivu
U4033518b2f7c,H0420,9.3,2014-04-30,ivivu
U4be7ff2d6967,H0057,6.0,2014-04-30,ivivu
U32ce20619d00,H0233,5.3,2014-05-01,ivivu
U17a1fbd2dec2,H0022,6.0,2014-05-02,ivivu
Ubc2e9eda4566,H0206,8.7,2014-05-02,ivivu
Uf2533c3e0101,H0206,7.3,2014-05-03,ivivu
U7dd00d5213dc,H0431,8.0,2014-05-04,ivivu
U9deb26de64b9,H0413,7.7,2014-05-05,ivivu
U634b6dd499be,H0012,7.7,2014-05-06,ivivu
Ufcfd481c9e65,H0551,6.0,2014-05-08,ivivu
U019b6463f91c,H0551,6.0,2014-05-09,ivivu
U3355249abf3d,H0188,7.3,2014-05-09,ivivu
U869b0d58c850,H0235,9.7,2014-05-09,ivivu
U8ca4392fa347,H0188,7.3,2014-05-09,ivivu
U64533ccfe08a,H0502,6.0,2014-05-10,ivivu
U77246c85020e,H0545,6.7,2014-05-16,ivivu
U9c7571420735,H0303,7.7,2014-05-18,ivivu
U8be4af507f44,H0289,7.7,2014-05-21,ivivu
U40561a437eeb,H0484,7.3,2014-05-23,ivivu
U6720c7c643e9,H0247,7.3,2014-05-23,ivivu
U6a2f807061cb,H0232,6.7,2014-05-25,ivivu
U078477765ef9,H0188,6.7,2014-05-28,ivivu
U15f6893582d5,H0232,8.7,2014-05-28,ivivu
Uf2533c3e0101,H0247,7.7,2014-05-30,ivivu
U9cbb45a3a1d9,H0188,7.7,2014-05-31,ivivu
Ub933d2e101c1,H0022,5.3,2014-06-02,ivivu
U4028d4ac9ce8,H0272,7.0,2014-06-05,ivivu
Ufef12fef4003,H0390,6.0,2014-06-05,ivivu
Ue09a71696079,H0545,7.0,2014-06-06,ivivu
Ud3e5573593fc,H0022,7.0,2014-06-08,ivivu
Ufc5f5be67f7c,H0255,7.0,2014-06-09,ivivu
U203b74591298,H0012,7.3,2014-06-13,ivivu
Uead2ca6c2aef,H0272,7.3,2014-06-13,ivivu
U7b10db0a8c6d,H0232,7.7,2014-06-16,ivivu
Uaa2359b7e748,H0152,9.0,2014-06-16,ivivu
U8bb021a469b2,H0287,6.3,2014-06-21,ivivu
U89a5f362806a,H0174,8.3,2014-06-23,ivivu
Ud85344aaf623,H0174,10.0,2014-06-27,ivivu
U7620e59faaaa,H0012,7.7,2014-06-28,ivivu
Ue4cd5c19669e,H0145,7.2,2014-06-28,ivivu
U846da8b2a753,H0233,7.7,2014-07-02,ivivu
U4a2812fb7af1,H0409,7.0,2014-07-03,ivivu
U69ee5eda6c62,H0126,8.0,2014-07-03,ivivu
U7c576fde4e96,H0305,6.0,2014-07-04,ivivu
Uae43a1c16f19,H0012,7.7,2014-07-04,ivivu
U0f64e200497f,H0167,9.0,2014-07-08,ivivu
U4b8a0f0fb000,H0012,7.7,2014-07-08,ivivu
U9f6ee1dbf497,H0392,7.3,2014-07-08,ivivu
Ue8650ffbb217,H0272,6.0,2014-07-08,ivivu
U27010f649dff,H0244,8.7,2014-07-09,ivivu
Uf5308f0b818f,H0206,7.0,2014-07-09,ivivu
U26213cf69dfc,H0289,10.0,2014-07-10,ivivu
U4858d886c564,H0057,8.0,2014-07-16,ivivu
U8830d8c7ae3e,H0057,8.0,2014-07-16,ivivu
Ud3331afbb2ee,H0551,7.3,2014-07-20,ivivu
Uca18c8d7b393,H0198,7.3,2014-07-22,ivivu
Ue7121a75105d,H0136,7.3,2014-07-23,ivivu
Uf57a18241370,H0502,8.0,2014-07-23,ivivu
Uc5ca1839b3e8,H0299,7.3,2014-07-25,ivivu
Ucedd20ba996a,H0356,9.0,2014-07-25,ivivu
Uf8c43eda8f69,H0551,8.0,2014-07-27,ivivu
U51202673be61,H0188,7.0,2014-07-29,ivivu
U68ad2c568963,H0377,5.7,2014-07-30,ivivu
U7640460f991d,H0287,7.7,2014-07-30,ivivu
U009aac4ea8de,H0174,7.0,2014-07-31,ivivu
U3f5aa2f1f3d6,H0136,7.8,2014-07-31,ivivu
U87b46b75cf27,H0206,6.7,2014-08-02,ivivu
U14316c7188d2,H0247,6.7,2014-08-03,ivivu
U6c0b8d570e44,H0045,7.3,2014-08-04,ivivu
Ub6cccf4d24fa,H0012,7.7,2014-08-07,ivivu
U9712956eb825,H0012,7.3,2014-08-10,ivivu
U068d1a96a2c1,H0383,10.0,2014-08-14,ivivu
Uab7f98ce54c4,H0244,6.7,2014-08-14,ivivu
Ub6f86fe032ed,H0268,6.7,2014-08-14,ivivu
Ueee9a721e978,H0206,7.3,2014-08-14,ivivu
U7b6402170a6b,H0392,6.0,2014-08-15,ivivu
U0a76a5270bfd,H0268,6.3,2014-08-16,ivivu
Udb91b726b008,H0354,7.3,2014-08-16,ivivu
Uf82d4292e949,H0206,7.0,2014-08-16,ivivu
Udaa4aa7246e4,H0522,8.3,2014-08-18,ivivu
U1df00184876e,H0439,6.3,2014-08-22,ivivu
Uc5812797846f,H0545,6.0,2014-08-22,ivivu
Uf34b10784411,H0188,7.7,2014-08-25,ivivu
Ub4c41c05d50a,H0268,7.7,2014-08-27,ivivu
U04a26059bdcc,H0206,6.0,2014-08-28,ivivu
U9482b53a70de,H0447,6.7,2014-08-28,ivivu
U46358b32940d,H0244,6.0,2014-08-29,ivivu
U9f8660da4b38,H0305,7.0,2014-08-29,ivivu
Ue7097b34e841,H0012,7.7,2014-08-29,ivivu
U24d9e4b77a3b,H0232,1.3,2014-08-30,ivivu
U6ae9a917824d,H0299,7.0,2014-08-30,ivivu
U75f790ad33ef,H0145,8.0,2014-08-30,ivivu
Ua0e53a11a674,H0206,7.3,2014-08-30,ivivu
U77770dc69416,H0033,7.3,2014-08-31,ivivu
Uac8fa35c35a0,H0524,10.0,2014-08-31,ivivu
U47f24bd7f0e7,H0244,5.7,2014-09-02,ivivu
U855fe3142043,H0429,8.7,2014-09-02,ivivu
Ub2c468995aaf,H0206,7.0,2014-09-03,ivivu
Uae43a1c16f19,H0354,6.0,2014-09-04,ivivu
U0befa32e647c,H0259,6.0,2014-09-05,ivivu
U4f72e4beb176,H0206,7.3,2014-09-07,ivivu
U652610b6e37a,H0185,7.0,2014-09-08,ivivu
U6d3bd0af9513,H0524,8.0,2014-09-08,ivivu
U9712956eb825,H0185,7.3,2014-09-10,ivivu
U4241eddc5239,H0247,7.3,2014-09-14,ivivu
Uc86732afa95c,H0268,7.3,2014-09-15,ivivu
Ua725f7287588,H0244,6.7,2014-09-16,ivivu
U24c3611eff19,H0502,6.7,2014-09-18,ivivu
U2ab6a5938cb2,H0167,8.7,2014-09-19,ivivu
U4d6bae1ac9c4,H0392,7.0,2014-09-19,ivivu
U1df00184876e,H0268,8.0,2014-09-20,ivivu
U96c44e1c5582,H0405,4.0,2014-09-20,ivivu
U9dfce0616526,H0264,9.7,2014-09-20,ivivu
Uf4b28150ba5f,H0244,5.0,2014-09-20,ivivu
U5863bd418f0c,H0392,7.3,2014-09-23,ivivu
U988ec0ade8f3,H0392,7.3,2014-09-25,ivivu
U1447dde60daf,H0296,7.3,2014-09-26,ivivu
Uc54dd91f24c4,H0198,9.3,2014-09-26,ivivu
U057e6c0f7d96,H0163,6.7,2014-09-27,ivivu
U0e88251cfd21,H0268,9.0,2014-09-27,ivivu
U4000d027fc25,H0235,9.0,2014-09-27,ivivu
Ud3720eef98a5,H0244,8.7,2014-09-27,ivivu
Uc54dd91f24c4,H0356,8.7,2014-09-28,ivivu
Uf03fe0a2e64d,H0188,7.7,2014-09-28,ivivu
U30b1ebe9df57,H0305,7.0,2014-10-01,ivivu
Uba227a4e3033,H0259,7.3,2014-10-06,ivivu
U5b0a6292e8a1,H0255,6.3,2014-10-10,ivivu
Ue4cd5c19669e,H0235,7.3,2014-10-10,ivivu
U9c4fc2bb5c2d,H0012,7.3,2014-10-14,ivivu
U2ca52a35cfb1,H0299,6.3,2014-10-16,ivivu
U49041250225d,H0012,7.3,2014-10-17,ivivu
U6c7e3461db88,H0289,7.0,2014-10-17,ivivu
Uef35cb793711,H0188,9.7,2014-10-18,ivivu
U5f81d7684152,H0534,7.7,2014-10-21,ivivu
U8de53a5c7d44,H0188,7.7,2014-10-23,ivivu
U0d60fbb480a1,H0268,7.3,2014-10-24,ivivu
Ud7f32b51cea9,H0233,8.0,2014-10-24,ivivu
U7a901bdced04,H0145,7.3,2014-10-25,ivivu
U6058695c187f,H0235,6.0,2014-10-26,ivivu
U53d5b72b66fc,H0012,7.3,2014-10-31,ivivu
U5863bd418f0c,H0268,8.0,2014-10-31,ivivu
Ub2c468995aaf,H0247,7.7,2014-11-03,ivivu
U1b7649656b73,H0545,6.0,2014-11-05,ivivu
Ucb7bc0cb111d,H0268,7.3,2014-11-09,ivivu
U0e9af5de3f3b,H0244,6.0,2014-11-10,ivivu
U4fb35914b6f6,H0377,7.0,2014-11-10,ivivu
Uabf793d1fcc7,H0244,6.0,2014-11-10,ivivu
U6e6861988c03,H0255,7.5,2014-11-27,ivivu
Udca663837a6c,H0255,10.0,2014-11-28,ivivu
U3685c0e81e6c,H0551,7.3,2014-12-03,ivivu
Ub6f86fe032ed,H0432,7.7,2014-12-08,ivivu
Uef35cb793711,H0198,8.0,2014-12-09,ivivu
U6602382a13a1,H0171,7.0,2014-12-24,ivivu
Uc845d335921c,H0254,7.3,2014-12-24,ivivu
U861e875a3ae8,H0254,8.0,2014-12-30,ivivu
Uf57a18241370,H0254,7.3,2014-12-31,ivivu
U62615f10589d,H0254,7.3,2015-01-01,ivivu
Ub2d6c89d11d7,H0383,6.4,2015-01-02,traveloka
U1b13fe0a5738,H0474,9.0,2015-01-05,ivivu
U27190248cef4,H0181,6.0,2015-01-05,traveloka
Uc80c6e1ac6be,H0315,7.0,2015-01-05,ivivu
Uf03fe0a2e64d,H0149,9.0,2015-01-05,ivivu
U108c87e2cdcf,H0178,8.7,2015-01-06,traveloka
U342cae7bb09c,H0516,9.7,2015-01-06,traveloka
U373fef02f052,H0348,6.0,2015-01-06,ivivu
U51fed0b5c9aa,H0478,10.0,2015-01-07,traveloka
Ua326ed07e10d,H0329,8.8,2015-01-07,traveloka
U14bf1b521eb8,H0187,7.0,2015-01-08,ivivu
U289a0ea6e13e,H0159,5.4,2015-01-08,traveloka
U47a0bf4af17d,H0439,8.5,2015-01-08,traveloka
U568c3e348f9f,H0187,7.5,2015-01-08,ivivu
U5aca643e0a7e,H0058,9.0,2015-01-08,ivivu
U94f92c983aa7,H0421,9.0,2015-01-08,ivivu
Uabf2104dc15d,H0305,6.5,2015-01-08,ivivu
Uf2533c3e0101,H0187,7.0,2015-01-08,ivivu
U620ec3e6c4d8,H0456,9.7,2015-01-09,traveloka
U861e875a3ae8,H0254,8.0,2015-01-09,ivivu
Ud713487cd63f,H0526,9.0,2015-01-09,ivivu
U6d127c18e4e6,H0547,8.5,2015-01-10,traveloka
U7aad371589af,H0162,9.7,2015-01-10,traveloka
Ufdf0a2ca9d3f,H0439,6.5,2015-01-10,traveloka
U373fef02f052,H0111,5.7,2015-01-11,traveloka
Ub632e65769ad,H0075,9.1,2015-01-11,traveloka
Uc8ee27e33cbb,H0324,9.7,2015-01-11,traveloka
U683a264ee031,H0414,5.5,2015-01-12,traveloka
Ud2abe1cbfbc1,H0419,5.2,2015-01-12,traveloka
U0c024ce09c1a,H0354,10.0,2015-01-13,traveloka
U31425cfa7b6d,H0334,5.2,2015-01-13,traveloka
Ufa1158e2834a,H0516,8.6,2015-01-13,traveloka
Ufc5e408447a7,H0433,6.3,2015-01-13,traveloka
U6193595df6e3,H0551,7.0,2015-01-14,traveloka
U5ed365f9cf18,H0002,5.5,2015-01-15,traveloka
Ud31580178d1c,H0064,6.9,2015-01-15,traveloka
U02c7747bb4ac,H0430,9.7,2015-01-17,traveloka
U4960af2ed369,H0162,9.4,2015-01-19,traveloka
U9f8660da4b38,H0349,8.5,2015-01-19,traveloka
U1770b8688f85,H0092,4.8,2015-01-20,traveloka
U6f41c8d0a282,H0215,5.8,2015-01-20,traveloka
Ua70d6cc8c74b,H0414,10.0,2015-01-21,traveloka
Ue516c7ceaed1,H0507,9.1,2015-01-21,traveloka
U00ce6c924da3,H0408,6.0,2015-01-22,traveloka
U6ca802f0c7c9,H0232,8.4,2015-01-22,traveloka
U9033df073e45,H0181,5.8,2015-01-22,traveloka
Ub4797e6d84d0,H0529,8.5,2015-01-22,traveloka
Uc26478a14dcc,H0544,9.7,2015-01-22,traveloka
Ud846eec7b3a4,H0147,8.4,2015-01-22,traveloka
U27830b5af867,H0370,6.0,2015-01-23,traveloka
Ub50fc155ba32,H0162,9.7,2015-01-23,traveloka
Ud76db5567401,H0188,7.7,2015-01-23,ivivu
U059d6bec6166,H0001,8.5,2015-01-24,traveloka
U2205f6eb906d,H0347,8.1,2015-01-24,traveloka
U24c3611eff19,H0519,6.1,2015-01-24,traveloka
Ub7adeaf802cc,H0399,10.0,2015-01-24,traveloka
U17118e606f5b,H0454,6.5,2015-01-25,traveloka
U6156734cc45f,H0175,8.3,2015-01-27,traveloka
U6a65ce59734b,H0496,5.7,2015-01-27,traveloka
Ud337acc90f71,H0394,6.4,2015-01-27,traveloka
U433f97407849,H0002,8.7,2015-01-28,traveloka
U98216a9dd396,H0521,6.2,2015-01-28,traveloka
Ubf9329014cb9,H0117,6.2,2015-01-28,traveloka
Uc92412dddc7c,H0101,8.5,2015-01-29,traveloka
Uac05d0bc7333,H0147,6.1,2015-01-30,traveloka
Uf2533c3e0101,H0529,7.6,2015-01-30,traveloka
Uf7f415104f4d,H0448,6.0,2015-01-30,traveloka
U078477765ef9,H0299,7.0,2015-01-31,ivivu
U3df40f7b8f72,H0294,9.1,2015-01-31,traveloka
U95199248548f,H0001,5.8,2015-01-31,traveloka
U96cc515f97b3,H0346,9.7,2015-01-31,traveloka
U6b8267d3d107,H0404,8.8,2015-02-01,traveloka
U6f0a89f7ad8a,H0439,6.0,2015-02-01,traveloka
Ud6e230b15905,H0422,10.0,2015-02-01,ivivu
U5880b297a3ef,H0105,9.4,2015-02-02,traveloka
U771d660093c3,H0516,9.4,2015-02-02,traveloka
Ub4fa1bcf456b,H0178,8.8,2015-02-02,traveloka
U19ce4c3169cb,H0434,6.0,2015-02-03,traveloka
U9c0895ea98ae,H0434,9.1,2015-02-03,traveloka
U1940d1fe24fc,H0305,6.5,2015-02-05,ivivu
U210975ccc06d,H0299,6.0,2015-02-06,ivivu
U34191914b85b,H0396,5.8,2015-02-06,traveloka
U3ee36558f81c,H0404,5.5,2015-02-06,traveloka
Ubc32e433e0dc,H0551,5.7,2015-02-06,traveloka
U91330c54fac5,H0032,9.1,2015-02-07,traveloka
Ua79f70b090e6,H0259,9.0,2015-02-07,ivivu
U6ccc5fe11828,H0394,5.6,2015-02-08,traveloka
Uf82d4292e949,H0147,6.0,2015-02-08,traveloka
U1123497764f5,H0439,7.5,2015-02-09,traveloka
U4ee42cf84712,H0162,9.7,2015-02-09,traveloka
U7da3976a5a84,H0123,7.9,2015-02-09,traveloka
Ud46c9950ffcc,H0551,8.5,2015-02-11,traveloka
U7af1bb698ab4,H0294,9.6,2015-02-12,traveloka
U44829adfd0d9,H0434,9.4,2015-02-14,traveloka
U93507a45a16b,H0126,9.4,2015-02-14,traveloka
U6666bb6f5cff,H0216,8.5,2015-02-15,traveloka
U6a2f807061cb,H0394,8.5,2015-02-16,traveloka
U9745e6238938,H0232,8.7,2015-02-16,traveloka
Uae505a86eaab,H0147,5.4,2015-02-16,traveloka
Ud0c89c43889c,H0324,6.2,2015-02-16,traveloka
U9556a9d9bd34,H0540,8.5,2015-02-17,traveloka
U99e165ddeaa9,H0385,9.7,2015-02-17,traveloka
U5c917db493fb,H0075,8.5,2015-02-20,traveloka
U994c2ad56892,H0336,6.3,2015-02-20,traveloka
Ua47e7492a4b0,H0540,6.4,2015-02-20,traveloka
U7dd00d5213dc,H0092,6.4,2015-02-21,traveloka
U4028d4ac9ce8,H0454,6.3,2015-02-22,traveloka
U5a31aca3b8de,H0072,6.0,2015-02-22,traveloka
U83025f422717,H0167,7.0,2015-02-22,ivivu
U43b02e0199c2,H0182,6.3,2015-02-25,traveloka
Udb53b7822867,H0304,6.5,2015-02-25,traveloka
Uc61dc8c8f29a,H0182,9.4,2015-02-26,traveloka
U2f92d6528a2a,H0227,6.0,2015-02-27,traveloka
U7e7e98a0b53b,H0376,6.9,2015-02-28,traveloka
U85caa514a9a4,H0117,6.3,2015-02-28,traveloka
Ua70d6cc8c74b,H0404,6.3,2015-02-28,traveloka
Uc2a9e7822787,H0516,8.5,2015-02-28,traveloka
Ue588c170ea45,H0328,9.7,2015-02-28,traveloka
Uc4e1a1fcde1f,H0051,10.0,2015-03-01,traveloka
U0922ea79a962,H0446,9.7,2015-03-02,traveloka
U6156734cc45f,H0454,8.5,2015-03-03,traveloka
U6a48541fface,H0126,9.4,2015-03-03,traveloka
U9524e6532426,H0414,6.0,2015-03-03,traveloka
U562ba3409bd5,H0413,6.2,2015-03-04,traveloka
Uc3f68bc971bb,H0230,5.5,2015-03-04,traveloka
Uf245af3eae37,H0529,5.4,2015-03-04,traveloka
U064bcc1551a2,H0159,5.1,2015-03-05,traveloka
U64cec78deb00,H0474,9.0,2015-03-05,ivivu
Uabec9f08f97e,H0521,9.1,2015-03-05,traveloka
Uf7b226ab71a3,H0478,6.0,2015-03-05,traveloka
U211f568323fa,H0344,9.7,2015-03-06,traveloka
U5aca643e0a7e,H0382,6.0,2015-03-06,traveloka
U66512b655287,H0181,8.5,2015-03-06,traveloka
U4086baf3e8b6,H0544,9.7,2015-03-07,traveloka
U68e0614a5766,H0366,5.4,2015-03-07,traveloka
Ued5727386d54,H0405,7.0,2015-03-07,ivivu
U078477765ef9,H0264,9.0,2015-03-08,ivivu
U5c70c9bec023,H0542,8.4,2015-03-08,traveloka
Ud4c36fc32235,H0311,6.0,2015-03-08,traveloka
U117f7efc214a,H0085,6.3,2015-03-09,traveloka
Ue991b70a8fac,H0344,9.7,2015-03-09,traveloka
Uf79b29f6f986,H0296,9.0,2015-03-10,ivivu
U22442e2bab2c,H0336,6.9,2015-03-11,traveloka
U02f5524da6ff,H0346,9.1,2015-03-12,traveloka
U370d83df6948,H0303,7.5,2015-03-12,ivivu
U6a931c53ed8d,H0232,5.7,2015-03-13,traveloka
U99d361fcf144,H0272,6.0,2015-03-13,traveloka
Udcc35c827775,H0085,10.0,2015-03-13,traveloka
Uda7967e86d25,H0510,6.3,2015-03-15,traveloka
U1445922832ca,H0335,6.8,2015-03-17,traveloka
Ub75f2f510f9d,H0147,6.5,2015-03-17,traveloka
Ud583fbb6933a,H0414,8.5,2015-03-18,traveloka
Ufc434f2f2800,H0412,8.5,2015-03-19,traveloka
U3a3974286f98,H0159,6.1,2015-03-20,traveloka
U998a2b31ecf9,H0542,9.1,2015-03-20,traveloka
Ua11a5c4b8957,H0439,8.5,2015-03-20,traveloka
Ud6e230b15905,H0433,8.5,2015-03-20,traveloka
U1b13fe0a5738,H0162,9.7,2015-03-21,traveloka
U25e58353884d,H0521,6.0,2015-03-21,traveloka
U72fe54630ed3,H0085,6.0,2015-03-21,traveloka
Ua099655f939e,H0529,7.2,2015-03-21,traveloka
Ub5056dd21bf3,H0065,6.0,2015-03-21,traveloka
Uddb451d11c06,H0159,5.1,2015-03-21,traveloka
U91feaa87d7e6,H0467,8.5,2015-03-22,traveloka
Ub9d6ca322f06,H0232,7.5,2015-03-22,traveloka
U2660c78a7391,H0534,8.8,2015-03-23,traveloka
U1940d1fe24fc,H0521,8.9,2015-03-24,traveloka
Ue2eff26e52e6,H0419,6.1,2015-03-24,traveloka
U05e9e04c9ada,H0478,5.6,2015-03-25,traveloka
U1af4940c2763,H0238,9.7,2015-03-25,traveloka
U91dcb965b2e9,H0111,6.0,2015-03-25,traveloka
Ub4f035fd00cd,H0101,9.4,2015-03-25,traveloka
U68f435bcb37d,H0478,8.5,2015-03-26,traveloka
U8b82440b553a,H0159,8.5,2015-03-26,traveloka
Ub5bd4c9af234,H0065,10.0,2015-03-27,traveloka
U67b057b3ec08,H0101,5.6,2015-03-28,traveloka
U8590d07de252,H0542,6.1,2015-03-29,traveloka
U97daa348e62b,H0039,8.5,2015-03-29,traveloka
Ua9e839da5ce1,H0032,5.8,2015-03-29,traveloka
Ud052cf5a4c1e,H0101,9.7,2015-03-29,traveloka
Ude141436b922,H0499,5.4,2015-03-29,traveloka
Ue05d222c6e89,H0461,6.1,2015-03-29,traveloka
Uef35cb793711,H0101,9.7,2015-03-30,traveloka
Ufe526a296034,H0535,10.0,2015-03-30,traveloka
U6dd311bf687e,H0535,9.7,2015-03-31,traveloka
U2f34230a0833,H0262,10.0,2015-04-01,traveloka
U7f9b25e82951,H0101,6.3,2015-04-01,traveloka
U577306d16590,H0542,6.0,2015-04-02,traveloka
Ued55a66a7e9c,H0445,6.0,2015-04-02,traveloka
U475e7f6c7cea,H0336,8.4,2015-04-03,traveloka
Ua35d4fb1719f,H0336,5.1,2015-04-03,traveloka
U1e867fca3f4f,H0162,9.4,2015-04-04,traveloka
U12a5484e3f33,H0159,8.7,2015-04-05,traveloka
U7dd00d5213dc,H0107,7.0,2015-04-05,traveloka
Ubfe3b6ac3ffe,H0383,9.1,2015-04-05,traveloka
Ub417d6ad83fc,H0272,6.0,2015-04-06,traveloka
U2278f685b611,H0301,6.0,2015-04-07,ivivu
U34b9c2f2348b,H0012,9.0,2015-04-07,ivivu
U6bb0581a4ebd,H0238,6.0,2015-04-08,traveloka
U74ab6e79d601,H0304,8.5,2015-04-08,traveloka
U7843fcd94cb1,H0535,9.4,2015-04-08,traveloka
Ufe526a296034,H0294,9.1,2015-04-08,traveloka
U41b3aed7e47d,H0232,10.0,2015-04-09,traveloka
U4251eafb4133,H0147,9.4,2015-04-09,traveloka
U5cf46a6e242a,H0478,8.5,2015-04-09,traveloka
U5de2da32b994,H0259,7.0,2015-04-09,ivivu
U72fc237831f0,H0370,9.7,2015-04-10,traveloka
U29135b987d42,H0296,9.0,2015-04-11,ivivu
U341ba46d4184,H0117,8.5,2015-04-11,traveloka
U9cbba83a50e0,H0107,9.3,2015-04-11,traveloka
Ua9f0f10c34ae,H0551,8.5,2015-04-11,traveloka
Ub4fa1bcf456b,H0068,7.5,2015-04-11,traveloka
Uc08469080293,H0296,9.0,2015-04-11,ivivu
Uf0053d079ad1,H0336,9.7,2015-04-11,traveloka
Uf60f60055081,H0547,5.5,2015-04-11,traveloka
U2312fdac0133,H0065,4.8,2015-04-12,traveloka
U5ea624d1fbfc,H0535,8.5,2015-04-12,traveloka
U6121d00b28fa,H0551,5.1,2015-04-12,traveloka
U73eb67670d81,H0294,6.0,2015-04-12,traveloka
Ubbacf86decf6,H0296,7.5,2015-04-12,ivivu
Uc75194e97fac,H0260,7.5,2015-04-12,ivivu
Ud9651e90d4ce,H0281,6.2,2015-04-12,traveloka
U24948501b323,H0551,9.4,2015-04-13,traveloka
Ub3a8fc63d8e9,H0557,6.3,2015-04-13,traveloka
U477ef48ac90d,H0181,8.5,2015-04-14,traveloka
Uab725597eb2a,H0114,8.5,2015-04-14,traveloka
Ude61647eee51,H0085,8.5,2015-04-14,traveloka
U4f030da4e983,H0529,6.0,2015-04-15,traveloka
Ue29f69035ce9,H0064,6.0,2015-04-15,traveloka
U49041250225d,H0423,8.0,2015-04-16,ivivu
Ubac39934800d,H0382,9.7,2015-04-16,traveloka
U819e5119c96d,H0551,8.5,2015-04-17,traveloka
U8f166400ab8c,H0115,9.4,2015-04-17,traveloka
Uaa46752d4982,H0299,7.0,2015-04-17,ivivu
U287f0d1df6b9,H0474,9.0,2015-04-18,ivivu
U7855b8fa3b9f,H0301,9.0,2015-04-18,ivivu
U118dc9ce1388,H0159,6.0,2015-04-19,traveloka
Ua205f858733a,H0294,8.5,2015-04-19,traveloka
U4ff8b79de2f2,H0107,10.0,2015-04-20,traveloka
Ubb9386fc4d95,H0394,9.4,2015-04-21,traveloka
Ud931e6b42045,H0166,5.5,2015-04-21,traveloka
U5863bd418f0c,H0301,9.0,2015-04-22,ivivu
Ud337acc90f71,H0311,6.9,2015-04-22,traveloka
U66d83ffeca50,H0296,9.0,2015-04-24,ivivu
U78a507b10b16,H0521,6.0,2015-04-24,traveloka
U8c060a0d0c30,H0103,6.0,2015-04-24,traveloka
U9c110524bcd9,H0507,4.5,2015-04-24,traveloka
Uc12a3f5dc01b,H0496,5.6,2015-04-24,traveloka
U7b51b5ef91ab,H0526,8.0,2015-04-25,ivivu
Ub47eded2db71,H0423,8.0,2015-04-25,ivivu
Ucff1488c7a75,H0092,5.2,2015-04-25,traveloka
U283f742ce58f,H0551,10.0,2015-04-26,traveloka
U369cb469df0d,H0423,9.0,2015-04-26,ivivu
U54ef9a821b81,H0304,5.5,2015-04-26,traveloka
U852d66b57dc1,H0307,9.0,2015-04-26,ivivu
Ua7b1f617ed47,H0230,5.8,2015-04-26,traveloka
Uc06f1a90dfdc,H0111,6.6,2015-04-26,traveloka
Ud54aa580f69b,H0301,7.0,2015-04-26,ivivu
Uf2a33ffd2ea4,H0551,6.9,2015-04-26,traveloka
U078477765ef9,H0181,8.5,2015-04-27,traveloka
U4b427b811e17,H0187,9.0,2015-04-27,ivivu
Ua80357df6c4a,H0382,8.5,2015-04-27,traveloka
Uc5cd2dc76bfe,H0268,9.0,2015-04-27,ivivu
Uce00b5f0e486,H0185,9.0,2015-04-27,ivivu
U0e12cdc1b2f4,H0523,5.1,2015-04-28,traveloka
U72fc0c97540d,H0538,10.0,2015-04-28,traveloka
U9deb26de64b9,H0431,7.5,2015-04-28,ivivu
Ub7c231255cb2,H0191,8.5,2015-04-28,traveloka
Ud1053a726167,H0086,10.0,2015-04-28,ivivu
Uf1f1a536dba8,H0485,6.9,2015-04-28,traveloka
U94070539bc3e,H0420,9.0,2015-04-29,ivivu
U008b67a7dbc8,H0259,9.0,2015-04-30,ivivu
U2c6aef2d311f,H0473,7.0,2015-04-30,ivivu
U3166534bdbf3,H0544,5.9,2015-04-30,traveloka
U441d57ac491b,H0136,9.0,2015-04-30,ivivu
U768f9534ff50,H0452,6.0,2015-04-30,traveloka
U811ec6e4ca00,H0046,8.0,2015-04-30,ivivu
U8c71e98649a8,H0439,9.0,2015-04-30,ivivu
Ucdf99a0cd2b0,H0447,6.0,2015-04-30,ivivu
Ud1a9a1fa189b,H0136,8.8,2015-04-30,traveloka
U0e9ecd12b833,H0249,9.1,2015-05-01,traveloka
U5e851c1d3f23,H0336,8.5,2015-05-02,traveloka
Ue84f74859bdb,H0344,6.2,2015-05-02,traveloka
Ubf35931a1b1e,H0195,5.4,2015-05-03,traveloka
Ue63aa86fe901,H0215,5.1,2015-05-03,traveloka
U1d39c48d3743,H0516,6.0,2015-05-04,traveloka
U2aeb06b84414,H0454,9.1,2015-05-04,traveloka
U1e1367252b82,H0474,9.0,2015-05-05,ivivu
U65167b7feb4d,H0268,7.0,2015-05-05,ivivu
Uef99904a438a,H0191,6.4,2015-05-05,traveloka
U10478ba25f02,H0396,8.5,2015-05-06,traveloka
U89747c075ae8,H0232,8.5,2015-05-06,traveloka
Ub00817101194,H0516,8.5,2015-05-06,traveloka
Ubb1b97eff995,H0328,9.3,2015-05-06,traveloka
Ud08f50778b2e,H0232,5.2,2015-05-06,traveloka
Ud22c5271a01c,H0380,5.1,2015-05-06,traveloka
Uf05fd455a70d,H0465,9.0,2015-05-06,ivivu
U14cd3a0340de,H0405,6.0,2015-05-07,ivivu
U900fe4a278ca,H0304,8.5,2015-05-08,traveloka
U0d8f5b84b4f9,H0412,9.7,2015-05-09,traveloka
U44865709e101,H0338,8.0,2015-05-09,ivivu
U61114f2b2ec1,H0271,8.8,2015-05-09,traveloka
Udb16db1b6e68,H0324,10.0,2015-05-09,traveloka
Ue6184c29e892,H0551,7.0,2015-05-09,ivivu
Uedc518d34703,H0089,8.8,2015-05-10,traveloka
U0cacc31c1e4e,H0123,6.0,2015-05-11,traveloka
U203b74591298,H0516,6.0,2015-05-11,traveloka
U604ce1b92a17,H0311,8.8,2015-05-12,traveloka
U95742cd5fa48,H0394,5.4,2015-05-12,traveloka
Ua55fecfb11a3,H0529,8.5,2015-05-12,traveloka
U142706fb360d,H0311,8.5,2015-05-13,traveloka
U1d9a7cba5a93,H0178,6.0,2015-05-13,traveloka
Ufa880cf3f4d0,H0136,9.7,2015-05-13,traveloka
Ufab920426c55,H0456,9.7,2015-05-13,traveloka
U36eae7b366ff,H0446,9.0,2015-05-14,traveloka
Uf7f415104f4d,H0041,8.5,2015-05-14,traveloka
U5eee0df3dac0,H0445,10.0,2015-05-15,traveloka
U4f72e4beb176,H0545,9.0,2015-05-16,ivivu
U604ce1b92a17,H0419,9.4,2015-05-16,traveloka
U8a7ac50da32c,H0442,9.7,2015-05-18,traveloka
U4bb19bfb7ae8,H0502,7.0,2015-05-19,ivivu
U62855a0d28e5,H0542,6.2,2015-05-19,traveloka
U704c66009c2a,H0485,6.0,2015-05-21,traveloka
U77afe8e7ed83,H0244,9.0,2015-05-21,ivivu
Uefc279d23c3e,H0111,6.5,2015-05-21,traveloka
U065eace5e341,H0542,5.8,2015-05-22,traveloka
Ub35cf3399c86,H0238,7.2,2015-05-22,traveloka
Uc3c7cc3c4f0e,H0412,8.5,2015-05-22,traveloka
U1011173de24e,H0159,9.1,2015-05-23,traveloka
U335d6ef42acc,H0167,7.0,2015-05-23,ivivu
U5f1a9b109c39,H0516,9.7,2015-05-23,traveloka
Ub2a728c880f4,H0166,8.5,2015-05-23,traveloka
U13c22e2c5730,H0238,6.0,2015-05-24,traveloka
U7e1c84e69e85,H0547,5.8,2015-05-24,traveloka
U7e450d331686,H0380,9.4,2015-05-25,traveloka
U8768ee9fd458,H0147,10.0,2015-05-25,traveloka
U316302393c71,H0126,6.3,2015-05-26,traveloka
U6e21694488f0,H0521,8.2,2015-05-26,traveloka
U2634a3e9d880,H0454,9.1,2015-05-27,traveloka
U373fef02f052,H0266,9.0,2015-05-27,ivivu
U49041250225d,H0232,8.8,2015-05-27,traveloka
U608ece90ea26,H0346,5.1,2015-05-27,traveloka
Uffaa41492ec2,H0485,8.5,2015-05-27,traveloka
U18b85c71ca64,H0022,9.0,2015-05-28,ivivu
U241f0831ea48,H0485,4.8,2015-05-28,traveloka
Uec3110730eeb,H0265,7.0,2015-05-28,ivivu
U956d86b2970b,H0085,6.1,2015-05-29,traveloka
U204c181ea082,H0445,8.5,2015-05-30,traveloka
U854101f97141,H0484,9.0,2015-05-30,ivivu
U8a4e7615c5ae,H0447,7.0,2015-05-30,ivivu
Uf03fe0a2e64d,H0474,9.0,2015-05-30,ivivu
Ub1904e32b2df,H0492,9.7,2015-05-31,traveloka
Ud2f49a26d7b0,H0032,5.5,2015-05-31,traveloka
U2ce70f600bc2,H0394,9.4,2015-06-01,traveloka
U32133f20ba3c,H0101,5.6,2015-06-01,traveloka
U8d4bd1051993,H0521,6.0,2015-06-01,traveloka
Ucca5196b6175,H0349,6.0,2015-06-01,traveloka
Uee7dd6180a2c,H0272,5.7,2015-06-01,traveloka
U84c07f8753d9,H0542,8.8,2015-06-02,traveloka
U8e18f811f9d8,H0417,9.0,2015-06-02,traveloka
Ub927d7746e22,H0114,9.4,2015-06-02,traveloka
Uf42e44b84a3c,H0414,7.3,2015-06-02,traveloka
U358042d4503c,H0413,5.1,2015-06-03,traveloka
U85302e08d43d,H0136,4.5,2015-06-03,traveloka
U2f92d6528a2a,H0107,8.5,2015-06-04,traveloka
U4f030da4e983,H0485,6.3,2015-06-04,traveloka
U896ab7ee77eb,H0272,6.7,2015-06-05,traveloka
Ua1a4457325d8,H0311,8.6,2015-06-05,traveloka
U41aabc98acb6,H0432,9.0,2015-06-06,ivivu
U7e3b46dc371d,H0439,5.4,2015-06-06,traveloka
U89125aa39be6,H0432,8.0,2015-06-06,ivivu
U0bb3c2786583,H0521,10.0,2015-06-07,traveloka
U9bcbc313ea33,H0303,7.0,2015-06-07,ivivu
Ua012a72bebda,H0216,9.1,2015-06-07,traveloka
Uac8fa35c35a0,H0107,7.0,2015-06-07,ivivu
Ud08f50778b2e,H0195,6.6,2015-06-07,traveloka
U1df00184876e,H0509,8.5,2015-06-08,traveloka
U4230268e753a,H0262,9.7,2015-06-08,traveloka
U44b3ff694073,H0356,9.0,2015-06-08,ivivu
Ucf28c458fc29,H0227,7.1,2015-06-08,traveloka
Udb65e507cd75,H0159,9.7,2015-06-08,traveloka
Uf06d008e4810,H0048,9.0,2015-06-08,ivivu
U41afa59bc0c2,H0296,8.0,2015-06-11,ivivu
Ud08e4b37f4d5,H0324,10.0,2015-06-11,traveloka
Uf8c43eda8f69,H0259,9.0,2015-06-11,ivivu
U6a5d8915594a,H0521,9.7,2015-06-12,traveloka
U8ad43044155e,H0496,6.1,2015-06-12,traveloka
Uca6f02506083,H0454,8.5,2015-06-12,traveloka
Ucd9b06271443,H0356,7.0,2015-06-12,ivivu
U4a9d38ba0b99,H0487,9.4,2015-06-13,traveloka
Ucd815a418746,H0178,10.0,2015-06-13,traveloka
U370d83df6948,H0175,5.8,2015-06-14,traveloka
U8ff39e5063c5,H0439,5.4,2015-06-14,traveloka
Uffb70e2b3dc7,H0107,6.1,2015-06-14,traveloka
U141620b10130,H0376,6.1,2015-06-15,traveloka
U6cf95191e9ab,H0328,8.8,2015-06-15,traveloka
U98a45f55e15e,H0123,8.8,2015-06-16,traveloka
Uf8c43eda8f69,H0264,7.0,2015-06-16,ivivu
U014ab4ef41fa,H0270,8.0,2015-06-17,ivivu
U31b7c8d22a5c,H0092,6.6,2015-06-17,traveloka
Ua8c9f6f801fb,H0474,9.0,2015-06-17,ivivu
U108c87e2cdcf,H0478,8.2,2015-06-18,traveloka
U3ebc061397e9,H0174,9.0,2015-06-18,ivivu
U7ae6aeb38606,H0336,6.0,2015-06-18,traveloka
U0f7876fe0e7b,H0259,8.0,2015-06-19,ivivu
Ucdf99a0cd2b0,H0167,7.0,2015-06-19,ivivu
U059d6bec6166,H0001,8.5,2015-06-20,traveloka
U14a568c69f46,H0409,8.0,2015-06-20,ivivu
U90d78f0696c5,H0473,6.0,2015-06-20,ivivu
U0f7876fe0e7b,H0485,6.1,2015-06-21,traveloka
U1520fea31400,H0474,10.0,2015-06-21,ivivu
U551010d6be43,H0294,5.8,2015-06-21,traveloka
U6b2b8a29a8fd,H0454,7.9,2015-06-21,traveloka
Ucf89a5e785b5,H0433,8.5,2015-06-21,traveloka
Ufd4ec9a5e329,H0026,9.0,2015-06-21,ivivu
U3a07e57f545c,H0536,7.0,2015-06-22,ivivu
U5e423fe78431,H0535,5.8,2015-06-22,traveloka
U28410ad8e811,H0544,4.5,2015-06-23,traveloka
U6ca802f0c7c9,H0123,9.7,2015-06-23,traveloka
Uc42bc8d1d46b,H0414,9.7,2015-06-23,traveloka
U0fbe8c0065c2,H0268,9.0,2015-06-24,ivivu
U17df181ce620,H0499,9.7,2015-06-24,traveloka
Ub7deeb81a8b2,H0159,8.5,2015-06-24,traveloka
U6486a6d24bed,H0376,9.3,2015-06-25,traveloka
Ude8c5a8dbf61,H0328,6.0,2015-06-25,traveloka
Ufdc2072430a5,H0281,6.0,2015-06-25,traveloka
U3a72a281ea14,H0425,10.0,2015-06-26,traveloka
Uc148c87db578,H0338,10.0,2015-06-26,ivivu
U2d2c56b5feac,H0299,7.0,2015-06-27,ivivu
U2f7db8bd91bc,H0445,9.7,2015-06-27,traveloka
U36eae7b366ff,H0536,6.0,2015-06-27,ivivu
Uae43a1c16f19,H0174,8.0,2015-06-27,ivivu
U1771de8a1628,H0542,5.2,2015-06-28,traveloka
U1fc3e1706b61,H0226,6.0,2015-06-28,traveloka
Ub52474362828,H0215,9.4,2015-06-28,traveloka
Udf79a190145f,H0227,6.1,2015-06-28,traveloka
U091906c42aa5,H0249,6.1,2015-06-29,traveloka
U66072f598f9f,H0557,5.4,2015-06-29,traveloka
U973799f12e93,H0206,9.0,2015-06-29,ivivu
Ua110a8495ece,H0299,7.0,2015-06-29,ivivu
Uef35cb793711,H0299,7.0,2015-06-29,ivivu
U9712956eb825,H0511,7.0,2015-06-30,ivivu
U59aa631274f7,H0232,6.3,2015-07-01,traveloka
U5a1b46b91aa2,H0159,9.4,2015-07-01,traveloka
U118379dae547,H0485,8.4,2015-07-02,traveloka
Uf5d54e95447f,H0413,5.7,2015-07-03,traveloka
U0db0b9b92d89,H0478,5.8,2015-07-04,traveloka
U1b9aba67387a,H0551,8.8,2015-07-04,traveloka
U674b1a688858,H0123,9.7,2015-07-04,traveloka
U70ec54015d48,H0551,9.7,2015-07-04,traveloka
U26c1630688cc,H0461,6.0,2015-07-05,traveloka
U82117d37ea87,H0272,6.0,2015-07-05,traveloka
U861bd993e403,H0454,9.7,2015-07-05,traveloka
Ue7a0a4730e88,H0412,10.0,2015-07-05,traveloka
U0c09958aeabe,H0233,7.0,2015-07-06,ivivu
U0e57cee25ed2,H0425,9.0,2015-07-06,traveloka
Uae43a1c16f19,H0026,9.0,2015-07-06,ivivu
Uf2a33ffd2ea4,H0140,9.0,2015-07-06,ivivu
U3390df25df49,H0434,9.7,2015-07-07,traveloka
U36eae7b366ff,H0396,6.1,2015-07-07,traveloka
U9054f511797f,H0426,8.8,2015-07-07,traveloka
Ua66dbe3d2ab9,H0382,8.5,2015-07-07,traveloka
Uf2533c3e0101,H0510,6.0,2015-07-08,traveloka
U2d2c56b5feac,H0375,5.9,2015-07-09,traveloka
Uaf9c80bed7dd,H0107,8.4,2015-07-09,traveloka
Uba11c050f8c4,H0105,6.6,2015-07-09,traveloka
Ue7097b34e841,H0105,9.4,2015-07-09,traveloka
U66f15f547651,H0175,8.4,2015-07-10,traveloka
U68a9e8504f61,H0521,9.4,2015-07-10,traveloka
U01d379229a0a,H0405,7.0,2015-07-11,ivivu
U0e9278c1ba88,H0405,6.5,2015-07-11,ivivu
U2ac98d59239b,H0296,9.0,2015-07-11,ivivu
U30a7412ed686,H0126,9.7,2015-07-11,traveloka
U459052bc1431,H0296,9.0,2015-07-11,ivivu
U9712956eb825,H0259,7.5,2015-07-11,ivivu
Uc487da41ecbf,H0167,9.0,2015-07-12,ivivu
U497c128f2b78,H0249,8.4,2015-07-13,traveloka
U7a9e710ced89,H0425,10.0,2015-07-13,traveloka
U8d4bd1051993,H0346,6.0,2015-07-13,traveloka
Ufeba08ef8add,H0048,9.0,2015-07-13,ivivu
U52968530ee37,H0175,9.1,2015-07-14,traveloka
Uc4b30beeb42a,H0478,10.0,2015-07-14,traveloka
Uefc6351e837f,H0335,5.8,2015-07-15,traveloka
U06f080fde87c,H0499,6.6,2015-07-16,traveloka
U113d4d3a59e7,H0147,6.3,2015-07-16,traveloka
U28172820ff33,H0022,9.0,2015-07-16,ivivu
U4028d4ac9ce8,H0281,9.7,2015-07-16,traveloka
U9b0133581f09,H0394,9.0,2015-07-16,traveloka
U08f4971eb640,H0167,9.0,2015-07-17,ivivu
U1b9aba67387a,H0188,7.0,2015-07-17,ivivu
U4d6fab1876d4,H0447,7.0,2015-07-17,ivivu
U7db0f5c9d80d,H0181,9.4,2015-07-17,traveloka
Uf8c43eda8f69,H0299,7.6,2015-07-17,ivivu
U7a9e710ced89,H0336,9.4,2015-07-18,traveloka
U1af4940c2763,H0414,6.0,2015-07-19,ivivu
U4f2b1d7a2adb,H0181,8.5,2015-07-19,traveloka
Uced7beac429f,H0085,8.5,2015-07-19,traveloka
U6d3bd0af9513,H0299,7.5,2015-07-20,ivivu
Uae1188e7a77b,H0516,8.8,2015-07-20,traveloka
Ud9c067c85adb,H0232,8.5,2015-07-20,traveloka
Uf3af7194420d,H0074,5.9,2015-07-20,traveloka
U3e85c522ea22,H0175,9.1,2015-07-21,traveloka
Ufd4ec9a5e329,H0206,8.0,2015-07-21,ivivu
U4ae307b7e274,H0479,6.6,2015-07-22,traveloka
Uca137ea21d76,H0485,8.7,2015-07-22,traveloka
Uf05fd455a70d,H0454,6.2,2015-07-22,traveloka
U043d89801e5a,H0268,9.0,2015-07-23,ivivu
U2741d720c89a,H0478,6.0,2015-07-23,traveloka
U043d89801e5a,H0235,9.0,2015-07-24,ivivu
U04db0ca8ff2b,H0478,6.0,2015-07-24,traveloka
U27f47e2e0ae6,H0089,9.4,2015-07-24,traveloka
U59cfbbfb9b19,H0140,7.0,2015-07-24,ivivu
U7462426d9739,H0324,9.7,2015-07-24,traveloka
Ubfc34e2612d8,H0516,6.3,2015-07-24,traveloka
Uc4aaea6e847b,H0233,9.7,2015-07-24,traveloka
Ucbd710aff870,H0107,9.7,2015-07-24,traveloka
Uf857e3aeabde,H0382,4.8,2015-07-24,traveloka
U20c464b766f1,H0529,9.1,2015-07-25,traveloka
Ue665b206d88a,H0250,7.0,2015-07-25,ivivu
Uf7fd8f680eb7,H0187,9.0,2015-07-25,ivivu
U9230d6462228,H0479,8.5,2015-07-26,traveloka
Ue7b22638a329,H0432,9.0,2015-07-26,ivivu
Ua50e5cd4f32a,H0510,10.0,2015-07-27,traveloka
Ufe7dc3abb382,H0123,5.8,2015-07-28,traveloka
U9c121aefffd9,H0523,6.1,2015-07-29,traveloka
U5c611941892e,H0252,7.0,2015-07-30,ivivu
U764f814f3bd7,H0215,6.0,2015-07-30,traveloka
Ufcb9fe963e01,H0075,6.0,2015-07-30,traveloka
U01ce4e3aae0c,H0405,7.0,2015-07-31,ivivu
U173ba1e7ebe4,H0454,6.0,2015-07-31,traveloka
U967df8ac0929,H0300,7.0,2015-07-31,ivivu
Uc63b0a345ca1,H0252,7.0,2015-07-31,ivivu
Ud1fee05e0188,H0366,9.7,2015-07-31,traveloka
Uefc6351e837f,H0123,5.3,2015-07-31,traveloka
U59d37ca82acf,H0294,9.7,2015-08-02,traveloka
U62643e9a2fea,H0280,9.4,2015-08-02,traveloka
U9ec128a6bea4,H0446,4.8,2015-08-03,traveloka
Uc92412dddc7c,H0074,9.7,2015-08-03,traveloka
U4b2e548d6ff0,H0516,6.1,2015-08-04,traveloka
U634f719d0253,H0003,8.8,2015-08-04,traveloka
Ued21fb5bee42,H0196,6.3,2015-08-04,traveloka
U2afa5ab7b4ec,H0301,7.0,2015-08-06,ivivu
U84c469d7e09b,H0226,5.8,2015-08-06,traveloka
U87e48b4f9722,H0473,7.0,2015-08-06,ivivu
U465cd70e9370,H0262,6.0,2015-08-07,traveloka
Uae329c664ea1,H0439,5.1,2015-08-07,traveloka
U9c8639afcb59,H0439,9.7,2015-08-08,traveloka
U078477765ef9,H0557,8.5,2015-08-09,traveloka
U2778b39980f3,H0064,5.4,2015-08-09,traveloka
U7f50032863a5,H0162,9.7,2015-08-09,traveloka
Ua59ffeb18f6b,H0544,9.1,2015-08-09,traveloka
Ub4f035fd00cd,H0383,6.8,2015-08-09,traveloka
Udee21fa336a0,H0009,9.4,2015-08-09,traveloka
U0d849ab6c6c7,H0485,6.0,2015-08-10,traveloka
U9f22416c12fb,H0188,6.0,2015-08-10,ivivu
U078477765ef9,H0215,8.1,2015-08-11,traveloka
U36eae7b366ff,H0064,6.0,2015-08-11,traveloka
U9938215d3b52,H0338,9.0,2015-08-11,ivivu
Uec8249958f43,H0232,9.3,2015-08-11,traveloka
Ud2fa6dd7c24b,H0089,6.0,2015-08-12,traveloka
Ued16b9d69436,H0439,4.5,2015-08-12,traveloka
Uefcd7b062121,H0032,5.2,2015-08-12,traveloka
Uf61755ed31ee,H0126,6.6,2015-08-13,traveloka
U967847e18431,H0516,6.6,2015-08-14,traveloka
Uc468bad2587a,H0272,8.5,2015-08-14,traveloka
Ued77174014d0,H0264,9.0,2015-08-14,ivivu
U0375a50e5bc6,H0478,9.7,2015-08-15,traveloka
U108c87e2cdcf,H0215,4.8,2015-08-15,traveloka
Uada8d4ecd8df,H0300,7.0,2015-08-15,ivivu
Ub4ff6ba8bde2,H0296,8.0,2015-08-15,ivivu
U5fc2677022d4,H0305,7.5,2015-08-16,ivivu
U69f23b071ebb,H0190,6.1,2015-08-16,traveloka
Ud7dfdfa5e293,H0496,5.1,2015-08-16,traveloka
Ub1b900346390,H0294,6.0,2015-08-17,traveloka
Uf69131352c07,H0147,5.4,2015-08-17,traveloka
U8d0488e9d700,H0074,6.4,2015-08-18,traveloka
U0fc86b5333cf,H0348,7.0,2015-08-19,ivivu
U1f6e83efb74d,H0495,7.0,2015-08-19,traveloka
U5cb3838da193,H0072,6.5,2015-08-19,traveloka
U5119dd1e0f48,H0070,6.2,2015-08-20,traveloka
U5454fdba3def,H0414,8.5,2015-08-20,traveloka
U753bc7364865,H0216,9.7,2015-08-20,traveloka
U7e7e98a0b53b,H0101,9.1,2015-08-20,traveloka
Uf134cc1b74f8,H0280,6.1,2015-08-20,traveloka
U1d5ac790fccf,H0529,6.3,2015-08-21,traveloka
U6f4fd3a1d282,H0356,8.0,2015-08-21,ivivu
U95494f0eb0e2,H0178,9.4,2015-08-21,traveloka
U97617aa00f4c,H0301,7.0,2015-08-21,ivivu
Ud4df0a275b37,H0296,9.0,2015-08-21,ivivu
Uf7e1a64213b2,H0230,9.7,2015-08-21,traveloka
U6a31d80a6b98,H0174,10.0,2015-08-22,ivivu
Uae43a1c16f19,H0048,9.0,2015-08-22,ivivu
Uaf60509fa890,H0271,8.5,2015-08-22,traveloka
Ud4baccdc3007,H0551,8.0,2015-08-22,ivivu
Ue04a62dc3e75,H0510,8.5,2015-08-23,traveloka
Ue4b898c56ecc,H0427,9.7,2015-08-23,traveloka
U4a5dc0fc3325,H0147,8.5,2015-08-24,traveloka
U73c1e8d67ca3,H0488,8.8,2015-08-25,traveloka
U4086baf3e8b6,H0012,7.0,2015-08-27,ivivu
Ucbe98c1a341e,H0002,5.9,2015-08-27,traveloka
U044d8084504c,H0272,10.0,2015-08-28,traveloka
U13c57adf53f0,H0447,7.0,2015-08-28,ivivu
U8a6c4f149c4e,H0166,8.8,2015-08-28,traveloka
U2625ca287637,H0136,7.0,2015-08-29,ivivu
U68c9a9f8c77d,H0387,9.0,2015-08-29,ivivu
U99db9b400acd,H0123,5.4,2015-08-29,traveloka
Ua927b88a12d6,H0047,8.7,2015-08-29,traveloka
Ubcbff68d3c91,H0306,7.5,2015-08-29,ivivu
Uc8a34dc92d02,H0107,5.8,2015-08-29,traveloka
Ucaf52ae1fdca,H0380,8.5,2015-08-29,traveloka
Ud3075b366585,H0338,6.0,2015-08-29,ivivu
U6b59af603ede,H0147,6.0,2015-08-30,traveloka
Ua8e759de5b6f,H0535,10.0,2015-08-30,traveloka
U2855c8de2642,H0233,9.0,2015-08-31,ivivu
U570db3d9faee,H0163,7.0,2015-08-31,ivivu
U76c5763aea5d,H0268,6.0,2015-08-31,ivivu
U8de357a867f5,H0111,6.1,2015-08-31,traveloka
Ua514c13c53ae,H0272,7.0,2015-08-31,traveloka
U7351bbbdaaf3,H0001,5.2,2015-09-01,traveloka
Uc92412dddc7c,H0380,5.8,2015-09-01,traveloka
U0c6909d33466,H0107,5.3,2015-09-02,traveloka
U60a2d1cebf0c,H0521,6.2,2015-09-02,traveloka
Ua7e94378979b,H0446,9.7,2015-09-02,traveloka
U33cc46acb0e9,H0272,8.8,2015-09-03,traveloka
U7d193a4160a6,H0523,6.3,2015-09-03,traveloka
U767f38db0bd0,H0230,7.6,2015-09-04,traveloka
Uba671f3c5456,H0551,9.1,2015-09-04,traveloka
Ue6421d0ffd27,H0064,6.1,2015-09-04,traveloka
Uf5cce1eb5931,H0232,4.8,2015-09-04,traveloka
Ufabffce179b9,H0101,4.8,2015-09-04,traveloka
U014a3dca808e,H0238,9.3,2015-09-05,traveloka
U20f25a2f5f14,H0147,8.8,2015-09-05,traveloka
U727e2c6e78e5,H0167,7.0,2015-09-05,ivivu
U9deb99a14272,H0439,6.0,2015-09-05,traveloka
Ua3a2f0ca63a7,H0111,6.0,2015-09-05,traveloka
Uae505a86eaab,H0175,5.5,2015-09-05,traveloka
Ud52a2060b81b,H0405,7.0,2015-09-05,ivivu
U87e48b4f9722,H0511,9.0,2015-09-06,ivivu
U9d5d749eb392,H0529,6.5,2015-09-06,traveloka
U04597d94864a,H0551,8.5,2015-09-07,traveloka
U6d4e9381c04d,H0206,8.0,2015-09-07,ivivu
Ub220bb86ac44,H0181,9.7,2015-09-07,traveloka
Ucca5196b6175,H0492,6.0,2015-09-07,traveloka
Ud931e6b42045,H0425,8.5,2015-09-07,traveloka
Udcfca7df7eab,H0002,6.4,2015-09-07,traveloka
U4e03578d9e69,H0181,6.3,2015-09-08,traveloka
U75b663c68492,H0405,9.0,2015-09-08,ivivu
Ua22e05539eaf,H0136,9.7,2015-09-08,traveloka
Ub86cbd8382b0,H0105,6.1,2015-09-08,traveloka
U2abc9aa86377,H0294,9.4,2015-09-09,traveloka
U4a6320bf0402,H0032,10.0,2015-09-09,traveloka
U81da16b6beac,H0404,8.8,2015-09-09,traveloka
U46695d1c744c,H0266,7.5,2015-09-11,ivivu
Ue7097b34e841,H0247,9.5,2015-09-11,ivivu
Udf728b1b2e80,H0544,9.7,2015-09-12,traveloka
U7e74fc511a67,H0199,4.8,2015-09-13,traveloka
Ub20c5828ccea,H0244,7.0,2015-09-13,ivivu
Ud66ebf5e1f66,H0349,6.0,2015-09-13,traveloka
Ufc380fe9346e,H0306,7.0,2015-09-13,ivivu
U046912319d9e,H0545,8.0,2015-09-14,ivivu
U29cf5dd35598,H0425,9.7,2015-09-14,traveloka
Ub3d77e4a10b2,H0412,8.5,2015-09-14,traveloka
Ubf0d384e975e,H0064,9.7,2015-09-14,traveloka
Uc597cae3870b,H0262,9.7,2015-09-14,traveloka
U53d5b72b66fc,H0232,8.5,2015-09-16,traveloka
Uc3f2e99ffde9,H0439,8.5,2015-09-16,traveloka
Uedcaaae0c496,H0085,4.8,2015-09-16,traveloka
U26fcea1a7dc8,H0238,5.8,2015-09-17,traveloka
U29bf904fb89d,H0123,10.0,2015-09-17,traveloka
U6e0ff9a4c64e,H0107,6.0,2015-09-17,traveloka
U7e2b0fbf05e3,H0448,9.4,2015-09-17,traveloka
Ua927b88a12d6,H0226,5.4,2015-09-17,traveloka
Udad6dc9a4639,H0315,7.0,2015-09-17,ivivu
U056715cda837,H0296,9.0,2015-09-18,ivivu
U16f4ac83bd96,H0296,7.0,2015-09-18,ivivu
U9d377e63d53f,H0032,9.4,2015-09-18,traveloka
Ud4345a4a15bb,H0166,8.5,2015-09-18,traveloka
U0d52202dc23f,H0232,9.7,2015-09-19,traveloka
U153254d2450f,H0247,6.5,2015-09-19,ivivu
U577306d16590,H0516,8.5,2015-09-19,traveloka
U901a91381ede,H0167,7.0,2015-09-19,ivivu
U90d34ac8c143,H0259,8.0,2015-09-19,ivivu
Uf57a18241370,H0296,7.5,2015-09-19,ivivu
U1a38312105ef,H0485,6.0,2015-09-21,traveloka
U68bdddb4d796,H0324,8.5,2015-09-22,traveloka
Ua66dbe3d2ab9,H0182,8.5,2015-09-22,traveloka
Uded77928f746,H0255,9.0,2015-09-22,ivivu
U5cf32d67a143,H0516,8.5,2015-09-23,traveloka
U2965e804ac40,H0434,9.7,2015-09-24,traveloka
U6ae16ccee275,H0376,9.7,2015-09-24,traveloka
Uac8fa35c35a0,H0507,9.7,2015-09-24,traveloka
Uc9ad05010907,H0075,5.8,2015-09-24,traveloka
Udaab87116efd,H0002,6.1,2015-09-24,traveloka
U448d023a22d8,H0427,6.8,2015-09-25,traveloka
U6156734cc45f,H0159,9.1,2015-09-25,traveloka
U652610b6e37a,H0268,8.0,2015-09-25,ivivu
Ua099655f939e,H0126,7.0,2015-09-25,traveloka
Ud35215272316,H0064,6.4,2015-09-25,traveloka
Ufb399bbe6ba8,H0089,5.9,2015-09-25,traveloka
U5863bd418f0c,H0557,9.7,2015-09-27,traveloka
U747ecdcfdab3,H0535,9.7,2015-09-27,traveloka
Ua6fdfe68ad4d,H0540,10.0,2015-09-27,traveloka
Uebff6ea984dc,H0439,6.0,2015-09-28,traveloka
Ueef6d0dab6d7,H0485,8.5,2015-09-28,traveloka
U63f06a540ad2,H0366,9.1,2015-09-30,traveloka
U6835835fe304,H0385,5.4,2015-09-30,traveloka
Uc28b135f2b25,H0101,8.5,2015-09-30,traveloka
U3d180759792d,H0509,5.4,2015-10-01,traveloka
U4f2b1d7a2adb,H0516,9.1,2015-10-01,traveloka
Ua927b88a12d6,H0366,6.0,2015-10-01,traveloka
U74a3202d2805,H0336,8.5,2015-10-04,traveloka
Udca663837a6c,H0039,9.7,2015-10-04,traveloka
Uec1d07d93765,H0290,5.8,2015-10-04,traveloka
U1217483220f2,H0002,5.5,2015-10-06,traveloka
U1b0add58be81,H0394,10.0,2015-10-06,traveloka
U57fb300e7b0a,H0174,8.0,2015-10-06,ivivu
U786ee6595891,H0001,6.6,2015-10-06,traveloka
Ud136c339a74b,H0551,6.0,2015-10-06,traveloka
U2501fe34ece0,H0294,5.4,2015-10-07,traveloka
U635677f0faf5,H0433,5.6,2015-10-07,traveloka
Ucca1b872d550,H0300,8.0,2015-10-07,ivivu
Uf3643ef284f2,H0039,5.7,2015-10-07,traveloka
Uae43a1c16f19,H0348,7.0,2015-10-08,ivivu
Uee21110d2dd2,H0064,6.1,2015-10-08,traveloka
Ufae96fd5351e,H0296,8.0,2015-10-08,ivivu
U24190fc13eaf,H0448,6.0,2015-10-09,traveloka
U901a91381ede,H0425,9.7,2015-10-09,traveloka
Ua70d6cc8c74b,H0335,9.7,2015-10-09,traveloka
U270a29883449,H0465,5.4,2015-10-11,traveloka
Uc1e6ec1851c2,H0521,8.5,2015-10-11,traveloka
Ucbcec36fb744,H0551,6.2,2015-10-11,traveloka
U079c0757a971,H0296,9.0,2015-10-12,ivivu
U2a5082ab5765,H0260,8.0,2015-10-12,ivivu
U4e238746fea3,H0499,9.4,2015-10-12,traveloka
U696f4de32545,H0125,8.5,2015-10-12,traveloka
U51aeb601d0d3,H0488,5.7,2015-10-13,traveloka
U27830b5af867,H0003,10.0,2015-10-14,traveloka
Uc0a3f988bd18,H0485,5.2,2015-10-14,traveloka
U5d15975ae749,H0404,5.8,2015-10-15,traveloka
U721f27459cc3,H0103,6.4,2015-10-15,traveloka
U281e32d55a14,H0259,8.0,2015-10-16,ivivu
U0655acfceeb6,H0107,8.8,2015-10-17,traveloka
U1df00184876e,H0516,8.5,2015-10-17,traveloka
U30f50f33b6ec,H0174,7.0,2015-10-17,ivivu
U3cb9d28db818,H0413,9.0,2015-10-17,traveloka
U5c642e0f7f5b,H0408,6.8,2015-10-18,traveloka
U1940e6583a04,H0107,7.0,2015-10-19,ivivu
U6eedf8781065,H0394,5.9,2015-10-19,traveloka
U9469f45ab121,H0348,7.0,2015-10-19,ivivu
Uc54dd91f24c4,H0296,8.0,2015-10-20,ivivu
Ud0182dcf8df4,H0162,9.4,2015-10-20,traveloka
Ud66616fd66bc,H0262,5.3,2015-10-20,traveloka
U8e9af86445ad,H0433,4.8,2015-10-21,traveloka
U956d86b2970b,H0272,6.2,2015-10-21,traveloka
Ud8f92bb5d4ac,H0439,7.0,2015-10-21,traveloka
Uff453ed7a407,H0331,5.4,2015-10-21,traveloka
Ua783cd176120,H0147,6.3,2015-10-22,traveloka
Ue2fabbf3912b,H0296,9.0,2015-10-22,ivivu
U6666bb6f5cff,H0414,8.5,2015-10-23,traveloka
U8cb22f6b6cd2,H0174,6.0,2015-10-23,ivivu
Uc9b34cee2206,H0336,8.5,2015-10-23,traveloka
Ud682da16d643,H0296,7.5,2015-10-23,ivivu
U20cff7650f08,H0542,10.0,2015-10-24,traveloka
U6156734cc45f,H0174,9.0,2015-10-24,ivivu
U9253bf059d89,H0507,6.0,2015-10-24,traveloka
Uc6fa56070267,H0092,8.5,2015-10-24,traveloka
U42d2ad3dc9f1,H0126,9.0,2015-10-25,ivivu
U56bd7cc3b5bf,H0159,9.4,2015-10-25,traveloka
Ude99c064a8ae,H0492,6.1,2015-10-26,traveloka
U656ad5d0ff61,H0174,9.0,2015-10-27,ivivu
U7d73bf74802e,H0182,9.1,2015-10-27,traveloka
U837970da48ee,H0111,6.0,2015-10-27,traveloka
U846da8b2a753,H0266,7.5,2015-10-27,ivivu
Ua9e839da5ce1,H0423,8.0,2015-10-27,ivivu
U7e8ce2f1863c,H0266,7.5,2015-10-28,ivivu
U4d19cc9faebb,H0166,7.8,2015-10-29,traveloka
U51e843464940,H0301,8.0,2015-10-29,ivivu
U7b2904937311,H0311,8.7,2015-10-29,traveloka
Ucfa37e6e8413,H0235,8.0,2015-10-29,ivivu
U17df181ce620,H0296,8.0,2015-10-30,ivivu
U1bdddaa6d780,H0188,7.0,2015-10-30,ivivu
U798f3e2e5949,H0396,9.1,2015-10-30,traveloka
U1c0b87cb066e,H0299,7.0,2015-10-31,ivivu
Ua788234393cd,H0225,6.0,2015-10-31,traveloka
Ua80fbe0d179b,H0272,9.7,2015-11-01,traveloka
U50aa95c1d308,H0551,8.5,2015-11-02,traveloka
Uf35c029dd8f5,H0523,6.7,2015-11-02,traveloka
U05e9e04c9ada,H0216,5.8,2015-11-03,traveloka
U2d6dcf0577fa,H0461,6.9,2015-11-03,traveloka
U4251eafb4133,H0328,9.4,2015-11-04,traveloka
U7549b55fa10d,H0048,9.0,2015-11-04,ivivu
U1cda9ed452a9,H0553,5.8,2015-11-05,traveloka
U34191914b85b,H0107,5.5,2015-11-05,traveloka
U459052bc1431,H0329,6.1,2015-11-05,traveloka
U577306d16590,H0456,9.1,2015-11-05,traveloka
Ub316660cedb0,H0009,10.0,2015-11-05,traveloka
Ue991b70a8fac,H0461,6.1,2015-11-05,traveloka
U67a7763034cd,H0206,9.0,2015-11-06,ivivu
U704fa850838b,H0324,9.7,2015-11-06,traveloka
U822b07d2a804,H0354,8.5,2015-11-06,traveloka
Uf2a33ffd2ea4,H0432,7.0,2015-11-06,ivivu
U1bbf696017e4,H0272,6.0,2015-11-07,traveloka
U29cf5dd35598,H0474,7.0,2015-11-07,ivivu
U320efe3833d5,H0001,9.1,2015-11-08,traveloka
U577306d16590,H0272,6.0,2015-11-09,traveloka
U7c9af17c47ff,H0123,5.7,2015-11-09,traveloka
U90332495430a,H0304,6.0,2015-11-09,traveloka
Ue37a5030449a,H0473,10.0,2015-11-09,ivivu
U0fc86b5333cf,H0191,5.7,2015-11-10,traveloka
U5acefb1cc0a7,H0521,8.4,2015-11-11,traveloka
U6611b610413a,H0516,5.4,2015-11-11,traveloka
U8e044a6f9144,H0149,7.0,2015-11-11,ivivu
Ua74a626de6a0,H0348,4.0,2015-11-11,ivivu
Ud136c339a74b,H0328,8.5,2015-11-11,traveloka
Ud931e6b42045,H0454,6.0,2015-11-11,traveloka
Ufef12fef4003,H0426,9.7,2015-11-11,traveloka
U104afab47afa,H0254,7.0,2015-11-12,ivivu
U98e4ae9eb227,H0439,8.5,2015-11-12,traveloka
Ua17436c060b2,H0523,10.0,2015-11-12,traveloka
Ud043fdb4c2fe,H0003,8.5,2015-11-12,traveloka
Ua70eebf50612,H0171,7.5,2015-11-13,ivivu
Ucca1b872d550,H0275,9.0,2015-11-13,ivivu
Ue2a9347516cd,H0296,7.5,2015-11-13,ivivu
U2247eb2ec783,H0003,9.0,2015-11-14,traveloka
U4abda3148719,H0301,7.0,2015-11-14,ivivu
U7dd00d5213dc,H0254,9.0,2015-11-14,ivivu
U901a91381ede,H0259,7.5,2015-11-14,ivivu
Ub5f38a7b3165,H0485,4.5,2015-11-14,traveloka
Ub8c48b18af94,H0272,9.0,2015-11-14,ivivu
Ube15ac31a6cd,H0259,9.0,2015-11-14,ivivu
Uf108289db707,H0262,8.7,2015-11-14,traveloka
U0a76a5270bfd,H0461,6.2,2015-11-15,traveloka
U2b7a4caf04b1,H0311,9.4,2015-11-15,traveloka
U846da8b2a753,H0166,8.5,2015-11-15,traveloka
Uae43a1c16f19,H0542,9.0,2015-11-15,traveloka
Uc92412dddc7c,H0394,9.7,2015-11-15,traveloka
U34f99bc22660,H0336,6.2,2015-11-16,traveloka
U4aaa030ad95b,H0296,9.0,2015-11-16,ivivu
U8cc77a9d302b,H0003,10.0,2015-11-16,traveloka
Uf41ea1a58022,H0301,7.0,2015-11-18,ivivu
U027ea74a4313,H0305,9.0,2015-11-19,ivivu
U5f6060c56189,H0201,8.5,2015-11-19,traveloka
Uc2ee035e9666,H0414,8.5,2015-11-19,traveloka
Uc350d4536921,H0430,8.5,2015-11-19,traveloka
Ue3bcc99b6a67,H0511,7.0,2015-11-19,ivivu
U3902be82ad55,H0107,6.1,2015-11-20,traveloka
U4b91617a4cab,H0551,9.4,2015-11-20,traveloka
U71bff101129c,H0535,9.1,2015-11-20,traveloka
U05a111b61ad2,H0227,6.2,2015-11-21,traveloka
U5fc2677022d4,H0535,10.0,2015-11-21,traveloka
Uc04b04250c9f,H0271,10.0,2015-11-21,traveloka
Udc9981705652,H0556,7.5,2015-11-21,ivivu
Uf57a18241370,H0338,7.5,2015-11-21,ivivu
Ufe41350f4038,H0294,6.2,2015-11-21,traveloka
U2c4cfbff6c53,H0188,7.0,2015-11-22,ivivu
U5abc414f979c,H0412,5.7,2015-11-22,traveloka
Uafc61897ea53,H0349,8.5,2015-11-22,traveloka
Uc60da11cfa6e,H0064,5.9,2015-11-22,traveloka
Ud31580178d1c,H0311,6.0,2015-11-22,traveloka
U17c55bc22648,H0408,9.4,2015-11-23,traveloka
U1e867fca3f4f,H0296,10.0,2015-11-23,ivivu
U3ae11c5f4503,H0478,5.7,2015-11-23,traveloka
Uce0dcd5d8c2f,H0420,9.0,2015-11-23,ivivu
U69f2b89184c6,H0123,5.6,2015-11-24,traveloka
U5ae0f8016524,H0175,9.4,2015-11-25,traveloka
Ua099655f939e,H0547,10.0,2015-11-25,traveloka
U45063772133b,H0348,7.0,2015-11-26,ivivu
U5745490db7be,H0232,5.6,2015-11-26,traveloka
U8eef55d58eb5,H0227,8.5,2015-11-26,traveloka
Uae43a1c16f19,H0545,7.0,2015-11-26,ivivu
U202198445b42,H0382,6.3,2015-11-27,traveloka
U5c456fb2a565,H0454,6.2,2015-11-27,traveloka
U6602382a13a1,H0411,9.1,2015-11-27,traveloka
U9deb26de64b9,H0252,6.0,2015-11-27,ivivu
U9f88a8413112,H0516,8.5,2015-11-27,traveloka
Uca918d16fb6b,H0280,8.0,2015-11-27,ivivu
Ue9dbb7fc6bdd,H0215,8.8,2015-11-27,traveloka
U0375a50e5bc6,H0263,7.0,2015-11-28,ivivu
Ubfb800ecbfa5,H0123,6.0,2015-11-28,traveloka
U1b9aba67387a,H0259,7.5,2015-11-29,ivivu
U89b73d14eaf9,H0499,9.7,2015-11-29,traveloka
U9deb26de64b9,H0255,9.0,2015-11-29,ivivu
U6393c5c56e99,H0324,10.0,2015-11-30,traveloka
Ue70ccf3c715a,H0272,8.5,2015-11-30,traveloka
U3463d896d751,H0085,8.7,2015-12-01,traveloka
U9b2aed7b3b91,H0419,6.6,2015-12-01,traveloka
Ua60d0b2ca2e8,H0311,6.6,2015-12-01,traveloka
Udcc35c827775,H0162,9.7,2015-12-01,traveloka
U5925a670486c,H0535,4.8,2015-12-03,traveloka
U271e5fa64c5f,H0272,5.1,2015-12-04,traveloka
U4039e5db6b55,H0059,4.8,2015-12-04,traveloka
U5c8ffb10e753,H0085,8.0,2015-12-04,traveloka
U3b9be4ffa94b,H0294,6.4,2015-12-05,traveloka
U4d0a2e73c7a8,H0496,5.9,2015-12-06,traveloka
U61c40f989660,H0162,9.7,2015-12-06,traveloka
Ua099655f939e,H0068,10.0,2015-12-06,traveloka
Uc75194e97fac,H0226,6.7,2015-12-06,traveloka
U13f6bce6c076,H0376,5.5,2015-12-08,traveloka
U358042d4503c,H0328,9.1,2015-12-08,traveloka
U91df3e8eda52,H0232,6.1,2015-12-08,traveloka
Uac8fa35c35a0,H0414,8.5,2015-12-08,traveloka
Uf5308f0b818f,H0247,8.0,2015-12-08,ivivu
U2426570efcd9,H0550,9.0,2015-12-09,traveloka
U2ef014af4b6e,H0383,8.2,2015-12-09,traveloka
U764f814f3bd7,H0558,6.0,2015-12-09,traveloka
U23b59fe444a5,H0247,9.0,2015-12-10,ivivu
U2b12dd6afbda,H0557,9.7,2015-12-10,traveloka
U368087f80e77,H0328,8.5,2015-12-10,traveloka
U674a0f0fa433,H0328,9.4,2015-12-10,traveloka
Uf51552664247,H0380,7.2,2015-12-10,traveloka
Ua099655f939e,H0425,10.0,2015-12-11,traveloka
Uef35cb793711,H0266,7.5,2015-12-11,ivivu
U065eace5e341,H0328,8.5,2015-12-13,traveloka
U28172820ff33,H0107,9.7,2015-12-13,traveloka
U99600c9581eb,H0032,8.5,2015-12-13,traveloka
Uede99244c26c,H0051,9.7,2015-12-13,traveloka
Uc627f3b1823f,H0516,5.8,2015-12-14,traveloka
Uca18c8d7b393,H0452,10.0,2015-12-14,traveloka
Ud0be7050242b,H0432,8.0,2015-12-14,ivivu
Ud64fe52a60a9,H0409,7.0,2015-12-14,ivivu
U0f8e9221b61b,H0534,8.5,2015-12-15,traveloka
U6156734cc45f,H0250,7.0,2015-12-15,ivivu
U890a74179d6b,H0186,6.0,2015-12-16,ivivu
U17df181ce620,H0296,8.5,2015-12-17,ivivu
Uda31672106d9,H0301,9.0,2015-12-17,ivivu
Ud35215272316,H0187,8.5,2015-12-18,ivivu
U36eae7b366ff,H0296,8.0,2015-12-19,ivivu
U373fef02f052,H0551,8.0,2015-12-19,ivivu
U4c4407532f7b,H0420,9.0,2015-12-19,ivivu
U63daf62e3a4e,H0446,5.8,2015-12-19,traveloka
Uac8fa35c35a0,H0002,6.0,2015-12-19,traveloka
Ue4a146a7dd7d,H0263,7.0,2015-12-19,ivivu
U2f8836870179,H0394,8.5,2015-12-20,traveloka
U34191914b85b,H0305,7.5,2015-12-20,ivivu
U980a0ac530ea,H0394,10.0,2015-12-20,traveloka
Uc2a9e7822787,H0280,6.0,2015-12-20,traveloka
U5782bf45bef2,H0348,7.0,2015-12-21,ivivu
U2767d2137cc0,H0162,8.5,2015-12-22,traveloka
U664d8a4e8ad9,H0336,9.7,2015-12-22,traveloka
U89049ca2f427,H0511,7.0,2015-12-22,ivivu
Ueb872f9b9d9e,H0532,5.9,2015-12-22,traveloka
Ufe7dc3abb382,H0461,8.5,2015-12-22,traveloka
U1df00184876e,H0254,7.5,2015-12-23,ivivu
U67c764d574e5,H0101,8.5,2015-12-23,traveloka
U902e4cb66fca,H0012,7.0,2015-12-23,ivivu
U2a81f766bf9a,H0556,8.5,2015-12-24,ivivu
U4109b4e843e4,H0260,9.0,2015-12-24,ivivu
U852d66b57dc1,H0196,9.7,2015-12-24,traveloka
U8d69f60c5eec,H0166,9.1,2015-12-24,traveloka
Ue5caa44031ca,H0305,7.0,2015-12-24,ivivu
U1ff39a16ebb2,H0182,8.5,2015-12-25,traveloka
U2f92d6528a2a,H0254,6.5,2015-12-25,ivivu
U4ee42cf84712,H0387,9.0,2015-12-25,ivivu
Ua92eb0c7d1f0,H0414,8.0,2015-12-25,ivivu
Ub0d4cc6a7be5,H0272,8.5,2015-12-25,traveloka
Ub35cf3399c86,H0290,9.7,2015-12-25,traveloka
Ubd5ca915c01e,H0307,7.0,2015-12-25,ivivu
Ue9af78577481,H0065,9.7,2015-12-25,traveloka
U49037d806526,H0068,6.0,2015-12-26,traveloka
U4d42a36f9f04,H0309,9.0,2015-12-26,ivivu
Ub38c9f0894b7,H0304,5.8,2015-12-26,traveloka
U096ee90f2dac,H0232,6.8,2015-12-27,traveloka
U2899c349c166,H0260,7.0,2015-12-27,ivivu
U4028d4ac9ce8,H0473,7.0,2015-12-27,ivivu
U4c420b5600c8,H0521,9.7,2015-12-27,traveloka
U6513cf8460bd,H0188,7.5,2015-12-27,ivivu
U9482b53a70de,H0272,6.0,2015-12-27,traveloka
Udad6dc9a4639,H0301,7.0,2015-12-27,ivivu
U6156734cc45f,H0064,9.7,2015-12-28,traveloka
U93957f123924,H0232,9.7,2015-12-28,traveloka
U9c0466e6594a,H0259,9.0,2015-12-28,ivivu
U02cf03d6a240,H0523,5.7,2015-12-29,traveloka
U80547f9f2152,H0556,7.0,2015-12-29,ivivu
Uf348de0de130,H0304,8.4,2015-12-29,traveloka
Ufdab27e555c7,H0051,5.9,2015-12-29,traveloka
U200c80104cfc,H0348,8.0,2015-12-30,ivivu
U379508acdfdb,H0329,9.7,2015-12-30,traveloka
U6bb0581a4ebd,H0259,8.0,2015-12-30,ivivu
Ucb8b0596da83,H0544,6.4,2015-12-30,traveloka
Ua116bf625225,H0226,8.4,2015-12-31,traveloka
U518a41b25eca,H0059,8.5,2016-01-01,traveloka
U55b735df19d1,H0535,9.0,2016-01-01,traveloka
U6156734cc45f,H0153,9.0,2016-01-01,ivivu
U7c1ed0a44015,H0296,7.0,2016-01-01,ivivu
Uaa03b73ad39d,H0387,9.0,2016-01-01,ivivu
Uabec9f08f97e,H0255,7.0,2016-01-01,ivivu
Ubacfb9c1a3ca,H0147,8.5,2016-01-01,traveloka
Uc04c05fab76e,H0473,7.0,2016-01-01,ivivu
U340f2649db39,H0147,6.0,2016-01-02,traveloka
U6609fd1db49f,H0329,6.1,2016-01-02,traveloka
U9712956eb825,H0454,9.4,2016-01-02,traveloka
Ua7beaa8dc6a5,H0003,6.4,2016-01-02,traveloka
U3a779f973456,H0553,9.7,2016-01-03,traveloka
Uae43a1c16f19,H0002,9.1,2016-01-03,traveloka
U20cff7650f08,H0064,8.8,2016-01-04,traveloka
Uda80a40e7a52,H0002,5.8,2016-01-04,traveloka
U34bf4b2b7a9c,H0523,6.3,2016-01-05,traveloka
U93a74e64c862,H0123,6.0,2016-01-05,traveloka
U7a77bfecf907,H0487,6.0,2016-01-06,traveloka
Ue1c19203c0eb,H0536,7.0,2016-01-07,ivivu
U0d2981c96968,H0206,8.0,2016-01-08,ivivu
U3a3fa99e447b,H0299,7.0,2016-01-09,ivivu
U51e843464940,H0416,9.0,2016-01-09,ivivu
U5aa583dc2081,H0085,6.0,2016-01-09,traveloka
U5dd1a6d50e97,H0296,7.0,2016-01-09,ivivu
U604db6d2d7fa,H0189,7.0,2016-01-09,ivivu
U6c0b8d570e44,H0296,7.0,2016-01-09,ivivu
Ucb8b0596da83,H0284,9.0,2016-01-09,ivivu
U11b1d5aa19d2,H0311,9.7,2016-01-10,traveloka
U13abf5841ba0,H0202,7.0,2016-01-10,ivivu
U329f9481ce2e,H0403,7.0,2016-01-10,ivivu
U4e716dd19b0a,H0188,7.0,2016-01-10,ivivu
U7593e88492dc,H0147,6.1,2016-01-10,traveloka
U896ab7ee77eb,H0296,7.0,2016-01-10,ivivu
Ub316660cedb0,H0138,9.0,2016-01-10,ivivu
Uf2a33ffd2ea4,H0289,7.0,2016-01-10,ivivu
Uac8fa35c35a0,H0535,9.4,2016-01-11,traveloka
Ubd8466f99950,H0159,9.4,2016-01-11,traveloka
Uda7967e86d25,H0254,7.0,2016-01-11,ivivu
U4c7264a4a900,H0268,7.0,2016-01-12,ivivu
U74dd0d81cc4d,H0149,9.0,2016-01-12,ivivu
Uabec9f08f97e,H0521,4.9,2016-01-12,traveloka
Ud78bd19da8c6,H0304,9.0,2016-01-12,ivivu
Ud88f792745e5,H0354,9.0,2016-01-12,ivivu
U092d944bba6c,H0557,9.1,2016-01-13,traveloka
Uac8fa35c35a0,H0426,9.7,2016-01-13,traveloka
Ud225f2266547,H0012,7.0,2016-01-13,ivivu
Ue7097b34e841,H0255,8.5,2016-01-13,ivivu
Uef35cb793711,H0085,6.1,2016-01-13,traveloka
U86afa5913882,H0166,5.5,2016-01-14,traveloka
Ue70d69bfec2f,H0328,9.7,2016-01-14,traveloka
U1b13fe0a5738,H0012,7.0,2016-01-15,ivivu
U30b3d29cfdc5,H0259,7.0,2016-01-15,ivivu
U4ab7dbed301d,H0255,7.0,2016-01-15,ivivu
U50ca89a075a9,H0309,7.0,2016-01-15,ivivu
U6205a33fa06b,H0394,9.7,2016-01-15,traveloka
Uf57a18241370,H0275,7.0,2016-01-15,ivivu
U42d2ad3dc9f1,H0259,7.0,2016-01-16,ivivu
U8c57750fc6ca,H0545,7.5,2016-01-16,ivivu
Uf026bba31324,H0539,6.4,2016-01-16,traveloka
U6156734cc45f,H0296,7.0,2016-01-17,ivivu
Ud779e9d566e4,H0382,9.4,2016-01-17,traveloka
Uac67345ca539,H0294,5.2,2016-01-18,traveloka
Uc38a3278b5a6,H0413,6.5,2016-01-18,traveloka
Ue34486ff0803,H0225,9.7,2016-01-18,traveloka
U069b031f5799,H0516,5.4,2016-01-19,traveloka
U2cb276ebadde,H0461,6.3,2016-01-20,traveloka
U31bee5cab536,H0182,8.5,2016-01-20,traveloka
U358042d4503c,H0162,8.5,2016-01-20,traveloka
U3c32afd89e0b,H0336,6.8,2016-01-20,traveloka
U4ecf0f45ba2c,H0064,8.5,2016-01-20,traveloka
U21f30230fde5,H0446,5.7,2016-01-21,traveloka
U5292dc6003e6,H0107,6.8,2016-01-21,traveloka
Ueae1ad4cd586,H0206,7.0,2016-01-21,ivivu
U0eee383dec16,H0296,7.5,2016-01-22,ivivu
U410f2d58e504,H0070,6.0,2016-01-22,traveloka
U5dc0c448ab2a,H0260,7.0,2016-01-22,ivivu
U6666bb6f5cff,H0182,9.1,2016-01-22,traveloka
U302e730b364e,H0260,7.0,2016-01-23,ivivu
U42d2ad3dc9f1,H0296,7.0,2016-01-23,ivivu
U7b991bf2cf88,H0259,7.0,2016-01-23,ivivu
U8decfff2ab42,H0244,6.0,2016-01-23,ivivu
Ua4b556c0cd23,H0544,4.8,2016-01-24,traveloka
U7912dabd0141,H0331,5.5,2016-01-25,traveloka
Uded2be406d9b,H0473,7.0,2016-01-25,ivivu
Ufa98a559ad1b,H0454,5.8,2016-01-25,traveloka
Uac8fa35c35a0,H0542,4.8,2016-01-26,traveloka
Udaa955c5159f,H0454,6.1,2016-01-26,traveloka
Uf9b612b43379,H0271,6.2,2016-01-27,traveloka
Ua9e839da5ce1,H0272,8.8,2016-01-28,traveloka
Ud6e8af5b890c,H0499,9.1,2016-01-28,traveloka
Ucdf99a0cd2b0,H0414,6.1,2016-01-30,traveloka
U05450ba5430a,H0331,5.9,2016-01-31,traveloka
U9b5ef9675ffe,H0425,8.5,2016-01-31,traveloka
Ua40d1b9c9dcf,H0535,9.7,2016-01-31,traveloka
U0496458462e0,H0403,7.0,2016-02-01,ivivu
U4c85c37385da,H0101,5.5,2016-02-01,traveloka
U6058695c187f,H0232,9.1,2016-02-01,traveloka
U776cb7b66cc9,H0348,7.0,2016-02-01,ivivu
U987ed9e02970,H0233,10.0,2016-02-01,traveloka
U27eea115f315,H0328,6.0,2016-02-02,traveloka
U697a40701069,H0304,8.8,2016-02-02,traveloka
Uc4c9b785714c,H0487,5.8,2016-02-02,traveloka
Udc1d09dfa526,H0394,4.8,2016-02-02,traveloka
Ub116ed9431ff,H0383,8.5,2016-02-03,traveloka
U0c97ebb5cbf7,H0232,6.0,2016-02-04,traveloka
Uae43a1c16f19,H0107,8.5,2016-02-05,traveloka
Ucd9b06271443,H0284,7.0,2016-02-05,ivivu
Ucc4a922df0bb,H0419,5.4,2016-02-06,traveloka
U5ab48ccf706c,H0299,7.5,2016-02-07,ivivu
U5aca643e0a7e,H0434,6.0,2016-02-07,traveloka
U721f27459cc3,H0032,6.0,2016-02-07,traveloka
Ufbdd033f7fd0,H0551,6.4,2016-02-08,traveloka
U113754f70354,H0299,7.0,2016-02-09,ivivu
U2e426c97610b,H0460,7.5,2016-02-09,ivivu
U3da8bb46e96b,H0140,7.0,2016-02-09,ivivu
U47e9ed6b053a,H0107,7.0,2016-02-09,ivivu
U577306d16590,H0138,5.0,2016-02-09,ivivu
U5be773a5e6b8,H0107,5.0,2016-02-09,ivivu
U6dbb4301b696,H0254,7.0,2016-02-09,ivivu
Ub0aa28b8f180,H0273,9.0,2016-02-09,ivivu
Uded92e0a9fa0,H0548,5.0,2016-02-09,ivivu
Ue3f9e494876d,H0414,7.0,2016-02-09,ivivu
Ue77a90d445b8,H0178,6.0,2016-02-09,traveloka
Ufb76bf2860ce,H0254,6.0,2016-02-09,ivivu
U186b81c23da5,H0262,9.1,2016-02-10,traveloka
Ucb0439ea9379,H0446,9.7,2016-02-10,traveloka
U995f3cb16eb7,H0300,9.0,2016-02-11,ivivu
Ud88288aaf15e,H0296,9.0,2016-02-11,ivivu
Uff2aaac3c94f,H0521,6.0,2016-02-11,traveloka
U057fcf5425ca,H0056,10.0,2016-02-12,ivivu
U118dc9ce1388,H0485,8.4,2016-02-12,traveloka
U6c88dd40e706,H0309,9.0,2016-02-12,ivivu
U79362ecaf074,H0106,9.5,2016-02-12,ivivu
U8750a16c9b9b,H0188,7.0,2016-02-12,ivivu
Ue09baac80581,H0048,10.0,2016-02-12,ivivu
Ue6518586b314,H0461,10.0,2016-02-12,traveloka
U447e303c5c86,H0272,4.8,2016-02-14,traveloka
Uc60da11cfa6e,H0238,6.0,2016-02-14,traveloka
Ueae1ad4cd586,H0523,9.7,2016-02-14,traveloka
U47a0bf4af17d,H0478,8.5,2016-02-15,traveloka
Ua53d49a1bc2a,H0331,9.7,2016-02-15,traveloka
Ube0b92b779e0,H0032,9.7,2016-02-15,traveloka
U48042cfdcecc,H0404,6.8,2016-02-16,traveloka
U4a252fda66ca,H0366,8.5,2016-02-16,traveloka
U901a91381ede,H0488,6.0,2016-02-16,traveloka
U1561549cf6c7,H0232,8.5,2016-02-17,traveloka
U2c6f3ec4d01e,H0394,8.5,2016-02-18,traveloka
U9c96f373dba5,H0331,6.1,2016-02-18,traveloka
U592334520bf5,H0540,6.0,2016-02-19,traveloka
U635677f0faf5,H0002,9.7,2016-02-20,traveloka
U7a79c1638d50,H0294,9.4,2016-02-20,traveloka
Ue5827ecfd2b2,H0452,10.0,2016-02-20,traveloka
Uf5c8ed861553,H0085,6.0,2016-02-20,traveloka
U6f285070ca43,H0216,5.9,2016-02-21,traveloka
U62821faaf31b,H0162,9.1,2016-02-22,traveloka
U7a83887eb9ec,H0495,6.0,2016-02-22,traveloka
Ua70d6cc8c74b,H0232,6.4,2016-02-22,traveloka
U19591d01e048,H0485,5.8,2016-02-24,traveloka
U28172820ff33,H0439,7.5,2016-02-24,traveloka
U916256783b52,H0123,6.3,2016-02-24,traveloka
U1e30de0a5d66,H0467,4.8,2016-02-25,traveloka
U5f37ca62185e,H0485,6.1,2016-02-25,traveloka
Ub4fa1bcf456b,H0107,8.2,2016-02-25,traveloka
U4da22644e9d5,H0461,10.0,2016-02-26,traveloka
U4eb3352fff50,H0448,10.0,2016-02-26,traveloka
U63bcfede3ebd,H0331,9.4,2016-02-26,traveloka
U8840d87d1061,H0336,8.5,2016-02-26,traveloka
Ub9b43c70fe83,H0249,9.4,2016-02-26,traveloka
Uc082cebfe183,H0452,8.5,2016-02-26,traveloka
U6602382a13a1,H0414,9.7,2016-02-28,traveloka
Ua743392238b0,H0414,5.8,2016-02-28,traveloka
Ud530989c4184,H0439,8.5,2016-02-28,traveloka
U34118b22b3fd,H0178,5.1,2016-02-29,traveloka
U6156734cc45f,H0175,6.0,2016-02-29,traveloka
U94a9981b8bc8,H0181,8.4,2016-02-29,traveloka
U96231d611a7d,H0311,5.9,2016-02-29,traveloka
U9a5bc46f740a,H0496,9.7,2016-02-29,traveloka
U333dc61d1be5,H0336,8.5,2016-03-01,traveloka
Uaf349b705604,H0280,9.0,2016-03-01,ivivu
Ufc007f5fa489,H0404,9.7,2016-03-01,traveloka
U02cf03d6a240,H0182,5.4,2016-03-02,traveloka
U6e4a45af8a2b,H0485,9.1,2016-03-02,traveloka
U096ee90f2dac,H0382,10.0,2016-03-03,traveloka
Ufc850b0903f5,H0336,8.8,2016-03-03,traveloka
U0fbe8c0065c2,H0123,10.0,2016-03-04,traveloka
U281d39dcb3d6,H0478,6.3,2016-03-04,traveloka
U0c024ce09c1a,H0499,8.5,2016-03-05,traveloka
Ua3db00654ca5,H0439,9.7,2016-03-05,traveloka
Ue262e3d54178,H0551,6.2,2016-03-05,traveloka
Ue3ca6f5b5bf7,H0105,9.4,2016-03-05,traveloka
U9deb26de64b9,H0304,8.5,2016-03-06,traveloka
Uba1ddc0acdc8,H0557,5.9,2016-03-06,traveloka
Ud846eec7b3a4,H0188,7.5,2016-03-06,ivivu
Uc09e581aa9e9,H0159,5.7,2016-03-07,traveloka
U281e32d55a14,H0101,6.4,2016-03-08,traveloka
U876d7d09410b,H0521,5.2,2016-03-08,traveloka
Udf79a190145f,H0296,7.0,2016-03-08,ivivu
U13af29dee732,H0548,7.0,2016-03-09,ivivu
U406835ad0efc,H0521,9.4,2016-03-09,traveloka
Ub9b87d799707,H0195,6.2,2016-03-09,traveloka
U0abbb0960674,H0462,6.2,2016-03-10,traveloka
U1c77f50a60b8,H0032,9.7,2016-03-10,traveloka
U608048973bd0,H0299,9.0,2016-03-10,ivivu
U19c5ad4cabd3,H0296,7.0,2016-03-11,ivivu
U2b19f9a5fc08,H0111,9.7,2016-03-11,traveloka
U2dbafae70e59,H0301,7.0,2016-03-11,ivivu
U51e843464940,H0259,7.0,2016-03-11,ivivu
Ue59e6858033c,H0259,7.5,2016-03-11,ivivu
Uf57a18241370,H0309,7.0,2016-03-11,ivivu
U37de833a448d,H0181,9.7,2016-03-12,traveloka
U48c040789a19,H0232,5.3,2016-03-12,traveloka
U577306d16590,H0336,6.0,2016-03-12,traveloka
U68f10dc1a40e,H0266,10.0,2016-03-12,ivivu
Uae43a1c16f19,H0454,6.0,2016-03-12,traveloka
Ub53b40668c44,H0122,8.5,2016-03-12,traveloka
U5eee0df3dac0,H0107,5.2,2016-03-13,traveloka
Ucf13a698afe6,H0336,9.3,2016-03-14,traveloka
U6156734cc45f,H0516,8.5,2016-03-15,traveloka
Ua099655f939e,H0496,10.0,2016-03-15,traveloka
Ucbfac23f8531,H0557,9.4,2016-03-15,traveloka
Uef35cb793711,H0364,7.0,2016-03-15,traveloka
U6156734cc45f,H0092,10.0,2016-03-16,traveloka
Uae43a1c16f19,H0427,9.7,2016-03-16,traveloka
Uae43a1c16f19,H0195,8.5,2016-03-17,traveloka
U47bc1e1ea2bd,H0534,6.2,2016-03-18,traveloka
U9451caa9cd73,H0516,6.0,2016-03-18,traveloka
U890a74179d6b,H0182,5.7,2016-03-20,traveloka
Uc07e9acad84c,H0272,10.0,2016-03-20,traveloka
U7abb98a9731e,H0535,9.7,2016-03-21,traveloka
U4eb0a964f778,H0262,9.7,2016-03-22,traveloka
U73402d5f4bf0,H0331,8.5,2016-03-22,traveloka
U80ac8749b873,H0002,6.0,2016-03-22,traveloka
U95c6cee8f48c,H0385,6.8,2016-03-22,traveloka
Ud39d1962835b,H0495,8.5,2016-03-22,traveloka
Uef35cb793711,H0499,9.4,2016-03-22,traveloka
U1039403c2ecc,H0439,5.6,2016-03-23,traveloka
Uac8fa35c35a0,H0311,8.8,2016-03-23,traveloka
Ue1128c071c26,H0075,6.0,2016-03-23,traveloka
U4080163a6659,H0304,6.4,2016-03-26,traveloka
U67c67fc7e89e,H0249,6.0,2016-03-26,traveloka
U9c315f9d7716,H0195,5.7,2016-03-27,traveloka
U5c85a0e89d9b,H0547,8.5,2016-03-28,traveloka
Ueee8dd81a7a1,H0147,6.2,2016-03-28,traveloka
Uffb70e2b3dc7,H0311,10.0,2016-03-28,traveloka
U8e2b526dd8f0,H0414,7.3,2016-03-30,traveloka
U6b37eede54c7,H0272,8.5,2016-03-31,traveloka
Uddf88e015ee6,H0272,5.9,2016-03-31,traveloka
U42cd8339ae4a,H0123,10.0,2016-04-01,traveloka
U44db5c3d1c90,H0009,4.8,2016-04-01,traveloka
U7e1dfbe42120,H0433,9.4,2016-04-01,traveloka
U852d66b57dc1,H0536,10.0,2016-04-01,ivivu
U928552760604,H0296,9.0,2016-04-01,ivivu
Uac8fa35c35a0,H0324,6.0,2016-04-01,traveloka
Ubd2296e40cd4,H0511,9.0,2016-04-01,ivivu
Ufea38cdcf292,H0233,9.4,2016-04-01,traveloka
U3ebd90487cb9,H0523,10.0,2016-04-03,traveloka
Uabbad94290fb,H0336,6.4,2016-04-03,traveloka
Ube5006e6dd5d,H0074,6.0,2016-04-03,traveloka
Ud9c8b6678f59,H0558,10.0,2016-04-03,traveloka
U16d63dfb6d6a,H0328,9.4,2016-04-04,traveloka
U447ef1a9d618,H0516,6.0,2016-04-04,traveloka
U4769a75c4a63,H0446,8.8,2016-04-04,traveloka
U61cec21633cf,H0376,9.7,2016-04-04,traveloka
U8627933ee1e1,H0414,6.0,2016-04-04,traveloka
U2b12dd6afbda,H0433,6.1,2016-04-05,traveloka
U727e2c6e78e5,H0126,6.0,2016-04-05,traveloka
U960d4fbe127c,H0507,8.5,2016-04-05,traveloka
Ua98e2d9c004a,H0009,5.8,2016-04-05,traveloka
Ud9c067c85adb,H0304,5.4,2016-04-05,traveloka
U28586c0e2109,H0535,10.0,2016-04-06,traveloka
Uc349f2ce9069,H0315,7.0,2016-04-06,ivivu
Udb53b7822867,H0089,6.2,2016-04-06,traveloka
Ue36a08736698,H0534,9.4,2016-04-06,traveloka
Uf26e30a90f10,H0159,10.0,2016-04-06,traveloka
U409e9ab352ab,H0167,7.0,2016-04-08,ivivu
U652610b6e37a,H0046,10.0,2016-04-08,ivivu
Uca9f8dfd2aeb,H0311,5.4,2016-04-08,traveloka
Udeafdec50484,H0338,7.5,2016-04-08,ivivu
U4f72e4beb176,H0259,7.0,2016-04-09,ivivu
U84f3905c4e7c,H0272,6.6,2016-04-09,traveloka
U9deb26de64b9,H0284,8.0,2016-04-09,ivivu
U0a76a5270bfd,H0328,8.5,2016-04-10,traveloka
U3085b05b05f6,H0059,8.8,2016-04-10,traveloka
U3cfb366ceb5c,H0175,6.5,2016-04-10,traveloka
U445ec0715ad3,H0348,6.0,2016-04-10,ivivu
U7a9e710ced89,H0324,8.8,2016-04-10,traveloka
U17250b769f23,H0254,7.0,2016-04-11,ivivu
U41afa59bc0c2,H0173,9.0,2016-04-11,ivivu
U6666bb6f5cff,H0259,7.0,2016-04-11,ivivu
U6fb7a9a00cb2,H0259,9.0,2016-04-11,ivivu
U72b0887c0bcc,H0301,6.0,2016-04-11,ivivu
U7fba53a74812,H0106,8.0,2016-04-11,ivivu
U937a4f2f86e1,H0254,7.0,2016-04-11,ivivu
U9deb26de64b9,H0175,6.2,2016-04-11,traveloka
Ubb0ad2caa7c6,H0225,6.2,2016-04-11,traveloka
U29af66105052,H0478,10.0,2016-04-12,traveloka
Uc5812797846f,H0396,4.8,2016-04-12,traveloka
Uda067a17ef36,H0056,9.0,2016-04-12,ivivu
U17a1fbd2dec2,H0523,6.8,2016-04-13,traveloka
U4202bbfb77ef,H0336,8.5,2016-04-14,traveloka
U9deb26de64b9,H0232,10.0,2016-04-14,traveloka
U10b36e877674,H0383,6.5,2016-04-15,traveloka
U342a5be951dc,H0425,9.1,2016-04-15,traveloka
U461aa62a6da6,H0107,9.7,2016-04-16,traveloka
Uca5116c49e94,H0542,6.7,2016-04-16,traveloka
Ud4e57eaf3d45,H0529,9.3,2016-04-16,traveloka
U9cdff5f86c3f,H0232,7.2,2016-04-17,traveloka
Ua933f7934422,H0479,9.7,2016-04-17,traveloka
U704c66009c2a,H0232,5.8,2016-04-19,traveloka
U3db308345e4d,H0215,9.4,2016-04-20,traveloka
Ud488cc4bf4fd,H0523,6.0,2016-04-20,traveloka
U04752e4a31e5,H0271,8.5,2016-04-22,traveloka
Uc6191e7f8926,H0465,9.7,2016-04-22,traveloka
Uba112efca875,H0479,6.9,2016-04-23,traveloka
U07a9868a9b0e,H0233,9.7,2016-04-24,traveloka
U1d277b036786,H0311,6.3,2016-04-24,traveloka
Ub86d2705b5f7,H0051,6.1,2016-04-24,traveloka
U62615f10589d,H0290,6.0,2016-04-25,traveloka
U15f3c406b583,H0182,6.0,2016-04-26,traveloka
U5c742fd8422b,H0324,5.2,2016-04-26,traveloka
U74c114c6b433,H0065,5.8,2016-04-26,traveloka
U6da300b0493a,H0376,4.5,2016-04-27,traveloka
Ued3b997ef713,H0369,5.7,2016-04-27,traveloka
Uf1b01b72cc74,H0521,5.5,2016-04-27,traveloka
Uf4b28150ba5f,H0383,6.0,2016-04-27,traveloka
U361391c4bfb9,H0001,10.0,2016-04-29,traveloka
U9deb26de64b9,H0253,7.5,2016-04-29,ivivu
U210975ccc06d,H0294,10.0,2016-04-30,traveloka
U71f1ea98a64f,H0188,7.0,2016-04-30,ivivu
U9a7c25e9773a,H0052,8.5,2016-04-30,traveloka
Ua099655f939e,H0547,9.1,2016-04-30,traveloka
Ud350b967add3,H0101,9.4,2016-04-30,traveloka
Uf57a18241370,H0473,10.0,2016-05-01,ivivu
U12be79bc94f3,H0535,9.7,2016-05-03,traveloka
Uda75ce37e45d,H0182,8.5,2016-05-03,traveloka
U393ecdc79e4a,H0523,10.0,2016-05-05,traveloka
Uc3dff739585d,H0412,9.1,2016-05-05,traveloka
Ufeff995d8d56,H0304,5.7,2016-05-05,traveloka
Ua9f0f10c34ae,H0382,6.3,2016-05-06,traveloka
U0653b901d301,H0336,6.0,2016-05-07,traveloka
U42d2ad3dc9f1,H0551,8.5,2016-05-07,traveloka
Uc0ea72c4f37b,H0439,9.1,2016-05-07,traveloka
Uc940dbc9c331,H0168,8.0,2016-05-07,ivivu
Uefc279d23c3e,H0123,7.0,2016-05-07,traveloka
U046912319d9e,H0056,9.0,2016-05-08,ivivu
U3e745aee42e5,H0499,9.7,2016-05-08,traveloka
U4ff7a353fb93,H0413,7.0,2016-05-08,traveloka
U652610b6e37a,H0273,9.0,2016-05-08,ivivu
U652610b6e37a,H0299,6.0,2016-05-08,ivivu
U8cc77a9d302b,H0300,10.0,2016-05-08,ivivu
U8d5de78da69f,H0473,7.0,2016-05-08,ivivu
Uac8fa35c35a0,H0309,7.0,2016-05-08,ivivu
Uae43a1c16f19,H0502,6.0,2016-05-08,ivivu
Ufc5e408447a7,H0233,7.0,2016-05-08,ivivu
U078477765ef9,H0544,9.7,2016-05-09,traveloka
U1542a982bf87,H0085,9.7,2016-05-09,traveloka
U409fff6d5e6d,H0474,7.0,2016-05-09,ivivu
U155dea64e4c5,H0454,8.5,2016-05-10,traveloka
U1915dcff3f34,H0272,9.0,2016-05-10,ivivu
U1e84baf9b7e4,H0382,6.5,2016-05-10,traveloka
U137be1c111ea,H0188,8.5,2016-05-11,ivivu
U1d39c48d3743,H0259,8.0,2016-05-11,ivivu
U9deb26de64b9,H0545,7.0,2016-05-11,ivivu
Ub9f661588459,H0454,6.0,2016-05-12,traveloka
U3316a1553848,H0123,6.0,2016-05-13,traveloka
U54802ef267e4,H0147,8.8,2016-05-13,traveloka
U1b9aba67387a,H0284,9.0,2016-05-14,ivivu
U283f742ce58f,H0064,8.4,2016-05-14,traveloka
U342e1dcac355,H0449,6.2,2016-05-14,traveloka
U4a7a8da58752,H0303,7.0,2016-05-14,ivivu
U51b4e37f5892,H0181,9.7,2016-05-14,traveloka
U8de53a5c7d44,H0227,9.7,2016-05-14,traveloka
Ucce600810889,H0454,6.0,2016-05-14,traveloka
U1121a4900a5d,H0448,8.5,2016-05-15,traveloka
U74b4a217e406,H0299,8.0,2016-05-15,ivivu
U1d333f91e224,H0452,6.0,2016-05-16,traveloka
U88560c97702b,H0499,6.0,2016-05-16,traveloka
U2b1f265c2b64,H0535,9.0,2016-05-18,traveloka
U6cc3bd2d7abb,H0516,6.3,2016-05-18,traveloka
Ub3e5efa3ab08,H0159,6.0,2016-05-18,traveloka
Ufd110c054b5d,H0032,6.0,2016-05-18,traveloka
U3902be82ad55,H0107,5.5,2016-05-19,traveloka
Uf7f415104f4d,H0336,10.0,2016-05-19,traveloka
U2bceaf884849,H0334,5.8,2016-05-20,traveloka
U0f33e833922c,H0101,6.0,2016-05-21,traveloka
Ufe49039ea119,H0311,6.9,2016-05-21,traveloka
U4db1dabb4513,H0107,9.7,2016-05-23,traveloka
Ued1da630a9b8,H0521,8.8,2016-05-23,traveloka
U078477765ef9,H0414,9.7,2016-05-24,traveloka
U6115c6085efc,H0373,9.7,2016-05-24,traveloka
U6323a67aedc1,H0542,6.0,2016-05-24,traveloka
Uc92412dddc7c,H0446,8.5,2016-05-24,traveloka
Ud6c4be95f3aa,H0382,7.2,2016-05-25,traveloka
Ufd177b4b9067,H0542,5.5,2016-05-25,traveloka
U0375a50e5bc6,H0456,9.7,2016-05-26,traveloka
Ud08f50778b2e,H0107,9.7,2016-05-26,traveloka
U222f91b7c461,H0394,8.5,2016-05-27,traveloka
Ub163ebd7882e,H0454,6.0,2016-05-27,traveloka
Uac8fa35c35a0,H0521,5.2,2016-05-28,traveloka
U20c464b766f1,H0159,5.1,2016-05-29,traveloka
Ud628688f4862,H0299,9.0,2016-05-29,ivivu
U4c420b5600c8,H0535,8.5,2016-05-30,traveloka
U936a5cd4954b,H0427,7.3,2016-05-30,traveloka
U02089ebb7c08,H0162,9.1,2016-05-31,traveloka
U283d77235d4c,H0473,8.0,2016-06-01,ivivu
U4b367c2a58d4,H0315,6.8,2016-06-02,traveloka
Ub316660cedb0,H0064,6.0,2016-06-02,traveloka
U84d0e8712941,H0385,5.1,2016-06-03,traveloka
U8809ab0e4042,H0159,6.0,2016-06-03,traveloka
Uec7973f76b62,H0001,5.8,2016-06-03,traveloka
U9d5145f6755f,H0181,8.4,2016-06-04,traveloka
U7d16f5088a6a,H0105,8.5,2016-06-05,traveloka
U99c75acefd08,H0412,6.3,2016-06-05,traveloka
Uf726c0e271d9,H0126,10.0,2016-06-05,traveloka
U235b141657b6,H0439,9.1,2016-06-06,traveloka
U3b5d32d77571,H0162,9.7,2016-06-06,traveloka
U942b6057c387,H0168,8.0,2016-06-07,ivivu
U9deb26de64b9,H0521,9.7,2016-06-07,traveloka
Ua7beaa8dc6a5,H0299,5.0,2016-06-07,ivivu
U0fbe8c0065c2,H0268,10.0,2016-06-08,ivivu
U846da8b2a753,H0409,7.0,2016-06-08,ivivu
Ue1b90abbdfc4,H0169,9.0,2016-06-08,ivivu
Ue991b70a8fac,H0403,6.0,2016-06-08,ivivu
Uf34e0b86e1c6,H0233,5.0,2016-06-08,ivivu
U32133f20ba3c,H0232,6.0,2016-06-09,traveloka
U333dc61d1be5,H0284,7.0,2016-06-09,ivivu
U6611b610413a,H0557,9.4,2016-06-09,traveloka
Uc7c9487d4402,H0296,9.0,2016-06-09,ivivu
U61c40f989660,H0382,10.0,2016-06-10,traveloka
U673e94d5d99c,H0106,7.0,2016-06-10,ivivu
U83025f422717,H0516,6.3,2016-06-10,traveloka
Uc75194e97fac,H0304,9.0,2016-06-10,ivivu
Ue327a37dab57,H0417,8.5,2016-06-10,traveloka
U37778183a082,H0107,8.5,2016-06-12,traveloka
U3eea3238d2e6,H0056,9.0,2016-06-12,ivivu
U3fae8d393f6d,H0521,6.0,2016-06-13,traveloka
U5c6f46cab5c5,H0516,6.6,2016-06-13,traveloka
U704c66009c2a,H0311,8.5,2016-06-13,traveloka
U8dbdd860289a,H0230,6.7,2016-06-14,traveloka
Ue29f69035ce9,H0175,8.5,2016-06-14,traveloka
Ucfb9272a71d7,H0478,9.1,2016-06-15,traveloka
Ue81907971cb7,H0523,10.0,2016-06-16,traveloka
Ued36d90aae62,H0281,5.5,2016-06-16,traveloka
U2c6aef2d311f,H0550,5.8,2016-06-17,traveloka
U828a0d301f6e,H0499,5.5,2016-06-17,traveloka
U329f9481ce2e,H0009,6.5,2016-06-19,traveloka
U74a3202d2805,H0529,9.7,2016-06-19,traveloka
Ud6e8af5b890c,H0072,5.4,2016-06-20,traveloka
Ufabffce179b9,H0101,4.8,2016-06-20,traveloka
Ue96793526d5f,H0215,6.0,2016-06-21,traveloka
U2ab6a5938cb2,H0136,9.4,2016-06-22,traveloka
U77c1a4e62696,H0111,6.1,2016-06-23,traveloka
Ue220a0dbccda,H0519,8.5,2016-06-23,traveloka
U72a31a35b4f4,H0107,8.5,2016-06-24,traveloka
Ud7bfb5ade081,H0433,6.3,2016-06-24,traveloka
U68f435bcb37d,H0324,9.7,2016-06-25,traveloka
Uc4faac99f30a,H0419,5.1,2016-06-25,traveloka
Ue943e97f4e81,H0107,5.6,2016-06-25,traveloka
U18afbffdcede,H0454,8.5,2016-06-26,traveloka
U6156734cc45f,H0465,7.0,2016-06-26,traveloka
Ud646021615ae,H0123,5.4,2016-06-26,traveloka
U6156734cc45f,H0272,10.0,2016-06-27,traveloka
U6c0b8d570e44,H0532,6.9,2016-06-27,traveloka
U85131b81ced8,H0439,10.0,2016-06-27,ivivu
U92f6329c9cb0,H0336,5.1,2016-06-27,traveloka
Ue50ab485a456,H0544,6.6,2016-06-28,traveloka
Ue84309a0b1f1,H0433,8.5,2016-06-28,traveloka
Ufa880cf3f4d0,H0336,6.0,2016-06-28,traveloka
Ucca5196b6175,H0507,8.5,2016-06-29,traveloka
Ufa178ce9ab32,H0529,9.7,2016-06-29,traveloka
U1096c65896b0,H0417,7.2,2016-06-30,traveloka
U547715c1f9d4,H0304,6.3,2016-06-30,traveloka
U740d1eddf44a,H0534,6.0,2016-06-30,traveloka
Uefda8b8ede5c,H0354,9.4,2016-06-30,traveloka
U22150534d603,H0260,7.0,2016-07-01,ivivu
U3cb9d28db818,H0417,8.5,2016-07-01,traveloka
U467acd31917b,H0296,7.0,2016-07-01,ivivu
U4c51b7fcd4e0,H0123,9.7,2016-07-03,traveloka
Ud1bef89cfded,H0535,6.0,2016-07-04,traveloka
Ud4714c064dd2,H0249,6.1,2016-07-04,traveloka
U0a94677c6ebe,H0304,5.8,2016-07-05,traveloka
Ua28259e54ffb,H0509,5.8,2016-07-05,traveloka
U6bb0581a4ebd,H0439,7.0,2016-07-07,ivivu
U8182cc7382bf,H0523,5.4,2016-07-07,traveloka
Ua865218746ba,H0336,5.9,2016-07-07,traveloka
U2e2aae7ccb81,H0545,7.0,2016-07-08,ivivu
U4903ae39454b,H0431,10.0,2016-07-08,ivivu
U8bad98849b79,H0535,8.8,2016-07-08,traveloka
Ucdc1abbd00b3,H0252,6.0,2016-07-08,ivivu
U5780a7d2010b,H0259,9.0,2016-07-09,ivivu
Ued473848a6c1,H0126,10.0,2016-07-09,traveloka
U5fed7ec81c9f,H0347,5.1,2016-07-10,traveloka
U7a6e66b63014,H0516,8.5,2016-07-10,traveloka
U858f8b40fc2d,H0162,9.7,2016-07-10,traveloka
Uac8fa35c35a0,H0447,6.0,2016-07-10,ivivu
Ubf6be2b50bc1,H0284,6.0,2016-07-10,ivivu
U0a8937403e8e,H0369,9.4,2016-07-11,traveloka
Uf6157e10b7ea,H0072,5.4,2016-07-11,traveloka
Ubae4e1e583bb,H0366,10.0,2016-07-12,traveloka
Uf8c43eda8f69,H0336,8.5,2016-07-12,traveloka
U052577e62bc0,H0331,9.7,2016-07-14,traveloka
U500732c1e7dd,H0439,9.7,2016-07-14,traveloka
Uba798aa78794,H0311,9.7,2016-07-14,traveloka
Ud31580178d1c,H0294,9.7,2016-07-15,traveloka
Ue5704314503a,H0384,8.5,2016-07-15,traveloka
U53920395fa07,H0439,8.0,2016-07-17,ivivu
U75888ffda735,H0518,10.0,2016-07-17,ivivu
U8c6453ee64fd,H0329,6.2,2016-07-17,traveloka
Uebebe2faf6a2,H0411,5.4,2016-07-17,traveloka
U6156734cc45f,H0191,8.5,2016-07-18,traveloka
U7e450d331686,H0290,9.7,2016-07-19,traveloka
U8c3a5b895f3a,H0485,6.0,2016-07-19,traveloka
Ubb1b97eff995,H0399,6.0,2016-07-19,traveloka
U5572e0dc483a,H0272,6.5,2016-07-20,traveloka
U82307cf5a136,H0032,9.7,2016-07-20,traveloka
U838d463a532a,H0311,9.4,2016-07-20,traveloka
U6a1e718331c3,H0550,8.7,2016-07-21,traveloka
U6dbb4301b696,H0336,6.9,2016-07-22,traveloka
U0434e303453e,H0002,5.7,2016-07-25,traveloka
U6d2bb047064c,H0456,5.2,2016-07-25,traveloka
Uaed07bd79edf,H0535,9.4,2016-07-25,traveloka
U957ececc412b,H0485,6.1,2016-07-26,traveloka
U111af131686e,H0111,8.8,2016-07-27,traveloka
U118dc9ce1388,H0485,9.7,2016-07-27,traveloka
U42d2ad3dc9f1,H0427,9.7,2016-07-27,traveloka
U62643e9a2fea,H0041,8.8,2016-07-27,traveloka
U8bb22f36a924,H0516,8.5,2016-07-28,traveloka
Uedfce8310a17,H0540,6.4,2016-07-28,traveloka
U3c12a6c53d54,H0162,8.5,2016-07-29,traveloka
U7b43d8be2f7d,H0107,8.5,2016-07-29,traveloka
Uae43a1c16f19,H0521,9.4,2016-07-29,traveloka
U5eee0df3dac0,H0105,5.4,2016-07-30,traveloka
U63dd838a90e4,H0232,7.0,2016-07-30,ivivu
U9d2facdd1c99,H0335,9.7,2016-07-30,traveloka
U065eace5e341,H0262,6.3,2016-07-31,traveloka
U1096c65896b0,H0283,10.0,2016-07-31,ivivu
U163316d7c605,H0481,7.0,2016-07-31,ivivu
U6193595df6e3,H0167,8.0,2016-07-31,ivivu
U721f27459cc3,H0271,9.7,2016-07-31,traveloka
Ua97268bdc1bc,H0224,7.0,2016-07-31,ivivu
Ub316660cedb0,H0309,7.0,2016-07-31,ivivu
Ucb8b0596da83,H0521,9.1,2016-07-31,traveloka
Ufcb719c131cb,H0262,8.7,2016-07-31,traveloka
U3b51d05b5a5b,H0542,6.0,2016-08-01,traveloka
Uaf2d07030b0c,H0287,7.0,2016-08-01,ivivu
Ufa8a962f450b,H0175,6.0,2016-08-01,traveloka
Uae43a1c16f19,H0373,6.3,2016-08-02,traveloka
U386d64261bd4,H0262,10.0,2016-08-03,traveloka
Ued50f427bb97,H0507,9.7,2016-08-03,traveloka
Uf573c88a740a,H0495,8.0,2016-08-03,traveloka
U6156734cc45f,H0523,9.4,2016-08-05,traveloka
U7066ca03abf2,H0117,8.4,2016-08-05,traveloka
U88be26a9a7dd,H0414,8.5,2016-08-05,traveloka
Ud3331afbb2ee,H0232,6.0,2016-08-05,traveloka
U81d7ace95551,H0159,8.8,2016-08-06,traveloka
Ue4cd5c19669e,H0439,6.0,2016-08-07,ivivu
U046912319d9e,H0425,9.7,2016-08-08,traveloka
U2a6b0285525f,H0022,7.0,2016-08-08,ivivu
U42d2ad3dc9f1,H0259,7.5,2016-08-08,ivivu
Uc350d4536921,H0225,8.8,2016-08-08,traveloka
U7294ef99eece,H0022,7.0,2016-08-09,ivivu
U9059b9308e49,H0448,9.7,2016-08-09,traveloka
Uc3f2e99ffde9,H0462,8.8,2016-08-09,traveloka
Ud9f82536e8c2,H0126,8.5,2016-08-09,traveloka
U0bc874bb31a8,H0083,7.5,2016-08-10,ivivu
U3a07e57f545c,H0300,6.5,2016-08-10,ivivu
U51d83ed9cb33,H0479,10.0,2016-08-10,traveloka
U5678c4508876,H0254,7.0,2016-08-10,ivivu
U62821faaf31b,H0336,5.1,2016-08-10,traveloka
U704c66009c2a,H0336,6.3,2016-08-10,traveloka
Ua0e53a11a674,H0048,9.0,2016-08-10,ivivu
Ua51af3dde9d0,H0294,5.2,2016-08-10,traveloka
U3c12a6c53d54,H0510,8.5,2016-08-11,traveloka
U7144b3a5aa42,H0439,8.5,2016-08-11,traveloka
Ud1482684ee2a,H0085,9.4,2016-08-11,traveloka
U6b5af99a82ad,H0548,7.0,2016-08-13,ivivu
U7c576fde4e96,H0289,7.0,2016-08-13,ivivu
U9ea158110822,H0487,6.6,2016-08-13,traveloka
Ub584fd451572,H0233,8.0,2016-08-13,ivivu
Uf8af675202cb,H0296,7.0,2016-08-13,ivivu
U2e7ad8cec4f2,H0304,7.5,2016-08-14,ivivu
U9f6bf52366a1,H0507,8.8,2016-08-14,traveloka
Ub84809e71410,H0191,9.4,2016-08-14,traveloka
Ube55ef869f49,H0299,7.0,2016-08-14,ivivu
Uec1d07d93765,H0233,9.0,2016-08-14,ivivu
Uf134cc1b74f8,H0518,7.0,2016-08-14,ivivu
U3d71a5a14601,H0101,9.7,2016-08-15,traveloka
U4ddc3d1c2cbc,H0255,7.0,2016-08-15,ivivu
U652610b6e37a,H0305,9.0,2016-08-15,ivivu
U8cc77a9d302b,H0432,9.0,2016-08-15,ivivu
U9deb26de64b9,H0432,9.0,2016-08-15,ivivu
U16f4ac83bd96,H0419,10.0,2016-08-16,traveloka
U6b8bb52ccfb5,H0446,9.7,2016-08-16,traveloka
U9f05306fb6c7,H0166,9.7,2016-08-16,traveloka
U6be42fc14ef3,H0467,7.1,2016-08-17,traveloka
Uade6b912060b,H0105,6.4,2016-08-17,traveloka
Uc6f01d3def18,H0111,6.0,2016-08-17,traveloka
U1b13fe0a5738,H0286,9.0,2016-08-18,ivivu
U1ec90b9c753d,H0022,7.0,2016-08-18,ivivu
U6c0b8d570e44,H0026,9.0,2016-08-18,ivivu
U72bac272632c,H0296,7.0,2016-08-18,ivivu
U852d66b57dc1,H0247,7.5,2016-08-18,ivivu
Ua63cc81a8667,H0354,4.8,2016-08-18,traveloka
U304bf5750632,H0338,6.5,2016-08-19,ivivu
U6513cf8460bd,H0273,7.0,2016-08-19,ivivu
Ua5c6f0e207c7,H0307,9.0,2016-08-19,ivivu
Ube523cdb53c4,H0456,9.7,2016-08-19,traveloka
U1eec952d5c8c,H0439,8.4,2016-08-20,traveloka
U281e32d55a14,H0260,7.0,2016-08-20,ivivu
U399a5ae4658d,H0280,9.0,2016-08-20,ivivu
U51e843464940,H0286,5.0,2016-08-20,ivivu
U5a67cd12c455,H0425,10.0,2016-08-20,traveloka
U6f1ac07d1149,H0174,9.0,2016-08-20,ivivu
U9dd70143981f,H0334,5.1,2016-08-20,traveloka
Uae43a1c16f19,H0280,7.0,2016-08-20,ivivu
Ucf13a698afe6,H0344,9.7,2016-08-20,traveloka
Ud279ce2402d4,H0369,9.0,2016-08-20,ivivu
Ue09a71696079,H0260,7.0,2016-08-20,ivivu
U42d2ad3dc9f1,H0439,7.0,2016-08-21,ivivu
U577306d16590,H0039,6.9,2016-08-21,traveloka
U66c91f99f44a,H0259,7.0,2016-08-21,ivivu
U2b6a030721da,H0299,7.0,2016-08-22,ivivu
U539035931166,H0315,6.3,2016-08-22,traveloka
U6a6e757638ae,H0408,5.5,2016-08-22,traveloka
Udb53b7822867,H0247,8.0,2016-08-22,ivivu
U4fc82364083c,H0296,7.0,2016-08-23,ivivu
U537b41ab71a7,H0413,9.4,2016-08-23,traveloka
Ue447abb20ff5,H0542,4.8,2016-08-23,traveloka
U078477765ef9,H0454,9.7,2016-08-24,traveloka
U5dd897749e50,H0461,5.7,2016-08-24,traveloka
U86b9ab055de0,H0188,7.0,2016-08-24,ivivu
U1fa27d79c050,H0191,4.5,2016-08-25,traveloka
U42d74ae11996,H0009,6.0,2016-08-25,traveloka
U4321717ea1d8,H0260,7.0,2016-08-25,ivivu
U60621e066492,H0272,6.1,2016-08-25,traveloka
U6156734cc45f,H0030,8.0,2016-08-25,ivivu
U763b0da85837,H0346,6.2,2016-08-25,traveloka
Ua5c6f0e207c7,H0442,6.3,2016-08-25,traveloka
Ub0988e0a0e81,H0516,6.0,2016-08-25,traveloka
U0bafd6b0c352,H0079,7.5,2016-08-26,ivivu
U1bf64698f566,H0107,7.0,2016-08-26,ivivu
Ubf97459fc030,H0233,7.0,2016-08-26,ivivu
U17b80c7d556b,H0309,7.0,2016-08-27,ivivu
U2d3461fd493d,H0557,8.5,2016-08-27,traveloka
U42d2ad3dc9f1,H0422,10.0,2016-08-27,ivivu
U4f72e4beb176,H0259,9.0,2016-08-27,ivivu
U59434555b271,H0232,9.0,2016-08-27,ivivu
U702a50490da1,H0403,7.0,2016-08-27,ivivu
Uba9e3e69f4fb,H0348,6.0,2016-08-27,ivivu
Ued707f3d19da,H0196,6.0,2016-08-27,traveloka
U8ff39e5063c5,H0056,9.0,2016-08-28,ivivu
Ufc89573650e4,H0384,8.5,2016-08-28,traveloka
U417e594b6393,H0301,9.0,2016-08-29,ivivu
Ub316660cedb0,H0478,10.0,2016-08-29,traveloka
Ud043fdb4c2fe,H0445,5.5,2016-08-29,traveloka
Ud969434836f9,H0415,7.0,2016-08-29,ivivu
U316a6d47688a,H0523,5.6,2016-08-30,traveloka
U4ee42cf84712,H0315,4.5,2016-08-30,traveloka
U5772b226b1b0,H0247,7.0,2016-08-30,ivivu
U5aca643e0a7e,H0206,7.0,2016-08-30,ivivu
U5eef26143beb,H0376,8.8,2016-08-30,traveloka
U72748e48e7f9,H0107,6.1,2016-08-30,traveloka
Ufe7dc3abb382,H0206,7.0,2016-08-30,ivivu
U6a9cd1ee2dd0,H0454,5.2,2016-08-31,traveloka
Uc4b30beeb42a,H0404,9.0,2016-08-31,traveloka
U05adfa8ba5ee,H0309,7.0,2016-09-01,ivivu
U36eae7b366ff,H0026,9.0,2016-09-01,ivivu
U45764f44c185,H0474,9.0,2016-09-01,ivivu
U5863bd418f0c,H0280,7.0,2016-09-01,ivivu
U5982bb191493,H0366,6.8,2016-09-01,traveloka
U731e03f7bebb,H0311,5.8,2016-09-01,traveloka
U7a5c05a39489,H0260,7.0,2016-09-01,ivivu
Uae43a1c16f19,H0253,7.0,2016-09-01,ivivu
Uc970cf81dbfc,H0105,5.4,2016-09-01,traveloka
Ucda268d8269e,H0556,7.0,2016-09-01,ivivu
U671a5dab399e,H0446,6.4,2016-09-02,traveloka
Ubfe004857d23,H0516,6.0,2016-09-02,traveloka
U988ec0ade8f3,H0123,9.7,2016-09-03,traveloka
Ucd289ed18c69,H0430,9.0,2016-09-03,traveloka
Ucdd976f3cab8,H0101,8.5,2016-09-03,traveloka
Uf2be5e20a1f1,H0191,6.1,2016-09-03,traveloka
Ue5955e051854,H0284,7.0,2016-09-05,ivivu
Uff453ed7a407,H0414,5.1,2016-09-05,traveloka
Ud8a7abb5fb33,H0485,6.0,2016-09-07,traveloka
U417e594b6393,H0300,9.0,2016-09-09,ivivu
U5d9d11c9e7b1,H0296,7.0,2016-09-09,ivivu
U8eef2facf093,H0366,5.5,2016-09-09,traveloka
U9d545d5e52c4,H0259,7.0,2016-09-09,ivivu
Uc3c7cc3c4f0e,H0296,9.0,2016-09-09,ivivu
Ud3e5573593fc,H0299,7.0,2016-09-09,ivivu
U2d3461fd493d,H0216,10.0,2016-09-10,traveloka
U5f330b703a83,H0191,6.2,2016-09-10,traveloka
Ua7beaa8dc6a5,H0255,7.0,2016-09-10,ivivu
U8cc77a9d302b,H0022,8.0,2016-09-11,ivivu
Uefc6351e837f,H0296,7.5,2016-09-11,ivivu
Uf05fd455a70d,H0364,10.0,2016-09-11,ivivu
U032480bd4dd8,H0433,8.5,2016-09-12,traveloka
U9555dec63a46,H0440,10.0,2016-09-12,ivivu
Ud6e8af5b890c,H0181,9.7,2016-09-12,traveloka
Uf2a33ffd2ea4,H0328,6.0,2016-09-13,traveloka
U1c30d55906f2,H0311,6.8,2016-09-14,traveloka
U512c39b5bf44,H0259,7.0,2016-09-14,ivivu
U98a64821fd4c,H0521,5.1,2016-09-14,traveloka
Ubecc9703ba4f,H0226,6.5,2016-09-14,traveloka
U41910d179426,H0232,8.5,2016-09-15,traveloka
U4769a75c4a63,H0467,6.2,2016-09-15,traveloka
U5955c8395dfc,H0299,9.0,2016-09-15,ivivu
U901a91381ede,H0415,9.0,2016-09-15,ivivu
U182bed4ea9a1,H0260,7.0,2016-09-16,ivivu
Ud7623e8a213b,H0336,9.0,2016-09-16,traveloka
Udcc35c827775,H0266,7.5,2016-09-16,ivivu
Uec2056a2a077,H0284,9.0,2016-09-16,ivivu
Uf05fd455a70d,H0268,9.0,2016-09-16,ivivu
Ufb135a966f75,H0376,7.0,2016-09-16,traveloka
U092d944bba6c,H0425,9.7,2016-09-17,traveloka
U485a9d796cca,H0409,6.0,2016-09-17,ivivu
U9b8d45ce0e14,H0528,8.5,2016-09-17,ivivu
Ua94a164f5492,H0012,8.5,2016-09-17,ivivu
Uaf9c80bed7dd,H0026,9.0,2016-09-17,ivivu
Uf51552664247,H0072,6.6,2016-09-18,traveloka
Ua70d6cc8c74b,H0301,7.5,2016-09-19,ivivu
U078477765ef9,H0446,6.2,2016-09-21,traveloka
U1039403c2ecc,H0534,6.6,2016-09-21,traveloka
U37e22b4c7853,H0534,9.0,2016-09-21,ivivu
U3902be82ad55,H0166,6.2,2016-09-21,traveloka
U6296d3139ee1,H0258,9.0,2016-09-21,ivivu
U41910d179426,H0408,9.7,2016-09-22,traveloka
Ucedc8fdb69b4,H0485,8.5,2016-09-22,traveloka
U085b581727a8,H0296,10.0,2016-09-23,ivivu
U1070c3cbd6b4,H0414,6.0,2016-09-23,traveloka
U1128bb2c67af,H0461,5.7,2016-09-23,traveloka
U1770a52f88a6,H0232,5.2,2016-09-23,traveloka
U1eff8ccb0ab1,H0026,9.0,2016-09-23,ivivu
U5034afee4e31,H0461,6.7,2016-09-23,traveloka
U5fc2677022d4,H0206,7.5,2016-09-23,ivivu
U6058695c187f,H0331,9.1,2016-09-23,traveloka
U7b268953043b,H0299,8.0,2016-09-23,ivivu
U87ac7dfc46dd,H0499,6.1,2016-09-23,traveloka
U9482b53a70de,H0259,8.0,2016-09-23,ivivu
U9deb26de64b9,H0039,9.7,2016-09-23,traveloka
Ube8c213e4607,H0304,7.0,2016-09-23,ivivu
Ucdaec4d2b018,H0145,7.0,2016-09-23,ivivu
U17b80c7d556b,H0250,7.0,2016-09-24,ivivu
U1c3e5369b34a,H0111,9.4,2016-09-24,traveloka
U20c76b6dd549,H0356,10.0,2016-09-24,ivivu
U374b215c1905,H0162,9.7,2016-09-24,traveloka
U3ca0e073db70,H0529,9.4,2016-09-24,traveloka
U5863bd418f0c,H0551,6.0,2016-09-24,ivivu
U63b5bd01a199,H0294,10.0,2016-09-24,traveloka
U76f8862dabd1,H0432,7.0,2016-09-24,ivivu
U793db086dd7a,H0543,7.0,2016-09-24,ivivu
Uc65c613726aa,H0314,7.5,2016-09-24,ivivu
Uc7be78abd6c6,H0521,9.4,2016-09-24,traveloka
Udcbdf8a7bfb6,H0415,7.0,2016-09-24,ivivu
Ue8ca57d226cc,H0324,8.2,2016-09-24,traveloka
U1d8da9c89b14,H0335,6.0,2016-09-25,traveloka
U1e2de4df6090,H0296,9.0,2016-09-25,ivivu
U4d9b72a81b06,H0085,9.1,2016-09-25,traveloka
U085ec105e3cc,H0111,7.0,2016-09-26,traveloka
U8211793ebb9a,H0247,7.0,2016-09-26,ivivu
Ud043fdb4c2fe,H0445,8.5,2016-09-26,traveloka
Uda31672106d9,H0252,7.0,2016-09-26,ivivu
U8bb021a469b2,H0126,5.9,2016-09-27,traveloka
Udb53b7822867,H0356,9.0,2016-09-27,ivivu
U0722d013d167,H0296,7.5,2016-09-28,ivivu
U37b536fbce7a,H0202,7.0,2016-09-28,ivivu
U7b4207a6cce8,H0311,6.7,2016-09-28,traveloka
Ud4e380de1c76,H0414,8.5,2016-09-28,traveloka
Uf1143a0dd3d6,H0296,9.0,2016-09-28,ivivu
U7e548278235b,H0259,9.0,2016-09-29,ivivu
U819e5119c96d,H0121,7.5,2016-09-29,ivivu
U281e32d55a14,H0166,9.1,2016-09-30,traveloka
U380d1795c200,H0339,9.0,2016-09-30,ivivu
Uf2a55bf4e300,H0296,7.0,2016-09-30,ivivu
Uf82d4292e949,H0233,5.0,2016-09-30,ivivu
U54a8de0b4718,H0296,7.0,2016-10-01,ivivu
Uac8fa35c35a0,H0162,9.4,2016-10-01,traveloka
Ubb08a6f6111f,H0557,5.8,2016-10-01,traveloka
U1aa91e787504,H0072,4.5,2016-10-02,traveloka
U4cc77dc021c0,H0523,5.6,2016-10-02,traveloka
U8d7fe88604a0,H0315,6.0,2016-10-02,traveloka
U1689454eb26f,H0414,6.0,2016-10-03,traveloka
U1710b7c2364c,H0262,8.5,2016-10-03,traveloka
U376084969fdc,H0159,5.1,2016-10-03,traveloka
U72fc237831f0,H0521,8.5,2016-10-03,traveloka
U7da47a5b2391,H0181,6.0,2016-10-03,traveloka
Uaf22fa4260c7,H0294,6.2,2016-10-04,traveloka
Uddba32d33354,H0232,8.5,2016-10-04,traveloka
U1eb00b45cfea,H0375,8.8,2016-10-05,traveloka
U1fca9586d949,H0439,9.7,2016-10-05,traveloka
U4f030da4e983,H0412,6.4,2016-10-05,traveloka
U6611b610413a,H0136,10.0,2016-10-05,traveloka
Uc22aa7d2ea64,H0413,5.8,2016-10-05,traveloka
Ueaf6283585ce,H0430,6.0,2016-10-06,traveloka
U7477af5ff7d5,H0233,6.0,2016-10-08,ivivu
U8fa66466a286,H0182,9.7,2016-10-08,traveloka
Uae43a1c16f19,H0107,9.4,2016-10-08,traveloka
Ud353d3546ed7,H0405,6.0,2016-10-08,ivivu
U0877d992dd9c,H0403,7.0,2016-10-09,ivivu
U179194aff894,H0301,6.0,2016-10-09,ivivu
U725354348eb8,H0462,9.1,2016-10-09,traveloka
U8c2426a99a7b,H0186,7.0,2016-10-09,ivivu
Uae808034d78e,H0296,7.0,2016-10-09,ivivu
Uc04b04250c9f,H0259,7.0,2016-10-09,ivivu
U17df181ce620,H0030,9.0,2016-10-10,ivivu
U5863bd418f0c,H0259,7.0,2016-10-10,ivivu
U80fe8655bf8a,H0296,9.0,2016-10-10,ivivu
U00ce6c924da3,H0259,8.5,2016-10-11,ivivu
U2bf02ae5f800,H0346,6.1,2016-10-12,traveloka
U33af25482b1e,H0259,7.0,2016-10-12,ivivu
U3a07e57f545c,H0260,6.0,2016-10-12,ivivu
U7467d859ab9d,H0206,7.0,2016-10-12,ivivu
U240b36af63be,H0551,7.0,2016-10-13,ivivu
U709306a2ec25,H0348,7.0,2016-10-13,ivivu
Ua8a5f5c05c3e,H0521,9.7,2016-10-13,traveloka
Uf8c43eda8f69,H0305,7.5,2016-10-13,ivivu
U1096c65896b0,H0280,8.5,2016-10-14,ivivu
U5d15975ae749,H0030,9.0,2016-10-14,ivivu
U608ece90ea26,H0169,7.0,2016-10-14,ivivu
U812d45825962,H0185,6.0,2016-10-14,ivivu
U85caa514a9a4,H0296,9.0,2016-10-14,ivivu
U8809ab0e4042,H0311,9.0,2016-10-14,ivivu
U9db12750a1ad,H0072,5.5,2016-10-14,traveloka
Ube15ac31a6cd,H0253,9.0,2016-10-14,ivivu
U902d94c4ed29,H0414,7.5,2016-10-15,ivivu
Uafd18b487c96,H0107,7.0,2016-10-15,ivivu
Udc7f6b75ac9e,H0233,10.0,2016-10-15,traveloka
U42d2ad3dc9f1,H0138,9.0,2016-10-16,ivivu
U69ae0e24a103,H0123,6.4,2016-10-16,traveloka
U61b2adfff17c,H0056,9.0,2016-10-17,ivivu
Uf05fd455a70d,H0479,6.0,2016-10-17,traveloka
U10597ce0093b,H0348,7.0,2016-10-18,ivivu
U2625ca287637,H0252,9.0,2016-10-18,ivivu
U9deb26de64b9,H0272,5.4,2016-10-18,traveloka
Uc92412dddc7c,H0009,9.7,2016-10-18,traveloka
U0cf11a7db39d,H0296,9.0,2016-10-19,ivivu
U96f19eecff2f,H0009,5.2,2016-10-19,traveloka
Ub2ff25529baa,H0324,6.0,2016-10-19,traveloka
U9375d603a757,H0296,9.0,2016-10-20,ivivu
U2e53fcfed241,H0126,5.1,2016-10-21,traveloka
U655bfdb06184,H0284,7.0,2016-10-21,ivivu
Ua19e8315cb3f,H0328,5.1,2016-10-21,traveloka
Ua47e7492a4b0,H0461,8.5,2016-10-21,traveloka
Ua59978dde75f,H0339,8.0,2016-10-21,ivivu
U073f4f458e1a,H0260,7.0,2016-10-22,ivivu
U0938c5c36632,H0301,7.5,2016-10-22,ivivu
U19997c82e049,H0526,9.0,2016-10-22,ivivu
U80c27aee50be,H0169,6.5,2016-10-22,ivivu
U9ca0b6dba6c8,H0286,7.0,2016-10-22,ivivu
U9deb26de64b9,H0022,7.5,2016-10-22,ivivu
Ua1145c989cfd,H0380,6.3,2016-10-22,traveloka
Ua3cae6c88207,H0188,7.0,2016-10-22,ivivu
Uade6b912060b,H0167,8.0,2016-10-22,ivivu
Ud354e808199b,H0307,7.0,2016-10-22,ivivu
Uebfc130a47ab,H0196,7.9,2016-10-22,traveloka
Uecf1c33e30d4,H0304,7.0,2016-10-22,ivivu
Uc689027520b2,H0249,5.5,2016-10-23,traveloka
Ucf42c95e61b9,H0258,9.0,2016-10-23,ivivu
U065eace5e341,H0557,5.2,2016-10-24,traveloka
Uc93c78684906,H0309,7.0,2016-10-24,ivivu
U0bafd6b0c352,H0267,7.0,2016-10-25,ivivu
U1e51f6fe147e,H0304,7.5,2016-10-25,ivivu
U5f19eb77a599,H0181,5.5,2016-10-25,traveloka
Ua965db85aac2,H0449,8.8,2016-10-25,traveloka
U225dfe40c127,H0206,8.0,2016-10-26,ivivu
U3517f942c916,H0188,7.0,2016-10-26,ivivu
U510703208b99,H0272,6.0,2016-10-26,traveloka
U5f5bcac832bd,H0265,9.0,2016-10-26,ivivu
Uabec9f08f97e,H0056,9.0,2016-10-26,ivivu
Ue171a2dc3a10,H0107,4.8,2016-10-26,traveloka
Uf4c00b384cf8,H0032,8.8,2016-10-26,traveloka
Uff8d3362803d,H0452,6.4,2016-10-26,traveloka
U0f7876fe0e7b,H0299,6.0,2016-10-27,ivivu
U181031733041,H0535,9.4,2016-10-27,traveloka
U68583a36035a,H0296,7.0,2016-10-27,ivivu
Uff1d6b697011,H0551,10.0,2016-10-27,traveloka
U39b906a86fba,H0296,7.0,2016-10-28,ivivu
U5884a17ab3d3,H0310,7.0,2016-10-28,ivivu
U5f7fbe274a74,H0250,7.0,2016-10-28,ivivu
U855dcee25694,H0064,8.5,2016-10-28,traveloka
Ubdaa497b62a5,H0254,7.0,2016-10-28,ivivu
U16c2298dc0c0,H0202,7.0,2016-10-29,ivivu
U2a547b4d04b9,H0167,9.0,2016-10-29,ivivu
U340545e71a5a,H0284,7.5,2016-10-29,ivivu
U3dfd78c78ac7,H0548,7.0,2016-10-29,ivivu
U438e616fb698,H0387,9.0,2016-10-29,ivivu
U9deb26de64b9,H0202,8.0,2016-10-29,ivivu
Ue162f2f5d472,H0206,7.0,2016-10-29,ivivu
Ue43952ae1d70,H0189,7.0,2016-10-29,ivivu
U399a5ae4658d,H0206,7.0,2016-10-30,ivivu
U6156734cc45f,H0267,8.5,2016-10-30,ivivu
Ufd4ec9a5e329,H0300,7.0,2016-10-30,ivivu
U42d2ad3dc9f1,H0502,6.0,2016-10-31,ivivu
U8e5b75e44223,H0347,6.4,2016-10-31,traveloka
Ue1c19203c0eb,H0336,6.2,2016-10-31,traveloka
Ufb135a966f75,H0439,8.5,2016-10-31,traveloka
U46a2a26edf5a,H0122,10.0,2016-11-01,traveloka
Udcc35c827775,H0012,7.0,2016-11-01,ivivu
Udaa4aa7246e4,H0521,8.5,2016-11-02,traveloka
U49ea5dbd27c5,H0232,5.1,2016-11-03,traveloka
U608048973bd0,H0181,8.5,2016-11-05,traveloka
U771080fdb3ff,H0324,9.7,2016-11-05,traveloka
Ue2c1e58f5bef,H0039,9.7,2016-11-05,traveloka
U065eace5e341,H0175,9.7,2016-11-06,traveloka
U3c4acd15e2e7,H0496,5.7,2016-11-06,traveloka
U10dc4637ef72,H0272,10.0,2016-11-08,traveloka
U36ddfe11ea85,H0301,9.0,2016-11-08,ivivu
U4cae71fe51b1,H0122,10.0,2016-11-08,traveloka
U8de53a5c7d44,H0527,8.5,2016-11-08,ivivu
U290dc3db27ac,H0247,7.0,2016-11-09,ivivu
U4d763c4c6cb1,H0551,5.7,2016-11-09,traveloka
Ua5e5c2b28123,H0271,7.1,2016-11-09,traveloka
Uae43a1c16f19,H0296,9.0,2016-11-09,ivivu
Ub4fa1bcf456b,H0311,10.0,2016-11-09,traveloka
Ud64bd1c41dd0,H0147,5.1,2016-11-09,traveloka
Ue6858ee25a88,H0235,9.0,2016-11-09,ivivu
Uf57a18241370,H0166,5.7,2016-11-09,traveloka
U54b788b8d312,H0072,6.0,2016-11-10,traveloka
U918ff62a0613,H0175,6.7,2016-11-10,traveloka
Ubcb5b2d873ba,H0254,8.5,2016-11-10,ivivu
Uf15e1f7d0cc3,H0232,4.5,2016-11-10,traveloka
U1ca431bab7e4,H0254,7.0,2016-11-11,ivivu
U361b6d5a6289,H0314,7.0,2016-11-11,ivivu
U55cd4d208478,H0296,7.0,2016-11-11,ivivu
U84006a2387ff,H0022,7.0,2016-11-11,ivivu
U89e44dddec44,H0299,8.0,2016-11-11,ivivu
Ue6421d0ffd27,H0481,6.0,2016-11-11,ivivu
U0a76a5270bfd,H0048,10.0,2016-11-12,ivivu
U81943f54ee61,H0409,7.0,2016-11-12,ivivu
U994c2ad56892,H0249,6.0,2016-11-12,traveloka
Ub638e89f554a,H0105,8.5,2016-11-12,traveloka
Ue220a0dbccda,H0519,10.0,2016-11-12,traveloka
U577306d16590,H0188,7.5,2016-11-13,ivivu
U6df8c127bef5,H0535,6.6,2016-11-13,traveloka
Uba1ddc0acdc8,H0284,8.0,2016-11-13,ivivu
Uf65569f02a53,H0136,6.6,2016-11-13,traveloka
U057fcf5425ca,H0032,9.7,2016-11-14,traveloka
Ud133f3c18bd3,H0542,10.0,2016-11-14,traveloka
U1121a4900a5d,H0107,8.5,2016-11-15,traveloka
Ub53b2b047e8d,H0551,8.5,2016-11-15,traveloka
Ud1a2f0e2ed37,H0111,8.5,2016-11-15,traveloka
U2bceaf884849,H0382,9.4,2016-11-16,traveloka
U3162c927fbd8,H0348,7.0,2016-11-16,ivivu
U4a5dc0fc3325,H0147,9.7,2016-11-16,traveloka
U1b9aba67387a,H0284,9.0,2016-11-17,ivivu
U28172820ff33,H0426,9.7,2016-11-17,traveloka
Ua66dbe3d2ab9,H0409,5.0,2016-11-17,ivivu
Uac8fa35c35a0,H0296,9.0,2016-11-17,ivivu
Ucd9b06271443,H0286,7.0,2016-11-17,ivivu
U0ede737890bc,H0399,9.7,2016-11-18,traveloka
U287cfd1842f7,H0260,7.0,2016-11-18,ivivu
U2dc6c78fa5ff,H0521,6.1,2016-11-18,traveloka
U30975e0acb4f,H0284,9.0,2016-11-18,ivivu
Ube0b92b779e0,H0159,6.2,2016-11-18,traveloka
Udd61b0090cda,H0296,8.5,2016-11-18,ivivu
Uee2a1a6b1eb2,H0280,7.0,2016-11-18,ivivu
Uf05fd455a70d,H0311,8.5,2016-11-18,ivivu
U361b6d5a6289,H0526,7.0,2016-11-19,ivivu
U4abb5f1e142e,H0169,9.0,2016-11-19,ivivu
U51849906be15,H0289,9.0,2016-11-19,ivivu
U605f67adfe21,H0169,9.0,2016-11-19,ivivu
U652610b6e37a,H0260,7.5,2016-11-19,ivivu
U958093ca1539,H0202,6.5,2016-11-19,ivivu
Ub2d6c89d11d7,H0392,6.5,2016-11-19,ivivu
Uf2533c3e0101,H0311,9.0,2016-11-19,ivivu
Uafea7a6d30dc,H0284,9.5,2016-11-20,ivivu
Uec2056a2a077,H0348,8.0,2016-11-20,ivivu
U1b9aba67387a,H0556,7.5,2016-11-21,ivivu
U333dc61d1be5,H0376,5.8,2016-11-22,traveloka
U4651f628daa4,H0123,6.4,2016-11-22,traveloka
U5edd00693ea5,H0262,9.1,2016-11-22,traveloka
U6a9e14c6a6b9,H0478,6.2,2016-11-22,traveloka
Uf1b77339a841,H0022,9.0,2016-11-22,ivivu
Ufecd4f132a9e,H0301,10.0,2016-11-22,ivivu
U635677f0faf5,H0252,9.0,2016-11-23,ivivu
U6978496fd4f8,H0259,9.0,2016-11-23,ivivu
U7c576fde4e96,H0536,10.0,2016-11-23,ivivu
Uafea7a6d30dc,H0301,7.0,2016-11-23,ivivu
Ubd9c011c422d,H0233,6.3,2016-11-23,traveloka
Ud0be7050242b,H0296,7.5,2016-11-23,ivivu
Ue0d012f387c3,H0294,7.3,2016-11-23,traveloka
U1f718363ec14,H0085,10.0,2016-11-24,traveloka
U556b435298ec,H0280,9.0,2016-11-24,ivivu
Ua9f0f10c34ae,H0226,8.5,2016-11-24,traveloka
Uc43dd5863b71,H0065,8.5,2016-11-24,traveloka
U3c4acd15e2e7,H0174,10.0,2016-11-25,ivivu
U520e66c0a723,H0311,6.4,2016-11-25,traveloka
U624537e418b3,H0415,6.0,2016-11-25,ivivu
U71c961ebaae6,H0369,10.0,2016-11-25,ivivu
U93e77c4ec725,H0370,6.6,2016-11-25,traveloka
U9d14751c0c19,H0026,8.0,2016-11-25,ivivu
Uaab0f11895b3,H0262,8.4,2016-11-25,traveloka
Ub316660cedb0,H0299,7.0,2016-11-25,ivivu
U676f7351784d,H0460,9.5,2016-11-26,ivivu
Ucb8b0596da83,H0260,10.0,2016-11-26,ivivu
Uf82d4292e949,H0409,7.0,2016-11-26,ivivu
Uf86ed583b96e,H0405,6.0,2016-11-26,ivivu
Uf8c43eda8f69,H0284,8.0,2016-11-26,ivivu
U0566d4c2cad0,H0375,6.4,2016-11-27,traveloka
U61809f0b21f4,H0304,9.0,2016-11-27,ivivu
U65bdc2000e1f,H0311,10.0,2016-11-27,ivivu
U318279d6f959,H0299,7.0,2016-11-28,ivivu
U8faead74c3cc,H0393,10.0,2016-11-28,ivivu
U2f92d6528a2a,H0315,6.0,2016-11-29,traveloka
Ue9f0bbb68131,H0039,9.1,2016-11-30,traveloka
Uf2a33ffd2ea4,H0496,5.7,2016-11-30,traveloka
Ua79f70b090e6,H0107,6.0,2016-12-01,traveloka
U0a709be2c370,H0272,8.5,2016-12-02,traveloka
U17df181ce620,H0336,6.5,2016-12-02,traveloka
Ub0988e0a0e81,H0107,4.8,2016-12-02,traveloka
U11261ec58b96,H0385,10.0,2016-12-03,traveloka
U5c316ae055d4,H0111,9.7,2016-12-03,traveloka
U9de91bc41736,H0382,9.1,2016-12-03,traveloka
Ued6fc9479b35,H0507,8.5,2016-12-04,traveloka
Uac06985d53a4,H0367,9.7,2016-12-05,traveloka
U8ff39e5063c5,H0272,6.9,2016-12-06,traveloka
Ua598efcd6ae7,H0064,4.9,2016-12-06,traveloka
Uba56679321b9,H0553,5.7,2016-12-06,traveloka
Uf0d7d28d3228,H0181,6.4,2016-12-06,traveloka
U7d4242ae7200,H0433,6.4,2016-12-07,traveloka
U28bf1a6f4cd7,H0387,9.0,2016-12-08,ivivu
U5a6cdc9ad004,H0296,8.0,2016-12-08,ivivu
U95494f0eb0e2,H0026,9.0,2016-12-08,ivivu
Ub36ff36a1a0e,H0107,7.0,2016-12-08,ivivu
Ub4623ebdc387,H0232,7.3,2016-12-08,traveloka
Ueda4d01950f4,H0311,6.0,2016-12-08,traveloka
U49ea5dbd27c5,H0296,7.0,2016-12-09,ivivu
U53d384999b5a,H0434,5.4,2016-12-09,traveloka
Udabb94693f7e,H0249,8.5,2016-12-09,traveloka
U809f822da931,H0238,6.2,2016-12-10,traveloka
Ua3596c82b9b6,H0412,8.5,2016-12-10,traveloka
U6700427d6d44,H0551,7.0,2016-12-11,ivivu
U6b8bb52ccfb5,H0551,7.0,2016-12-11,ivivu
Ua3cae6c88207,H0169,7.0,2016-12-11,ivivu
U3cfb366ceb5c,H0225,9.4,2016-12-12,traveloka
U9a59d72f97b0,H0481,9.0,2016-12-12,ivivu
U02ac9c6b752f,H0166,9.1,2016-12-14,traveloka
Ufbdd033f7fd0,H0348,10.0,2016-12-14,ivivu
U17f051ca25d4,H0387,10.0,2016-12-15,ivivu
U51e843464940,H0296,7.0,2016-12-15,ivivu
U871dfd9a318f,H0056,8.0,2016-12-15,ivivu
Udbb25238ba56,H0296,9.0,2016-12-15,ivivu
U171f32c48892,H0284,7.0,2016-12-16,ivivu
U207e655ca2a9,H0048,10.0,2016-12-16,ivivu
U721f27459cc3,H0516,8.8,2016-12-16,traveloka
U78c88a26928a,H0310,10.0,2016-12-16,ivivu
Ud3e5573593fc,H0226,5.7,2016-12-16,traveloka
Ue49475d686d2,H0186,7.0,2016-12-16,ivivu
U049747ec237b,H0048,10.0,2016-12-17,ivivu
U10f14fd1a78f,H0056,8.0,2016-12-17,ivivu
U15f877747813,H0481,10.0,2016-12-17,ivivu
Ucdf99a0cd2b0,H0056,10.0,2016-12-17,ivivu
Uee12ff42be8e,H0354,7.5,2016-12-17,ivivu
U361391c4bfb9,H0147,9.4,2016-12-18,traveloka
U8271f6f16519,H0149,7.0,2016-12-18,ivivu
Uf1b77339a841,H0511,9.0,2016-12-18,ivivu
U61114f2b2ec1,H0056,10.0,2016-12-19,ivivu
U7f06c5efdaea,H0227,6.0,2016-12-19,traveloka
U884a56043d30,H0534,6.3,2016-12-19,traveloka
Uf2533c3e0101,H0048,9.0,2016-12-19,ivivu
Ud60ccde46630,H0521,6.0,2016-12-20,traveloka
U769288002e3f,H0551,6.3,2016-12-21,traveloka
Ub35b825b1d50,H0056,9.0,2016-12-21,ivivu
Ued4d538f9b9f,H0215,9.1,2016-12-21,traveloka
U213456fb0d62,H0328,6.1,2016-12-22,traveloka
U41eed4c828fa,H0266,10.0,2016-12-22,ivivu
U61133faf0a9b,H0260,8.0,2016-12-22,ivivu
Uae43a1c16f19,H0249,9.4,2016-12-22,traveloka
Ubf48e7a6a24c,H0534,5.4,2016-12-22,traveloka
Uee7dd6180a2c,H0516,6.3,2016-12-22,traveloka
Uf8c43eda8f69,H0369,9.0,2016-12-22,ivivu
U0497953d38a9,H0259,7.0,2016-12-23,ivivu
U3c4acd15e2e7,H0254,7.0,2016-12-23,ivivu
U5fb6185584d9,H0254,7.0,2016-12-23,ivivu
U95ae5a9e312b,H0123,5.2,2016-12-23,traveloka
Ucf508aee1c8c,H0085,8.5,2016-12-23,traveloka
Uf3f6a9342453,H0254,8.0,2016-12-23,ivivu
Ud3cfecf9cc58,H0106,7.0,2016-12-24,ivivu
U6156734cc45f,H0336,6.0,2016-12-25,traveloka
U670feca5ff48,H0002,9.7,2016-12-25,traveloka
U80c27aee50be,H0115,9.4,2016-12-25,traveloka
Ud8c536e8f098,H0414,8.5,2016-12-25,ivivu
U23112ac88584,H0519,5.4,2016-12-26,traveloka
U6385f68c80f9,H0336,6.3,2016-12-26,traveloka
Ub9b43c70fe83,H0509,8.5,2016-12-26,traveloka
U8df72c922bea,H0232,7.0,2016-12-27,traveloka
U399a5ae4658d,H0105,5.7,2016-12-28,traveloka
U3e34c45cb462,H0446,6.7,2016-12-28,traveloka
Ua27737efabde,H0290,5.5,2016-12-28,traveloka
Ub04d995ae3b4,H0266,6.0,2016-12-28,ivivu
U5923fe040d62,H0003,10.0,2016-12-29,traveloka
Uebbcaa73ebe1,H0311,6.1,2016-12-29,traveloka
U085b581727a8,H0380,8.8,2016-12-30,traveloka
U0cca26cae3ce,H0181,8.5,2016-12-30,traveloka
U6ccf0b92f26b,H0309,8.0,2016-12-31,ivivu
Uded2be406d9b,H0413,9.7,2016-12-31,traveloka
U6c88dd40e706,H0260,7.0,2017-01-01,ivivu
U75f790ad33ef,H0364,5.6,2017-01-01,traveloka
U8bccfa8a9e4f,H0175,8.5,2017-01-01,traveloka
Uc78a956bdf73,H0412,5.8,2017-01-01,traveloka
U12d26ed90cb2,H0510,9.7,2017-01-02,traveloka
U2dbfd1547a58,H0414,8.2,2017-01-02,traveloka
U5a46b71d3a2b,H0347,9.7,2017-01-03,traveloka
U8430b8206e67,H0085,9.7,2017-01-03,traveloka
U334bb678adda,H0405,7.0,2017-01-04,ivivu
U592a529d3a3e,H0526,7.5,2017-01-04,ivivu
U62d307541500,H0354,7.0,2017-01-04,ivivu
U8274349d59cf,H0521,8.5,2017-01-04,traveloka
U9938215d3b52,H0481,8.0,2017-01-04,ivivu
Uc77baed8e58e,H0478,6.3,2017-01-04,traveloka
U3cb9d28db818,H0557,8.4,2017-01-05,traveloka
U9deb26de64b9,H0324,10.0,2017-01-05,ivivu
Ucd423a0df360,H0126,9.0,2017-01-05,ivivu
U41c3bb21bd3f,H0356,10.0,2017-01-06,ivivu
U670feca5ff48,H0255,8.0,2017-01-06,ivivu
U7843fcd94cb1,H0315,5.6,2017-01-06,traveloka
U20f25a2f5f14,H0478,7.0,2017-01-07,traveloka
U42d2ad3dc9f1,H0311,9.4,2017-01-07,traveloka
U577306d16590,H0454,9.1,2017-01-07,traveloka
U1495610546e3,H0162,9.7,2017-01-08,traveloka
U1940e6583a04,H0206,7.0,2017-01-08,ivivu
U49470f51d110,H0038,7.5,2017-01-08,ivivu
Ua9e839da5ce1,H0299,7.0,2017-01-08,ivivu
U60adb53eb0b4,H0496,6.0,2017-01-09,ivivu
U6156734cc45f,H0526,7.0,2017-01-09,ivivu
U8768ee9fd458,H0439,9.0,2017-01-09,ivivu
Ub4f035fd00cd,H0131,8.0,2017-01-09,ivivu
Ud3e5573593fc,H0513,9.0,2017-01-09,ivivu
Ud594e98e2688,H0477,7.0,2017-01-09,ivivu
Ud67004025c0b,H0541,9.0,2017-01-09,ivivu
Ufd24e59237f4,H0354,8.0,2017-01-09,ivivu
U49041250225d,H0387,7.0,2017-01-10,ivivu
U49f58f387470,H0272,6.0,2017-01-10,traveloka
U72b0887c0bcc,H0142,10.0,2017-01-10,ivivu
Ua5e5c2b28123,H0328,9.7,2017-01-10,traveloka
Ua6003d43e824,H0111,6.1,2017-01-10,traveloka
U367721b282ab,H0166,6.0,2017-01-11,traveloka
Udb1ea295d2e0,H0299,6.0,2017-01-11,ivivu
U1a62b11ad08e,H0012,7.0,2017-01-12,ivivu
U54a8de0b4718,H0147,8.8,2017-01-12,traveloka
U7db0f5c9d80d,H0249,9.7,2017-01-12,traveloka
Uc80f3e846f67,H0301,7.0,2017-01-12,ivivu
Ucde2bf747260,H0232,10.0,2017-01-12,traveloka
Uf68bcef7c7a7,H0194,6.3,2017-01-12,traveloka
U54fa2c283d99,H0056,10.0,2017-01-13,ivivu
U8451d80f9309,H0535,6.0,2017-01-13,traveloka
U1d35b1cf9979,H0311,9.4,2017-01-14,traveloka
U2811cd8af0ff,H0413,8.5,2017-01-14,traveloka
U6dbb4301b696,H0433,5.4,2017-01-14,traveloka
Uac8fa35c35a0,H0286,9.0,2017-01-14,ivivu
Ud31606bde4d0,H0233,10.0,2017-01-14,ivivu
U02d0feceb692,H0551,6.0,2017-01-15,traveloka
U1816dc57886d,H0311,6.1,2017-01-16,traveloka
U4ee7ab7424f5,H0336,5.7,2017-01-16,traveloka
U7901db7ed0ea,H0324,8.0,2017-01-16,ivivu
U14d6dec5ec60,H0404,5.2,2017-01-17,traveloka
U3b194d337626,H0336,9.4,2017-01-17,traveloka
U5d786059b541,H0324,9.0,2017-01-17,ivivu
Uba1ddc0acdc8,H0478,5.7,2017-01-17,traveloka
Uc66cf248b324,H0196,6.0,2017-01-17,traveloka
U9b79cd4393a3,H0003,8.5,2017-01-18,traveloka
Ud46d2cd071b9,H0499,5.7,2017-01-18,traveloka
Udcc35c827775,H0233,9.0,2017-01-19,ivivu
U16829384aab4,H0478,5.3,2017-01-20,traveloka
U4e2657a764f4,H0232,7.2,2017-01-20,traveloka
Ud1482684ee2a,H0519,6.1,2017-01-20,traveloka
Ue9582b69ebfe,H0140,10.0,2017-01-20,ivivu
U2398c9491201,H0296,9.0,2017-01-21,ivivu
U56bc93c32dca,H0232,9.7,2017-01-21,traveloka
U5d855c9cbc76,H0159,4.8,2017-01-21,traveloka
Ucc857b3a2a4c,H0022,10.0,2017-01-21,ivivu
Uae43a1c16f19,H0535,9.4,2017-01-22,traveloka
Ubd660739eb76,H0296,10.0,2017-01-22,ivivu
Uf494e16baaba,H0523,10.0,2017-01-22,traveloka
U342e1dcac355,H0516,4.5,2017-01-23,traveloka
U8d3d8f0d5b86,H0002,6.1,2017-01-23,traveloka
U9226fb5e4490,H0456,8.8,2017-01-23,traveloka
Uef35cb793711,H0123,9.4,2017-01-23,traveloka
U19a54194c981,H0516,6.5,2017-01-24,traveloka
U8f6a84288f1b,H0250,8.0,2017-01-24,ivivu
Ub04d995ae3b4,H0414,8.5,2017-01-24,ivivu
Uda75ce37e45d,H0433,5.5,2017-01-25,traveloka
U1262fa7ef9c7,H0085,9.7,2017-01-26,traveloka
U0765b08fc976,H0159,8.5,2017-01-27,traveloka
U043b79e39e42,H0201,6.0,2017-01-28,traveloka
U070b5c0d2623,H0408,9.4,2017-01-28,traveloka
U1ac73f6b4ae6,H0496,6.8,2017-01-28,traveloka
U636a242ffd1b,H0366,8.5,2017-01-28,traveloka
Ue1a0c2046cf8,H0089,5.9,2017-01-28,traveloka
U833d0c162c1c,H0478,8.5,2017-01-29,traveloka
Uef42592122eb,H0534,8.5,2017-01-29,traveloka
U35c3b0635561,H0238,9.7,2017-01-30,traveloka
U7da3976a5a84,H0052,9.1,2017-01-30,traveloka
U88664c72822b,H0282,9.0,2017-01-30,ivivu
Uc620aaeb45b8,H0335,5.5,2017-01-30,traveloka
Ud6e8af5b890c,H0201,10.0,2017-01-30,traveloka
U401e2c7bac36,H0232,6.0,2017-01-31,traveloka
U6156734cc45f,H0182,6.0,2017-01-31,traveloka
U21d6d04f6e22,H0271,9.4,2017-02-01,traveloka
U4cc77dc021c0,H0535,8.5,2017-02-01,traveloka
U579b9c990425,H0039,6.2,2017-02-01,traveloka
U6504931bd3c6,H0419,9.4,2017-02-01,traveloka
U7a0384214636,H0324,10.0,2017-02-01,ivivu
U203b74591298,H0182,9.0,2017-02-02,ivivu
U896ab7ee77eb,H0162,10.0,2017-02-02,traveloka
U5fed7ec81c9f,H0190,8.8,2017-02-03,traveloka
Ua686b939f357,H0296,10.0,2017-02-03,ivivu
Uda808773dfcb,H0387,10.0,2017-02-03,ivivu
U207e655ca2a9,H0215,6.0,2017-02-04,traveloka
Uf86ed583b96e,H0534,9.7,2017-02-04,traveloka
U1203d76e5755,H0328,9.7,2017-02-05,traveloka
Ucd219f8e1f57,H0218,8.3,2017-02-05,traveloka
Ud31580178d1c,H0162,8.5,2017-02-05,traveloka
Uf134cc1b74f8,H0280,9.4,2017-02-05,traveloka
Ufc3872b95cf1,H0425,10.0,2017-02-05,traveloka
U77246c85020e,H0366,6.0,2017-02-06,traveloka
U2bb477f6b94a,H0492,8.5,2017-02-07,traveloka
Ue5fa3f4155c2,H0147,8.5,2017-02-07,traveloka
U4075453f780e,H0359,9.0,2017-02-08,ivivu
U085ec105e3cc,H0539,9.7,2017-02-09,traveloka
U1b13fe0a5738,H0414,9.0,2017-02-09,ivivu
U1e6d26f17d5b,H0387,7.0,2017-02-09,ivivu
U36eae7b366ff,H0477,8.0,2017-02-09,ivivu
U50f7add7e3de,H0107,5.6,2017-02-09,traveloka
U570db3d9faee,H0286,6.0,2017-02-09,ivivu
U5b84d2302c2b,H0159,8.5,2017-02-09,traveloka
U6156734cc45f,H0142,9.0,2017-02-09,ivivu
U845b02c63729,H0421,9.0,2017-02-09,ivivu
U8750a16c9b9b,H0142,9.0,2017-02-09,ivivu
U95da3016ee09,H0288,7.0,2017-02-09,ivivu
Ub649499d8ba5,H0299,8.0,2017-02-09,ivivu
Uc7490c282049,H0167,9.0,2017-02-09,ivivu
Ud3e5573593fc,H0369,8.0,2017-02-09,ivivu
U00ce6c924da3,H0551,9.0,2017-02-10,ivivu
Ucf6509d1a494,H0518,8.0,2017-02-10,ivivu
U577306d16590,H0085,5.8,2017-02-11,traveloka
U6156734cc45f,H0473,7.0,2017-02-11,ivivu
U70b54fc86224,H0294,6.0,2017-02-11,traveloka
U25338549cdbf,H0294,9.7,2017-02-12,traveloka
U6b75468cf445,H0440,10.0,2017-02-12,ivivu
Uf2156c8495fa,H0502,7.0,2017-02-12,ivivu
U9226fb5e4490,H0331,6.2,2017-02-13,traveloka
Ua179bde11521,H0510,6.5,2017-02-13,traveloka
Uafc61897ea53,H0521,5.1,2017-02-13,traveloka
Uef35cb793711,H0191,4.9,2017-02-13,traveloka
U293563b897d9,H0435,6.0,2017-02-14,ivivu
U4028d4ac9ce8,H0290,8.5,2017-02-14,traveloka
U47a0bf4af17d,H0349,9.1,2017-02-14,traveloka
U4c86829826bb,H0478,6.0,2017-02-14,traveloka
U53920395fa07,H0439,6.0,2017-02-14,traveloka
Uae43a1c16f19,H0030,10.0,2017-02-14,ivivu
U3cb8be179425,H0516,6.1,2017-02-15,traveloka
Ud17ef5b5e754,H0509,9.7,2017-02-15,traveloka
U060b6ea5d77b,H0182,9.4,2017-02-16,traveloka
U5f192d214ac5,H0259,10.0,2017-02-16,ivivu
U6780c699f94f,H0159,8.7,2017-02-16,traveloka
Uc8a1666083eb,H0089,5.9,2017-02-16,traveloka
Uecc37ff1c69e,H0159,5.8,2017-02-16,traveloka
U19a667c0decd,H0328,9.7,2017-02-17,traveloka
U58230b85788c,H0111,6.7,2017-02-17,traveloka
U5863bd418f0c,H0414,9.1,2017-02-17,traveloka
U90d66cb795e6,H0268,10.0,2017-02-17,ivivu
U92f6329c9cb0,H0097,6.4,2017-02-17,traveloka
U9301950d4752,H0206,8.0,2017-02-17,ivivu
Ub9ee4b5182ef,H0324,9.0,2017-02-17,ivivu
Ue100d62be1fa,H0366,9.7,2017-02-17,traveloka
U214c08a9947d,H0518,8.0,2017-02-18,ivivu
U72a31a35b4f4,H0521,5.7,2017-02-18,traveloka
Uce92fde8e187,H0048,10.0,2017-02-18,ivivu
U06903078a7ee,H0105,5.8,2017-02-19,traveloka
U42d2ad3dc9f1,H0289,10.0,2017-02-19,ivivu
U4bb19bfb7ae8,H0216,6.5,2017-02-19,traveloka
Udcd6c4658bd7,H0294,8.2,2017-02-19,traveloka
Udd20baf49086,H0414,6.0,2017-02-19,traveloka
U34cb4c332fea,H0439,9.4,2017-02-20,traveloka
U6deb99c8859b,H0101,8.5,2017-02-20,traveloka
U42d2ad3dc9f1,H0111,9.7,2017-02-21,traveloka
Uc71564697029,H0521,6.0,2017-02-21,traveloka
U64533ccfe08a,H0149,10.0,2017-02-22,ivivu
U4973745eb8ba,H0328,8.7,2017-02-23,traveloka
U89125aa39be6,H0070,8.5,2017-02-23,traveloka
U4bdae8b29584,H0126,9.7,2017-02-24,traveloka
Uf2a33ffd2ea4,H0162,10.0,2017-02-24,traveloka
U50805017697d,H0064,10.0,2017-02-25,traveloka
U7817b86d6e20,H0460,7.5,2017-02-25,ivivu
U15ed00666f31,H0376,8.4,2017-02-26,traveloka
U48530fa5c9b6,H0268,10.0,2017-02-26,ivivu
U6156734cc45f,H0419,9.7,2017-02-26,traveloka
Uabf712daa9ce,H0056,7.0,2017-02-26,ivivu
U56089931924a,H0496,5.9,2017-02-27,traveloka
U6dd311bf687e,H0454,8.7,2017-02-27,traveloka
U855dcee25694,H0342,10.0,2017-02-27,ivivu
Ua70d6cc8c74b,H0284,7.0,2017-02-27,ivivu
Udcc35c827775,H0532,9.7,2017-02-27,traveloka
U085ec105e3cc,H0382,8.5,2017-02-28,traveloka
U1c4240e6b54a,H0492,6.0,2017-02-28,traveloka
U3439dafbc58c,H0532,9.4,2017-02-28,traveloka
U4278b47aa61f,H0232,6.0,2017-02-28,traveloka
U8598caf4d87d,H0232,9.3,2017-03-01,traveloka
U0cb76087e1a6,H0106,10.0,2017-03-02,ivivu
Ub3385d55e60c,H0341,7.0,2017-03-02,ivivu
Ub4f035fd00cd,H0309,7.0,2017-03-02,ivivu
U550eb85992c4,H0309,9.0,2017-03-03,ivivu
U8d76d67b382b,H0300,9.0,2017-03-03,ivivu
U9e9a5b5bfa1d,H0072,10.0,2017-03-03,traveloka
Ua70d6cc8c74b,H0359,9.0,2017-03-03,ivivu
Ub64f32604729,H0294,9.4,2017-03-03,traveloka
Ue4fd5dd4c1b2,H0281,5.8,2017-03-03,traveloka
U6058695c187f,H0485,5.2,2017-03-04,traveloka
U1e867fca3f4f,H0259,10.0,2017-03-05,ivivu
U635677f0faf5,H0382,5.7,2017-03-05,traveloka
U6b37eede54c7,H0461,8.5,2017-03-05,traveloka
Ubb4e197d0713,H0182,6.2,2017-03-05,traveloka
U2f0b32068623,H0439,8.2,2017-03-06,traveloka
U2f47d5dd6289,H0521,5.4,2017-03-06,traveloka
U55ee0d2f0343,H0377,8.0,2017-03-06,ivivu
U6e48b736a027,H0294,6.0,2017-03-06,traveloka
U9a75c84cd8a5,H0311,9.7,2017-03-06,traveloka
Uf4f929beb7a3,H0341,8.5,2017-03-06,ivivu
U2716c77efe7d,H0142,10.0,2017-03-07,ivivu
Ud346067dbe19,H0126,9.7,2017-03-07,traveloka
Uf1b77339a841,H0272,10.0,2017-03-07,traveloka
U17c6688a450c,H0510,8.7,2017-03-08,traveloka
U2361d1015cf6,H0380,9.1,2017-03-08,traveloka
U320efe3833d5,H0233,7.0,2017-03-08,ivivu
Ub56d473d5473,H0143,7.0,2017-03-09,ivivu
U445ec0715ad3,H0419,8.2,2017-03-10,traveloka
U5119dd1e0f48,H0456,8.5,2017-03-10,traveloka
U7fba53a74812,H0477,7.0,2017-03-10,ivivu
Uae43a1c16f19,H0344,10.0,2017-03-10,traveloka
U04d4c745061c,H0311,6.6,2017-03-11,traveloka
Uae43a1c16f19,H0339,9.0,2017-03-11,ivivu
Ub424e49b2ad1,H0336,9.7,2017-03-11,traveloka
U0862c2c127ac,H0301,7.0,2017-03-12,ivivu
U11c6bc535576,H0478,6.4,2017-03-12,traveloka
U3390df25df49,H0163,7.0,2017-03-12,ivivu
U4ec5619d5d3e,H0238,9.4,2017-03-12,traveloka
Ud1ac2ce77d01,H0159,6.1,2017-03-13,traveloka
Ue991b70a8fac,H0495,8.5,2017-03-14,traveloka
U4199a16e636f,H0336,9.4,2017-03-15,traveloka
Ubc48ab73e07d,H0175,9.7,2017-03-15,traveloka
Uf134cc1b74f8,H0354,7.5,2017-03-15,ivivu
U8d0d7d614f13,H0540,8.5,2017-03-16,traveloka
Ub53b2b047e8d,H0516,5.1,2017-03-16,traveloka
Ud99c4723905e,H0147,10.0,2017-03-16,traveloka
Uf134cc1b74f8,H0233,7.5,2017-03-16,ivivu
U4558266492a4,H0296,9.0,2017-03-17,ivivu
U65b65bd817fa,H0218,4.8,2017-03-17,traveloka
U8386991b30e6,H0473,9.0,2017-03-17,ivivu
Uae43a1c16f19,H0336,8.5,2017-03-17,traveloka
Ucb29fa817586,H0311,6.9,2017-03-17,traveloka
U6d3ac99fa049,H0085,5.4,2017-03-18,traveloka
Ub392e4328fef,H0483,8.0,2017-03-18,ivivu
U998ce618e75a,H0396,9.4,2017-03-19,traveloka
Uae43a1c16f19,H0499,6.0,2017-03-19,traveloka
U5f834641f76d,H0123,6.1,2017-03-20,traveloka
U8ffb84f64d16,H0366,8.5,2017-03-20,traveloka
U9846937997b7,H0369,9.0,2017-03-20,ivivu
Ub7deeb81a8b2,H0039,8.5,2017-03-20,traveloka
U2873b168bb27,H0272,9.7,2017-03-21,traveloka
U3dfd73c7d389,H0324,9.0,2017-03-21,ivivu
U41f49c065a53,H0485,9.7,2017-03-21,traveloka
U2ac9e2cd3a47,H0003,5.4,2017-03-22,traveloka
U452d8036cc41,H0465,9.7,2017-03-22,traveloka
U9deb26de64b9,H0232,6.0,2017-03-23,traveloka
Ub9ac499b2887,H0238,9.1,2017-03-23,traveloka
U3ceee7ff545f,H0495,6.3,2017-03-24,traveloka
Uaa2338af058a,H0487,9.7,2017-03-24,traveloka
Uaab632ca55d9,H0485,6.3,2017-03-24,traveloka
Ud1053a726167,H0522,7.5,2017-03-24,ivivu
U283f742ce58f,H0085,6.0,2017-03-25,traveloka
U9f8660da4b38,H0523,6.6,2017-03-25,traveloka
Udcc35c827775,H0543,7.0,2017-03-25,ivivu
Ueced0d479ba1,H0182,9.4,2017-03-25,traveloka
Uf86ed583b96e,H0405,9.0,2017-03-25,ivivu
U281e32d55a14,H0369,8.5,2017-03-26,ivivu
U7486c15c4658,H0413,6.0,2017-03-26,traveloka
U853fe03c9715,H0147,9.7,2017-03-26,traveloka
Ud3331afbb2ee,H0347,9.1,2017-03-26,traveloka
U0dc2d2e8564d,H0159,8.8,2017-03-27,traveloka
U487caf717401,H0218,5.9,2017-03-27,traveloka
U5e5b31620262,H0056,10.0,2017-03-27,ivivu
Uf63390c90cb7,H0414,9.7,2017-03-27,traveloka
Uc09e581aa9e9,H0315,9.4,2017-03-28,traveloka
Uae43a1c16f19,H0075,6.0,2017-03-29,traveloka
Ub0aa28b8f180,H0296,7.0,2017-03-29,ivivu
Ucdd976f3cab8,H0495,6.6,2017-03-29,traveloka
Ue588c170ea45,H0267,7.0,2017-03-29,ivivu
Ud4fdac290a14,H0167,9.0,2017-03-31,ivivu
Ufccee6ce9e10,H0003,6.7,2017-03-31,traveloka
Ud94268ef0d2a,H0304,7.0,2017-04-01,ivivu
Uef35cb793711,H0434,8.8,2017-04-01,traveloka
U271e5fa64c5f,H0556,9.0,2017-04-02,ivivu
U059d6bec6166,H0522,8.5,2017-04-03,ivivu
U1892a13e68b1,H0403,8.0,2017-04-03,ivivu
U7747a74354f1,H0041,10.0,2017-04-03,traveloka
Uae43a1c16f19,H0414,9.0,2017-04-03,ivivu
Ud67004025c0b,H0296,7.0,2017-04-03,ivivu
Ue665b206d88a,H0387,9.0,2017-04-03,ivivu
Ue7097b34e841,H0037,6.0,2017-04-03,ivivu
U1ff39a16ebb2,H0311,6.4,2017-04-04,traveloka
U2c889eac8cfa,H0526,9.0,2017-04-04,ivivu
U314079ae9495,H0521,8.5,2017-04-04,traveloka
U7c7a99dd68e9,H0232,9.7,2017-04-05,traveloka
U271e5fa64c5f,H0348,10.0,2017-04-06,ivivu
U79a1dd9b37bb,H0394,8.8,2017-04-06,traveloka
U89918a032cd9,H0359,10.0,2017-04-06,ivivu
U0a655eba50e8,H0551,6.3,2017-04-07,traveloka
U17c55bc22648,H0206,7.0,2017-04-08,ivivu
U7c576fde4e96,H0206,9.0,2017-04-08,ivivu
U8bec745c206b,H0072,9.4,2017-04-08,traveloka
U8cb0b2c2cb2a,H0518,9.0,2017-04-08,ivivu
Ub850ae486abc,H0521,6.0,2017-04-08,traveloka
U28172820ff33,H0414,6.9,2017-04-09,traveloka
U6be42fc14ef3,H0328,6.4,2017-04-09,traveloka
U875db4b1b994,H0387,9.0,2017-04-09,ivivu
Uc0edbf2f4b12,H0238,9.7,2017-04-09,traveloka
Uc845d335921c,H0083,9.0,2017-04-09,ivivu
Ucb5d7e3d765d,H0369,9.0,2017-04-09,ivivu
Ud31580178d1c,H0414,9.6,2017-04-09,traveloka
U936a5cd4954b,H0414,8.0,2017-04-10,ivivu
Ua43f9a341663,H0232,6.1,2017-04-10,traveloka
U8d55a4d86b0a,H0136,6.5,2017-04-11,traveloka
U1db603abdd9f,H0311,9.1,2017-04-12,traveloka
Ud1482684ee2a,H0147,6.0,2017-04-12,traveloka
U5eee0df3dac0,H0181,5.2,2017-04-13,traveloka
U93507a45a16b,H0272,10.0,2017-04-13,ivivu
U998a2b31ecf9,H0516,4.5,2017-04-13,traveloka
U35ced7743696,H0366,6.0,2017-04-14,traveloka
U4907e6e00403,H0324,7.0,2017-04-14,ivivu
U8016fd8223f8,H0460,9.0,2017-04-14,ivivu
U84006a2387ff,H0022,7.0,2017-04-14,ivivu
U0f9091ae7a9e,H0516,6.0,2017-04-15,traveloka
U3d8bafb8d638,H0551,7.5,2017-04-15,ivivu
U4f72e4beb176,H0188,9.0,2017-04-15,ivivu
U51e843464940,H0199,8.4,2017-04-15,traveloka
U59997161c96e,H0175,6.8,2017-04-15,traveloka
U6602382a13a1,H0456,6.0,2017-04-15,traveloka
U685cde501b1f,H0543,10.0,2017-04-15,ivivu
U956cb9a6ec03,H0304,7.0,2017-04-15,ivivu
Uba48f19fdb1e,H0526,8.5,2017-04-15,ivivu
Ufdd984746116,H0296,7.0,2017-04-15,ivivu
U476c193ebf3f,H0396,8.5,2017-04-16,traveloka
U7dd00d5213dc,H0414,8.5,2017-04-16,traveloka
Ua5c755553ec3,H0086,10.0,2017-04-16,ivivu
Uf938310bc0ad,H0147,9.7,2017-04-16,traveloka
U16f4ac83bd96,H0536,10.0,2017-04-17,ivivu
U3022345175f0,H0439,9.7,2017-04-17,traveloka
U41afa59bc0c2,H0026,9.0,2017-04-17,ivivu
U769d97666667,H0147,8.5,2017-04-17,traveloka
Uac05d0bc7333,H0324,6.5,2017-04-17,traveloka
U0b52eb358c89,H0433,8.5,2017-04-18,traveloka
U1fa27d79c050,H0481,7.5,2017-04-18,ivivu
U206137cd06c4,H0296,10.0,2017-04-18,ivivu
U704c66009c2a,H0064,6.6,2017-04-18,traveloka
U1272419cc508,H0541,10.0,2017-04-19,ivivu
U955bffb7a221,H0324,10.0,2017-04-19,ivivu
U0b545ea0d3c2,H0207,9.0,2017-04-20,ivivu
U6156734cc45f,H0399,6.0,2017-04-20,traveloka
Ua179bde11521,H0454,8.5,2017-04-20,traveloka
Uf55b52411aa4,H0532,10.0,2017-04-20,traveloka
U1122b5cc7902,H0509,6.9,2017-04-21,traveloka
U44b3ff694073,H0324,9.0,2017-04-21,ivivu
U5fc2677022d4,H0324,10.0,2017-04-21,ivivu
U636a242ffd1b,H0551,7.2,2017-04-21,traveloka
U81f572381c40,H0339,9.0,2017-04-21,ivivu
U053dee4fae6f,H0334,8.5,2017-04-22,traveloka
U42d2ad3dc9f1,H0272,9.4,2017-04-22,traveloka
U5863bd418f0c,H0518,10.0,2017-04-22,ivivu
Ua43f9a341663,H0509,6.3,2017-04-22,traveloka
Ud3e2864aac05,H0208,10.0,2017-04-22,ivivu
Ue991b70a8fac,H0296,7.0,2017-04-22,ivivu
Uf1b77339a841,H0473,5.0,2017-04-22,ivivu
Ufa7f502ede37,H0551,9.7,2017-04-22,traveloka
U059d6bec6166,H0348,10.0,2017-04-23,ivivu
U1200de112ae3,H0324,10.0,2017-04-23,ivivu
Ua7beaa8dc6a5,H0416,8.0,2017-04-23,ivivu
Uaf9c80bed7dd,H0516,5.8,2017-04-23,traveloka
Uca9d0a630b61,H0476,6.0,2017-04-23,traveloka
U0acf29f32f54,H0496,8.4,2017-04-24,traveloka
U7ce74af38d19,H0369,10.0,2017-04-24,ivivu
Ubac2422bb8d3,H0002,6.0,2017-04-24,traveloka
Ue011bf99dade,H0454,6.0,2017-04-24,traveloka
Uf2a33ffd2ea4,H0267,10.0,2017-04-24,ivivu
U849b194de14b,H0516,6.0,2017-04-25,traveloka
Uc5cd2dc76bfe,H0538,5.7,2017-04-25,traveloka
U30cf49fd3841,H0535,8.5,2017-04-26,traveloka
Uae43a1c16f19,H0387,9.0,2017-04-26,ivivu
Ueb5176e8fe02,H0336,9.4,2017-04-26,traveloka
U17df181ce620,H0439,10.0,2017-04-27,traveloka
Ufe7dc3abb382,H0439,10.0,2017-04-27,ivivu
U9476c3090eae,H0446,6.2,2017-04-28,traveloka
Ufe3ff05c4189,H0339,10.0,2017-04-28,ivivu
U02089ebb7c08,H0341,7.5,2017-04-29,ivivu
U04cfc1cf3870,H0167,7.0,2017-04-29,ivivu
U31a2241792df,H0107,10.0,2017-04-29,traveloka
U37778183a082,H0311,10.0,2017-04-29,ivivu
U4a24b5c14a16,H0328,8.5,2017-04-29,traveloka
U4dba22c4888c,H0206,7.0,2017-04-29,ivivu
U51e843464940,H0051,8.5,2017-04-29,traveloka
U66072f598f9f,H0439,6.0,2017-04-29,traveloka
U74c114c6b433,H0448,6.4,2017-04-29,traveloka
U94c143a28cfb,H0341,8.5,2017-04-29,ivivu
U955bffb7a221,H0324,9.0,2017-04-29,ivivu
Ua7beaa8dc6a5,H0056,10.0,2017-04-29,ivivu
U046912319d9e,H0439,5.9,2017-04-30,traveloka
U17df181ce620,H0296,10.0,2017-04-30,ivivu
U2f92d6528a2a,H0299,6.0,2017-04-30,ivivu
U6513cf8460bd,H0359,10.0,2017-04-30,ivivu
U846da8b2a753,H0111,5.5,2017-04-30,traveloka
Uda1dfa5c2b27,H0032,5.1,2017-04-30,traveloka
Udad6dc9a4639,H0341,7.0,2017-04-30,ivivu
U0caada9e85dd,H0430,7.0,2017-05-01,traveloka
U42d2ad3dc9f1,H0439,9.0,2017-05-01,ivivu
Uc0852789ebe1,H0408,6.2,2017-05-01,traveloka
Ucbba043ddeb3,H0518,10.0,2017-05-01,ivivu
Uef35cb793711,H0206,10.0,2017-05-02,ivivu
Ud8a7abb5fb33,H0433,9.4,2017-05-03,traveloka
U19225ebe60f0,H0439,9.0,2017-05-04,ivivu
U3a425437711c,H0284,8.0,2017-05-04,ivivu
Ucbe98c1a341e,H0114,10.0,2017-05-04,traveloka
Ue634b5dfb867,H0296,7.0,2017-05-04,ivivu
U02cf03d6a240,H0551,6.0,2017-05-05,traveloka
U2ce5aca0c300,H0521,8.5,2017-05-05,traveloka
U3bf8d2f46907,H0233,7.0,2017-05-05,ivivu
U577306d16590,H0296,9.0,2017-05-05,ivivu
U9482b53a70de,H0126,8.0,2017-05-05,ivivu
Uaf0fa38814b6,H0296,8.0,2017-05-05,ivivu
U014ab4ef41fa,H0504,9.0,2017-05-06,ivivu
U04db0ca8ff2b,H0147,8.5,2017-05-06,traveloka
Uc6a8d15c5be4,H0123,9.0,2017-05-06,ivivu
U852d66b57dc1,H0232,5.4,2017-05-07,traveloka
U3b05e65fc40f,H0528,7.5,2017-05-08,ivivu
U3b92d8653e52,H0516,9.7,2017-05-08,traveloka
U57e569f4e9f6,H0447,9.0,2017-05-08,ivivu
U72748e48e7f9,H0417,9.7,2017-05-08,traveloka
Uaca436c99d46,H0519,9.1,2017-05-08,traveloka
Uae43a1c16f19,H0299,6.0,2017-05-08,ivivu
Udb7d9323745e,H0477,7.0,2017-05-08,ivivu
Ue9ff38d0b808,H0526,7.0,2017-05-08,ivivu
U08e14c719fb3,H0518,9.0,2017-05-09,ivivu
U271e5fa64c5f,H0001,6.0,2017-05-09,traveloka
U7fd746033666,H0070,10.0,2017-05-09,traveloka
U31a2241792df,H0412,8.5,2017-05-10,traveloka
U5c07cad2c040,H0059,6.2,2017-05-10,traveloka
U735e2230fa8c,H0032,10.0,2017-05-10,traveloka
U4028d4ac9ce8,H0048,9.0,2017-05-11,ivivu
Uc5cb4acfdf44,H0414,7.0,2017-05-12,traveloka
Ufd24e59237f4,H0299,9.0,2017-05-13,ivivu
U69a7d9cea561,H0329,6.2,2017-05-14,traveloka
U89ba68abe42a,H0294,9.7,2017-05-14,traveloka
U9066f2d5ee55,H0162,9.7,2017-05-14,traveloka
U6a9e14c6a6b9,H0529,8.4,2017-05-15,traveloka
U9f88a8413112,H0454,5.1,2017-05-15,traveloka
U2f45ade47ddf,H0056,8.0,2017-05-16,ivivu
U320efe3833d5,H0147,8.5,2017-05-16,traveloka
Ucfd51bcc8511,H0551,6.2,2017-05-16,traveloka
Ud4c36fc32235,H0412,6.9,2017-05-16,traveloka
U0ecb1d369247,H0303,10.0,2017-05-17,ivivu
U5c7ef6d7d6b3,H0136,8.5,2017-05-17,ivivu
Ud17ca5fe284c,H0041,9.7,2017-05-17,traveloka
Uf213eb286231,H0147,9.1,2017-05-17,traveloka
U57c0150e6aab,H0147,6.0,2017-05-18,traveloka
U7dff464c710a,H0513,9.0,2017-05-18,ivivu
U91feaa87d7e6,H0518,6.0,2017-05-18,ivivu
Ua19e8315cb3f,H0002,6.0,2017-05-18,traveloka
Ucb8b0596da83,H0273,10.0,2017-05-18,ivivu
U0c6909d33466,H0107,6.6,2017-05-19,traveloka
U75b663c68492,H0206,7.0,2017-05-19,ivivu
U79d401493785,H0399,6.3,2017-05-19,traveloka
Ue7097b34e841,H0518,9.0,2017-05-19,ivivu
Uef35cb793711,H0233,8.6,2017-05-19,ivivu
Uf53263a83801,H0456,6.0,2017-05-19,traveloka
U1b9aba67387a,H0259,7.0,2017-05-20,ivivu
U841e655c26e4,H0272,9.7,2017-05-20,traveloka
U9d6993e63ead,H0518,7.0,2017-05-20,ivivu
Ud1482684ee2a,H0426,6.3,2017-05-20,traveloka
U4a71b9abce86,H0521,9.7,2017-05-21,traveloka
U21f30230fde5,H0182,5.7,2017-05-22,traveloka
U42a3a1eb7fc5,H0516,8.1,2017-05-22,traveloka
U227d945fbd61,H0357,7.0,2017-05-23,ivivu
U551010d6be43,H0160,5.9,2017-05-23,traveloka
Uf2d7f53b8fb6,H0238,9.7,2017-05-23,traveloka
U33638709fbd3,H0492,4.9,2017-05-24,traveloka
U3c4acd15e2e7,H0446,8.5,2017-05-24,traveloka
U6156734cc45f,H0324,9.0,2017-05-24,ivivu
U8ae112dca0aa,H0485,6.0,2017-05-25,traveloka
Udcc35c827775,H0454,6.0,2017-05-25,traveloka
U1b13fe0a5738,H0311,9.4,2017-05-26,traveloka
U4fb35914b6f6,H0272,10.0,2017-05-26,ivivu
U502e3a8bdead,H0413,10.0,2017-05-26,traveloka
U575e98713604,H0272,9.7,2017-05-26,traveloka
Uaa03b73ad39d,H0304,4.9,2017-05-26,traveloka
Ufae774471004,H0526,7.0,2017-05-26,ivivu
U22f8c6951260,H0359,10.0,2017-05-27,ivivu
U5863bd418f0c,H0528,9.5,2017-05-27,ivivu
Uabec9f08f97e,H0147,8.2,2017-05-27,traveloka
Ubed3169ee6ec,H0174,9.0,2017-05-27,ivivu
Uf1b01b72cc74,H0383,9.1,2017-05-27,traveloka
U87ac7dfc46dd,H0324,10.0,2017-05-28,ivivu
Ud982d133e8d8,H0227,6.0,2017-05-28,traveloka
U09502dc66d1b,H0123,6.0,2017-05-29,traveloka
U02adaf2612ac,H0557,9.7,2017-05-30,traveloka
U0c024ce09c1a,H0499,8.5,2017-05-30,traveloka
U0d9c22fbf000,H0535,8.5,2017-05-31,traveloka
U32133f20ba3c,H0534,9.5,2017-05-31,ivivu
U869b0d58c850,H0518,8.0,2017-05-31,ivivu
Ud46d584355b2,H0380,9.7,2017-05-31,traveloka
Ud4fdac290a14,H0553,6.5,2017-05-31,traveloka
U14cd3a0340de,H0057,10.0,2017-06-01,ivivu
U8b9dc50a0ebe,H0064,8.3,2017-06-02,traveloka
Uc4e1a1fcde1f,H0101,6.2,2017-06-02,traveloka
Uf86ed583b96e,H0287,9.0,2017-06-02,ivivu
U3678d2269f8d,H0160,10.0,2017-06-04,traveloka
U424363916c6f,H0296,7.0,2017-06-04,ivivu
U836e8b9031cb,H0518,10.0,2017-06-04,ivivu
U8ff39e5063c5,H0413,9.7,2017-06-04,traveloka
Ue0394cde49c9,H0414,7.5,2017-06-04,ivivu
Ucf697ee1b730,H0414,8.5,2017-06-05,ivivu
U2d0451b1e308,H0551,9.1,2017-06-06,traveloka
U90e68f394e86,H0167,9.0,2017-06-06,ivivu
U9a5393fc61ff,H0232,7.6,2017-06-06,traveloka
Ua5bb41e90053,H0324,9.0,2017-06-06,ivivu
U50c7b0bf850b,H0433,8.5,2017-06-07,traveloka
U7470c1a29b3d,H0465,6.4,2017-06-07,traveloka
Ue9813cda0302,H0045,10.0,2017-06-07,ivivu
U1b13fe0a5738,H0056,9.0,2017-06-08,ivivu
U2811cd8af0ff,H0137,8.0,2017-06-08,ivivu
U3853a46288bc,H0439,5.0,2017-06-08,ivivu
U3f701ad36db3,H0526,9.0,2017-06-08,ivivu
U6ed3a0ef4f8d,H0026,9.0,2017-06-08,ivivu
Ue69784e0ff37,H0405,9.0,2017-06-08,ivivu
U6c87d9721c12,H0294,6.0,2017-06-09,traveloka
U8d6da7bd1b59,H0557,6.3,2017-06-09,traveloka
Ub9b43c70fe83,H0375,9.7,2017-06-09,traveloka
Ucb5d7e3d765d,H0513,6.0,2017-06-09,ivivu
Ud17ef5b5e754,H0542,4.8,2017-06-09,traveloka
U1815847b8c9e,H0521,9.4,2017-06-10,traveloka
U60c7c14225b2,H0260,8.0,2017-06-10,ivivu
U9b79cd4393a3,H0086,9.0,2017-06-10,ivivu
Ua43bed44c3dd,H0103,9.4,2017-06-10,traveloka
U35075a689702,H0012,6.0,2017-06-11,ivivu
Ub9ac499b2887,H0039,6.0,2017-06-11,traveloka
U126ba54ffc44,H0115,9.4,2017-06-12,traveloka
U39d413497544,H0553,9.1,2017-06-12,traveloka
Ua497ac61f801,H0048,9.0,2017-06-12,ivivu
U6d521e4bd58a,H0232,5.8,2017-06-13,traveloka
U881707ef1667,H0550,8.5,2017-06-13,traveloka
U46354cab5e62,H0521,5.8,2017-06-16,traveloka
U5cf46a6e242a,H0380,5.8,2017-06-16,traveloka
U7912dabd0141,H0419,5.2,2017-06-16,traveloka
Ua22e05539eaf,H0485,6.6,2017-06-16,traveloka
U1b7c62b9562b,H0380,8.5,2017-06-18,traveloka
U988438443009,H0142,9.0,2017-06-18,ivivu
Ub316660cedb0,H0136,10.0,2017-06-18,ivivu
U34b70eb8c7c9,H0383,5.8,2017-06-19,traveloka
Ub316660cedb0,H0272,6.9,2017-06-19,traveloka
U1039403c2ecc,H0385,6.8,2017-06-20,traveloka
Ud4f0e7a8132c,H0535,8.5,2017-06-21,traveloka
U320efe3833d5,H0001,6.0,2017-06-22,traveloka
U366577370507,H0433,6.0,2017-06-22,traveloka
Ubdfd1d18c947,H0385,8.7,2017-06-22,traveloka
U4769a75c4a63,H0272,6.4,2017-06-23,traveloka
Ucf301128ad9c,H0159,5.6,2017-06-23,traveloka
U6156734cc45f,H0272,5.8,2017-06-24,traveloka
U6ccc929d2f7d,H0175,6.0,2017-06-24,traveloka
Ud46d584355b2,H0380,8.5,2017-06-25,traveloka
U4a2812fb7af1,H0516,6.0,2017-06-26,traveloka
U89abfa090202,H0072,8.5,2017-06-26,traveloka
U92f6329c9cb0,H0439,6.4,2017-06-26,traveloka
Uce13573c9004,H0551,8.8,2017-06-26,traveloka
U5eee0df3dac0,H0085,9.7,2017-06-27,traveloka
U7e9c84e7704b,H0509,8.8,2017-06-27,traveloka
U9ef81fab62a3,H0433,5.6,2017-06-27,traveloka
Uded2be406d9b,H0394,6.6,2017-06-27,traveloka
U87d52debf722,H0085,9.7,2017-06-28,traveloka
U02cf03d6a240,H0195,9.7,2017-06-29,traveloka
U83025f422717,H0551,7.3,2017-06-29,traveloka
U997f184ed30e,H0376,10.0,2017-06-29,traveloka
U4257bb3b635b,H0354,5.5,2017-06-30,traveloka
U0c024ce09c1a,H0162,10.0,2017-07-01,traveloka
U86ea494019ff,H0113,6.2,2017-07-01,traveloka
Ubf3324d9737b,H0369,9.0,2017-07-01,ivivu
U944981a1cc6c,H0544,6.5,2017-07-03,traveloka
U368f478c1616,H0460,7.5,2017-07-04,ivivu
U60d8ff82578d,H0417,9.7,2017-07-04,traveloka
Uac8fa35c35a0,H0284,10.0,2017-07-04,ivivu
U0f6cda1ed61b,H0065,9.4,2017-07-05,traveloka
U4e716dd19b0a,H0446,9.4,2017-07-05,traveloka
U7b2904937311,H0414,6.0,2017-07-05,traveloka
Ub52474362828,H0369,9.0,2017-07-05,ivivu
U0a3287a7f4ae,H0535,8.5,2017-07-06,traveloka
U17df181ce620,H0189,6.0,2017-07-06,ivivu
U287638c88d25,H0553,9.7,2017-07-07,traveloka
U412d9edcc180,H0347,9.4,2017-07-07,traveloka
Uae43a1c16f19,H0521,9.7,2017-07-07,traveloka
Ue7097b34e841,H0122,7.3,2017-07-07,traveloka
U203b74591298,H0324,9.0,2017-07-08,ivivu
U40e724819d85,H0518,9.0,2017-07-08,ivivu
Uabf958200868,H0300,7.0,2017-07-08,ivivu
Udcc35c827775,H0454,10.0,2017-07-08,traveloka
Ue87ee8847ad4,H0526,6.0,2017-07-08,ivivu
U1daecd5ec0a9,H0526,9.0,2017-07-09,ivivu
U2143d4de73d4,H0311,5.9,2017-07-09,traveloka
Uae43a1c16f19,H0551,5.8,2017-07-09,traveloka
Ued3b997ef713,H0047,9.1,2017-07-09,traveloka
U06cf9c52fa2c,H0178,9.7,2017-07-10,traveloka
U6a25b83cb933,H0301,7.0,2017-07-10,ivivu
U6bb0581a4ebd,H0039,5.1,2017-07-10,traveloka
U71a7b42dfa14,H0003,6.1,2017-07-10,traveloka
U7dd00d5213dc,H0518,9.0,2017-07-10,ivivu
Ue996484a2122,H0415,9.0,2017-07-10,ivivu
Uf332ba3eddd6,H0382,6.0,2017-07-10,traveloka
U885a3bf9479a,H0294,5.4,2017-07-11,traveloka
Ucb8b0596da83,H0166,8.5,2017-07-11,traveloka
Uc91564966663,H0314,7.0,2017-07-12,ivivu
Uf37a683ff766,H0296,7.0,2017-07-12,ivivu
U2778b39980f3,H0335,8.5,2017-07-13,traveloka
U49649fe9774b,H0262,6.0,2017-07-13,traveloka
U8dbdd860289a,H0272,9.4,2017-07-13,traveloka
Ucca5196b6175,H0376,5.8,2017-07-13,traveloka
Uc61312b93b75,H0123,5.5,2017-07-15,traveloka
U08b9979f36a2,H0232,10.0,2017-07-16,traveloka
U23ff3f4123d9,H0159,6.9,2017-07-16,traveloka
U7da3976a5a84,H0123,8.2,2017-07-16,traveloka
Uc33dd6b96ea2,H0448,9.1,2017-07-16,traveloka
U5981995c008f,H0550,5.7,2017-07-17,traveloka
U9183a739a546,H0412,8.8,2017-07-17,traveloka
Uff47cfd7a9c0,H0558,8.5,2017-07-17,traveloka
Ucdd976f3cab8,H0535,9.6,2017-07-18,traveloka
U80c27aee50be,H0160,7.0,2017-07-19,traveloka
Ud6f1e1d4ef74,H0383,6.0,2017-07-19,traveloka
U769dd3e3f5ab,H0394,8.5,2017-07-20,traveloka
U901a91381ede,H0232,5.9,2017-07-20,traveloka
Uaa8bd266a542,H0315,8.7,2017-07-20,traveloka
Ubc63655a0e9c,H0264,7.0,2017-07-20,ivivu
U078477765ef9,H0478,6.4,2017-07-21,traveloka
U1ec90b9c753d,H0262,9.2,2017-07-21,traveloka
U1eff8ccb0ab1,H0294,6.5,2017-07-21,traveloka
U342a5be951dc,H0421,10.0,2017-07-21,ivivu
U3be232659b32,H0521,5.7,2017-07-21,traveloka
U7914c1bf049e,H0383,9.0,2017-07-21,ivivu
Uae43a1c16f19,H0369,10.0,2017-07-21,ivivu
Uec045f37f01c,H0169,9.0,2017-07-21,ivivu
Uf2c638b6718b,H0232,7.0,2017-07-21,traveloka
U73d29abf4a44,H0311,8.8,2017-07-22,traveloka
U7914c1bf049e,H0273,9.0,2017-07-22,ivivu
Ua11146458de1,H0336,9.1,2017-07-22,traveloka
Ubc2e9eda4566,H0239,8.0,2017-07-22,ivivu
Ud0e79e0a30b6,H0446,8.7,2017-07-22,traveloka
Uf6819a7604fd,H0439,9.7,2017-07-22,traveloka
U0ec0c721e4ce,H0142,8.0,2017-07-23,ivivu
U42db35518cf6,H0414,5.8,2017-07-23,traveloka
U819e5119c96d,H0369,9.0,2017-07-23,ivivu
U8b3126efeec8,H0142,9.0,2017-07-23,ivivu
U987ed9e02970,H0317,9.0,2017-07-23,ivivu
Ub9ac499b2887,H0182,6.0,2017-07-23,ivivu
U4033518b2f7c,H0182,9.0,2017-07-24,ivivu
U44b3ff694073,H0167,9.0,2017-07-24,ivivu
U74a3202d2805,H0394,6.7,2017-07-24,traveloka
Ue10e3eba52e7,H0002,6.3,2017-07-24,traveloka
Uf8c43eda8f69,H0542,9.0,2017-07-24,traveloka
U5c74e762a856,H0002,5.7,2017-07-25,traveloka
U721f27459cc3,H0492,10.0,2017-07-25,traveloka
U8e5d4008f591,H0413,9.4,2017-07-25,traveloka
Ue991b70a8fac,H0344,6.0,2017-07-25,traveloka
U046912319d9e,H0140,9.0,2017-07-26,ivivu
U8011efdbe49c,H0273,9.0,2017-07-26,ivivu
Uae57465d36d1,H0181,4.8,2017-07-26,traveloka
Ub8cf28952fa5,H0111,8.5,2017-07-26,traveloka
Uc14c3b735c8a,H0387,8.0,2017-07-26,ivivu
Uc7a1b1a4655b,H0188,9.0,2017-07-26,ivivu
Uc845d335921c,H0405,9.0,2017-07-26,ivivu
Uc92741f7f3ff,H0325,7.0,2017-07-26,ivivu
Ue011bf99dade,H0181,6.3,2017-07-26,traveloka
Ufafbc6d07e40,H0126,9.0,2017-07-27,ivivu
U37020c26c9be,H0111,8.5,2017-07-28,traveloka
U8c7e8bf4eb18,H0524,8.0,2017-07-28,ivivu
U95494f0eb0e2,H0123,9.0,2017-07-28,ivivu
Ue744c7dfa784,H0521,8.5,2017-07-28,traveloka
U3139e512be5c,H0101,5.1,2017-07-29,traveloka
U6156734cc45f,H0159,4.9,2017-07-29,traveloka
Ub9d7e31e4bda,H0159,6.0,2017-07-29,traveloka
Uc3a90b9525da,H0142,7.0,2017-07-29,ivivu
U89c41e4b3472,H0477,7.0,2017-07-30,ivivu
U99a741b570d9,H0026,8.0,2017-07-30,ivivu
Ua0f2ca55fb26,H0142,8.0,2017-07-30,ivivu
Ub86a9a0bbe72,H0182,9.0,2017-07-30,ivivu
U928f4622c958,H0199,9.4,2017-07-31,traveloka
Ua5bb41e90053,H0382,9.7,2017-07-31,traveloka
Uec1d07d93765,H0299,7.0,2017-07-31,ivivu
U74a3202d2805,H0070,6.7,2017-08-01,traveloka
Ude8c5a8dbf61,H0328,6.0,2017-08-01,traveloka
Ue20c7ea075e6,H0296,9.0,2017-08-02,ivivu
Uef35cb793711,H0544,6.9,2017-08-02,traveloka
U9f22416c12fb,H0204,9.0,2017-08-03,ivivu
U0507007cc9fa,H0440,8.0,2017-08-04,ivivu
U42d2ad3dc9f1,H0107,8.5,2017-08-04,traveloka
U4558266492a4,H0191,6.5,2017-08-04,traveloka
U9a0b30d0439b,H0232,5.4,2017-08-04,traveloka
Uba85220d64e0,H0296,7.0,2017-08-04,ivivu
Ud97435c31b78,H0399,8.5,2017-08-04,traveloka
Ue34a8f8fd1a2,H0382,6.0,2017-08-04,traveloka
Ufcfd481c9e65,H0415,6.0,2017-08-04,ivivu
Uc12447c1ede9,H0115,9.7,2017-08-05,traveloka
U0877d992dd9c,H0526,7.5,2017-08-06,ivivu
U5aca643e0a7e,H0026,10.0,2017-08-06,ivivu
Uac8fa35c35a0,H0111,8.8,2017-08-06,traveloka
U896ab7ee77eb,H0272,4.5,2017-08-08,traveloka
Uabf958200868,H0303,7.0,2017-08-08,ivivu
Ucf7d9b9c0a14,H0227,8.8,2017-08-08,traveloka
Uf399a3575585,H0174,7.0,2017-08-08,ivivu
U02089ebb7c08,H0231,7.5,2017-08-09,ivivu
U108c87e2cdcf,H0101,6.7,2017-08-09,traveloka
U6156734cc45f,H0299,6.0,2017-08-09,ivivu
Uae43a1c16f19,H0206,7.0,2017-08-09,ivivu
Uc71564697029,H0535,6.2,2017-08-09,traveloka
Ud495c60cb2dc,H0169,7.0,2017-08-09,ivivu
Ue4c845684b16,H0405,6.0,2017-08-09,ivivu
Uec281de4f6f1,H0516,9.4,2017-08-09,traveloka
U23544fb7d279,H0439,7.0,2017-08-10,ivivu
U8c807d54141d,H0189,7.0,2017-08-10,ivivu
Uec281de4f6f1,H0547,9.4,2017-08-10,traveloka
Uf36a50463339,H0166,4.8,2017-08-10,traveloka
Uc5f7612cb6c0,H0195,8.5,2017-08-11,traveloka
U5aca643e0a7e,H0079,8.0,2017-08-12,ivivu
U2f1e8484924c,H0454,5.9,2017-08-13,traveloka
U6c0b8d570e44,H0518,7.0,2017-08-13,ivivu
Ub417d6ad83fc,H0336,6.1,2017-08-13,traveloka
Ue7fad93d57f6,H0299,9.0,2017-08-13,ivivu
U0a8c7a1aa654,H0369,9.0,2017-08-14,ivivu
U108239f669a2,H0477,7.0,2017-08-14,ivivu
U74a3202d2805,H0089,9.4,2017-08-14,traveloka
U80c27aee50be,H0369,9.0,2017-08-14,ivivu
U9eaf2c013c01,H0339,9.0,2017-08-14,ivivu
Uac8fa35c35a0,H0545,7.0,2017-08-14,ivivu
Uae43a1c16f19,H0045,9.0,2017-08-14,ivivu
Ub424e49b2ad1,H0359,7.0,2017-08-14,ivivu
Ue7566ff0431a,H0380,6.0,2017-08-14,traveloka
Uf9b612b43379,H0138,8.0,2017-08-14,ivivu
U168051edec05,H0322,9.0,2017-08-15,ivivu
U4ada526052a8,H0224,9.0,2017-08-15,ivivu
Uf26c2f049b7c,H0433,6.0,2017-08-15,traveloka
U132871ccf4d5,H0174,9.0,2017-08-16,ivivu
U3853a46288bc,H0369,9.0,2017-08-16,ivivu
U55ba2c4a59e9,H0169,7.0,2017-08-16,ivivu
U60586ecf17b6,H0182,8.0,2017-08-16,ivivu
Ud61694e8f617,H0273,9.0,2017-08-16,ivivu
Uf29635c1d7d8,H0032,5.6,2017-08-16,traveloka
U9b2ff0c74112,H0328,4.8,2017-08-17,traveloka
Ufb1a9a1c6758,H0338,7.0,2017-08-17,ivivu
U27eea115f315,H0341,9.0,2017-08-18,ivivu
U342e1dcac355,H0174,9.0,2017-08-18,ivivu
U49041250225d,H0030,7.0,2017-08-18,ivivu
U6156734cc45f,H0082,9.0,2017-08-18,ivivu
U7db0f5c9d80d,H0272,6.0,2017-08-18,traveloka
U8c98ab2aed7f,H0414,6.7,2017-08-18,traveloka
U9de91bc41736,H0439,7.0,2017-08-18,ivivu
Uce53a74decb1,H0526,9.0,2017-08-18,ivivu
Ue0a8a900cb7b,H0439,6.0,2017-08-18,ivivu
Ueca49f1bb4b1,H0046,7.0,2017-08-18,ivivu
Uf02e06bbbb64,H0296,9.0,2017-08-18,ivivu
U108c87e2cdcf,H0521,9.7,2017-08-19,traveloka
U4ec63c03ee0a,H0169,9.0,2017-08-19,ivivu
Uf2533c3e0101,H0342,9.0,2017-08-19,ivivu
U587e849c4cfb,H0174,8.0,2017-08-20,ivivu
Udfc65d4f888c,H0140,7.0,2017-08-20,ivivu
U9a74fc610130,H0454,7.5,2017-08-21,traveloka
Uc79bbd25ae4d,H0439,9.0,2017-08-21,ivivu
U3c4acd15e2e7,H0294,6.7,2017-08-22,traveloka
U6b37eede54c7,H0439,6.0,2017-08-22,ivivu
U72064078642b,H0452,5.8,2017-08-22,traveloka
U80523ce2e9d3,H0286,9.0,2017-08-22,ivivu
U3c4b8afedf33,H0383,7.0,2017-08-23,traveloka
U4539a20b9675,H0518,7.0,2017-08-23,ivivu
U94070539bc3e,H0304,9.7,2017-08-23,traveloka
U10008c8b160a,H0142,6.0,2017-08-24,ivivu
U210975ccc06d,H0359,9.0,2017-08-24,ivivu
U23747bf473e3,H0349,6.4,2017-08-24,traveloka
U315bb37b50d2,H0032,8.5,2017-08-24,traveloka
U74c114c6b433,H0433,5.7,2017-08-24,traveloka
Ua1592b2ee15d,H0328,8.8,2017-08-24,traveloka
Uc30bd0c30d77,H0204,7.0,2017-08-24,ivivu
Ud39d1962835b,H0254,7.0,2017-08-24,ivivu
Udf900c79b157,H0454,6.1,2017-08-24,traveloka
Uf51552664247,H0136,10.0,2017-08-24,traveloka
U02e9a9394f2b,H0439,9.0,2017-08-25,ivivu
U332929faff70,H0142,9.0,2017-08-25,ivivu
U46c58d1cc88b,H0541,7.0,2017-08-25,ivivu
U491e19059834,H0541,8.0,2017-08-25,ivivu
Uaee7eafb2369,H0434,6.1,2017-08-25,traveloka
U096ae0bfd33c,H0105,5.1,2017-08-26,traveloka
U0f2fc3f7e82a,H0529,9.7,2017-08-26,traveloka
U68f10dc1a40e,H0142,9.0,2017-08-26,ivivu
U80c27aee50be,H0528,7.0,2017-08-26,ivivu
Uae43a1c16f19,H0543,6.0,2017-08-26,ivivu
Ufa3a4553dc2b,H0474,7.0,2017-08-26,ivivu
U03bd60b299ef,H0551,8.0,2017-08-27,ivivu
U575d8ca03c29,H0369,9.0,2017-08-27,ivivu
U84716f54cdce,H0496,8.0,2017-08-27,ivivu
Ub4f035fd00cd,H0383,8.0,2017-08-27,ivivu
U182bed4ea9a1,H0477,9.0,2017-08-28,ivivu
U389f9d09feea,H0387,7.0,2017-08-28,ivivu
Ubcbff68d3c91,H0356,9.0,2017-08-28,ivivu
Uc9b34cee2206,H0233,9.0,2017-08-28,ivivu
Ucdf99a0cd2b0,H0121,10.0,2017-08-28,ivivu
Ud488cc4bf4fd,H0485,6.0,2017-08-28,traveloka
Uda808773dfcb,H0244,8.0,2017-08-28,ivivu
U183bb86a9505,H0529,6.4,2017-08-29,traveloka
U99f7a5646634,H0331,8.5,2017-08-29,traveloka
Uc4316bf3f282,H0434,8.5,2017-08-29,traveloka
Ufc98ad17316b,H0339,7.0,2017-08-29,ivivu
U334af7dca922,H0281,5.1,2017-08-30,traveloka
U60adb53eb0b4,H0369,9.0,2017-08-30,ivivu
U6f285070ca43,H0414,6.2,2017-08-30,traveloka
U80c27aee50be,H0137,9.0,2017-08-30,ivivu
Uedb506d443dc,H0534,9.7,2017-08-30,traveloka
Uf82d4292e949,H0322,8.0,2017-08-30,ivivu
U16f4ac83bd96,H0216,9.3,2017-08-31,traveloka
U183bb86a9505,H0272,9.7,2017-09-01,traveloka
U57b6c29bae79,H0509,4.5,2017-09-01,traveloka
U7fb34d301074,H0311,9.7,2017-09-01,traveloka
U8ff9d4e61930,H0290,6.8,2017-09-02,traveloka
Uf44e05fcb39e,H0433,8.5,2017-09-02,traveloka
U7855b8fa3b9f,H0473,10.0,2017-09-03,ivivu
Uac8fa35c35a0,H0518,9.0,2017-09-03,ivivu
U6c538929be88,H0175,6.2,2017-09-04,traveloka
U9c7571420735,H0136,5.8,2017-09-04,traveloka
Udb2d531e34dc,H0181,6.0,2017-09-04,traveloka
U169a8a2517e1,H0296,10.0,2017-09-06,ivivu
U5c6f46cab5c5,H0467,6.3,2017-09-06,traveloka
Uf7645fd78674,H0138,9.0,2017-09-06,ivivu
U4ee253bd9bca,H0420,9.0,2017-09-08,ivivu
U6700427d6d44,H0527,9.0,2017-09-08,ivivu
U7521056241d3,H0181,8.5,2017-09-08,traveloka
U8e167ad2d7a7,H0284,7.0,2017-09-08,ivivu
Uae43a1c16f19,H0485,8.5,2017-09-08,traveloka
Ubfc014257585,H0225,6.4,2017-09-08,traveloka
Uc9dbcea9cd1f,H0166,9.7,2017-09-08,traveloka
Ue9b246e30feb,H0238,9.7,2017-09-08,traveloka
U281e32d55a14,H0439,6.7,2017-09-09,traveloka
U42d2ad3dc9f1,H0178,9.7,2017-09-09,traveloka
U42d2ad3dc9f1,H0518,8.0,2017-09-09,ivivu
U63271984dab2,H0026,9.0,2017-09-09,ivivu
U6612f09564f1,H0284,7.5,2017-09-09,ivivu
U67d10c1d8ded,H0405,6.0,2017-09-09,ivivu
U690790c60a09,H0405,7.0,2017-09-09,ivivu
U9ca0b6dba6c8,H0195,6.1,2017-09-09,traveloka
Ua1145c989cfd,H0290,9.4,2017-09-09,traveloka
Uabd2483d5a84,H0523,9.7,2017-09-09,traveloka
U171f32c48892,H0518,6.0,2017-09-10,ivivu
U2dbebe26985f,H0477,7.0,2017-09-10,ivivu
U9cf4c2a15b75,H0434,6.0,2017-09-10,traveloka
Ubba2a5ba70d9,H0473,5.0,2017-09-10,ivivu
U7a6e66b63014,H0299,7.0,2017-09-11,ivivu
U9b9e3d769319,H0411,8.8,2017-09-11,traveloka
Uf05fd455a70d,H0508,9.0,2017-09-11,ivivu
U6ec4c7c28768,H0541,6.0,2017-09-12,ivivu
Uf9d1c7722725,H0244,6.0,2017-09-12,ivivu
U1e84baf9b7e4,H0123,6.6,2017-09-13,traveloka
U8d0d7d614f13,H0496,9.0,2017-09-13,ivivu
U9d06e43c5231,H0439,9.0,2017-09-13,ivivu
U1bfac603df43,H0311,6.7,2017-09-14,traveloka
U2d30d2f26f75,H0477,9.0,2017-09-14,ivivu
U96ee79149337,H0518,9.0,2017-09-14,ivivu
Ud5c1261f5b59,H0518,9.0,2017-09-14,ivivu
U608048973bd0,H0430,6.8,2017-09-15,traveloka
U8cfc7b45e897,H0387,7.0,2017-09-15,ivivu
Uaf349b705604,H0339,5.0,2017-09-15,ivivu
Ud3720eef98a5,H0516,6.3,2017-09-15,traveloka
Ueeedba0d85c6,H0477,7.0,2017-09-15,ivivu
U6156734cc45f,H0142,7.0,2017-09-16,ivivu
U7b8fd4be0d43,H0518,9.0,2017-09-16,ivivu
U8d18719e73fd,H0434,6.1,2017-09-16,traveloka
Ucbe98c1a341e,H0181,5.8,2017-09-16,traveloka
Uea0e825a75d9,H0283,9.0,2017-09-16,ivivu
Ufe7dc3abb382,H0204,9.0,2017-09-16,ivivu
U74fbcf9791f5,H0182,6.0,2017-09-17,ivivu
Uae43a1c16f19,H0446,8.5,2017-09-17,traveloka
U2f467def7314,H0417,8.5,2017-09-20,traveloka
U8b040c9bd41b,H0439,9.7,2017-09-20,traveloka
U085ec105e3cc,H0336,9.4,2017-09-21,traveloka
U55ee0d2f0343,H0294,9.4,2017-09-22,traveloka
U99f3c0613e20,H0421,9.0,2017-09-22,ivivu
Uba227a4e3033,H0167,9.0,2017-09-22,ivivu
Ucb8b0596da83,H0137,7.0,2017-09-22,ivivu
Ud0c848f5ae6c,H0041,9.7,2017-09-22,traveloka
Ud6282636030e,H0009,6.3,2017-09-22,traveloka
Uda8cc27a59ed,H0439,9.6,2017-09-22,traveloka
U2f357a185bcc,H0311,7.0,2017-09-23,ivivu
U3c79f1d051fd,H0126,6.0,2017-09-23,traveloka
U415b539425bf,H0394,6.0,2017-09-23,traveloka
U4558266492a4,H0288,9.0,2017-09-23,ivivu
U8237589c3fb5,H0336,8.5,2017-09-23,traveloka
U89dabfd3eca3,H0405,7.0,2017-09-23,ivivu
Uad736c7dffac,H0227,8.5,2017-09-23,traveloka
Udef4fa3b5314,H0415,7.0,2017-09-23,ivivu
U0c024ce09c1a,H0408,6.7,2017-09-25,traveloka
U65cd990eb99f,H0079,7.0,2017-09-25,ivivu
U1ea07a88a238,H0485,6.0,2017-09-26,traveloka
U61d7be158a27,H0322,7.0,2017-09-26,ivivu
Uac043360d5dc,H0439,7.0,2017-09-26,ivivu
U26586a0df10c,H0110,9.0,2017-09-27,ivivu
Ub638e89f554a,H0101,6.1,2017-09-27,traveloka
U8da9d2b2c19b,H0162,9.3,2017-09-28,traveloka
Uda874e3e7165,H0284,7.0,2017-09-28,ivivu
U02cf03d6a240,H0382,6.4,2017-09-29,traveloka
U101a6dbdfec1,H0478,9.4,2017-09-29,traveloka
U838d463a532a,H0518,4.0,2017-09-29,ivivu
Ubacfb9c1a3ca,H0233,9.0,2017-09-29,ivivu
Uc2e1013f5ccd,H0541,9.0,2017-09-29,ivivu
U271ea7e57f1b,H0324,7.0,2017-09-30,ivivu
U3235389a129d,H0405,7.0,2017-09-30,ivivu
U38cff8d6c900,H0083,9.0,2017-09-30,ivivu
Ucce600810889,H0436,6.0,2017-09-30,ivivu
Ud1053a726167,H0496,6.7,2017-09-30,traveloka
Ue7097b34e841,H0339,7.0,2017-09-30,ivivu
U3a21d7e2afd2,H0304,8.5,2017-10-01,traveloka
U927e993a2a9e,H0101,5.8,2017-10-01,traveloka
Ua2762b024f47,H0232,6.0,2017-10-01,traveloka
U2a7b37b0544b,H0529,9.7,2017-10-02,traveloka
U7a1b94be7fcb,H0072,6.3,2017-10-02,traveloka
Uf2533c3e0101,H0238,7.0,2017-10-02,traveloka
U6e3132b55187,H0364,9.4,2017-10-04,traveloka
U01c0d8ef89ea,H0117,8.6,2017-10-05,traveloka
U2131bc020693,H0473,6.0,2017-10-06,ivivu
U8a841fcc4926,H0485,8.4,2017-10-06,traveloka
U070255e69fcc,H0331,9.4,2017-10-07,traveloka
U122170e3f72e,H0518,8.0,2017-10-07,ivivu
U2599a26a9e7f,H0439,6.0,2017-10-07,ivivu
U1e1940e2a5e7,H0507,6.0,2017-10-08,traveloka
U3b402d539794,H0123,5.4,2017-10-08,traveloka
U48aa7c89ecdb,H0541,9.0,2017-10-08,ivivu
U7d149e57c662,H0534,9.5,2017-10-08,ivivu
U91feaa87d7e6,H0417,8.5,2017-10-08,traveloka
Uabec9f08f97e,H0020,9.0,2017-10-08,ivivu
Ub3fcc1d06635,H0529,9.7,2017-10-08,traveloka
Uef35cb793711,H0322,10.0,2017-10-08,ivivu
Uf86ed583b96e,H0056,9.0,2017-10-08,ivivu
Ufc50bcbbd57c,H0123,7.0,2017-10-08,ivivu
U0437222ab84b,H0181,6.1,2017-10-09,traveloka
U0726d457d599,H0107,5.7,2017-10-09,traveloka
U078c1307f993,H0227,6.2,2017-10-09,traveloka
U2a1af883e0e4,H0334,8.8,2017-10-09,traveloka
U358042d4503c,H0414,6.0,2017-10-09,traveloka
U5f12eb10abeb,H0369,9.0,2017-10-09,ivivu
U9a5b2c19439d,H0465,9.7,2017-10-09,traveloka
Ue100d62be1fa,H0105,6.9,2017-10-09,traveloka
U03ee96b6329b,H0272,4.8,2017-10-10,traveloka
U76f1ed247f3b,H0436,7.0,2017-10-10,ivivu
U225dfe40c127,H0281,6.0,2017-10-11,traveloka
U33389686c8cd,H0182,8.0,2017-10-11,ivivu
U77770dc69416,H0294,6.4,2017-10-11,traveloka
U9902a39b9b51,H0296,7.0,2017-10-11,ivivu
Uf8c43eda8f69,H0294,8.5,2017-10-11,traveloka
U42d2ad3dc9f1,H0518,9.0,2017-10-12,ivivu
U9c962401524b,H0226,9.7,2017-10-12,traveloka
U29b5f0f6790e,H0137,9.0,2017-10-13,ivivu
U489fa6449cb3,H0517,7.0,2017-10-14,ivivu
U68f10dc1a40e,H0415,9.0,2017-10-14,ivivu
U89b1b02f90b4,H0426,6.4,2017-10-14,traveloka
Uba463302da37,H0286,7.0,2017-10-14,ivivu
Ubf78280fa83e,H0477,7.0,2017-10-15,ivivu
Ue4ba38219b3e,H0290,5.4,2017-10-15,traveloka
U30925a1f2a07,H0009,5.1,2017-10-16,traveloka
U56c635e51299,H0434,8.5,2017-10-16,traveloka
U7f1d82df196e,H0518,8.0,2017-10-16,ivivu
U82419086d338,H0557,9.7,2017-10-16,traveloka
U852c1dc037a7,H0364,8.5,2017-10-16,traveloka
U9ea158110822,H0439,9.4,2017-10-16,traveloka
Uf49c241319de,H0207,9.0,2017-10-16,ivivu
U019b6463f91c,H0535,10.0,2017-10-18,traveloka
U01c9a780c5b6,H0540,8.5,2017-10-18,traveloka
U3413494202f0,H0162,6.5,2017-10-18,traveloka
U61fc04bd1647,H0487,9.4,2017-10-18,traveloka
Ud052cf5a4c1e,H0101,9.1,2017-10-19,traveloka
Uf8c43eda8f69,H0518,7.0,2017-10-19,ivivu
U104afab47afa,H0511,9.0,2017-10-20,ivivu
Ud97435c31b78,H0141,9.0,2017-10-20,ivivu
U320efe3833d5,H0405,7.0,2017-10-21,ivivu
U4fbb2cd638e3,H0433,9.7,2017-10-21,traveloka
U88f29e4ac081,H0446,5.9,2017-10-21,traveloka
Ub4934063d548,H0383,8.5,2017-10-21,traveloka
Uc75194e97fac,H0111,5.8,2017-10-21,traveloka
U58fb82414f95,H0414,6.2,2017-10-22,traveloka
U677e2314a962,H0518,9.0,2017-10-22,ivivu
Ub4934063d548,H0478,7.0,2017-10-22,traveloka
Ub8c0a1a036bc,H0454,9.7,2017-10-22,traveloka
U46aa4b048813,H0162,10.0,2017-10-23,traveloka
U46b7c58e61d1,H0162,5.4,2017-10-23,traveloka
U51cdf17eaf7a,H0408,4.8,2017-10-23,traveloka
U99ff89d33173,H0159,4.8,2017-10-23,traveloka
Ue5955e051854,H0182,9.7,2017-10-23,traveloka
U869b0d58c850,H0439,9.7,2017-10-24,traveloka
Uc3bf80afded5,H0465,9.7,2017-10-24,traveloka
Ud46d2cd071b9,H0115,6.0,2017-10-24,traveloka
Uf35a2b79604e,H0178,8.5,2017-10-24,traveloka
U459052bc1431,H0396,8.5,2017-10-25,traveloka
U7855b8fa3b9f,H0249,5.8,2017-10-25,traveloka
Ua71228eb56ce,H0454,6.1,2017-10-25,traveloka
U0bafd6b0c352,H0518,7.0,2017-10-26,ivivu
U6bf8c710101d,H0204,8.0,2017-10-26,ivivu
Uec9ad69d7e84,H0227,6.0,2017-10-26,traveloka
U032e07a208ca,H0521,8.0,2017-10-27,traveloka
U8c71e98649a8,H0167,6.0,2017-10-27,ivivu
Ua099655f939e,H0181,4.8,2017-10-27,traveloka
Ue18c35d0429f,H0233,9.0,2017-10-27,ivivu
U0bafd6b0c352,H0202,7.0,2017-10-28,ivivu
Ub8039daf1fb4,H0551,7.2,2017-10-28,traveloka
Uc44b49f31960,H0415,7.0,2017-10-28,ivivu
Ue3b5c3f8ed97,H0169,9.0,2017-10-28,ivivu
U8cc77a9d302b,H0204,9.0,2017-10-29,ivivu
Uad130a01d145,H0440,9.0,2017-10-29,ivivu
U2061687328d2,H0068,9.7,2017-10-30,traveloka
U4abb495a175f,H0064,9.7,2017-10-30,traveloka
U90e960337e16,H0233,8.0,2017-10-30,ivivu
Uc5850cffbf0c,H0383,10.0,2017-10-30,traveloka
U7cf2ad9e6204,H0376,8.8,2017-10-31,traveloka
Ub4fa1bcf456b,H0434,8.7,2017-10-31,traveloka
U85302e08d43d,H0123,9.7,2017-11-01,traveloka
Ub1f4e41e918c,H0181,9.4,2017-11-01,traveloka
U02c7747bb4ac,H0380,5.8,2017-11-02,traveloka
U3bfb6377b81f,H0465,10.0,2017-11-02,traveloka
U67c67fc7e89e,H0311,5.8,2017-11-02,traveloka
U89e44dddec44,H0324,10.0,2017-11-02,ivivu
U14010ee16523,H0478,6.6,2017-11-03,traveloka
U182bed4ea9a1,H0509,6.0,2017-11-03,traveloka
U427f764990ab,H0182,10.0,2017-11-03,traveloka
U7905fcff8030,H0394,6.0,2017-11-03,traveloka
U8b0f7bad36a8,H0137,9.0,2017-11-03,ivivu
Uf6ffd39cd853,H0543,7.0,2017-11-03,ivivu
U2b2a505b40a3,H0145,6.0,2017-11-04,ivivu
U8934051119be,H0264,10.0,2017-11-04,ivivu
U9271448d3399,H0473,8.0,2017-11-04,ivivu
Ub8731b515bee,H0495,6.3,2017-11-05,traveloka
Ufaf3df89bc39,H0542,6.4,2017-11-05,traveloka
U47048efa80fd,H0454,8.5,2017-11-06,traveloka
U2a547b4d04b9,H0041,8.5,2017-11-07,traveloka
Ub2baac83eef8,H0521,6.0,2017-11-07,traveloka
U3b06278c8877,H0404,9.7,2017-11-08,traveloka
U4321717ea1d8,H0126,8.0,2017-11-08,ivivu
U592a529d3a3e,H0526,7.0,2017-11-08,ivivu
Uae43a1c16f19,H0436,8.0,2017-11-08,ivivu
Ub799ee620cc2,H0366,10.0,2017-11-08,traveloka
Ufb4c71550833,H0348,10.0,2017-11-08,ivivu
U1d36bf4bd101,H0238,7.3,2017-11-09,traveloka
U320efe3833d5,H0518,9.0,2017-11-09,ivivu
Ud17ef5b5e754,H0483,10.0,2017-11-09,ivivu
Ufb9e6a87dcf5,H0260,7.0,2017-11-09,ivivu
U0c024ce09c1a,H0032,10.0,2017-11-10,traveloka
U0c1a0cbe75e7,H0456,6.3,2017-11-10,traveloka
U54ea831298e6,H0162,8.5,2017-11-10,traveloka
U98a45f55e15e,H0521,5.7,2017-11-10,traveloka
Uaa78861d3703,H0446,8.5,2017-11-10,traveloka
Ufb135a966f75,H0439,9.4,2017-11-10,traveloka
U62643e9a2fea,H0439,9.0,2017-11-11,ivivu
U8451d80f9309,H0535,7.1,2017-11-11,traveloka
U9556a9d9bd34,H0169,9.0,2017-11-11,ivivu
Udd204be56342,H0105,9.7,2017-11-11,traveloka
Udde8c976d1ad,H0528,9.0,2017-11-11,ivivu
Ue38d9dfa5fa3,H0085,4.8,2017-11-11,traveloka
U2d0751932e6a,H0009,5.9,2017-11-12,traveloka
U7cf653805c56,H0535,9.7,2017-11-12,traveloka
U9c72304d379a,H0294,9.1,2017-11-12,traveloka
Ue8fe7288648e,H0115,9.7,2017-11-13,traveloka
Ua7beaa8dc6a5,H0272,9.4,2017-11-14,traveloka
U4a9d38ba0b99,H0196,9.4,2017-11-15,traveloka
Uae43a1c16f19,H0101,9.4,2017-11-15,traveloka
Ub35cf3399c86,H0534,5.5,2017-11-15,traveloka
U3c4acd15e2e7,H0056,9.0,2017-11-16,ivivu
Ud953bddcfa52,H0382,5.5,2017-11-16,traveloka
Uff5db8008e67,H0535,9.4,2017-11-16,traveloka
U09918e5bb419,H0281,9.7,2017-11-18,traveloka
U18a0b10e4ea6,H0271,6.2,2017-11-18,traveloka
U23e40b58f9a2,H0206,7.0,2017-11-18,ivivu
U3a64fe669977,H0145,7.0,2017-11-18,ivivu
U63e7c4e150aa,H0359,8.0,2017-11-18,ivivu
Ua28cb4354269,H0541,9.0,2017-11-18,ivivu
U24eb447b7385,H0405,9.0,2017-11-19,ivivu
U2625ca287637,H0289,7.0,2017-11-19,ivivu
U2f1e8484924c,H0336,5.7,2017-11-19,traveloka
U4cb3496e128a,H0141,9.0,2017-11-19,ivivu
Udb53b7822867,H0089,9.7,2017-11-19,traveloka
Ufc89573650e4,H0461,8.5,2017-11-19,traveloka
Ua13b7426bd13,H0159,8.3,2017-11-20,traveloka
Ua23590a4a4f1,H0002,8.6,2017-11-20,traveloka
U2f79700d8c00,H0529,6.4,2017-11-21,traveloka
U4d103a14d7d7,H0311,9.7,2017-11-21,traveloka
U5d8f7fdef76d,H0195,8.5,2017-11-21,traveloka
Ube0b92b779e0,H0516,6.4,2017-11-21,traveloka
Ud5e4230ce41d,H0215,9.1,2017-11-21,traveloka
U2b54bc76d408,H0215,7.9,2017-11-22,traveloka
U3c27d26db705,H0542,8.8,2017-11-22,traveloka
Ued3b997ef713,H0516,8.3,2017-11-22,traveloka
U6058695c187f,H0232,6.0,2017-11-24,traveloka
U73ab2b7cbda8,H0085,9.7,2017-11-24,traveloka
U827838b7d947,H0387,9.0,2017-11-24,ivivu
Ucf2cb3154e35,H0147,9.4,2017-11-24,traveloka
Ueab4b130ce42,H0169,7.0,2017-11-24,ivivu
Uf3764f970d84,H0294,6.4,2017-11-24,traveloka
Ufe21bbc81d6f,H0226,9.7,2017-11-24,traveloka
U6cf95191e9ab,H0020,7.0,2017-11-25,ivivu
Uac8fa35c35a0,H0137,9.0,2017-11-25,ivivu
Uc9e5a5493559,H0296,6.0,2017-11-25,ivivu
Uce0dcd5d8c2f,H0273,9.0,2017-11-25,ivivu
U3a07e57f545c,H0414,5.6,2017-11-26,traveloka
U95d3ef773924,H0334,8.8,2017-11-26,traveloka
U20239046ec38,H0233,9.0,2017-11-27,ivivu
U9556a9d9bd34,H0354,5.8,2017-11-27,traveloka
Uea85f28d61b0,H0225,9.4,2017-11-27,traveloka
U2c6aef2d311f,H0534,6.5,2017-11-28,traveloka
U2f5f66bacbcd,H0289,7.0,2017-11-28,ivivu
U731e03f7bebb,H0369,8.0,2017-11-28,ivivu
U8308c5418648,H0216,9.6,2017-11-28,traveloka
Ub0988e0a0e81,H0519,4.9,2017-11-30,traveloka
Ub5f9c61cef8f,H0181,9.7,2017-11-30,traveloka
Ud886ede368b3,H0544,9.7,2017-11-30,traveloka
Uf8c43eda8f69,H0294,6.3,2017-11-30,traveloka
U48dc18934e61,H0439,5.7,2017-12-01,traveloka
Uf2a33ffd2ea4,H0305,9.0,2017-12-01,ivivu
U8d0d7d614f13,H0542,9.1,2017-12-02,traveloka
Uf57a18241370,H0232,6.3,2017-12-02,traveloka
U060dd222a708,H0518,7.0,2017-12-03,ivivu
U2f47d5dd6289,H0032,5.7,2017-12-03,traveloka
U70bef0b66374,H0232,6.3,2017-12-03,traveloka
U6f762d90863a,H0456,6.2,2017-12-04,traveloka
Ub6a6bb3504f1,H0255,9.0,2017-12-04,ivivu
U00591dbf646e,H0414,9.0,2017-12-05,ivivu
U4cf209183c2d,H0396,9.4,2017-12-05,traveloka
U5aca643e0a7e,H0167,8.5,2017-12-05,ivivu
U61114f2b2ec1,H0232,5.9,2017-12-05,traveloka
U8ff39e5063c5,H0126,7.5,2017-12-05,ivivu
Ubf2efc7b9c16,H0518,9.0,2017-12-05,ivivu
U234547534956,H0559,4.8,2017-12-06,traveloka
Ud043fdb4c2fe,H0496,9.4,2017-12-06,traveloka
U2398c9491201,H0551,6.0,2017-12-07,traveloka
Uc370fa10236f,H0136,10.0,2017-12-08,ivivu
Uf65569f02a53,H0373,9.7,2017-12-08,traveloka
U4c53d1716e8e,H0273,7.0,2017-12-09,ivivu
U4f030da4e983,H0103,4.5,2017-12-09,traveloka
U5aca643e0a7e,H0359,9.0,2017-12-09,ivivu
U09533cce5cc2,H0079,9.0,2017-12-10,ivivu
U90d78f0696c5,H0182,6.8,2017-12-10,traveloka
Uf2d7f53b8fb6,H0477,7.5,2017-12-10,ivivu
U19591d01e048,H0516,5.1,2017-12-11,traveloka
U353ab65c3bc7,H0314,7.0,2017-12-11,ivivu
Ua9ca35a80567,H0182,7.0,2017-12-11,ivivu
U80ea8ad5e7f0,H0499,7.3,2017-12-12,traveloka
Ua541c36273a0,H0433,9.7,2017-12-12,traveloka
Ud861b5b423bb,H0516,9.0,2017-12-12,traveloka
U098f9babc306,H0523,10.0,2017-12-13,traveloka
U0dc2d2e8564d,H0262,6.1,2017-12-13,traveloka
U6666bb6f5cff,H0255,8.0,2017-12-13,ivivu
U7855b8fa3b9f,H0446,9.7,2017-12-13,traveloka
Uae43a1c16f19,H0140,7.0,2017-12-13,ivivu
Ud97435c31b78,H0317,9.0,2017-12-13,ivivu
U18edb7633989,H0113,6.4,2017-12-14,traveloka
U867136d11657,H0529,5.4,2017-12-14,traveloka
Uae43a1c16f19,H0167,9.0,2017-12-14,ivivu
U3953b45ba75f,H0147,6.0,2017-12-15,ivivu
Uaf9e2c1bd6f3,H0439,8.0,2017-12-15,ivivu
U1df00184876e,H0147,7.0,2017-12-16,ivivu
U5600572423a4,H0551,5.9,2017-12-16,traveloka
U8cc77a9d302b,H0147,7.0,2017-12-16,ivivu
Uc97ce3675c03,H0056,9.0,2017-12-16,ivivu
U283f742ce58f,H0126,9.7,2017-12-17,traveloka
U852d66b57dc1,H0359,9.0,2017-12-17,ivivu
Ud710eaa169cb,H0085,5.4,2017-12-17,traveloka
U1689454eb26f,H0451,6.0,2017-12-18,ivivu
U5d8acc20532b,H0518,6.0,2017-12-18,ivivu
U7f7db248040c,H0181,6.0,2017-12-18,traveloka
Ubf0b0a40ebf4,H0122,6.2,2017-12-18,traveloka
U5a5b755ef608,H0218,8.5,2017-12-19,traveloka
U945fddb68802,H0518,9.0,2017-12-19,ivivu
Uf7f415104f4d,H0336,6.0,2017-12-19,traveloka
Uc1cd547777fa,H0518,7.0,2017-12-20,ivivu
U1b7649656b73,H0085,6.0,2017-12-21,traveloka
U577306d16590,H0089,9.7,2017-12-21,traveloka
U9054f511797f,H0522,9.0,2017-12-21,ivivu
Ua327a7d6f616,H0542,10.0,2017-12-21,traveloka
Udb7d9323745e,H0012,7.0,2017-12-21,ivivu
Ufe21bbc81d6f,H0516,6.0,2017-12-21,traveloka
U1121a4900a5d,H0107,9.1,2017-12-22,traveloka
U2c9ab847fff7,H0369,7.0,2017-12-22,ivivu
U32794e47fae7,H0296,6.0,2017-12-22,ivivu
U6156734cc45f,H0439,9.0,2017-12-22,ivivu
U6cf4271e5eab,H0272,9.1,2017-12-22,traveloka
U95f5ceaf2c0a,H0366,6.0,2017-12-22,traveloka
Uac8fa35c35a0,H0284,7.0,2017-12-22,ivivu
Uc854e4d5df74,H0439,9.0,2017-12-22,ivivu
U17701ab388be,H0526,7.0,2017-12-23,ivivu
U768ef9ebf0a0,H0169,8.0,2017-12-23,ivivu
U9bc9a02ea60a,H0147,8.0,2017-12-23,ivivu
Uae43a1c16f19,H0244,8.0,2017-12-23,ivivu
Uae43a1c16f19,H0288,7.0,2017-12-23,ivivu
Udb2b8271bee0,H0535,9.7,2017-12-23,traveloka
Ufc850b0903f5,H0147,7.0,2017-12-23,ivivu
U36eae7b366ff,H0454,5.8,2017-12-24,traveloka
U56b6e0c8a394,H0328,8.8,2017-12-24,traveloka
U5be773a5e6b8,H0446,8.5,2017-12-24,traveloka
Uc1a03288c8ba,H0101,9.7,2017-12-24,traveloka
Ued2b7054517a,H0106,6.0,2017-12-24,ivivu
U605e314a01e3,H0336,9.7,2017-12-25,traveloka
Udcc35c827775,H0446,6.1,2017-12-25,traveloka
Udd16864433fb,H0123,6.0,2017-12-26,traveloka
U1df00184876e,H0522,7.0,2017-12-27,ivivu
U9041abb5d4c5,H0147,6.0,2017-12-27,ivivu
U91ea4166cd1e,H0369,9.0,2017-12-27,ivivu
Uae43a1c16f19,H0070,9.7,2017-12-27,traveloka
Ubb3ef7723668,H0162,9.7,2017-12-27,traveloka
Uc92412dddc7c,H0085,9.7,2017-12-27,traveloka
Ude03c1ad3ac8,H0551,6.0,2017-12-27,traveloka
U9deb26de64b9,H0159,8.5,2017-12-28,traveloka
Uafc61897ea53,H0126,5.1,2017-12-28,traveloka
Ud927d1a9c55b,H0454,5.5,2017-12-28,traveloka
Udf79a190145f,H0439,8.5,2017-12-28,traveloka
Uf1c6d2d13e74,H0542,6.0,2017-12-28,traveloka
U6b53eaf00f8c,H0451,6.0,2017-12-29,ivivu
U838d463a532a,H0309,7.0,2017-12-29,ivivu
Uabffbdbd65b6,H0039,6.1,2017-12-29,traveloka
U04cfc1cf3870,H0385,6.1,2017-12-30,traveloka
U28fe1055ff94,H0244,6.0,2017-12-30,ivivu
U411ef1605229,H0259,7.0,2017-12-30,ivivu
U46dc2c12815f,H0079,7.0,2017-12-30,ivivu
U75f3f77262e0,H0341,7.0,2017-12-30,ivivu
Ucb0609b247f9,H0403,7.0,2017-12-30,ivivu
Ue262e3d54178,H0140,9.0,2017-12-30,ivivu
Uf33b0f09788f,H0420,7.0,2017-12-30,ivivu
U26882cd0d4bd,H0511,7.0,2017-12-31,ivivu
U30188b305d3a,H0366,5.4,2017-12-31,traveloka
U9090f6ef44bc,H0541,7.0,2017-12-31,ivivu
Ub04d995ae3b4,H0259,9.0,2017-12-31,ivivu
Ue7097b34e841,H0485,9.7,2017-12-31,traveloka
U2a84c10ec6b9,H0414,9.1,2018-01-01,traveloka
U2daab90d93da,H0232,9.1,2018-01-01,traveloka
U607a81d754de,H0417,6.0,2018-01-01,traveloka
Uded2be406d9b,H0336,8.7,2018-01-01,traveloka
U03939d42a739,H0516,8.5,2018-01-02,traveloka
U8c86f01fb499,H0521,5.7,2018-01-02,traveloka
U36eae7b366ff,H0454,9.1,2018-01-03,traveloka
Ua1c17787dd84,H0551,6.0,2018-01-03,traveloka
U63fb8a49f4de,H0181,9.1,2018-01-04,traveloka
U85b116bf53fc,H0114,6.0,2018-01-04,ivivu
U9217d5327809,H0250,4.0,2018-01-04,ivivu
Uae43a1c16f19,H0289,7.0,2018-01-04,ivivu
Uc53dad06bc57,H0191,8.5,2018-01-04,traveloka
Ue991b70a8fac,H0238,8.5,2018-01-05,traveloka
U078477765ef9,H0348,6.0,2018-01-06,ivivu
U459052bc1431,H0518,6.0,2018-01-06,ivivu
Uce13795a61c6,H0307,6.0,2018-01-06,ivivu
Ud9ffba6ceabb,H0083,6.0,2018-01-06,ivivu
U2ae4886f846f,H0178,9.4,2018-01-07,traveloka
Uc3751bb73411,H0461,10.0,2018-01-07,traveloka
Ucbbfc9e4cea6,H0465,9.4,2018-01-07,traveloka
Udca663837a6c,H0181,8.8,2018-01-07,traveloka
U392227e99234,H0516,8.5,2018-01-08,traveloka
U6bb0581a4ebd,H0516,9.7,2018-01-08,traveloka
U931eb2eedf12,H0129,9.0,2018-01-08,ivivu
Uac8fa35c35a0,H0086,10.0,2018-01-08,ivivu
Ub68545eadb25,H0311,10.0,2018-01-08,ivivu
Uc87f9ccea5f3,H0123,9.0,2018-01-08,ivivu
Ucd253057ba48,H0523,5.4,2018-01-08,traveloka
Ud0be7050242b,H0123,8.0,2018-01-08,ivivu
Ue9582b69ebfe,H0369,9.0,2018-01-08,ivivu
U014ab4ef41fa,H0522,7.0,2018-01-09,ivivu
U3694789e2015,H0522,8.0,2018-01-09,ivivu
U42d2ad3dc9f1,H0303,7.0,2018-01-09,ivivu
U4539a20b9675,H0148,8.0,2018-01-09,ivivu
U4c212dd764f5,H0086,9.0,2018-01-09,ivivu
U67f639d3926f,H0390,7.0,2018-01-09,ivivu
U7970a5707e03,H0062,9.5,2018-01-09,ivivu
U99d361fcf144,H0272,6.0,2018-01-09,traveloka
Uab675656d4f7,H0416,9.0,2018-01-09,ivivu
Uc04c05fab76e,H0082,9.0,2018-01-09,ivivu
Ucb0f980a32ce,H0062,9.0,2018-01-09,ivivu
Ud136c339a74b,H0511,10.0,2018-01-09,ivivu
U0c4eaf1f2402,H0441,6.0,2018-01-10,ivivu
U5410c01e6556,H0516,9.7,2018-01-10,traveloka
Uec187a4c4259,H0535,6.5,2018-01-10,traveloka
U204c3126ad8e,H0299,7.0,2018-01-11,ivivu
U36bc49d58710,H0439,9.7,2018-01-11,traveloka
U8c57750fc6ca,H0056,8.0,2018-01-11,ivivu
U8ca4392fa347,H0369,8.5,2018-01-11,ivivu
Uacd3c063a3d3,H0369,9.0,2018-01-11,ivivu
Ud66ebf5e1f66,H0082,10.0,2018-01-11,ivivu
U02124ccbdf47,H0283,10.0,2018-01-12,ivivu
U2298d1500b03,H0155,8.0,2018-01-12,ivivu
U6aec71b80bef,H0339,6.0,2018-01-12,ivivu
Uc4faac99f30a,H0324,9.3,2018-01-12,traveloka
Ud7e01597f446,H0203,9.5,2018-01-12,ivivu
Ufe7c183977d9,H0369,8.5,2018-01-12,ivivu
U1df00184876e,H0439,7.0,2018-01-13,ivivu
U210975ccc06d,H0262,9.4,2018-01-13,traveloka
Uab7f98ce54c4,H0382,5.8,2018-01-13,traveloka
Ued4cee539bbe,H0541,9.0,2018-01-13,ivivu
U14ba4053bff4,H0085,8.5,2018-01-14,traveloka
U3adaeb4243c4,H0123,5.4,2018-01-14,traveloka
U60aed34aef1c,H0342,7.0,2018-01-14,ivivu
U918ff62a0613,H0311,6.8,2018-01-14,traveloka
U33d4c8ab5669,H0467,9.1,2018-01-15,traveloka
U847220bd6be5,H0299,7.0,2018-01-15,ivivu
Ubf6995963631,H0002,5.9,2018-01-15,traveloka
Uf82d4292e949,H0296,7.0,2018-01-15,ivivu
U652610b6e37a,H0354,10.0,2018-01-16,ivivu
Ue7097b34e841,H0064,6.1,2018-01-16,traveloka
Ueef6d0dab6d7,H0105,6.6,2018-01-16,traveloka
U1b0add58be81,H0160,6.1,2018-01-17,traveloka
Ube2ee2dc7e5c,H0383,8.4,2018-01-17,traveloka
Ue2d57b5d21e2,H0240,7.0,2018-01-17,ivivu
U0765b08fc976,H0103,8.5,2018-01-18,traveloka
U213c426f2169,H0460,7.0,2018-01-18,ivivu
Uab562eac34d8,H0535,6.4,2018-01-19,traveloka
Ufc3872b95cf1,H0448,9.6,2018-01-19,traveloka
U17df181ce620,H0544,10.0,2018-01-20,traveloka
U5e020a57b2e2,H0416,6.0,2018-01-20,ivivu
U6156734cc45f,H0280,7.0,2018-01-20,ivivu
U7f9549101187,H0417,9.0,2018-01-20,traveloka
Ua183b590533f,H0519,6.1,2018-01-20,traveloka
Uf29635c1d7d8,H0516,9.1,2018-01-20,traveloka
Ucdf99a0cd2b0,H0354,10.0,2018-01-21,ivivu
U0c9c497d1928,H0354,7.0,2018-01-22,ivivu
U6156734cc45f,H0304,6.0,2018-01-24,traveloka
Uc24afbbfa647,H0064,6.7,2018-01-24,traveloka
U2a67e21d9488,H0382,9.7,2018-01-25,traveloka
U8451d80f9309,H0521,6.0,2018-01-25,traveloka
Uae43a1c16f19,H0301,7.5,2018-01-25,ivivu
Ucb8b0596da83,H0504,9.0,2018-01-25,ivivu
U0b62df04d324,H0032,5.1,2018-01-26,traveloka
U0c27e1b53bf0,H0175,9.7,2018-01-26,traveloka
U4edba5dad34c,H0272,6.3,2018-01-26,traveloka
U51409affa44d,H0311,7.0,2018-01-26,ivivu
U538aca476704,H0439,8.5,2018-01-26,traveloka
U731e03f7bebb,H0301,6.0,2018-01-26,ivivu
U83265de081c4,H0331,8.5,2018-01-26,traveloka
Ua48e1905f934,H0257,9.0,2018-01-26,ivivu
Ub129ebaf5f62,H0003,10.0,2018-01-26,traveloka
Uc2341d4ec1d8,H0499,9.7,2018-01-26,traveloka
U00ce6c924da3,H0542,8.5,2018-01-27,traveloka
U26a75df822a1,H0299,7.0,2018-01-27,ivivu
U6aec71b80bef,H0311,7.0,2018-01-27,ivivu
U6ed8312b904b,H0415,7.5,2018-01-27,ivivu
U9970af1bcc8d,H0477,7.0,2018-01-27,ivivu
Uf2a33ffd2ea4,H0518,7.0,2018-01-27,ivivu
U4ee42cf84712,H0411,8.6,2018-01-29,traveloka
U577306d16590,H0123,7.5,2018-01-29,ivivu
Ub95010a0d1a6,H0380,5.4,2018-01-29,traveloka
Uc61dc8c8f29a,H0123,9.7,2018-01-29,traveloka
U5cc31fb06e13,H0324,10.0,2018-01-31,traveloka
Ucbe98c1a341e,H0064,9.7,2018-01-31,traveloka
U42d2ad3dc9f1,H0114,6.0,2018-02-01,traveloka
U4d35a0879c5c,H0508,8.0,2018-02-01,ivivu
U5772b226b1b0,H0232,6.0,2018-02-01,traveloka
U65f0d1f123a9,H0534,5.5,2018-02-01,traveloka
Ua9e839da5ce1,H0385,8.4,2018-02-01,traveloka
U0e9af5de3f3b,H0284,6.0,2018-02-02,ivivu
U41afa59bc0c2,H0478,6.0,2018-02-02,traveloka
U5884a17ab3d3,H0032,10.0,2018-02-02,traveloka
U6121d00b28fa,H0324,8.0,2018-02-02,ivivu
U673e94d5d99c,H0335,9.4,2018-02-02,traveloka
U7b49c356bc8a,H0551,8.5,2018-02-02,traveloka
U91c2ab9b1e85,H0451,7.0,2018-02-02,ivivu
Uc4aaea6e847b,H0311,9.7,2018-02-02,traveloka
U83ffd7e10a12,H0296,1.0,2018-02-03,ivivu
U95b02e07cff2,H0294,8.8,2018-02-03,traveloka
Ue6c6d33533ce,H0535,8.5,2018-02-03,traveloka
Uf4d162311196,H0433,8.5,2018-02-03,traveloka
U1f60c8246971,H0394,7.0,2018-02-04,ivivu
Ua578e25ab1a3,H0335,9.7,2018-02-04,traveloka
Uc88d504bf695,H0294,9.7,2018-02-04,traveloka
Ue18c35d0429f,H0182,7.0,2018-02-04,ivivu
Ufcbfb401004c,H0331,9.7,2018-02-04,traveloka
U47a0bf4af17d,H0336,8.5,2018-02-06,traveloka
Uef35cb793711,H0086,10.0,2018-02-06,ivivu
Uefc279d23c3e,H0294,8.5,2018-02-06,traveloka
U1c4233edc9c5,H0366,9.7,2018-02-07,traveloka
U9fe454801c09,H0411,9.1,2018-02-07,traveloka
Ue991b70a8fac,H0123,9.0,2018-02-07,ivivu
Ufd24e59237f4,H0123,8.0,2018-02-07,ivivu
U6a2f807061cb,H0123,9.0,2018-02-08,ivivu
Uf05fd455a70d,H0311,6.0,2018-02-08,ivivu
U15569d089457,H0511,7.0,2018-02-09,ivivu
U2a5a3c3bfece,H0523,9.7,2018-02-09,traveloka
U392227e99234,H0465,6.0,2018-02-09,traveloka
U4cae71fe51b1,H0041,8.5,2018-02-09,traveloka
U718c8f05c35c,H0086,9.0,2018-02-09,ivivu
U896ab7ee77eb,H0373,8.5,2018-02-09,traveloka
Ub316660cedb0,H0062,9.0,2018-02-09,ivivu
Ud31580178d1c,H0516,9.7,2018-02-09,traveloka
U065663e9c662,H0101,6.1,2018-02-10,traveloka
U28ac756f7b1e,H0364,7.5,2018-02-10,ivivu
U66d721a49a1b,H0064,6.9,2018-02-10,traveloka
Ubf63434dc8ed,H0324,9.4,2018-02-10,traveloka
U071e6f6dadf1,H0262,7.5,2018-02-11,ivivu
U0cdac9b2b514,H0169,10.0,2018-02-11,ivivu
U4028d4ac9ce8,H0232,8.5,2018-02-11,traveloka
U5776e0034b0f,H0311,10.0,2018-02-11,traveloka
U5e953c92f790,H0544,9.1,2018-02-11,traveloka
U6af456a259bb,H0544,9.4,2018-02-11,traveloka
U70290e820578,H0521,5.2,2018-02-11,traveloka
Ua248ed5ef4d6,H0540,4.5,2018-02-11,traveloka
Ub60d3df58f3c,H0425,9.0,2018-02-11,ivivu
Ue179889a7726,H0166,5.1,2018-02-11,traveloka
U6156734cc45f,H0132,9.5,2018-02-12,ivivu
U730dc265c6a6,H0551,5.8,2018-02-12,traveloka
U8de53a5c7d44,H0103,5.2,2018-02-12,traveloka
U956d86b2970b,H0433,6.0,2018-02-12,traveloka
Ua9e839da5ce1,H0439,9.0,2018-02-12,ivivu
Ud46d2cd071b9,H0375,9.4,2018-02-12,traveloka
Ued55a66a7e9c,H0485,9.3,2018-02-12,traveloka
U216c29dc3f27,H0162,9.4,2018-02-13,traveloka
U7905fcff8030,H0523,6.0,2018-02-13,traveloka
Uc5cd2dc76bfe,H0369,7.0,2018-02-13,ivivu
Ucfad878451c2,H0394,9.0,2018-02-13,ivivu
Ufa71e2c456d8,H0550,6.2,2018-02-13,traveloka
U18e550b8bfb0,H0147,9.7,2018-02-14,traveloka
U41038ab1db6e,H0162,9.7,2018-02-14,traveloka
Ud3e5573593fc,H0516,9.7,2018-02-14,traveloka
Ud4c36fc32235,H0097,6.0,2018-02-14,traveloka
Uf86e6114be75,H0412,9.7,2018-02-14,traveloka
U33e7831787dd,H0485,6.0,2018-02-16,traveloka
U887381aa2ce9,H0182,6.2,2018-02-16,traveloka
U395e28f24334,H0518,6.0,2018-02-18,ivivu
U6a31d80a6b98,H0032,8.5,2018-02-18,traveloka
Uada375970440,H0159,8.5,2018-02-18,traveloka
Ue99760bcddb7,H0136,9.7,2018-02-18,traveloka
U18e550b8bfb0,H0075,8.3,2018-02-19,traveloka
U1df00184876e,H0169,7.0,2018-02-19,ivivu
U6f76bb5c3993,H0314,6.0,2018-02-19,ivivu
Ua97268bdc1bc,H0136,6.1,2018-02-19,traveloka
U8125b7cf3a88,H0068,6.4,2018-02-20,traveloka
U901a91381ede,H0451,6.0,2018-02-20,ivivu
U648a2cb8f840,H0123,8.5,2018-02-21,traveloka
U7fb83ae780f3,H0354,8.8,2018-02-21,traveloka
Ud1d9904019e9,H0328,8.8,2018-02-21,traveloka
U2a5a3c3bfece,H0516,8.7,2018-02-22,traveloka
U775615c1b636,H0331,5.1,2018-02-22,traveloka
U7f17acbf3f4e,H0181,8.5,2018-02-22,traveloka
Ub277695293dc,H0064,9.7,2018-02-22,traveloka
Ud3d7707f85e4,H0445,8.5,2018-02-22,traveloka
Ud6aa3fa303ed,H0434,6.2,2018-02-22,traveloka
Ua79f70b090e6,H0216,9.4,2018-02-23,traveloka
Ub801d2134b6e,H0072,9.4,2018-02-24,traveloka
U6a5c5e6e0e30,H0336,8.8,2018-02-25,traveloka
Ubd3fea6719c4,H0175,6.0,2018-02-25,traveloka
Uc04b04250c9f,H0001,8.4,2018-02-25,traveloka
U59347ec4eec1,H0123,6.0,2018-02-26,traveloka
Ua60d0b2ca2e8,H0344,6.0,2018-02-26,traveloka
Uc7a1b1a4655b,H0550,6.0,2018-02-26,traveloka
U642d7abfec79,H0110,10.0,2018-02-27,ivivu
Uf57a18241370,H0404,6.0,2018-02-27,traveloka
U0299f19654d3,H0521,9.1,2018-02-28,traveloka
U15569d089457,H0329,6.0,2018-02-28,traveloka
Ue27d4dc12c54,H0499,8.8,2018-02-28,traveloka
Ude6ab2beb36c,H0181,5.1,2018-03-01,traveloka
U18edb7633989,H0539,9.1,2018-03-02,traveloka
U4b631cc0c579,H0169,7.0,2018-03-02,ivivu
Ue6341232e583,H0485,9.4,2018-03-02,traveloka
U2abd0a6818aa,H0551,6.0,2018-03-03,traveloka
U358042d4503c,H0324,9.0,2018-03-03,traveloka
Ud17ef5b5e754,H0518,6.0,2018-03-03,ivivu
U6b59af603ede,H0394,10.0,2018-03-04,ivivu
U9deb26de64b9,H0268,7.0,2018-03-04,ivivu
Ua0361c0f25b8,H0289,7.0,2018-03-04,ivivu
Ub4fa1bcf456b,H0394,6.0,2018-03-04,traveloka
U3449993ecea4,H0126,7.0,2018-03-05,traveloka
U8a846364c8ee,H0521,4.8,2018-03-05,traveloka
U324ea11aa67c,H0535,9.4,2018-03-06,traveloka
U339bef837f56,H0162,9.7,2018-03-06,traveloka
U45408401e5b8,H0416,6.0,2018-03-07,ivivu
Ucd9b06271443,H0304,5.8,2018-03-07,traveloka
Ucdd976f3cab8,H0414,6.7,2018-03-07,traveloka
Uf46bc6a0bd80,H0507,9.7,2018-03-07,traveloka
U0f7876fe0e7b,H0369,10.0,2018-03-08,ivivu
U5ee8f5de4ec6,H0123,9.0,2018-03-08,ivivu
U97f31c3adcd0,H0311,7.0,2018-03-08,ivivu
U9d5d749eb392,H0129,8.0,2018-03-08,ivivu
Ue0394cde49c9,H0233,8.0,2018-03-08,ivivu
Uec2056a2a077,H0123,10.0,2018-03-08,ivivu
U25203f82a27a,H0182,5.0,2018-03-09,ivivu
U7ab228816089,H0207,7.0,2018-03-09,ivivu
U869b0d58c850,H0465,9.7,2018-03-09,traveloka
Uc8e4fe01577f,H0001,8.8,2018-03-09,traveloka
U7fdedca3546d,H0446,8.5,2018-03-10,traveloka
Ue43a6f6b05ff,H0129,9.5,2018-03-10,ivivu
U1b9aba67387a,H0311,6.9,2018-03-11,traveloka
U36eae7b366ff,H0003,5.4,2018-03-11,traveloka
U3a07e57f545c,H0111,6.0,2018-03-11,traveloka
U7d99856dfd71,H0164,9.5,2018-03-11,ivivu
U901a91381ede,H0064,6.3,2018-03-11,traveloka
Ua099655f939e,H0216,8.5,2018-03-11,traveloka
U5863bd418f0c,H0369,10.0,2018-03-12,ivivu
U7b20069fe86e,H0129,9.0,2018-03-12,ivivu
Ub04d995ae3b4,H0347,9.1,2018-03-12,traveloka
Ub0988e0a0e81,H0331,8.3,2018-03-12,traveloka
U198ede4d2c75,H0521,9.3,2018-03-14,traveloka
Ub394f564fb96,H0336,8.5,2018-03-14,traveloka
Ucb8b0596da83,H0452,5.9,2018-03-14,traveloka
U71a7b42dfa14,H0107,4.8,2018-03-15,traveloka
U8bf4a3e32508,H0232,5.8,2018-03-15,traveloka
Uca4a4e9d9e3b,H0439,9.4,2018-03-16,traveloka
Ued55a66a7e9c,H0544,5.7,2018-03-16,traveloka
Uc6fa56070267,H0544,6.6,2018-03-17,traveloka
Ue306bf7fd466,H0518,6.0,2018-03-17,ivivu
Ud028985a3341,H0199,6.0,2018-03-18,traveloka
U2c3d19bfb0fe,H0159,5.1,2018-03-19,traveloka
Ua205f858733a,H0419,8.5,2018-03-19,traveloka
Ub7adeaf802cc,H0324,9.7,2018-03-19,traveloka
U320efe3833d5,H0001,8.5,2018-03-21,traveloka
Ub7bf970c8580,H0107,5.1,2018-03-21,traveloka
Ueeb3304ee478,H0085,9.4,2018-03-21,traveloka
U5863bd418f0c,H0439,9.4,2018-03-22,traveloka
U100b86ef5546,H0123,9.1,2018-03-23,traveloka
U577306d16590,H0516,5.7,2018-03-23,traveloka
Uf44e05fcb39e,H0446,9.1,2018-03-23,traveloka
U96a88823f3b2,H0518,6.0,2018-03-24,ivivu
Ub839cc107c46,H0331,9.7,2018-03-24,traveloka
U2a1fe9292add,H0408,10.0,2018-03-25,traveloka
U49cb49e4b690,H0425,9.7,2018-03-26,traveloka
Uabec9f08f97e,H0324,9.7,2018-03-26,traveloka
Ub28d702a870b,H0311,8.5,2018-03-26,traveloka
Uf95d86a8d069,H0499,6.0,2018-03-26,traveloka
U45de13e942d7,H0550,5.2,2018-03-27,traveloka
Ucc40de7504e7,H0518,6.0,2018-03-27,ivivu
U1770b8688f85,H0103,6.7,2018-03-28,traveloka
U70da78366b54,H0238,10.0,2018-03-28,traveloka
Uaaf96af61bbc,H0232,6.1,2018-03-28,traveloka
U210975ccc06d,H0105,9.1,2018-03-29,traveloka
U4eb582977959,H0376,6.4,2018-03-29,traveloka
U6602382a13a1,H0479,9.1,2018-03-29,traveloka
U727e2c6e78e5,H0255,7.0,2018-03-29,ivivu
U854101f97141,H0348,6.0,2018-03-29,ivivu
U459052bc1431,H0356,10.0,2018-03-30,ivivu
Uac8fa35c35a0,H0518,6.0,2018-03-30,ivivu
U091e81e5b119,H0190,9.7,2018-03-31,traveloka
U2f357a185bcc,H0541,8.0,2018-03-31,ivivu
U8627933ee1e1,H0065,8.4,2018-03-31,traveloka
U9a3373954bb5,H0541,10.0,2018-03-31,ivivu
U28153a8db62f,H0182,9.1,2018-04-01,traveloka
U673e01cc2674,H0026,10.0,2018-04-01,ivivu
U6a31d80a6b98,H0523,6.0,2018-04-01,traveloka
Ua66dbe3d2ab9,H0439,8.0,2018-04-01,ivivu
U63dd838a90e4,H0478,9.7,2018-04-02,traveloka
Uafcf9e0e962e,H0518,10.0,2018-04-02,ivivu
Uc5e39c791491,H0191,6.0,2018-04-02,traveloka
Udd6e2c3fe76f,H0467,6.3,2018-04-03,traveloka
Ueeb3304ee478,H0085,9.7,2018-04-03,traveloka
Uf56ec7135053,H0518,6.0,2018-04-03,ivivu
U853175e09b6f,H0394,9.0,2018-04-04,ivivu
U09533cce5cc2,H0232,8.5,2018-04-05,traveloka
U5b3e528257f2,H0412,6.3,2018-04-05,traveloka
Ubf0ab1b599ec,H0311,8.0,2018-04-05,ivivu
U90e68f394e86,H0369,6.0,2018-04-06,ivivu
U47a0bf4af17d,H0196,8.5,2018-04-07,traveloka
U6b66a0abd5a2,H0039,6.1,2018-04-07,traveloka
U76900585d539,H0225,6.2,2018-04-07,traveloka
Udca663837a6c,H0439,6.0,2018-04-07,ivivu
U0e02b16d23ff,H0354,10.0,2018-04-08,ivivu
U38b9b263860f,H0499,9.7,2018-04-08,traveloka
Uc223b133c168,H0123,7.0,2018-04-08,ivivu
Ud2a105eb8ec0,H0123,9.0,2018-04-08,ivivu
Udcc35c827775,H0123,9.0,2018-04-08,ivivu
U163316d7c605,H0204,8.0,2018-04-09,ivivu
U838e0080a716,H0086,10.0,2018-04-09,ivivu
Uced7beac429f,H0518,7.0,2018-04-09,ivivu
Ue588c170ea45,H0364,5.8,2018-04-09,traveloka
U22736df96721,H0181,8.8,2018-04-10,traveloka
U68aa3eb49b1c,H0461,5.8,2018-04-10,traveloka
U68f435bcb37d,H0126,6.1,2018-04-10,traveloka
Ub30a079e290b,H0516,5.2,2018-04-10,traveloka
Ud60ccde46630,H0521,5.4,2018-04-10,traveloka
U17df181ce620,H0369,9.5,2018-04-11,ivivu
U9a57677b54c3,H0349,9.1,2018-04-11,traveloka
Ubd3a469d7d1f,H0369,9.5,2018-04-11,ivivu
U6121d00b28fa,H0155,6.0,2018-04-12,ivivu
U728062bedf1f,H0485,9.4,2018-04-12,traveloka
U000371e43388,H0307,7.0,2018-04-13,ivivu
U6e6d644e9b3c,H0414,9.0,2018-04-13,ivivu
Uc3027281b563,H0123,4.9,2018-04-13,traveloka
U17df181ce620,H0526,6.0,2018-04-14,ivivu
U36eae7b366ff,H0499,9.7,2018-04-14,traveloka
U86d40ac3ec84,H0105,5.7,2018-04-14,traveloka
U48e71bfa3920,H0314,5.0,2018-04-15,ivivu
U5ac26d8e8009,H0535,9.7,2018-04-15,traveloka
U7e9c84e7704b,H0414,6.0,2018-04-15,traveloka
Uac8fa35c35a0,H0416,7.0,2018-04-15,ivivu
Uc03afc8432af,H0394,7.0,2018-04-15,ivivu
U43b02e0199c2,H0162,9.7,2018-04-16,traveloka
U6af9898d685d,H0461,9.1,2018-04-16,traveloka
U15569d089457,H0537,8.0,2018-04-17,ivivu
U2dc6c78fa5ff,H0328,9.7,2018-04-17,traveloka
U7f06c5efdaea,H0182,9.1,2018-04-17,traveloka
U802a1324f887,H0238,9.4,2018-04-17,traveloka
Ud0e5dbc7ca45,H0182,7.0,2018-04-17,ivivu
Uf9ce91712a2e,H0336,10.0,2018-04-17,traveloka
U3d1212b9d79c,H0182,6.7,2018-04-18,traveloka
U489fa6449cb3,H0433,6.2,2018-04-18,traveloka
U7301171e5c15,H0039,6.5,2018-04-19,traveloka
Ud337acc90f71,H0467,6.5,2018-04-19,traveloka
U892689945973,H0399,6.3,2018-04-20,traveloka
U9666d5aa39a0,H0439,8.5,2018-04-20,traveloka
Ub20c5828ccea,H0294,9.1,2018-04-21,traveloka
Ubb4e197d0713,H0101,6.0,2018-04-21,traveloka
Uc88d504bf695,H0097,5.1,2018-04-21,traveloka
Ucd4c97813ae0,H0496,4.8,2018-04-22,traveloka
U2407c9fb1b10,H0394,9.3,2018-04-24,traveloka
U6b25b38d64a9,H0123,9.6,2018-04-24,traveloka
U6bda52d84e9e,H0485,5.8,2018-04-24,traveloka
Uf6602fb16544,H0521,8.5,2018-04-24,traveloka
U91f229188f81,H0425,8.5,2018-04-25,traveloka
Uabec9f08f97e,H0101,9.4,2018-04-25,traveloka
Ucf45121497a5,H0232,9.7,2018-04-25,traveloka
U936a5cd4954b,H0230,7.5,2018-04-27,traveloka
Ueb772aa7e669,H0159,8.5,2018-04-27,traveloka
U0dc2d2e8564d,H0550,8.7,2018-04-28,traveloka
U9c96f373dba5,H0521,7.9,2018-04-28,traveloka
Ub9edea0cffa7,H0349,9.7,2018-04-28,traveloka
Uc2179258c267,H0329,8.5,2018-04-28,traveloka
Ufb68ff7340a0,H0159,9.1,2018-04-28,traveloka
U875db4b1b994,H0082,7.0,2018-04-29,ivivu
Ufb80a7176506,H0439,9.7,2018-04-29,traveloka
U80de34d2acd0,H0109,9.0,2018-04-30,ivivu
U3ef50365e97d,H0328,6.1,2018-05-01,traveloka
U6156734cc45f,H0452,6.6,2018-05-01,traveloka
U76900585d539,H0529,9.7,2018-05-01,traveloka
U831036cb148f,H0281,5.2,2018-05-01,traveloka
U8c76ec02c4ce,H0354,7.0,2018-05-01,ivivu
Ucd538b8bb9ac,H0089,6.2,2018-05-01,traveloka
U5aa9730f7361,H0369,9.0,2018-05-02,ivivu
Ua19e8315cb3f,H0439,6.2,2018-05-02,traveloka
Ue869035311a4,H0175,10.0,2018-05-02,traveloka
U34e150e91cd3,H0529,6.4,2018-05-03,traveloka
U6156734cc45f,H0523,8.1,2018-05-03,traveloka
Ud530989c4184,H0181,8.5,2018-05-03,traveloka
U3780e6912aa7,H0516,5.3,2018-05-04,traveloka
U5d9d11c9e7b1,H0191,8.5,2018-05-04,traveloka
Ued55a66a7e9c,H0542,6.2,2018-05-04,traveloka
U2ddd7a45cab6,H0454,7.0,2018-05-05,traveloka
U506389b458bd,H0085,9.7,2018-05-05,traveloka
U71c961ebaae6,H0032,5.2,2018-05-05,traveloka
Uc6e0b3f0e0d9,H0065,8.5,2018-05-05,traveloka
Ud46d2cd071b9,H0238,8.5,2018-05-05,traveloka
Uf4414fd8aa57,H0085,6.1,2018-05-05,traveloka
U3067950a6482,H0507,9.7,2018-05-06,traveloka
Ub316660cedb0,H0257,10.0,2018-05-06,ivivu
Ue359c9824d1c,H0182,10.0,2018-05-06,ivivu
U6149fced66a3,H0032,10.0,2018-05-07,traveloka
U71418dd3385f,H0002,6.0,2018-05-07,traveloka
Ub04d995ae3b4,H0216,6.0,2018-05-07,traveloka
U0bafd6b0c352,H0516,8.5,2018-05-08,traveloka
U0cc43879dbc6,H0380,6.4,2018-05-08,traveloka
Ub877a1a30563,H0062,9.0,2018-05-08,ivivu
Ube3e07a4ed62,H0311,8.5,2018-05-09,traveloka
Ud6c4be95f3aa,H0001,9.1,2018-05-09,traveloka
Udf79a190145f,H0299,7.0,2018-05-09,ivivu
Ufc331d8e9620,H0344,9.4,2018-05-09,traveloka
U0a8465997e27,H0369,10.0,2018-05-10,ivivu
U11f0aa4b33ee,H0510,5.8,2018-05-10,traveloka
Ub205088bec80,H0203,8.0,2018-05-10,ivivu
Ue0a8a900cb7b,H0232,8.8,2018-05-10,traveloka
Ufafd8e346cf5,H0299,7.5,2018-05-10,ivivu
U6a65ce59734b,H0496,5.4,2018-05-11,traveloka
U7c576fde4e96,H0485,8.5,2018-05-11,traveloka
Udc1d09dfa526,H0366,6.4,2018-05-11,traveloka
Uf6d968cb418c,H0238,8.5,2018-05-11,traveloka
U915fa5e2ddc5,H0412,4.5,2018-05-12,traveloka
Ue13eb229c761,H0551,7.1,2018-05-12,traveloka
U078477765ef9,H0518,6.0,2018-05-13,ivivu
U671f5d060cc0,H0342,7.0,2018-05-13,ivivu
U3e9068e81714,H0456,8.5,2018-05-14,traveloka
Ucf6509d1a494,H0072,8.7,2018-05-15,traveloka
Ua1da707a97a6,H0262,10.0,2018-05-16,traveloka
Ue09a71696079,H0465,10.0,2018-05-17,traveloka
U837970da48ee,H0439,9.1,2018-05-18,traveloka
U370d83df6948,H0147,6.0,2018-05-19,ivivu
U5f21782dec79,H0262,10.0,2018-05-19,traveloka
U834f2c5b1173,H0166,6.2,2018-05-19,traveloka
U8c86f01fb499,H0521,5.8,2018-05-19,traveloka
Ud466ab33f432,H0344,6.8,2018-05-19,traveloka
U3390df25df49,H0257,10.0,2018-05-20,ivivu
Ub801d2134b6e,H0072,8.5,2018-05-20,traveloka
Uef35cb793711,H0109,7.0,2018-05-21,ivivu
U2c6d2590ee32,H0072,9.7,2018-05-22,traveloka
U30f7445c77ee,H0495,9.3,2018-05-22,traveloka
Ud6d730957030,H0479,6.8,2018-05-23,traveloka
Ue011bf99dade,H0085,4.9,2018-05-23,traveloka
U35c7b0fa154d,H0336,9.4,2018-05-24,traveloka
U461aa62a6da6,H0334,9.7,2018-05-24,traveloka
U5880b297a3ef,H0335,9.1,2018-05-24,traveloka
U961ed23ca1e9,H0496,5.4,2018-05-24,traveloka
Uad130a01d145,H0413,7.0,2018-05-25,traveloka
Uca3527f38946,H0485,8.4,2018-05-25,traveloka
Uea083e68d3a2,H0441,4.0,2018-05-25,ivivu
Uf03fe0a2e64d,H0062,8.0,2018-05-25,ivivu
U3512e56aac77,H0414,6.0,2018-05-26,traveloka
U42d2ad3dc9f1,H0529,5.9,2018-05-26,traveloka
U4c6545ae5cab,H0272,6.5,2018-05-26,traveloka
Uadf34f48be5c,H0232,5.2,2018-05-26,traveloka
Ue0338e16d715,H0516,5.1,2018-05-26,traveloka
Udd0a70976b41,H0232,9.7,2018-05-27,traveloka
U0214b9fd356b,H0166,9.4,2018-05-28,traveloka
U10032f45aaf2,H0550,10.0,2018-05-28,traveloka
U15d2ee9661a4,H0507,8.5,2018-05-28,traveloka
U2c113e1aa4d7,H0518,6.0,2018-05-28,ivivu
U4903ae39454b,H0518,6.0,2018-05-28,ivivu
U68bdddb4d796,H0534,9.4,2018-05-28,traveloka
Ua10de1f2f980,H0272,9.7,2018-05-28,traveloka
Uac8fa35c35a0,H0446,8.5,2018-05-28,traveloka
Uf2533c3e0101,H0409,6.0,2018-05-28,ivivu
U6af456a259bb,H0478,9.7,2018-05-30,traveloka
U6ca802f0c7c9,H0394,6.6,2018-05-30,traveloka
U87956b005dad,H0439,8.0,2018-05-30,ivivu
Ue1ac849abcae,H0485,4.8,2018-05-30,traveloka
U852d66b57dc1,H0532,9.4,2018-05-31,traveloka
Ue822feec0fe1,H0225,6.1,2018-05-31,traveloka
U085b581727a8,H0296,7.0,2018-06-01,ivivu
U1b1d6af62b83,H0140,4.0,2018-06-01,ivivu
U31d8a09c3fcd,H0536,7.0,2018-06-01,ivivu
U1cb6e3f71256,H0521,9.7,2018-06-02,traveloka
Uf348de0de130,H0461,9.4,2018-06-03,traveloka
Uf57a18241370,H0123,9.1,2018-06-03,traveloka
U0ecb0d289227,H0324,8.5,2018-06-04,traveloka
U3a21d7e2afd2,H0304,8.8,2018-06-04,traveloka
Ub8a6b97c6969,H0085,5.2,2018-06-04,traveloka
Ud9a9515cb385,H0485,9.7,2018-06-04,traveloka
U2e9098892fb9,H0499,8.8,2018-06-05,traveloka
Ube4f6c0d7048,H0465,6.9,2018-06-05,traveloka
Ud931e6b42045,H0336,10.0,2018-06-05,traveloka
U6b07318ad9e7,H0311,10.0,2018-06-06,traveloka
Uc75194e97fac,H0451,6.0,2018-06-06,ivivu
U29ca0122ddaf,H0329,6.1,2018-06-07,traveloka
U33af25482b1e,H0123,10.0,2018-06-07,ivivu
U34e9d073d5dc,H0416,4.0,2018-06-07,ivivu
Ua6b4d7a865e9,H0439,8.0,2018-06-07,ivivu
Ue0a8a900cb7b,H0524,6.0,2018-06-07,ivivu
U02cf03d6a240,H0534,9.7,2018-06-08,traveloka
U1bd688d41919,H0439,6.0,2018-06-08,ivivu
Uae43a1c16f19,H0123,9.4,2018-06-08,traveloka
Ud8c97cd805c3,H0522,7.0,2018-06-08,ivivu
Ufc143bad9477,H0182,6.0,2018-06-08,ivivu
U09edd58c5e46,H0521,5.8,2018-06-09,traveloka
U51e843464940,H0529,7.5,2018-06-09,traveloka
U6c538929be88,H0147,9.1,2018-06-09,traveloka
Uc010d263db90,H0328,9.7,2018-06-09,traveloka
Uf1cd5cb9fb40,H0454,9.4,2018-06-09,traveloka
U2238ff317fe4,H0336,8.5,2018-06-10,traveloka
U4f545eb198a9,H0369,9.0,2018-06-10,ivivu
U51e843464940,H0502,7.0,2018-06-10,ivivu
U5eee0df3dac0,H0182,10.0,2018-06-10,traveloka
Ua7ef30943bd2,H0540,9.7,2018-06-10,traveloka
Ub2d6c89d11d7,H0002,6.0,2018-06-10,traveloka
Uc1d07d4bdf58,H0075,9.7,2018-06-10,traveloka
U379ec3081c71,H0227,9.7,2018-06-11,traveloka
Uaf3c6b142282,H0191,9.7,2018-06-11,traveloka
U1262fa7ef9c7,H0115,9.4,2018-06-12,traveloka
U3b171b5a7cb9,H0413,6.0,2018-06-12,traveloka
Ua66dbe3d2ab9,H0147,9.7,2018-06-12,traveloka
U4e35c1e4f11e,H0123,10.0,2018-06-13,traveloka
U5c8417898683,H0521,6.0,2018-06-13,traveloka
Ub61e2de4a0ed,H0159,6.0,2018-06-13,traveloka
Ud08f50778b2e,H0425,6.0,2018-06-13,traveloka
U00ce6c924da3,H0280,6.0,2018-06-14,ivivu
U1da633bb0ed3,H0369,9.7,2018-06-14,traveloka
U5863bd418f0c,H0331,8.5,2018-06-15,traveloka
U2a3cf6c82e9d,H0414,8.0,2018-06-17,ivivu
U967df8ac0929,H0518,4.0,2018-06-17,ivivu
U210975ccc06d,H0369,6.0,2018-06-18,ivivu
Ufa4ecada33e7,H0399,9.7,2018-06-18,traveloka
U79b5b66486fe,H0336,6.0,2018-06-19,traveloka
U9f645efe0a32,H0012,6.0,2018-06-19,ivivu
U49037d806526,H0542,9.7,2018-06-20,traveloka
U6a5af0eecfdc,H0002,9.1,2018-06-20,traveloka
Ueb563a7cbbcd,H0271,8.5,2018-06-20,traveloka
U6b98113db5fc,H0433,6.7,2018-06-21,traveloka
U7e9c84e7704b,H0532,5.9,2018-06-21,traveloka
U7f9806b8776f,H0439,8.5,2018-06-21,traveloka
Uf2a33ffd2ea4,H0123,10.0,2018-06-21,ivivu
U1f35e3809a4d,H0233,6.0,2018-06-22,ivivu
Ud7e37fac4249,H0299,4.0,2018-06-22,ivivu
U22736df96721,H0281,9.1,2018-06-23,traveloka
U5fc2677022d4,H0194,6.0,2018-06-23,traveloka
Ude53cf336add,H0461,9.4,2018-06-23,traveloka
Ue5b7a1eb4421,H0478,4.8,2018-06-23,traveloka
Ufc3872b95cf1,H0467,9.4,2018-06-23,traveloka
U10ad626154cd,H0529,5.8,2018-06-24,traveloka
U4f030da4e983,H0111,7.1,2018-06-24,traveloka
U5f21782dec79,H0551,8.8,2018-06-24,traveloka
U5f21782dec79,H0472,6.0,2018-06-25,ivivu
U80d5bd2a6f26,H0103,6.0,2018-06-25,traveloka
U38a515fabefa,H0041,9.7,2018-06-27,traveloka
U5a5ad0c98836,H0001,6.4,2018-06-27,traveloka
Ud1482684ee2a,H0465,6.7,2018-06-27,traveloka
U371a4fb7e29a,H0336,6.3,2018-06-28,traveloka
U3a20cfa60ade,H0535,9.7,2018-06-28,traveloka
U1df00184876e,H0548,5.0,2018-06-29,ivivu
U43b02e0199c2,H0272,7.6,2018-06-29,traveloka
U67377ed9081e,H0396,5.4,2018-06-29,traveloka
U4b3e911c78a0,H0001,6.0,2018-06-30,traveloka
Ud7527e2dfc4f,H0123,8.0,2018-06-30,ivivu
U1b75ad9e4757,H0232,9.4,2018-07-01,traveloka
Ufc75a22da69a,H0536,7.0,2018-07-01,ivivu
U014ab4ef41fa,H0175,9.4,2018-07-02,traveloka
U4c669b049f41,H0348,6.0,2018-07-04,ivivu
U85131b81ced8,H0439,6.2,2018-07-04,traveloka
Ud4e380de1c76,H0495,6.1,2018-07-04,traveloka
Ue9b246e30feb,H0532,6.0,2018-07-04,traveloka
U097079fe28df,H0085,9.7,2018-07-05,traveloka
U465beb1ee9f6,H0194,6.9,2018-07-06,traveloka
U5863bd418f0c,H0272,6.1,2018-07-06,traveloka
U7c00a62e2a97,H0523,5.1,2018-07-06,traveloka
U14bba468ad6c,H0137,10.0,2018-07-07,ivivu
Ub04d995ae3b4,H0320,8.0,2018-07-08,ivivu
Uf8c43eda8f69,H0109,10.0,2018-07-08,ivivu
Ufe7dc3abb382,H0391,7.0,2018-07-08,ivivu
U1548e066596f,H0304,5.6,2018-07-09,traveloka
U379508acdfdb,H0521,6.3,2018-07-09,traveloka
U3c4b8afedf33,H0311,6.0,2018-07-09,ivivu
U4539a20b9675,H0439,9.0,2018-07-09,ivivu
U5264ef8460f4,H0416,9.0,2018-07-09,ivivu
U97ac902d3be9,H0391,7.5,2018-07-09,ivivu
Ua20ebc36a84f,H0416,9.0,2018-07-09,ivivu
Ub15fef6da8c9,H0542,8.5,2018-07-09,traveloka
Ucb8b0596da83,H0233,7.0,2018-07-09,ivivu
Uccf7da39ddc4,H0262,9.4,2018-07-09,traveloka
Ud09dd3b5f332,H0294,7.0,2018-07-09,ivivu
Ufa06531a9361,H0311,6.0,2018-07-09,traveloka
U318279d6f959,H0202,6.0,2018-07-10,ivivu
U3a20cfa60ade,H0492,9.4,2018-07-10,traveloka
U7855b8fa3b9f,H0272,8.5,2018-07-10,traveloka
Udde3baa7a884,H0296,7.0,2018-07-10,ivivu
Ufd8427458016,H0324,10.0,2018-07-10,ivivu
U2c6aef2d311f,H0002,5.7,2018-07-11,traveloka
Uccae5ef522f4,H0079,7.0,2018-07-11,ivivu
Ueddd492f1c14,H0454,10.0,2018-07-11,traveloka
U39605abfbaee,H0232,6.0,2018-07-12,traveloka
U5f330b703a83,H0064,6.0,2018-07-12,traveloka
U6dbb4301b696,H0262,6.0,2018-07-12,ivivu
Ua66dbe3d2ab9,H0182,9.4,2018-07-12,traveloka
Ud969434836f9,H0299,9.0,2018-07-12,ivivu
U03a52ab26d30,H0244,6.0,2018-07-13,ivivu
U2dc6c78fa5ff,H0002,5.6,2018-07-13,traveloka
Ucdb941408161,H0376,8.5,2018-07-13,traveloka
Ud852f4841393,H0414,6.0,2018-07-13,traveloka
U2afa5ab7b4ec,H0405,4.0,2018-07-14,ivivu
U4b961eff8b7d,H0451,6.0,2018-07-14,ivivu
U5eee0df3dac0,H0032,6.0,2018-07-14,traveloka
U8bec745c206b,H0075,8.5,2018-07-14,traveloka
U0016d8df8d31,H0181,6.6,2018-07-15,traveloka
U09f8bf9e7f24,H0001,9.7,2018-07-15,traveloka
U546cc3aabd99,H0518,6.0,2018-07-15,ivivu
U5f21782dec79,H0339,6.0,2018-07-15,ivivu
U6a1e718331c3,H0521,9.7,2018-07-15,traveloka
U6deb99c8859b,H0215,8.8,2018-07-15,traveloka
U7fb83ae780f3,H0166,9.7,2018-07-15,traveloka
U90251086ded4,H0416,6.0,2018-07-15,ivivu
Ucc2d8099fbf6,H0467,6.1,2018-07-15,traveloka
Ud353d3546ed7,H0062,10.0,2018-07-15,ivivu
U287638c88d25,H0518,6.0,2018-07-16,ivivu
U5bea4fd98e3b,H0032,9.7,2018-07-16,traveloka
Ub94c5e42d6ff,H0545,6.0,2018-07-16,ivivu
U4ae307b7e274,H0111,8.5,2018-07-17,traveloka
U9d9fca40e711,H0311,9.4,2018-07-17,traveloka
Ueef6d0dab6d7,H0349,9.7,2018-07-17,traveloka
U6f285070ca43,H0181,6.2,2018-07-18,traveloka
U6602382a13a1,H0521,5.1,2018-07-19,traveloka
U9b1b77e55514,H0204,8.0,2018-07-19,ivivu
Ufd296012670b,H0426,5.8,2018-07-19,traveloka
U0e9278c1ba88,H0288,6.0,2018-07-20,ivivu
U652610b6e37a,H0414,8.8,2018-07-20,traveloka
U9da2ab8eba0f,H0442,9.7,2018-07-20,traveloka
Udb53b7822867,H0203,9.0,2018-07-20,ivivu
U3833ccca9a15,H0521,9.4,2018-07-21,traveloka
U43120590f054,H0299,6.0,2018-07-21,ivivu
U6b98113db5fc,H0521,9.4,2018-07-21,traveloka
U80a21c359c23,H0238,6.1,2018-07-21,traveloka
U92bfe7b5d821,H0138,7.0,2018-07-21,ivivu
Ud32df1ed1597,H0507,9.7,2018-07-21,traveloka
U4f2b1d7a2adb,H0075,5.2,2018-07-22,traveloka
U56bc93c32dca,H0232,9.1,2018-07-22,traveloka
U83025f422717,H0304,6.0,2018-07-22,traveloka
Uff5fee04c84d,H0311,6.0,2018-07-22,ivivu
U34191914b85b,H0369,8.0,2018-07-23,ivivu
U672b6cf1cedf,H0167,8.0,2018-07-23,ivivu
Ucb8b0596da83,H0496,6.0,2018-07-23,ivivu
Ud7e5c15bb4a3,H0513,10.0,2018-07-23,ivivu
Uff7c9dff8aef,H0123,8.0,2018-07-23,ivivu
U000915babe05,H0262,10.0,2018-07-24,traveloka
U66ec00312175,H0312,6.0,2018-07-24,ivivu
Ua497ac61f801,H0445,6.0,2018-07-24,traveloka
Ub53b2b047e8d,H0225,5.4,2018-07-24,traveloka
U72748e48e7f9,H0529,9.4,2018-07-25,traveloka
Uffb70e2b3dc7,H0039,8.5,2018-07-25,traveloka
U183bb86a9505,H0380,10.0,2018-07-26,traveloka
U2996f31c725b,H0272,10.0,2018-07-26,traveloka
U2ad5b9117c30,H0454,8.5,2018-07-26,traveloka
U8536a50d437f,H0329,6.2,2018-07-26,traveloka
Uab7f98ce54c4,H0103,10.0,2018-07-26,traveloka
Uec3110730eeb,H0446,7.3,2018-07-26,traveloka
U6ff2a3262fc5,H0439,7.0,2018-07-27,traveloka
Ud64fe52a60a9,H0416,6.0,2018-07-27,ivivu
Ub1964c29ff98,H0521,6.0,2018-07-28,traveloka
Udc907ac05720,H0159,5.5,2018-07-28,traveloka
U04c890a6ee12,H0162,9.4,2018-07-29,traveloka
U0fc86b5333cf,H0522,8.0,2018-07-29,ivivu
Ua14b77db8089,H0485,5.8,2018-07-29,traveloka
Uc03afc8432af,H0539,9.4,2018-07-29,traveloka
Ud3720eef98a5,H0064,6.2,2018-07-29,traveloka
Uf1bbdc0ed0c6,H0294,9.1,2018-07-29,traveloka
U1303c8d1f622,H0412,9.7,2018-07-30,traveloka
U56bc93c32dca,H0129,7.0,2018-07-30,ivivu
U6f92ae77298a,H0182,7.0,2018-07-30,ivivu
Ua099655f939e,H0369,8.0,2018-07-30,ivivu
Ued6728903899,H0164,10.0,2018-07-30,ivivu
U74e68f65fc40,H0123,9.7,2018-07-31,traveloka
U903475ca8f76,H0439,5.9,2018-08-01,traveloka
Ud931e6b42045,H0344,6.7,2018-08-01,traveloka
U065eace5e341,H0551,5.8,2018-08-02,traveloka
U6602382a13a1,H0074,8.5,2018-08-02,traveloka
U6c44f8da6ff0,H0542,6.4,2018-08-02,traveloka
U7fb83ae780f3,H0311,9.7,2018-08-02,traveloka
U846da8b2a753,H0413,6.8,2018-08-02,traveloka
Uae43a1c16f19,H0111,9.7,2018-08-02,traveloka
U7e298fab2886,H0147,6.3,2018-08-03,traveloka
Ud6e8af5b890c,H0315,6.0,2018-08-03,traveloka
U2dbafae70e59,H0137,9.0,2018-08-05,ivivu
U6fb7a9a00cb2,H0445,6.0,2018-08-06,traveloka
U8d0debb9dce9,H0123,8.0,2018-08-07,ivivu
Ue991b70a8fac,H0433,5.4,2018-08-07,traveloka
U0e2ac12ace6d,H0264,10.0,2018-08-08,ivivu
U1978de639e0b,H0123,7.0,2018-08-08,ivivu
U74c114c6b433,H0065,6.4,2018-08-08,traveloka
U915fa5e2ddc5,H0123,7.0,2018-08-08,ivivu
Ucb8b0596da83,H0204,10.0,2018-08-08,ivivu
Ud3cf868044c9,H0064,8.5,2018-08-08,traveloka
Ud97435c31b78,H0181,5.1,2018-08-08,traveloka
Ufb8dfb6a8659,H0446,6.8,2018-08-08,traveloka
U0631eba85d86,H0111,10.0,2018-08-09,traveloka
U1ec90b9c753d,H0133,8.0,2018-08-09,ivivu
U3142fe42b2d0,H0454,5.6,2018-08-09,traveloka
U4d80f2305ab3,H0126,6.0,2018-08-09,traveloka
U6058695c187f,H0294,9.4,2018-08-09,traveloka
U7c576fde4e96,H0522,7.0,2018-08-09,ivivu
Ud6e8af5b890c,H0342,6.0,2018-08-09,ivivu
Ud7d06a746b25,H0521,5.4,2018-08-09,traveloka
Ue3936dc339b3,H0425,9.7,2018-08-09,traveloka
Uf06d008e4810,H0072,8.2,2018-08-09,traveloka
U1206e0759a01,H0535,9.7,2018-08-10,traveloka
U1d35b1cf9979,H0439,5.4,2018-08-10,traveloka
U3e85c522ea22,H0394,9.1,2018-08-10,traveloka
U6156734cc45f,H0065,9.1,2018-08-10,traveloka
U8cfc7b45e897,H0369,9.5,2018-08-11,ivivu
U9ea158110822,H0433,5.5,2018-08-11,traveloka
U13629312ab9c,H0439,9.0,2018-08-12,ivivu
U182bed4ea9a1,H0348,6.0,2018-08-12,ivivu
U48235f0e6930,H0414,6.6,2018-08-12,traveloka
U55cd4d208478,H0393,7.5,2018-08-12,ivivu
U575d8ca03c29,H0283,10.0,2018-08-12,ivivu
U575d8ca03c29,H0086,10.0,2018-08-12,ivivu
U92c8994ee7f0,H0420,10.0,2018-08-12,ivivu
Ue08f85c8848a,H0162,9.4,2018-08-12,traveloka
Uefdce2855319,H0299,7.5,2018-08-12,ivivu
U0e37fba78e88,H0233,9.0,2018-08-13,ivivu
Ud6789af907db,H0394,7.0,2018-08-13,ivivu
Uf20562446d09,H0364,8.8,2018-08-13,traveloka
U0d8ca66264f8,H0544,6.3,2018-08-14,traveloka
U512f0bc3566c,H0366,7.0,2018-08-14,traveloka
U617bcfe33bb2,H0167,9.0,2018-08-14,ivivu
U6a4303f8401e,H0271,8.5,2018-08-14,traveloka
U930d731fc1f0,H0439,9.4,2018-08-14,traveloka
Ub6d3da84da10,H0299,6.0,2018-08-15,ivivu
U02cf03d6a240,H0376,4.8,2018-08-16,traveloka
U1b7649656b73,H0142,9.0,2018-08-16,ivivu
Ucb0439ea9379,H0320,9.0,2018-08-16,ivivu
Ue7d459493808,H0467,6.0,2018-08-16,traveloka
U1ab50602e263,H0232,8.5,2018-08-17,traveloka
U48da72048473,H0173,8.0,2018-08-17,ivivu
U5d8acc20532b,H0123,8.0,2018-08-17,ivivu
U68f10dc1a40e,H0536,7.0,2018-08-17,ivivu
U901a91381ede,H0137,9.0,2018-08-17,ivivu
Uae4e862cbbb3,H0299,7.0,2018-08-17,ivivu
Ub8068b03ef88,H0123,9.0,2018-08-17,ivivu
Uded2be406d9b,H0299,6.0,2018-08-17,ivivu
U0496458462e0,H0189,7.0,2018-08-18,ivivu
U0861a679fb34,H0485,6.0,2018-08-18,traveloka
U46bb9f891495,H0511,8.0,2018-08-18,ivivu
U51202673be61,H0218,8.5,2018-08-18,traveloka
U771d660093c3,H0405,6.0,2018-08-18,ivivu
U9090f6ef44bc,H0439,7.0,2018-08-18,ivivu
Ua70d6cc8c74b,H0062,9.0,2018-08-18,ivivu
U0079b623662e,H0331,6.2,2018-08-19,traveloka
U019b6463f91c,H0359,8.0,2018-08-19,ivivu
U339152e71a99,H0522,8.0,2018-08-19,ivivu
U77c9f58a93fe,H0281,10.0,2018-08-19,traveloka
Uaba7bc94ee59,H0502,6.0,2018-08-19,ivivu
Ub07c8a5f166d,H0522,9.0,2018-08-19,ivivu
Uee54c78f6493,H0522,10.0,2018-08-19,ivivu
Uf87462df5355,H0064,8.5,2018-08-19,traveloka
U2ec00301be58,H0085,6.1,2018-08-20,traveloka
U9cca5e2e1eea,H0411,6.2,2018-08-20,traveloka
Ucc857b3a2a4c,H0294,6.6,2018-08-20,traveloka
U227d945fbd61,H0204,10.0,2018-08-21,ivivu
U3dfd78c78ac7,H0522,9.0,2018-08-21,ivivu
Uc2bd6afca7ef,H0324,9.1,2018-08-21,traveloka
Ud35a223711a7,H0086,10.0,2018-08-21,ivivu
Uf51552664247,H0299,9.0,2018-08-21,ivivu
U0e6d8b8698a9,H0521,4.5,2018-08-22,traveloka
U592d106ffb0a,H0496,8.3,2018-08-22,traveloka
U60c7c14225b2,H0232,4.5,2018-08-22,traveloka
U6ccd43e4b7d9,H0182,7.0,2018-08-22,ivivu
Ud7e5c15bb4a3,H0123,8.0,2018-08-22,ivivu
Uda874e3e7165,H0509,6.2,2018-08-22,traveloka
U0fb576049151,H0516,5.7,2018-08-23,traveloka
U7dd00d5213dc,H0064,8.5,2018-08-23,traveloka
U7dd00d5213dc,H0123,8.0,2018-08-23,ivivu
U9c7571420735,H0272,9.7,2018-08-23,traveloka
Uac67345ca539,H0521,5.1,2018-08-23,traveloka
U379508acdfdb,H0123,9.0,2018-08-24,ivivu
U73fee1c0717a,H0062,9.0,2018-08-24,ivivu
U797c5607067d,H0147,7.0,2018-08-24,traveloka
U8274349d59cf,H0521,8.5,2018-08-24,traveloka
U9deb26de64b9,H0541,9.0,2018-08-24,ivivu
U0d52202dc23f,H0138,10.0,2018-08-25,ivivu
U17250b769f23,H0002,5.4,2018-08-25,traveloka
U3edc62d0cf08,H0123,9.0,2018-08-25,ivivu
U651b8ddebef3,H0518,7.0,2018-08-25,ivivu
U68e4b137d2e0,H0536,9.0,2018-08-25,ivivu
U6ccb6896d727,H0245,9.0,2018-08-25,ivivu
U72748e48e7f9,H0262,5.4,2018-08-25,traveloka
U7bd43f6d8719,H0082,9.0,2018-08-25,ivivu
U7fcc7ad03e6e,H0545,6.0,2018-08-25,ivivu
U915fa5e2ddc5,H0203,9.0,2018-08-25,ivivu
Ua9e8164e2725,H0439,10.0,2018-08-25,ivivu
Uc199c13a8b4d,H0416,7.0,2018-08-25,ivivu
U118dc9ce1388,H0434,8.5,2018-08-26,traveloka
U2d3461fd493d,H0204,7.0,2018-08-26,ivivu
U6af456a259bb,H0478,10.0,2018-08-26,traveloka
Uc12a3f5dc01b,H0101,8.5,2018-08-26,traveloka
Uce8832b7e1b7,H0315,5.4,2018-08-26,traveloka
Ue5c15927a83e,H0258,5.0,2018-08-26,ivivu
Uf3d217d94225,H0477,9.0,2018-08-26,ivivu
U512f0bc3566c,H0311,7.0,2018-08-27,ivivu
U577306d16590,H0207,9.0,2018-08-27,ivivu
Uc75194e97fac,H0413,7.0,2018-08-27,ivivu
Uf2dede542317,H0123,8.0,2018-08-27,ivivu
Ufd2d6f2a171b,H0123,10.0,2018-08-27,ivivu
U6b66a0abd5a2,H0009,8.8,2018-08-28,traveloka
Uc47f38f4e094,H0518,9.0,2018-08-28,ivivu
Ue43952ae1d70,H0168,7.0,2018-08-28,ivivu
U032480bd4dd8,H0454,8.8,2018-08-29,traveloka
U19d3a16102fe,H0376,10.0,2018-08-29,traveloka
U4b364ad67e2c,H0207,9.0,2018-08-30,ivivu
U6482b64db93c,H0328,6.0,2018-08-30,traveloka
U8aa966ea7f98,H0342,7.0,2018-08-30,ivivu
Uaecf3bb4f673,H0299,7.0,2018-08-30,ivivu
Udef451f9d41e,H0521,5.8,2018-08-30,traveloka
U210975ccc06d,H0451,5.0,2018-08-31,ivivu
U4539a20b9675,H0068,8.0,2018-08-31,ivivu
U8cc77a9d302b,H0062,9.0,2018-08-31,ivivu
U90e6ea11a12e,H0414,5.5,2018-08-31,traveloka
Uaf944f287937,H0123,9.0,2018-08-31,ivivu
Ue43952ae1d70,H0174,8.0,2018-08-31,ivivu
Ufd24d0f617dc,H0360,9.0,2018-08-31,ivivu
U07c3333e2d06,H0089,8.5,2018-09-01,traveloka
U4086baf3e8b6,H0065,8.5,2018-09-01,traveloka
U42d2ad3dc9f1,H0167,9.0,2018-09-01,ivivu
U58419144cf64,H0369,9.0,2018-09-01,ivivu
U9d9ffa2e5ed8,H0314,9.0,2018-09-01,ivivu
Ufd8427458016,H0478,8.5,2018-09-01,traveloka
U29657263e2b4,H0535,8.7,2018-09-02,traveloka
U37565899159b,H0107,5.1,2018-09-02,traveloka
U63bcfede3ebd,H0380,9.7,2018-09-02,traveloka
U5d9d47f1bd8a,H0492,6.1,2018-09-03,traveloka
U62b4d4ddbe86,H0485,9.4,2018-09-03,traveloka
U8b5f0e6bf3d3,H0311,8.5,2018-09-03,traveloka
U956cb9a6ec03,H0521,8.5,2018-09-03,traveloka
Ub779967b45ce,H0196,5.8,2018-09-03,traveloka
U0c024ce09c1a,H0001,8.5,2018-09-05,traveloka
Ubf83d81558dc,H0162,10.0,2018-09-05,traveloka
U057fcf5425ca,H0465,6.0,2018-09-06,traveloka
U2eb7e2c3ff01,H0518,6.0,2018-09-06,ivivu
U4f030da4e983,H0238,7.0,2018-09-06,traveloka
U5321d30aa413,H0335,9.7,2018-09-06,traveloka
U8139409dd891,H0439,7.3,2018-09-06,traveloka
Ua27737efabde,H0523,8.4,2018-09-07,traveloka
Ua52145a38e32,H0461,9.7,2018-09-07,traveloka
Ud74dfe00802e,H0439,4.0,2018-09-07,ivivu
U36eae7b366ff,H0123,7.0,2018-09-08,ivivu
U2741d720c89a,H0412,4.8,2018-09-09,traveloka
U3a2f95368a7f,H0513,10.0,2018-09-09,ivivu
U48484b11207e,H0311,7.0,2018-09-09,ivivu
Ue100d62be1fa,H0507,9.7,2018-09-09,traveloka
Uf1bd839bb79e,H0342,9.0,2018-09-09,ivivu
U23fbe27926c6,H0284,6.0,2018-09-10,ivivu
U433f97407849,H0550,8.8,2018-09-10,traveloka
U50d0590dac3e,H0524,7.0,2018-09-10,ivivu
U608048973bd0,H0369,9.5,2018-09-10,ivivu
Ub7d6200320b5,H0123,10.0,2018-09-10,traveloka
Ud4fdac290a14,H0086,10.0,2018-09-10,ivivu
Ued707f3d19da,H0551,5.9,2018-09-10,traveloka
U25091a94bb4a,H0086,9.5,2018-09-11,ivivu
U7294ef99eece,H0369,9.0,2018-09-11,ivivu
Ua70d6cc8c74b,H0262,9.7,2018-09-11,traveloka
Ubb4d36f911c4,H0451,7.0,2018-09-11,ivivu
Udf24c6cb28f8,H0143,9.0,2018-09-11,ivivu
Uf05fd455a70d,H0232,7.5,2018-09-11,traveloka
Ue43d0d6df6e2,H0304,9.0,2018-09-12,traveloka
U0331d8ad6e03,H0216,9.7,2018-09-13,traveloka
U2a3ce038a8eb,H0009,5.2,2018-09-13,traveloka
U90c335420199,H0336,8.5,2018-09-13,traveloka
U987ed9e02970,H0294,8.0,2018-09-13,ivivu
Uae43a1c16f19,H0439,9.0,2018-09-13,ivivu
Ub0988e0a0e81,H0467,9.1,2018-09-13,traveloka
Ub316660cedb0,H0557,8.5,2018-09-13,traveloka
Ucd9b06271443,H0324,8.4,2018-09-13,traveloka
Ue43952ae1d70,H0369,8.0,2018-09-13,ivivu
U1e84baf9b7e4,H0123,8.0,2018-09-14,ivivu
U2f1e8484924c,H0311,5.5,2018-09-14,traveloka
U7c0e5ec65a7b,H0467,8.5,2018-09-14,traveloka
Uad1edc57eecf,H0426,8.5,2018-09-14,traveloka
Uc3338bebae66,H0294,9.7,2018-09-14,traveloka
Udb53b7822867,H0299,6.0,2018-09-14,ivivu
Ue7fc89a49296,H0164,9.0,2018-09-14,ivivu
Uf080d647eba1,H0416,7.0,2018-09-14,ivivu
U137be1c111ea,H0101,5.1,2018-09-15,traveloka
U17df181ce620,H0207,8.5,2018-09-15,ivivu
U472cd2b7deb7,H0439,9.0,2018-09-15,ivivu
U601060524469,H0331,6.2,2018-09-15,traveloka
U6747e513e178,H0245,9.0,2018-09-15,ivivu
Ubb63dde5c20c,H0522,8.5,2018-09-15,ivivu
U0a94677c6ebe,H0394,9.0,2018-09-16,ivivu
Ua66dbe3d2ab9,H0284,7.0,2018-09-16,ivivu
Uc06c738cee28,H0167,9.0,2018-09-17,ivivu
Uf05fd455a70d,H0159,6.0,2018-09-17,traveloka
U4da22644e9d5,H0159,6.0,2018-09-18,traveloka
U5514d82d8f53,H0348,8.0,2018-09-18,ivivu
U8451d80f9309,H0516,5.7,2018-09-19,traveloka
Ua02ff5b91453,H0147,6.4,2018-09-19,traveloka
Uf36b36bf542b,H0032,6.3,2018-09-19,traveloka
U2964aa2d6c70,H0394,9.0,2018-09-20,ivivu
U5ad6888cf7d5,H0204,9.0,2018-09-20,ivivu
U6cf4271e5eab,H0426,9.7,2018-09-20,traveloka
U9deb26de64b9,H0123,8.0,2018-09-20,ivivu
Uba50d4a307ec,H0002,5.2,2018-09-20,traveloka
U15569d089457,H0426,6.3,2018-09-21,traveloka
U19669c5daa3d,H0207,9.0,2018-09-21,ivivu
U2dbebe26985f,H0485,8.5,2018-09-21,traveloka
U44e66c8ad861,H0452,6.0,2018-09-21,traveloka
U518909425012,H0465,5.6,2018-09-21,traveloka
U5863bd418f0c,H0311,7.0,2018-09-21,ivivu
U79ff29ac3acf,H0311,9.0,2018-09-21,ivivu
Uad130a01d145,H0123,9.0,2018-09-21,ivivu
Uad4697aeab09,H0233,8.0,2018-09-21,ivivu
Ub53b2b047e8d,H0107,6.1,2018-09-21,traveloka
U08d9193957ec,H0129,8.0,2018-09-22,ivivu
U6a1e718331c3,H0454,8.5,2018-09-23,traveloka
U92f6329c9cb0,H0175,6.1,2018-09-23,traveloka
U02f5524da6ff,H0105,6.0,2018-09-24,traveloka
U53d19bde6bb6,H0331,9.7,2018-09-24,traveloka
U9541b737b8ef,H0064,9.7,2018-09-24,traveloka
U2879451059db,H0147,8.5,2018-09-26,traveloka
U49041250225d,H0233,8.0,2018-09-26,ivivu
U7d9a85d5800c,H0315,10.0,2018-09-26,traveloka
U9afec1897583,H0413,5.8,2018-09-26,traveloka
U082cc5399474,H0304,5.4,2018-09-27,traveloka
U6156734cc45f,H0009,7.0,2018-09-27,traveloka
U06bd0e1d984f,H0348,6.0,2018-09-28,ivivu
U7a6e66b63014,H0218,9.4,2018-09-28,traveloka
U9ac75c8d7246,H0251,9.0,2018-09-28,ivivu
U1b13fe0a5738,H0413,9.0,2018-09-29,ivivu
U1e84baf9b7e4,H0203,8.5,2018-09-29,ivivu
U213456fb0d62,H0101,8.5,2018-09-29,traveloka
U337d9e820084,H0414,5.9,2018-09-29,traveloka
U72fc237831f0,H0162,6.0,2018-09-29,traveloka
Uae43a1c16f19,H0253,10.0,2018-09-29,ivivu
U000915babe05,H0369,8.5,2018-09-30,ivivu
U1376d53bb22c,H0513,8.5,2018-09-30,ivivu
U7dd00d5213dc,H0439,6.1,2018-09-30,traveloka
U9deb26de64b9,H0311,9.4,2018-09-30,traveloka
U946d2aa58a09,H0526,8.0,2018-10-01,ivivu
U9d3627c81172,H0433,5.8,2018-10-01,traveloka
U1df00184876e,H0451,7.0,2018-10-02,ivivu
U43235d7fba0b,H0002,9.7,2018-10-02,traveloka
U69d084018b47,H0485,9.7,2018-10-02,traveloka
U6a6df98786fa,H0548,7.0,2018-10-02,ivivu
U6e51e0d7829c,H0347,6.6,2018-10-02,traveloka
Uf4609f9aaa57,H0448,4.8,2018-10-02,traveloka
U0717359ad803,H0147,6.4,2018-10-03,traveloka
U6f9665d09ff0,H0101,6.2,2018-10-03,traveloka
U89b73d14eaf9,H0485,4.5,2018-10-03,traveloka
U0f7876fe0e7b,H0435,6.0,2018-10-04,ivivu
Uce92fde8e187,H0311,4.8,2018-10-04,traveloka
Uabd2483d5a84,H0454,9.4,2018-10-05,traveloka
Uca9f64b81e12,H0082,9.0,2018-10-05,ivivu
U76bf9c4cbfce,H0522,9.0,2018-10-06,ivivu
U9deb26de64b9,H0461,6.7,2018-10-06,traveloka
Ue49475d686d2,H0262,8.5,2018-10-06,traveloka
Uef35cb793711,H0289,8.0,2018-10-06,ivivu
Uf120825b3060,H0122,7.2,2018-10-06,traveloka
U2566ed3c780d,H0123,7.0,2018-10-07,ivivu
U38323133860e,H0535,6.8,2018-10-07,traveloka
U7462426d9739,H0425,9.4,2018-10-07,traveloka
U002bae9ceebb,H0123,10.0,2018-10-08,ivivu
U0496458462e0,H0123,7.0,2018-10-08,ivivu
U1daec396cf2d,H0129,10.0,2018-10-08,ivivu
U36eae7b366ff,H0416,9.0,2018-10-08,ivivu
U53a4fa519ee6,H0522,10.0,2018-10-08,ivivu
U5c85a0e89d9b,H0137,7.0,2018-10-08,ivivu
U5cb34c5805a1,H0315,6.0,2018-10-08,traveloka
U6156734cc45f,H0062,8.0,2018-10-08,ivivu
Uba48f19fdb1e,H0182,7.0,2018-10-08,ivivu
Ube1489778e3f,H0123,7.0,2018-10-08,ivivu
Ud136c339a74b,H0391,7.0,2018-10-08,ivivu
Uda874e3e7165,H0439,6.0,2018-10-08,ivivu
U0ca64d8de8b9,H0304,7.0,2018-10-09,ivivu
U320efe3833d5,H0002,5.1,2018-10-09,traveloka
U89b73d14eaf9,H0513,6.0,2018-10-09,ivivu
U90ce5774e4d9,H0311,7.0,2018-10-09,traveloka
U02cf03d6a240,H0445,9.7,2018-10-10,traveloka
U0f1dc3f48e8d,H0002,8.5,2018-10-10,traveloka
U156e04e2ec1f,H0405,6.0,2018-10-11,ivivu
U361391c4bfb9,H0369,9.0,2018-10-11,ivivu
U49ea5dbd27c5,H0228,7.0,2018-10-11,ivivu
U7cb98e2f4452,H0191,7.0,2018-10-11,ivivu
Ucb8b0596da83,H0123,9.4,2018-10-11,traveloka
Uef35cb793711,H0405,6.0,2018-10-11,ivivu
Uefc279d23c3e,H0553,6.0,2018-10-11,traveloka
Uf1af323233c8,H0376,5.7,2018-10-11,traveloka
Uf6c942a60d20,H0451,9.5,2018-10-11,ivivu
U273c98436e28,H0182,6.2,2018-10-12,traveloka
U43553bc1e3be,H0286,7.5,2018-10-12,ivivu
U721f27459cc3,H0391,9.5,2018-10-12,ivivu
U7464dd7d48ef,H0328,9.7,2018-10-12,traveloka
Ua099655f939e,H0002,6.0,2018-10-12,traveloka
Ucd9b06271443,H0086,10.0,2018-10-12,ivivu
U10f292e04530,H0521,8.0,2018-10-13,ivivu
U14bba468ad6c,H0336,9.4,2018-10-13,traveloka
U4c2c866f0f2d,H0415,9.0,2018-10-13,ivivu
U75f790ad33ef,H0107,8.5,2018-10-13,traveloka
Ua0e53a11a674,H0522,7.0,2018-10-13,ivivu
Ud3cfecf9cc58,H0421,9.0,2018-10-13,ivivu
U40b0fdcd7c30,H0521,5.9,2018-10-14,traveloka
U7fdedca3546d,H0417,8.5,2018-10-14,traveloka
Uc795dc54d631,H0394,10.0,2018-10-14,traveloka
Uced7beac429f,H0251,9.5,2018-10-14,ivivu
U71a7b42dfa14,H0454,9.7,2018-10-15,traveloka
Ub7bb16cae5fe,H0433,5.4,2018-10-15,traveloka
Ude61647eee51,H0311,6.0,2018-10-15,traveloka
Ud51b17244b94,H0485,6.6,2018-10-16,traveloka
Uca4c7b70ebcc,H0294,5.7,2018-10-17,traveloka
U1ca431bab7e4,H0369,9.5,2018-10-18,ivivu
U374b215c1905,H0433,5.8,2018-10-18,traveloka
Ub4fa1bcf456b,H0557,8.5,2018-10-18,traveloka
U01b2a8eff30e,H0433,5.6,2018-10-19,traveloka
U096ee90f2dac,H0164,9.0,2018-10-19,ivivu
U40fee10584f8,H0111,8.3,2018-10-19,traveloka
U5558191960f1,H0299,7.0,2018-10-19,ivivu
U106dec51ca95,H0329,9.4,2018-10-20,traveloka
U1f12cd90f3c5,H0369,9.5,2018-10-20,ivivu
U29916659d627,H0524,10.0,2018-10-20,ivivu
U2cb7458e9f99,H0143,9.5,2018-10-20,ivivu
U415573b1f4b1,H0189,10.0,2018-10-20,ivivu
U5f21782dec79,H0366,6.6,2018-10-20,traveloka
U832e2124715c,H0439,9.7,2018-10-20,traveloka
Uae43a1c16f19,H0068,9.0,2018-10-20,ivivu
Uc3751bb73411,H0175,9.3,2018-10-20,traveloka
Ucbfa0fcba917,H0261,7.5,2018-10-20,ivivu
Uda404bd23a27,H0262,6.0,2018-10-20,ivivu
U511492b581d6,H0413,9.0,2018-10-21,ivivu
Ucbfa0fcba917,H0283,10.0,2018-10-21,ivivu
Ue011bf99dade,H0348,7.0,2018-10-21,ivivu
U72fc237831f0,H0311,6.0,2018-10-22,traveloka
Ud1482684ee2a,H0117,5.8,2018-10-23,traveloka
U118379dae547,H0089,8.5,2018-10-24,traveloka
U2d6fc9619ad5,H0294,8.5,2018-10-24,traveloka
U37153faec99f,H0383,9.5,2018-10-24,ivivu
U45b5e34bea27,H0085,6.0,2018-10-24,traveloka
Ua1faa72266b0,H0425,10.0,2018-10-24,ivivu
U2b73e639dfa9,H0068,10.0,2018-10-26,ivivu
Ua7beaa8dc6a5,H0232,6.8,2018-10-26,traveloka
Uba48f19fdb1e,H0300,7.0,2018-10-26,ivivu
Uc9e5a5493559,H0079,7.0,2018-10-26,ivivu
Uf26ae28b49cd,H0086,9.0,2018-10-26,ivivu
U06a341927364,H0203,9.0,2018-10-27,ivivu
U0806a483a4f9,H0159,5.2,2018-10-27,traveloka
U1d8da9c89b14,H0479,6.3,2018-10-27,traveloka
U3ef50365e97d,H0046,9.5,2018-10-27,ivivu
U7d45f6b9e69e,H0129,9.0,2018-10-27,ivivu
Uce13573c9004,H0369,9.0,2018-10-27,ivivu
Ud00b60c5cd69,H0336,9.7,2018-10-27,traveloka
U20cff7650f08,H0328,9.4,2018-10-28,traveloka
U5d9645760274,H0404,6.5,2018-10-28,traveloka
Ub102753ad0dd,H0164,8.0,2018-10-28,ivivu
Ucca5196b6175,H0111,5.8,2018-10-28,traveloka
U4f72e4beb176,H0129,9.0,2018-10-29,ivivu
U602969630066,H0383,9.7,2018-10-29,traveloka
U7600af7de676,H0182,9.7,2018-10-29,traveloka
Uf3b87a4cf1af,H0136,8.5,2018-10-29,traveloka
U1376d53bb22c,H0182,6.2,2018-10-30,traveloka
U2af9ebb217f8,H0369,9.5,2018-10-30,ivivu
U649edb966709,H0369,9.5,2018-10-30,ivivu
Ue011bf99dade,H0085,10.0,2018-10-30,traveloka
Ueae1ad4cd586,H0147,9.7,2018-10-31,traveloka
Udb54cf72c0e5,H0056,9.0,2018-11-01,ivivu
U304bf5750632,H0329,10.0,2018-11-02,traveloka
Uac8fa35c35a0,H0516,6.2,2018-11-02,traveloka
U8a24e3b49caf,H0003,6.0,2018-11-03,traveloka
Ud79187ecd58c,H0181,9.1,2018-11-04,traveloka
U10b776e5ab29,H0521,6.0,2018-11-05,traveloka
U3000becad055,H0335,6.3,2018-11-05,traveloka
U406835ad0efc,H0107,8.5,2018-11-05,traveloka
U52fb38f83994,H0105,7.0,2018-11-05,traveloka
U1262fa7ef9c7,H0523,10.0,2018-11-07,traveloka
U25c3414bc5b4,H0496,6.0,2018-11-07,ivivu
Ubb59773a8215,H0485,5.6,2018-11-07,traveloka
U1b0add58be81,H0369,8.0,2018-11-08,ivivu
U2dbafae70e59,H0299,7.0,2018-11-08,ivivu
U754b5f2258bb,H0369,9.0,2018-11-08,ivivu
Uadd1521b9dac,H0203,9.0,2018-11-08,ivivu
Uf57a18241370,H0294,7.0,2018-11-08,ivivu
U00591dbf646e,H0123,7.0,2018-11-09,ivivu
U01467dcde85c,H0513,9.0,2018-11-09,ivivu
U367721b282ab,H0251,9.0,2018-11-09,ivivu
Ua26c709d2729,H0068,9.0,2018-11-09,ivivu
Ue6e51ba350cc,H0521,6.4,2018-11-09,traveloka
U17df181ce620,H0335,9.7,2018-11-10,traveloka
U35e9d90011db,H0109,9.0,2018-11-10,ivivu
Uce56986e7ae8,H0478,6.2,2018-11-11,traveloka
Ud583fbb6933a,H0414,5.8,2018-11-11,traveloka
Uef35cb793711,H0369,8.0,2018-11-11,ivivu
Uf87e06b60381,H0547,9.4,2018-11-11,traveloka
U582e762eedf8,H0215,5.5,2018-11-12,traveloka
U987ed9e02970,H0129,9.5,2018-11-12,ivivu
Uac8fa35c35a0,H0251,9.5,2018-11-12,ivivu
Ub5a530ceaf6f,H0391,9.5,2018-11-12,ivivu
U8d2133a5b0c0,H0425,10.0,2018-11-13,traveloka
Uc5d5babb2afe,H0123,6.0,2018-11-13,traveloka
U15569d089457,H0003,8.5,2018-11-14,traveloka
U5869d68386f2,H0336,5.8,2018-11-14,traveloka
Udaa4aa7246e4,H0369,8.5,2018-11-14,ivivu
Ufb04e8a62cf3,H0147,6.0,2018-11-14,ivivu
U5654f12c8ac5,H0499,6.0,2018-11-15,traveloka
U92f6329c9cb0,H0414,6.5,2018-11-15,traveloka
Ue991b70a8fac,H0557,9.7,2018-11-15,traveloka
U6cdcae1f1036,H0290,6.0,2018-11-16,traveloka
U8cc77a9d302b,H0485,9.7,2018-11-16,traveloka
Ub03b13f51aab,H0227,8.5,2018-11-16,traveloka
Ub4f035fd00cd,H0262,7.5,2018-11-16,ivivu
Ufea6121bc9b9,H0311,5.9,2018-11-16,traveloka
U0cded67ef66e,H0452,9.7,2018-11-17,traveloka
U5654ce7dc23c,H0311,8.0,2018-11-17,ivivu
U8451d80f9309,H0439,9.1,2018-11-17,traveloka
U96ee79149337,H0311,7.0,2018-11-17,ivivu
U99dedd38706c,H0232,8.8,2018-11-17,traveloka
Uada5fe281ace,H0182,7.0,2018-11-17,ivivu
Uae43a1c16f19,H0304,9.1,2018-11-17,traveloka
Uccf7da39ddc4,H0405,8.0,2018-11-17,ivivu
Uf05fd455a70d,H0147,6.0,2018-11-17,ivivu
U04db0ca8ff2b,H0369,4.5,2018-11-18,traveloka
U949acfb79593,H0557,8.6,2018-11-18,traveloka
U9638ef8f33fa,H0103,9.7,2018-11-18,traveloka
Ufa880cf3f4d0,H0051,8.5,2018-11-20,traveloka
U8bb22f36a924,H0182,8.5,2018-11-21,traveloka
U998a2b31ecf9,H0477,7.0,2018-11-21,ivivu
Ud5080a4a3d38,H0535,9.1,2018-11-21,traveloka
Ud64fe52a60a9,H0233,9.7,2018-11-21,traveloka
U28172820ff33,H0283,10.0,2018-11-22,ivivu
U901a91381ede,H0203,8.5,2018-11-22,ivivu
U342e1dcac355,H0451,6.0,2018-11-23,ivivu
U42d2ad3dc9f1,H0522,7.0,2018-11-23,ivivu
Udc05ca8f28cc,H0262,6.0,2018-11-23,ivivu
U17df181ce620,H0499,6.6,2018-11-24,traveloka
U42d2ad3dc9f1,H0451,10.0,2018-11-24,ivivu
U608048973bd0,H0537,7.0,2018-11-24,ivivu
Ubd660739eb76,H0324,10.0,2018-11-24,traveloka
U0f7876fe0e7b,H0529,9.7,2018-11-25,traveloka
U116b98a8f8b9,H0280,9.7,2018-11-25,traveloka
U333dc61d1be5,H0518,9.5,2018-11-25,ivivu
U489d820ab78e,H0387,10.0,2018-11-25,ivivu
Uab991ec75554,H0228,7.0,2018-11-25,ivivu
Uac0405a643d5,H0336,6.0,2018-11-25,traveloka
Udca663837a6c,H0311,10.0,2018-11-25,ivivu
Uef35cb793711,H0198,8.5,2018-11-25,ivivu
Uf57a18241370,H0062,9.5,2018-11-25,ivivu
U31f480a4eac5,H0396,9.7,2018-11-26,traveloka
U110bfff7ca67,H0129,9.0,2018-11-27,ivivu
U2d217f321334,H0559,5.7,2018-11-27,traveloka
U6e14fb00561c,H0541,10.0,2018-11-27,ivivu
U89dc150d797c,H0478,9.7,2018-11-27,traveloka
Udcc35c827775,H0151,10.0,2018-11-27,ivivu
Uad736c7dffac,H0065,6.0,2018-11-28,traveloka
U097622b10245,H0181,6.9,2018-11-29,traveloka
U2056ab119f21,H0553,9.7,2018-11-29,traveloka
U2625ca287637,H0137,10.0,2018-11-29,ivivu
U4fb35914b6f6,H0328,5.8,2018-11-29,traveloka
Uae43a1c16f19,H0328,8.5,2018-11-29,traveloka
U047bc5dab9e4,H0383,10.0,2018-11-30,traveloka
Uc657703b9db9,H0311,10.0,2018-11-30,ivivu
Ue6421d0ffd27,H0072,6.1,2018-11-30,traveloka
U127fad28c053,H0550,6.3,2018-12-01,traveloka
Udb53b7822867,H0288,9.0,2018-12-01,ivivu
U730dc265c6a6,H0521,9.7,2018-12-02,traveloka
U7462426d9739,H0107,9.1,2018-12-02,traveloka
Ua099655f939e,H0296,6.0,2018-12-02,ivivu
Ud634c9a6aebd,H0334,6.0,2018-12-02,traveloka
Uf7645fd78674,H0272,7.0,2018-12-02,ivivu
U10d33237142f,H0529,8.3,2018-12-03,traveloka
U2c1eb0a81f8e,H0159,5.8,2018-12-03,traveloka
Ubbf40220ff76,H0376,10.0,2018-12-03,traveloka
Uf1075fae393c,H0446,9.4,2018-12-03,traveloka
Ufdb0f1b12802,H0434,7.0,2018-12-03,traveloka
U70eec3496d70,H0518,6.0,2018-12-04,ivivu
Uc92412dddc7c,H0182,6.3,2018-12-04,traveloka
U0a50ee7c13c2,H0454,10.0,2018-12-05,traveloka
Ud71ca238756f,H0521,9.7,2018-12-05,traveloka
U065eace5e341,H0523,8.0,2018-12-06,traveloka
U1a572323c22a,H0412,9.7,2018-12-06,traveloka
U852d66b57dc1,H0290,9.7,2018-12-06,traveloka
Uf7337ddd7108,H0416,6.0,2018-12-06,ivivu
U924ba955b3ec,H0535,9.4,2018-12-07,traveloka
Ua5ae594cabe5,H0467,6.1,2018-12-07,traveloka
U19e4d5663bd4,H0550,8.5,2018-12-08,traveloka
U2ba2a119bc51,H0329,9.0,2018-12-08,traveloka
U2bb0ec441e32,H0123,9.0,2018-12-08,ivivu
U3ebd90487cb9,H0123,8.0,2018-12-08,ivivu
U5eee0df3dac0,H0272,9.7,2018-12-08,traveloka
Ub7deeb81a8b2,H0394,7.0,2018-12-08,ivivu
Uc70b41686098,H0167,10.0,2018-12-08,ivivu
U08b0c785f13b,H0129,9.0,2018-12-09,ivivu
U1444677fa479,H0299,6.0,2018-12-09,ivivu
U16d191632968,H0521,6.2,2018-12-09,traveloka
U3c4acd15e2e7,H0258,9.0,2018-12-09,ivivu
U5f81019584ed,H0048,9.0,2018-12-09,ivivu
U7a347e6a9ed8,H0383,8.0,2018-12-09,ivivu
U987ed9e02970,H0086,9.0,2018-12-09,ivivu
Uf86ed583b96e,H0152,10.0,2018-12-09,ivivu
U1b7649656b73,H0507,6.0,2018-12-10,traveloka
U1e84baf9b7e4,H0206,7.0,2018-12-10,ivivu
U3d12a376dc8e,H0518,8.0,2018-12-10,ivivu
U5d521c70f149,H0159,5.6,2018-12-10,traveloka
U6ff902515de4,H0369,9.0,2018-12-10,ivivu
Ue22d13d78bb3,H0478,6.0,2018-12-10,traveloka
Uf362dcbd6e65,H0451,7.5,2018-12-10,ivivu
Ufe7dc3abb382,H0251,9.0,2018-12-10,ivivu
U70da78366b54,H0079,6.7,2018-12-11,traveloka
U6ea914c01562,H0376,6.4,2018-12-12,traveloka
U2efecda9fe9e,H0105,5.8,2018-12-13,traveloka
U67d5d699bd8f,H0129,9.5,2018-12-13,ivivu
U0f2199e56218,H0544,7.0,2018-12-14,traveloka
U210975ccc06d,H0001,6.4,2018-12-14,traveloka
U45196fcb4792,H0009,10.0,2018-12-14,traveloka
U775921bcf460,H0427,7.0,2018-12-14,traveloka
U9217d5327809,H0051,9.7,2018-12-14,traveloka
U95ce67cc10d1,H0162,10.0,2018-12-14,traveloka
Uaf9c80bed7dd,H0369,9.5,2018-12-14,ivivu
Uf8c43eda8f69,H0168,8.0,2018-12-14,ivivu
U143b55fee884,H0129,10.0,2018-12-15,ivivu
U867059e64a2a,H0439,7.0,2018-12-15,ivivu
U16c3d6c06e73,H0141,7.0,2018-12-16,ivivu
Ua927b88a12d6,H0162,8.5,2018-12-16,traveloka
Ucde2bf747260,H0369,9.5,2018-12-16,ivivu
U1262fa7ef9c7,H0354,6.3,2018-12-17,traveloka
Ue878cd9b395e,H0107,8.5,2018-12-17,traveloka
U3976b8fe6fcd,H0446,6.1,2018-12-18,traveloka
Ud17ef5b5e754,H0369,9.5,2018-12-18,ivivu
Ue3e0421e17a5,H0283,9.5,2018-12-18,ivivu
U1f759e3d55b7,H0232,5.6,2018-12-19,traveloka
U4d8dc1e8dbde,H0215,5.8,2018-12-19,traveloka
U9b7256dfdd66,H0557,6.4,2018-12-19,traveloka
U501455bd9197,H0159,9.4,2018-12-20,traveloka
U966aefbeb689,H0551,10.0,2018-12-20,traveloka
Ua5701c8c3318,H0516,6.0,2018-12-20,traveloka
Ua9e839da5ce1,H0439,9.0,2018-12-20,ivivu
Ue8b5b0395fe7,H0411,8.5,2018-12-20,traveloka
U65cd990eb99f,H0289,7.0,2018-12-21,ivivu
U68583a36035a,H0462,5.5,2018-12-21,traveloka
U846da8b2a753,H0516,9.6,2018-12-21,traveloka
Ua9dd84960081,H0168,6.0,2018-12-21,ivivu
Ub8a6b97c6969,H0155,7.0,2018-12-21,ivivu
Ubacfb9c1a3ca,H0086,9.5,2018-12-21,ivivu
U13cef89129a3,H0031,10.0,2018-12-22,ivivu
U210975ccc06d,H0485,8.5,2018-12-22,traveloka
U22244289d98e,H0416,8.0,2018-12-22,ivivu
U32a9efc21f9a,H0181,5.4,2018-12-22,traveloka
U90219a1b49d9,H0159,8.8,2018-12-22,traveloka
U9c72304d379a,H0182,9.0,2018-12-22,ivivu
Uc795dc54d631,H0068,10.0,2018-12-22,ivivu
Ucbdfa6b1a495,H0551,6.4,2018-12-22,traveloka
Ud78e2b672b46,H0079,6.0,2018-12-22,ivivu
U7cbfcf6cca7b,H0316,6.0,2018-12-23,ivivu
U8ff39e5063c5,H0086,10.0,2018-12-23,ivivu
Ubacfb9c1a3ca,H0421,9.0,2018-12-23,ivivu
U329f9481ce2e,H0129,9.0,2018-12-24,ivivu
U392227e99234,H0228,6.0,2018-12-24,ivivu
U6123f417b984,H0107,8.5,2018-12-24,traveloka
Uc7ebaef6aa20,H0412,6.4,2018-12-24,traveloka
U576bc7f66061,H0425,9.7,2018-12-25,traveloka
Uf10b24065bf2,H0415,8.5,2018-12-25,ivivu
U1347adbce1c8,H0369,9.0,2018-12-26,ivivu
U29af66105052,H0369,9.0,2018-12-26,ivivu
U44b3ff694073,H0369,9.5,2018-12-26,ivivu
U4cb3496e128a,H0111,6.0,2018-12-26,traveloka
U4fc82364083c,H0467,9.5,2018-12-26,ivivu
Ub0c9aef51153,H0070,6.1,2018-12-26,traveloka
Ucb8b0596da83,H0354,7.0,2018-12-26,ivivu
Ue3dc8c3aa9ca,H0216,6.4,2018-12-26,traveloka
U2247eb2ec783,H0369,9.5,2018-12-27,ivivu
U29574faeedad,H0382,6.0,2018-12-27,traveloka
U5863bd418f0c,H0111,9.7,2018-12-27,traveloka
U43a93c94957d,H0173,7.0,2018-12-28,ivivu
U4df786ac40e5,H0114,9.0,2018-12-28,ivivu
U5f7e29108d51,H0105,7.3,2018-12-28,traveloka
U61114f2b2ec1,H0496,8.5,2018-12-28,ivivu
U633e9a45dee0,H0294,9.4,2018-12-28,traveloka
Ufd006bb43bd7,H0373,5.1,2018-12-28,traveloka
U2f92d6528a2a,H0451,6.0,2018-12-29,ivivu
U5863bd418f0c,H0369,9.5,2018-12-29,ivivu
U60c6eba355fc,H0421,9.5,2018-12-29,ivivu
U655bfdb06184,H0425,8.0,2018-12-29,ivivu
U7f1d82df196e,H0436,9.0,2018-12-29,ivivu
Ub6f3742759a5,H0123,8.0,2018-12-29,ivivu
Uf2a33ffd2ea4,H0167,7.0,2018-12-29,ivivu
Uf501535373dd,H0316,6.0,2018-12-29,ivivu
U2b868758d911,H0535,8.5,2018-12-30,traveloka
U342bf2791212,H0339,9.0,2018-12-30,ivivu
U4c512469a56f,H0272,6.4,2018-12-30,traveloka
U7f1d82df196e,H0248,6.0,2018-12-30,ivivu
U906b21b338f1,H0412,9.0,2018-12-30,traveloka
Uae43a1c16f19,H0257,8.5,2018-12-30,ivivu
Uf2533c3e0101,H0261,9.5,2018-12-30,ivivu
Uf2a33ffd2ea4,H0202,7.5,2018-12-30,ivivu
U07d0a42216e7,H0072,6.4,2018-12-31,traveloka
U2eff0105852d,H0541,9.0,2018-12-31,ivivu
U34979fe93492,H0329,8.5,2018-12-31,traveloka
Uabec9f08f97e,H0311,8.5,2018-12-31,traveloka
Uc6789221144e,H0225,9.7,2018-12-31,traveloka
Ud04da2db17bb,H0369,9.0,2018-12-31,ivivu
Ue59e6858033c,H0408,6.9,2018-12-31,traveloka
U0ce4ea9d4ac5,H0369,9.5,2019-01-01,ivivu
U852d66b57dc1,H0416,6.0,2019-01-01,ivivu
Ube5006e6dd5d,H0369,10.0,2019-01-01,ivivu
Uda404bd23a27,H0387,9.0,2019-01-01,ivivu
U74cd7935d081,H0373,9.4,2019-01-02,traveloka
U7a901bdced04,H0147,6.0,2019-01-02,traveloka
Ucb8b0596da83,H0132,9.5,2019-01-02,ivivu
U6bb0581a4ebd,H0391,9.5,2019-01-03,ivivu
Uc12a3f5dc01b,H0294,9.4,2019-01-03,traveloka
Uc7490c282049,H0369,9.5,2019-01-03,ivivu
U95494f0eb0e2,H0082,9.0,2019-01-04,ivivu
U9a1a64128dc3,H0064,5.6,2019-01-04,traveloka
Uc2a4352a3b5b,H0528,9.5,2019-01-04,ivivu
Uc7490c282049,H0523,8.5,2019-01-04,traveloka
Ucd5b7a71345a,H0089,6.2,2019-01-04,traveloka
U210975ccc06d,H0356,8.0,2019-01-05,ivivu
U6156734cc45f,H0182,6.6,2019-01-05,traveloka
Uf77db9fd9c99,H0272,10.0,2019-01-05,traveloka
U1121a4900a5d,H0467,6.4,2019-01-06,traveloka
U2205f6eb906d,H0516,8.5,2019-01-06,traveloka
U2856485bd67f,H0311,6.4,2019-01-06,traveloka
U4fcee89d6c99,H0003,5.6,2019-01-06,traveloka
U67f639d3926f,H0129,10.0,2019-01-06,ivivu
U8182cc7382bf,H0369,9.5,2019-01-06,ivivu
Uf0bf0b8dfadc,H0174,8.0,2019-01-06,ivivu
U484f3d7c0368,H0527,10.0,2019-01-07,ivivu
U54e7eea6c721,H0419,6.0,2019-01-07,traveloka
U63dd838a90e4,H0261,9.0,2019-01-07,ivivu
U867136d11657,H0316,6.0,2019-01-07,ivivu
U8dff166117a1,H0151,8.0,2019-01-07,ivivu
U942b6057c387,H0316,6.0,2019-01-07,ivivu
Uc4d55252ffcb,H0344,9.7,2019-01-07,traveloka
Ufa22feb874de,H0233,6.0,2019-01-07,ivivu
U047bc5dab9e4,H0454,8.8,2019-01-08,traveloka
U0b3f05726eff,H0123,8.0,2019-01-08,ivivu
U0f7876fe0e7b,H0316,7.0,2019-01-08,ivivu
U31b43befbc57,H0245,9.5,2019-01-08,ivivu
Ubf9329014cb9,H0262,9.4,2019-01-08,traveloka
Udb53b7822867,H0496,9.4,2019-01-08,traveloka
U30925a1f2a07,H0454,6.4,2019-01-09,traveloka
U58f83a372628,H0511,8.0,2019-01-09,ivivu
Ub12f41141f16,H0114,8.0,2019-01-09,ivivu
Ub8731b515bee,H0403,6.0,2019-01-09,ivivu
U0388c3852828,H0425,10.0,2019-01-10,ivivu
U1e9c26f620a4,H0496,6.0,2019-01-10,traveloka
U299c4a609590,H0439,7.0,2019-01-11,ivivu
U411ef1605229,H0204,8.0,2019-01-11,ivivu
U58a5e6ec8700,H0143,8.0,2019-01-11,ivivu
U634f719d0253,H0032,8.2,2019-01-11,traveloka
Ufdfd040539ff,H0154,8.0,2019-01-11,ivivu
U1e84baf9b7e4,H0132,8.0,2019-01-12,ivivu
U35c0902ffce3,H0126,5.5,2019-01-12,traveloka
U70832e59f7f1,H0534,6.4,2019-01-12,traveloka
Ud1d0b454f9d4,H0079,9.1,2019-01-12,traveloka
Ud4c36fc32235,H0507,9.7,2019-01-12,traveloka
U014ab4ef41fa,H0369,9.5,2019-01-13,ivivu
U361e584f22f0,H0550,6.1,2019-01-13,traveloka
U7f4d10019b9c,H0522,9.0,2019-01-13,ivivu
Ub71711d91d6d,H0508,10.0,2019-01-13,ivivu
Ud2fcfd1f90e6,H0142,8.5,2019-01-13,ivivu
Ud969434836f9,H0518,9.5,2019-01-13,ivivu
U2c889eac8cfa,H0425,9.5,2019-01-14,ivivu
U2dc6c78fa5ff,H0414,6.2,2019-01-14,traveloka
U915fa5e2ddc5,H0426,8.5,2019-01-14,traveloka
Ub04d995ae3b4,H0062,9.5,2019-01-14,ivivu
Ubc93ae37d414,H0452,9.5,2019-01-14,ivivu
Uc5451e2108bb,H0331,6.0,2019-01-14,traveloka
Uc81299f6bd14,H0387,7.0,2019-01-14,ivivu
U02d93bebed45,H0433,9.0,2019-01-15,traveloka
U076069fe5c08,H0446,6.0,2019-01-15,traveloka
U575af3200f88,H0419,8.8,2019-01-16,traveloka
U61114f2b2ec1,H0232,8.5,2019-01-16,traveloka
U735348d54b53,H0123,9.7,2019-01-16,traveloka
Ucf7f81126148,H0311,5.1,2019-01-16,traveloka
Ufd006bb43bd7,H0414,10.0,2019-01-16,traveloka
U9a7b8c27ca81,H0454,9.1,2019-01-17,traveloka
Ud09474f9a514,H0262,9.6,2019-01-17,traveloka
Ueecdf24a4c4d,H0041,9.0,2019-01-17,traveloka
U10702f5be1af,H0126,9.7,2019-01-18,traveloka
U15569d089457,H0413,9.7,2019-01-18,traveloka
U4da0a15dfacc,H0535,10.0,2019-01-18,traveloka
U77afe8e7ed83,H0414,6.5,2019-01-18,traveloka
U8536a50d437f,H0550,8.8,2019-01-18,traveloka
U8750a16c9b9b,H0551,9.4,2019-01-18,traveloka
Uac8fa35c35a0,H0299,9.5,2019-01-19,ivivu
Ubf0d384e975e,H0174,10.0,2019-01-19,ivivu
Ue0a8a900cb7b,H0369,9.5,2019-01-20,ivivu
U5efba0fdbf76,H0425,9.5,2019-01-21,ivivu
U7225666d1e11,H0126,9.4,2019-01-21,traveloka
Uc60da11cfa6e,H0311,8.5,2019-01-21,traveloka
U3bfb6377b81f,H0032,6.4,2019-01-22,traveloka
U4ee42cf84712,H0521,9.4,2019-01-22,traveloka
Ue306bf7fd466,H0092,9.4,2019-01-22,traveloka
Uf2533c3e0101,H0405,4.0,2019-01-22,ivivu
Uf8c43eda8f69,H0159,8.5,2019-01-22,traveloka
U1acf77c84ed6,H0551,9.6,2019-01-23,traveloka
U3355249abf3d,H0383,9.4,2019-01-23,traveloka
U5cf46a6e242a,H0430,6.0,2019-01-24,traveloka
U5efba0fdbf76,H0317,7.0,2019-01-24,ivivu
U6156734cc45f,H0396,8.8,2019-01-24,traveloka
U869b0d58c850,H0369,9.5,2019-01-24,ivivu
U90d6f66b792f,H0336,10.0,2019-01-24,traveloka
U9deb26de64b9,H0532,7.2,2019-01-24,traveloka
Ud6e8af5b890c,H0542,9.4,2019-01-24,traveloka
Uf83d671cc6f4,H0232,6.0,2019-01-24,traveloka
U18718cd85773,H0507,6.7,2019-01-25,traveloka
U2a6b0285525f,H0072,9.7,2019-01-25,traveloka
U374b215c1905,H0523,6.3,2019-01-25,traveloka
Ube90d9f33753,H0107,5.2,2019-01-25,traveloka
U445ec0715ad3,H0126,9.4,2019-01-26,traveloka
Uac8fa35c35a0,H0439,8.5,2019-01-26,ivivu
Ub8c17f94eb8e,H0369,8.5,2019-01-26,ivivu
Uf2156c8495fa,H0373,5.2,2019-01-26,traveloka
U68e4b137d2e0,H0394,7.0,2019-01-27,ivivu
U8e762d406a51,H0414,6.2,2019-01-27,traveloka
Uc12a3f5dc01b,H0003,6.0,2019-01-27,traveloka
U1af4940c2763,H0129,10.0,2019-01-28,ivivu
U6fc4bb865291,H0425,9.7,2019-01-28,traveloka
Ucce03b2b60da,H0167,9.5,2019-01-28,ivivu
Ue7097b34e841,H0369,9.0,2019-01-28,ivivu
Uef35cb793711,H0107,7.5,2019-01-28,ivivu
U2b868758d911,H0434,4.8,2019-01-29,traveloka
Uc176e3acc513,H0026,9.5,2019-01-29,ivivu
Uf3df47959de0,H0101,6.0,2019-01-29,traveloka
U78e3fc0d859d,H0272,6.0,2019-01-30,traveloka
Ucf6509d1a494,H0107,8.5,2019-01-30,traveloka
Uf08764ec188a,H0380,8.5,2019-01-30,traveloka
U0496458462e0,H0304,5.6,2019-01-31,traveloka
U4146495bd169,H0477,6.0,2019-01-31,ivivu
U03ee96b6329b,H0072,9.4,2019-02-01,traveloka
U3517f942c916,H0369,8.5,2019-02-01,ivivu
U7b2904937311,H0262,8.5,2019-02-01,traveloka
Ua24d481095d2,H0461,9.4,2019-02-01,traveloka
Ucfad878451c2,H0387,10.0,2019-02-01,ivivu
Ue3cae257a7a2,H0439,6.1,2019-02-01,traveloka
U0c024ce09c1a,H0281,9.1,2019-02-02,traveloka
U0c024ce09c1a,H0147,6.1,2019-02-02,traveloka
U9293203a2508,H0157,6.0,2019-02-02,ivivu
U9c2bb47ac01c,H0103,10.0,2019-02-02,traveloka
Uba48f19fdb1e,H0439,9.4,2019-02-02,traveloka
Uf12caf0515f3,H0354,9.7,2019-02-02,traveloka
U0455ef199915,H0461,6.1,2019-02-03,traveloka
U577306d16590,H0446,8.5,2019-02-03,traveloka
U584e497cc002,H0003,9.4,2019-02-03,traveloka
Uad130a01d145,H0369,9.5,2019-02-03,ivivu
Ub5cc24d2d541,H0147,6.0,2019-02-03,traveloka
Ued4cee539bbe,H0369,9.5,2019-02-03,ivivu
U162c29e5dcaa,H0369,7.0,2019-02-04,ivivu
U1841248e50d6,H0336,6.4,2019-02-04,traveloka
U264ccebe7479,H0169,10.0,2019-02-04,ivivu
U4ee42cf84712,H0101,6.1,2019-02-04,traveloka
U4ee42cf84712,H0369,9.5,2019-02-04,ivivu
U6156734cc45f,H0518,9.5,2019-02-04,ivivu
U8041a5b60210,H0369,9.0,2019-02-04,ivivu
Ubcbff68d3c91,H0391,9.5,2019-02-04,ivivu
Ucc0f8ac6d06b,H0159,6.0,2019-02-04,traveloka
U0bb682869995,H0387,9.0,2019-02-05,ivivu
U3d180759792d,H0550,5.8,2019-02-05,traveloka
U620e211b993c,H0272,6.0,2019-02-05,traveloka
U730f53501f83,H0166,5.1,2019-02-05,traveloka
U5fc2677022d4,H0101,4.8,2019-02-06,traveloka
Uadf456afe50d,H0366,6.7,2019-02-06,traveloka
Uf76f2071a54f,H0204,9.5,2019-02-06,ivivu
U07b2ba9ad549,H0029,9.0,2019-02-07,ivivu
U51e843464940,H0207,8.0,2019-02-07,ivivu
U6b37eede54c7,H0535,10.0,2019-02-07,traveloka
U72fc237831f0,H0499,5.5,2019-02-07,traveloka
Ucdc10f3cd316,H0434,6.0,2019-02-07,traveloka
U35b037c79497,H0031,9.5,2019-02-08,ivivu
U3bb45a4e9459,H0154,7.0,2019-02-08,ivivu
U577306d16590,H0101,8.5,2019-02-08,traveloka
U588bdb39566d,H0284,6.0,2019-02-08,ivivu
U98ac82cf2db1,H0216,6.4,2019-02-08,traveloka
U998a2b31ecf9,H0207,8.0,2019-02-08,ivivu
Ue9582b69ebfe,H0191,7.0,2019-02-08,ivivu
U342e8f0da749,H0225,4.5,2019-02-10,traveloka
U77770dc69416,H0218,6.0,2019-02-10,traveloka
Ubfa83062df2c,H0271,6.3,2019-02-10,traveloka
Uefbcd363c9f5,H0425,10.0,2019-02-10,ivivu
U05adfa8ba5ee,H0316,10.0,2019-02-11,ivivu
U778ba2ef9bbc,H0261,10.0,2019-02-11,ivivu
Uae43a1c16f19,H0545,6.0,2019-02-11,ivivu
Ub92206357ec8,H0311,8.0,2019-02-11,ivivu
Ucb8b0596da83,H0248,10.0,2019-02-11,ivivu
Ue63b2c1f9c8f,H0237,8.0,2019-02-11,ivivu
Ufa0ba5186ce2,H0162,10.0,2019-02-11,ivivu
U3539334aa532,H0123,6.0,2019-02-12,traveloka
U57b6c29bae79,H0311,7.0,2019-02-12,ivivu
U6156734cc45f,H0472,6.0,2019-02-12,ivivu
U92d04ac3c301,H0002,5.6,2019-02-12,traveloka
Ua97268bdc1bc,H0265,8.0,2019-02-12,ivivu
Ud4fdac290a14,H0143,8.0,2019-02-12,ivivu
Udf7c7a526a24,H0269,6.0,2019-02-12,ivivu
U465cd70e9370,H0324,9.7,2019-02-13,traveloka
Ucf697ee1b730,H0215,6.7,2019-02-15,traveloka
Ud136c339a74b,H0369,8.5,2019-02-15,ivivu
Ud3708158bc89,H0449,10.0,2019-02-15,traveloka
Uf03fe0a2e64d,H0292,7.5,2019-02-15,ivivu
U100b86ef5546,H0062,9.5,2019-02-16,ivivu
U283f742ce58f,H0405,4.0,2019-02-16,ivivu
U3a85dfb01fe0,H0499,6.4,2019-02-16,traveloka
U5e3151b66901,H0376,6.1,2019-02-16,traveloka
U6bb0581a4ebd,H0391,9.5,2019-02-16,ivivu
Uc88d504bf695,H0414,5.6,2019-02-16,traveloka
Uf8c43eda8f69,H0369,9.5,2019-02-16,ivivu
U23e0238a740b,H0434,9.7,2019-02-17,traveloka
U2bf1c43ec725,H0414,4.9,2019-02-17,traveloka
Uae43a1c16f19,H0369,8.5,2019-02-17,ivivu
Ud3720eef98a5,H0467,8.5,2019-02-17,traveloka
Ud46d2cd071b9,H0454,4.8,2019-02-17,traveloka
U17df181ce620,H0518,8.0,2019-02-18,ivivu
U2625ca287637,H0369,8.0,2019-02-18,ivivu
U442ba4798b66,H0516,9.4,2019-02-18,traveloka
U894b673644ac,H0311,7.0,2019-02-18,ivivu
Uac8fa35c35a0,H0092,5.5,2019-02-18,traveloka
U9b9646e80f94,H0369,6.0,2019-02-19,ivivu
Ud78e2b672b46,H0518,9.5,2019-02-19,ivivu
Ue4fff7b1d267,H0329,8.5,2019-02-19,traveloka
U207e655ca2a9,H0529,8.8,2019-02-20,traveloka
U3b5d32d77571,H0115,9.3,2019-02-20,traveloka
U504f0ff61f0d,H0387,7.0,2019-02-20,ivivu
U849b194de14b,H0445,9.7,2019-02-20,traveloka
Uafc61897ea53,H0159,6.0,2019-02-21,traveloka
U014ab4ef41fa,H0151,8.0,2019-02-22,ivivu
U0ede1d21678b,H0382,8.7,2019-02-22,traveloka
U0f7876fe0e7b,H0414,10.0,2019-02-22,traveloka
U9de91bc41736,H0518,9.5,2019-02-22,ivivu
Uabbad94290fb,H0051,10.0,2019-02-22,traveloka
Uda808773dfcb,H0269,9.0,2019-02-22,ivivu
U17df181ce620,H0408,6.4,2019-02-23,traveloka
U3e78b113d6b4,H0227,5.8,2019-02-23,traveloka
U96ee79149337,H0416,9.0,2019-02-23,ivivu
Ua3db00654ca5,H0426,8.8,2019-02-23,traveloka
U5b6332b18c68,H0294,9.4,2019-02-24,traveloka
Ud0be7050242b,H0425,9.7,2019-02-24,traveloka
U3e745aee42e5,H0518,9.5,2019-02-25,ivivu
U6648a6402526,H0518,9.5,2019-02-25,ivivu
U7fb83ae780f3,H0089,9.1,2019-02-25,traveloka
Ud8681e8c6b0f,H0369,7.0,2019-02-25,ivivu
U0db3abda30ad,H0225,9.4,2019-02-26,traveloka
U1978de639e0b,H0516,8.5,2019-02-26,traveloka
U273fe20a124d,H0182,10.0,2019-02-26,traveloka
U2f92d6528a2a,H0159,5.7,2019-02-26,traveloka
U3cfec85ebc8e,H0315,6.6,2019-02-26,traveloka
U853fe03c9715,H0111,6.1,2019-02-26,traveloka
Ue7097b34e841,H0454,9.4,2019-02-26,traveloka
Ue7b6918350d6,H0215,8.3,2019-02-26,traveloka
Ue8c9fac34ca9,H0391,9.5,2019-02-26,ivivu
U399a5ae4658d,H0227,6.2,2019-02-27,traveloka
Uf705f866ea04,H0516,6.4,2019-02-27,traveloka
Uf82c54f892a0,H0499,9.4,2019-02-27,traveloka
U08b9979f36a2,H0383,6.3,2019-02-28,traveloka
U5d8b38535cb7,H0041,9.7,2019-02-28,traveloka
U82b97d144ba2,H0123,5.7,2019-02-28,traveloka
U971715df54e1,H0290,9.4,2019-02-28,traveloka
U05a111b61ad2,H0380,6.0,2019-03-01,traveloka
U37e5a55280a7,H0536,9.5,2019-03-01,ivivu
U40fee10584f8,H0123,10.0,2019-03-01,traveloka
U4ecf0f45ba2c,H0226,6.0,2019-03-01,traveloka
U852d66b57dc1,H0311,8.0,2019-03-01,ivivu
U8de53a5c7d44,H0336,6.7,2019-03-01,traveloka
Ucb1442f7e97a,H0476,9.1,2019-03-01,traveloka
Udca663837a6c,H0369,9.0,2019-03-01,ivivu
U906b21b338f1,H0349,6.2,2019-03-02,traveloka
U26a75df822a1,H0369,9.5,2019-03-03,ivivu
U4c52519af97d,H0168,9.5,2019-03-03,ivivu
Ubb84f459468d,H0518,8.0,2019-03-03,ivivu
U08f9d0153ff8,H0439,6.8,2019-03-04,traveloka
U09b8ca33f898,H0226,6.4,2019-03-04,traveloka
U4eec40627d24,H0523,9.7,2019-03-04,traveloka
U535a9ffac058,H0262,6.0,2019-03-04,ivivu
U6156734cc45f,H0143,9.0,2019-03-04,ivivu
U14bf1b521eb8,H0557,4.8,2019-03-05,traveloka
U2eb7e2c3ff01,H0413,8.5,2019-03-05,traveloka
U43cbdf4e22d2,H0439,6.4,2019-03-05,traveloka
U4ed22de2445e,H0331,8.8,2019-03-05,traveloka
U6121d00b28fa,H0369,9.5,2019-03-05,ivivu
U77dbfb40ab63,H0369,8.5,2019-03-05,ivivu
U695bb145fbd3,H0369,6.0,2019-03-06,ivivu
Ue06f6df1bae2,H0527,8.5,2019-03-06,ivivu
Uf61733b4073d,H0539,5.8,2019-03-06,traveloka
U078477765ef9,H0286,7.0,2019-03-07,ivivu
U47174e0a9397,H0261,9.5,2019-03-07,ivivu
U9025aad34ef8,H0367,4.5,2019-03-07,traveloka
Ue7826d8f4864,H0132,9.5,2019-03-07,ivivu
U23ede9066b7f,H0460,10.0,2019-03-08,ivivu
U542e65db42e8,H0544,7.0,2019-03-08,ivivu
U6dbb4301b696,H0286,8.0,2019-03-08,ivivu
U9deb26de64b9,H0528,7.0,2019-03-08,ivivu
U9deb26de64b9,H0451,8.0,2019-03-08,ivivu
Uac8fa35c35a0,H0425,9.0,2019-03-08,ivivu
Uae43a1c16f19,H0527,8.0,2019-03-08,ivivu
Uf2ee698ad63b,H0315,6.1,2019-03-08,traveloka
U0b1dc466f246,H0385,8.8,2019-03-09,traveloka
U49037d806526,H0051,8.5,2019-03-09,traveloka
U667e2f7b30d2,H0107,6.0,2019-03-09,traveloka
U74a3202d2805,H0408,8.5,2019-03-09,traveloka
U9ea158110822,H0114,9.7,2019-03-09,traveloka
U1689454eb26f,H0048,10.0,2019-03-10,ivivu
U2cb7458e9f99,H0299,7.0,2019-03-10,ivivu
U664d8a4e8ad9,H0181,9.7,2019-03-10,traveloka
U7855b8fa3b9f,H0413,10.0,2019-03-10,ivivu
U7a6e66b63014,H0394,8.5,2019-03-10,traveloka
U1b5c63105907,H0393,4.0,2019-03-11,ivivu
Ua926116c8c81,H0269,10.0,2019-03-11,ivivu
Uae43a1c16f19,H0414,5.5,2019-03-12,traveloka
U8b4aabef466c,H0446,9.4,2019-03-13,traveloka
Ua32513e92afe,H0299,7.0,2019-03-13,ivivu
Uafcd5263651f,H0129,8.0,2019-03-13,ivivu
U26da48c79947,H0414,9.7,2019-03-14,traveloka
U283f742ce58f,H0439,9.7,2019-03-14,traveloka
Ued473848a6c1,H0272,7.0,2019-03-14,traveloka
U20ff7a980d7c,H0132,9.5,2019-03-15,ivivu
U399a5ae4658d,H0461,6.0,2019-03-15,traveloka
U608048973bd0,H0369,9.5,2019-03-15,ivivu
U8c0ae91c6ee3,H0518,9.5,2019-03-15,ivivu
Ud136c339a74b,H0336,8.8,2019-03-15,traveloka
U210975ccc06d,H0085,6.0,2019-03-16,traveloka
U210975ccc06d,H0062,9.5,2019-03-16,ivivu
U29af66105052,H0316,7.0,2019-03-16,ivivu
U399a5ae4658d,H0369,8.5,2019-03-16,ivivu
U6156734cc45f,H0518,7.0,2019-03-16,ivivu
U704c66009c2a,H0216,5.8,2019-03-16,traveloka
U163316d7c605,H0499,8.5,2019-03-17,traveloka
U605f67adfe21,H0162,8.5,2019-03-17,traveloka
U6f31ebae1807,H0509,8.8,2019-03-17,traveloka
Ua360df7590c4,H0439,9.0,2019-03-17,ivivu
U42d2ad3dc9f1,H0137,9.0,2019-03-18,ivivu
U2625ca287637,H0089,6.6,2019-03-19,traveloka
U26836257f287,H0311,9.7,2019-03-19,traveloka
U716bb28bc0cf,H0534,8.5,2019-03-19,traveloka
U2af202620714,H0454,9.4,2019-03-20,traveloka
U42d2ad3dc9f1,H0465,9.0,2019-03-20,ivivu
U50e51d026407,H0089,8.3,2019-03-20,traveloka
U7a9e710ced89,H0521,8.5,2019-03-21,traveloka
U9219e0be9635,H0430,6.0,2019-03-22,traveloka
Uae43a1c16f19,H0294,6.0,2019-03-22,ivivu
U0eee383dec16,H0056,10.0,2019-03-23,ivivu
U14cd3a0340de,H0191,7.0,2019-03-23,ivivu
U1e2de4df6090,H0245,8.5,2019-03-23,ivivu
U2d3461fd493d,H0399,9.4,2019-03-23,traveloka
U370d83df6948,H0393,6.0,2019-03-23,ivivu
U6156734cc45f,H0405,6.0,2019-03-23,ivivu
Ud4a2b5e7aea4,H0440,9.0,2019-03-23,ivivu
Uf65114a66e8d,H0168,9.5,2019-03-24,ivivu
Uf86ed583b96e,H0053,8.0,2019-03-24,ivivu
Uf9ce91712a2e,H0123,8.7,2019-03-24,traveloka
U4033518b2f7c,H0369,8.0,2019-03-25,ivivu
Ubacb31dc2c19,H0557,9.7,2019-03-25,traveloka
U0a417817a359,H0225,6.1,2019-03-26,traveloka
U2877afd59edb,H0294,9.4,2019-03-26,traveloka
Ud1053a726167,H0521,5.1,2019-03-27,traveloka
U0324e5df5a16,H0159,9.1,2019-03-28,traveloka
U427f764990ab,H0516,6.4,2019-03-28,traveloka
Ua7beaa8dc6a5,H0089,6.3,2019-03-28,traveloka
Uc1f03ab2444a,H0434,6.0,2019-03-28,traveloka
U5c316ae055d4,H0465,9.7,2019-03-29,traveloka
Ubcca22f35e56,H0064,9.7,2019-03-29,traveloka
Ud39a7ea85828,H0167,6.0,2019-03-29,ivivu
U6b59af603ede,H0122,6.6,2019-03-30,traveloka
U775e3c2fad14,H0274,9.5,2019-03-30,ivivu
Uabec9f08f97e,H0062,9.5,2019-03-30,ivivu
Uae43a1c16f19,H0369,9.5,2019-03-30,ivivu
Uaf349b705604,H0143,9.0,2019-03-30,ivivu
Ub68545eadb25,H0132,8.0,2019-03-30,ivivu
Ue5fa3f4155c2,H0191,9.0,2019-03-30,ivivu
U227056415f9f,H0065,6.0,2019-03-31,traveloka
U3e646ade0e2d,H0299,10.0,2019-03-31,ivivu
U4028e7b0d477,H0294,8.5,2019-03-31,traveloka
U6b65cbb880ba,H0324,9.4,2019-03-31,traveloka
U7066ca03abf2,H0166,5.1,2019-03-31,traveloka
Ua70d6cc8c74b,H0369,9.5,2019-03-31,ivivu
Uc88d504bf695,H0534,10.0,2019-03-31,traveloka
Ud979a914a0ea,H0544,8.5,2019-03-31,traveloka
Uf286ad260880,H0369,9.5,2019-03-31,ivivu
Ufd841b9f958d,H0454,9.7,2019-03-31,traveloka
U42d2ad3dc9f1,H0251,8.0,2019-04-01,ivivu
U4d23c28c352c,H0114,8.4,2019-04-01,traveloka
U63dd838a90e4,H0369,9.5,2019-04-01,ivivu
Uc871f291d594,H0123,7.0,2019-04-01,ivivu
U0414e94d413d,H0551,5.1,2019-04-02,traveloka
U581d746c947b,H0539,9.7,2019-04-02,traveloka
U69b44b7da153,H0426,5.5,2019-04-02,traveloka
U93db4616a3c0,H0147,6.2,2019-04-02,traveloka
U078477765ef9,H0168,10.0,2019-04-03,ivivu
U21d449ce1da1,H0097,9.1,2019-04-03,traveloka
U2d037ccea76b,H0311,8.5,2019-04-03,ivivu
U43b02e0199c2,H0107,9.4,2019-04-03,traveloka
Ucf97dcb3fb89,H0292,6.0,2019-04-03,ivivu
Ub2c468995aaf,H0251,9.0,2019-04-04,ivivu
U42d2ad3dc9f1,H0414,6.0,2019-04-05,ivivu
U9a45ca7f25d6,H0542,6.2,2019-04-05,traveloka
Ua43f9a341663,H0523,9.7,2019-04-05,traveloka
Uaa46468eb070,H0526,8.5,2019-04-05,ivivu
U5e851c1d3f23,H0167,8.0,2019-04-06,ivivu
Uf8c43eda8f69,H0168,10.0,2019-04-06,ivivu
Ufafb28525bb5,H0433,5.2,2019-04-06,traveloka
U3f39b957c681,H0261,7.0,2019-04-07,ivivu
U48605d49cc74,H0413,6.0,2019-04-07,traveloka
U538e130ab39c,H0316,6.0,2019-04-07,ivivu
Ubf83868c618a,H0064,9.4,2019-04-07,traveloka
Uc25db524ff7d,H0439,6.7,2019-04-07,traveloka
Ueb0eb3700820,H0086,9.0,2019-04-07,ivivu
Uf37a683ff766,H0143,9.0,2019-04-07,ivivu
U106c9ed4e7f2,H0083,6.0,2019-04-08,ivivu
U4f030da4e983,H0105,9.7,2019-04-08,traveloka
U62a61436b71d,H0154,8.0,2019-04-08,ivivu
U6bb0581a4ebd,H0204,7.0,2019-04-08,ivivu
U71f4da10c5ed,H0316,6.0,2019-04-08,ivivu
Ud3720eef98a5,H0123,8.5,2019-04-08,traveloka
Ud8d8ecf0099d,H0056,9.5,2019-04-08,ivivu
U10c0f4e9d08d,H0123,5.6,2019-04-09,traveloka
U2afa5ab7b4ec,H0225,9.1,2019-04-09,traveloka
Ue153fbf064f0,H0245,10.0,2019-04-09,ivivu
Ufe526a296034,H0534,9.4,2019-04-09,traveloka
Uf4609f9aaa57,H0226,10.0,2019-04-10,traveloka
Uf8c43eda8f69,H0107,5.8,2019-04-10,traveloka
U37153faec99f,H0062,10.0,2019-04-11,ivivu
U74a3202d2805,H0335,4.8,2019-04-11,traveloka
Uae43a1c16f19,H0113,6.0,2019-04-11,traveloka
U47673a8e8d47,H0159,6.0,2019-04-12,traveloka
U57e569f4e9f6,H0086,8.0,2019-04-13,ivivu
U6058695c187f,H0262,6.0,2019-04-13,ivivu
U7f1d82df196e,H0359,8.0,2019-04-13,ivivu
Ua97ea2381742,H0126,8.0,2019-04-13,ivivu
Ud136c339a74b,H0162,7.5,2019-04-13,ivivu
Ud49f1b5398c0,H0485,9.4,2019-04-13,traveloka
Ue0ea757ad5b1,H0261,8.5,2019-04-13,ivivu
Ue3ea1d56f395,H0394,6.0,2019-04-13,traveloka
U027a26c9bee2,H0175,5.3,2019-04-14,traveloka
U3f701ad36db3,H0162,9.0,2019-04-14,ivivu
U4fb20949dbbd,H0062,9.5,2019-04-14,ivivu
U7cb506fffbde,H0376,10.0,2019-04-14,traveloka
U846da8b2a753,H0391,9.5,2019-04-14,ivivu
U88990f1c2b17,H0426,6.7,2019-04-14,traveloka
U8ee6347fdc4b,H0082,9.0,2019-04-14,ivivu
Ub8817f881501,H0405,8.0,2019-04-14,ivivu
Uc8230472b30d,H0545,7.5,2019-04-14,ivivu
Udb53b7822867,H0204,8.0,2019-04-14,ivivu
Ufc98ad17316b,H0126,9.5,2019-04-14,ivivu
U01d78ed91bb5,H0369,9.0,2019-04-15,ivivu
Ub94c5e42d6ff,H0162,9.1,2019-04-15,traveloka
Uc3bc42d8ec2e,H0394,6.0,2019-04-15,ivivu
U0c024ce09c1a,H0439,6.7,2019-04-16,traveloka
U4f57e5d2d4c5,H0376,9.1,2019-04-16,traveloka
U6156734cc45f,H0465,6.6,2019-04-16,traveloka
U79bb153ee2a7,H0461,8.5,2019-04-16,traveloka
U00591dbf646e,H0123,8.0,2019-04-17,ivivu
U16111d5a522d,H0159,8.8,2019-04-17,traveloka
U320efe3833d5,H0107,8.5,2019-04-17,ivivu
Ua9e839da5ce1,H0369,8.0,2019-04-17,ivivu
U3cb4dbbeb374,H0107,5.8,2019-04-18,traveloka
U032e07a208ca,H0521,5.9,2019-04-19,traveloka
U0375a50e5bc6,H0416,9.0,2019-04-19,ivivu
U0e5e3294c6ba,H0245,9.5,2019-04-19,ivivu
U1797050f1a67,H0012,7.0,2019-04-19,ivivu
U1c4233edc9c5,H0557,6.0,2019-04-19,traveloka
U2a5a3c3bfece,H0294,10.0,2019-04-19,traveloka
Ufd307986488f,H0518,9.5,2019-04-19,ivivu
U014ab4ef41fa,H0369,9.5,2019-04-20,ivivu
U1892a13e68b1,H0439,7.0,2019-04-20,ivivu
U7b5786b4cb5c,H0369,9.5,2019-04-20,ivivu
U7bc26eaf4560,H0056,9.5,2019-04-20,ivivu
U8a6c4f149c4e,H0391,9.5,2019-04-20,ivivu
Uad736c7dffac,H0439,7.0,2019-04-20,ivivu
Ud4fdac290a14,H0369,6.0,2019-04-20,ivivu
U5aca643e0a7e,H0369,9.5,2019-04-21,ivivu
U6156734cc45f,H0294,9.4,2019-04-21,traveloka
U108c87e2cdcf,H0085,6.0,2019-04-22,traveloka
U45753f597f7d,H0304,8.8,2019-04-22,traveloka
U94788946e339,H0086,9.0,2019-04-22,ivivu
Uae43a1c16f19,H0369,8.5,2019-04-22,ivivu
U21f30230fde5,H0369,9.5,2019-04-23,ivivu
U86baa8713d69,H0111,6.0,2019-04-23,traveloka
U9712956eb825,H0416,9.0,2019-04-23,ivivu
Ue72f5c92115b,H0416,4.0,2019-04-23,ivivu
U0a9c1f03894e,H0467,8.0,2019-04-24,ivivu
U62e9a3ee1895,H0550,6.4,2019-04-24,traveloka
U7d71f88341ee,H0369,9.0,2019-04-24,ivivu
Udcc35c827775,H0311,4.0,2019-04-24,ivivu
U2135f8674abd,H0434,8.5,2019-04-25,traveloka
U4abb495a175f,H0369,9.5,2019-04-25,ivivu
U599124879217,H0518,9.5,2019-04-25,ivivu
U8b083c71d4e2,H0467,7.5,2019-04-26,ivivu
U998a2b31ecf9,H0451,8.0,2019-04-26,ivivu
Uc3f6d00ba2fe,H0516,9.1,2019-04-26,traveloka
Uf1bd839bb79e,H0318,10.0,2019-04-26,ivivu
U13216996e8ec,H0262,8.5,2019-04-27,ivivu
U1ca431bab7e4,H0532,9.5,2019-04-27,ivivu
U826adb54de13,H0132,9.5,2019-04-27,ivivu
Ucdf99a0cd2b0,H0387,8.0,2019-04-27,ivivu
Uf86ed583b96e,H0086,8.0,2019-04-27,ivivu
U1b6a35de2172,H0495,6.2,2019-04-28,traveloka
U3475c6944d0b,H0478,8.9,2019-04-28,traveloka
U4bb2e84325d4,H0387,8.5,2019-04-28,ivivu
U56cd43a597c5,H0086,9.0,2019-04-28,ivivu
U78dbf5137ef0,H0056,10.0,2019-04-28,ivivu
U81d3e02911a0,H0147,6.3,2019-04-28,traveloka
U91f8d04058a0,H0182,9.0,2019-04-28,ivivu
Ud71b7135ea8f,H0419,6.0,2019-04-28,traveloka
U0273a3e75c33,H0318,8.0,2019-04-29,ivivu
U14b2089eb2c7,H0311,6.0,2019-04-29,ivivu
U3a099bf93df7,H0523,5.3,2019-04-29,traveloka
U71583bf54cdd,H0317,9.0,2019-04-29,ivivu
Uabec9f08f97e,H0039,6.3,2019-04-29,traveloka
U4a2c1703036a,H0132,9.5,2019-04-30,ivivu
U3ff435f9c9cd,H0369,9.5,2019-05-01,ivivu
U7a501a045aa5,H0132,9.5,2019-05-01,ivivu
Ud7e5c15bb4a3,H0132,9.5,2019-05-01,ivivu
Uf2a33ffd2ea4,H0415,9.0,2019-05-01,ivivu
Uf37a683ff766,H0391,9.5,2019-05-01,ivivu
Ufc137b92cd53,H0369,9.0,2019-05-01,ivivu
U846da8b2a753,H0259,6.0,2019-05-02,ivivu
U91feaa87d7e6,H0391,9.5,2019-05-02,ivivu
Uccedacef9d76,H0523,9.7,2019-05-02,traveloka
U15cdc5973a71,H0529,5.7,2019-05-03,traveloka
U0c47e69150f7,H0151,9.0,2019-05-04,ivivu
U91feaa87d7e6,H0245,9.5,2019-05-04,ivivu
Ub7e10bac6307,H0114,7.0,2019-05-04,traveloka
Ufd4ec9a5e329,H0478,6.2,2019-05-04,traveloka
U1e7bd01ace84,H0114,7.5,2019-05-05,ivivu
Uac8fa35c35a0,H0147,6.1,2019-05-05,traveloka
U002340032e18,H0166,6.2,2019-05-06,traveloka
U0e12cdc1b2f4,H0204,9.0,2019-05-06,ivivu
U10b776e5ab29,H0068,9.0,2019-05-06,ivivu
U19225ebe60f0,H0527,8.0,2019-05-06,ivivu
U42d2ad3dc9f1,H0129,10.0,2019-05-06,ivivu
U2f45ade47ddf,H0283,9.0,2019-05-07,ivivu
U59cfbbfb9b19,H0394,6.0,2019-05-07,ivivu
U5bd3ca2ab891,H0154,8.0,2019-05-07,ivivu
U9482b53a70de,H0261,7.0,2019-05-07,ivivu
Uf4b92097b636,H0137,10.0,2019-05-07,ivivu
U259426992874,H0328,6.2,2019-05-08,traveloka
U37db55cac5dc,H0182,6.0,2019-05-08,ivivu
U42d2ad3dc9f1,H0344,9.7,2019-05-08,traveloka
Uac8fa35c35a0,H0311,6.0,2019-05-08,ivivu
U12885362d22a,H0516,8.7,2019-05-09,traveloka
U993964b08f9e,H0107,8.5,2019-05-09,traveloka
Ud8c1fa56c11c,H0232,6.0,2019-05-09,traveloka
Uecebd4935c7f,H0195,9.4,2019-05-09,traveloka
U1b7649656b73,H0394,10.0,2019-05-10,ivivu
U45a6240a71be,H0522,10.0,2019-05-10,ivivu
U6156734cc45f,H0062,8.0,2019-05-10,ivivu
Uc960ad0567e4,H0526,6.0,2019-05-10,ivivu
U7ce74af38d19,H0114,8.0,2019-05-11,ivivu
U83025f422717,H0147,5.5,2019-05-11,traveloka
U990d7c83683f,H0204,8.0,2019-05-11,ivivu
Uc29c76482844,H0123,6.0,2019-05-11,traveloka
U7066ca03abf2,H0166,5.4,2019-05-12,traveloka
U7fb83ae780f3,H0232,9.3,2019-05-12,traveloka
U02d0feceb692,H0182,8.5,2019-05-13,traveloka
U14414d170dec,H0233,10.0,2019-05-13,ivivu
U222faebcab67,H0369,9.5,2019-05-13,ivivu
U2c0cbc98c077,H0532,9.5,2019-05-13,ivivu
U43b02e0199c2,H0387,8.5,2019-05-13,ivivu
Uae43a1c16f19,H0416,9.0,2019-05-13,ivivu
U79ee7d890c1a,H0175,9.7,2019-05-14,traveloka
Ud8d8092c8fe8,H0376,6.0,2019-05-14,traveloka
U05421bd5bafd,H0516,6.2,2019-05-15,traveloka
U128c5cb0477d,H0369,9.0,2019-05-15,ivivu
U6156734cc45f,H0518,10.0,2019-05-15,ivivu
U6f3992526cfe,H0226,9.7,2019-05-15,traveloka
Ud7527e2dfc4f,H0518,9.5,2019-05-15,ivivu
Udb53b7822867,H0251,9.5,2019-05-15,ivivu
U4f57e5d2d4c5,H0376,10.0,2019-05-16,traveloka
U8c288bb268b1,H0181,9.7,2019-05-16,traveloka
U9a6743e08bd1,H0123,6.0,2019-05-16,traveloka
U48e3760a26bd,H0123,5.6,2019-05-17,traveloka
U87ef0145ac07,H0311,6.5,2019-05-17,traveloka
Ud350b967add3,H0206,6.0,2019-05-17,ivivu
Uef833f519ccc,H0132,10.0,2019-05-17,ivivu
U0d4252ef11c6,H0114,9.5,2019-05-18,ivivu
Ua205f858733a,H0535,8.5,2019-05-18,traveloka
Udcc35c827775,H0131,10.0,2019-05-18,ivivu
U0c13ec754846,H0311,9.4,2019-05-19,traveloka
U9cbf013ce101,H0311,5.8,2019-05-19,traveloka
Uc7490c282049,H0168,9.5,2019-05-19,ivivu
Uf1bd839bb79e,H0147,10.0,2019-05-19,ivivu
U0299f19654d3,H0412,6.4,2019-05-20,traveloka
U0400ff852eeb,H0328,8.5,2019-05-21,traveloka
Uc8ee27e33cbb,H0232,7.0,2019-05-21,traveloka
U0f93beaa5fda,H0147,6.8,2019-05-22,traveloka
U898c6fe06206,H0084,9.5,2019-05-22,ivivu
Uca18c8d7b393,H0114,8.5,2019-05-22,ivivu
U01116ae185df,H0162,9.7,2019-05-23,traveloka
U19225ebe60f0,H0518,9.5,2019-05-23,ivivu
U360e2fbbaa03,H0162,8.5,2019-05-23,traveloka
U6b2b8a29a8fd,H0299,6.0,2019-05-23,ivivu
U6f285070ca43,H0328,9.1,2019-05-23,traveloka
U8313066ab18f,H0465,8.8,2019-05-23,traveloka
Ua19f9a7e7728,H0521,10.0,2019-05-23,traveloka
U43cd657ccb1d,H0336,6.0,2019-05-24,traveloka
U4c512469a56f,H0535,5.7,2019-05-24,traveloka
Uaf9c80bed7dd,H0088,8.5,2019-05-24,ivivu
Uc38d53801806,H0311,6.0,2019-05-24,ivivu
Uc71564697029,H0311,10.0,2019-05-24,traveloka
U25111ee05c72,H0369,9.0,2019-05-25,ivivu
U7817b86d6e20,H0164,9.5,2019-05-25,ivivu
U8745b9cf4fea,H0548,6.0,2019-05-25,ivivu
Ud47ca790436c,H0164,9.0,2019-05-25,ivivu
Ud67004025c0b,H0162,9.0,2019-05-25,ivivu
Uf6c942a60d20,H0369,9.0,2019-05-25,ivivu
U02089ebb7c08,H0369,7.0,2019-05-26,ivivu
U3bdbb5c7a664,H0272,7.2,2019-05-26,traveloka
U48c3cc13c8c0,H0328,7.3,2019-05-26,traveloka
U5df5b9e94b94,H0550,5.5,2019-05-26,traveloka
U81d3e02911a0,H0336,6.2,2019-05-26,traveloka
Ua74a626de6a0,H0002,8.4,2019-05-26,traveloka
Uac8fa35c35a0,H0082,9.0,2019-05-26,ivivu
Udd61394af67e,H0387,9.0,2019-05-26,ivivu
Uf8c43eda8f69,H0439,9.0,2019-05-26,ivivu
U0938c5c36632,H0232,10.0,2019-05-27,traveloka
U2cb276ebadde,H0396,9.4,2019-05-27,traveloka
U373fef02f052,H0151,9.0,2019-05-27,ivivu
U5e7adb6bb68d,H0262,9.0,2019-05-27,ivivu
U62d307541500,H0521,6.0,2019-05-27,traveloka
U6a5776793a9e,H0123,7.0,2019-05-27,ivivu
U77afe8e7ed83,H0336,6.6,2019-05-27,traveloka
U98439fa2c2bc,H0084,9.5,2019-05-27,ivivu
U9de91bc41736,H0557,8.8,2019-05-27,traveloka
Uc677e3ffe8f9,H0448,9.7,2019-05-27,traveloka
Ud52a2060b81b,H0439,9.0,2019-05-27,ivivu
Ud8d086c3ca9b,H0454,5.9,2019-05-27,traveloka
U0f7876fe0e7b,H0286,6.0,2019-05-28,ivivu
U394e6fe7e15f,H0261,10.0,2019-05-28,ivivu
U6156734cc45f,H0369,9.5,2019-05-28,ivivu
Ub316660cedb0,H0369,9.5,2019-05-28,ivivu
Ubcd420ac6132,H0143,10.0,2019-05-28,ivivu
U26651e84323d,H0143,10.0,2019-05-29,ivivu
U281e32d55a14,H0521,9.4,2019-05-29,traveloka
U6deb99c8859b,H0496,9.5,2019-05-29,ivivu
U9d9fca40e711,H0532,9.5,2019-05-29,ivivu
Ucadd48e476de,H0427,8.6,2019-05-29,traveloka
Ud670f62dee04,H0226,9.4,2019-05-29,traveloka
U0386ef2d6039,H0065,8.8,2019-05-30,traveloka
U0b1363ca8422,H0123,6.0,2019-05-30,traveloka
U3308db7aef00,H0387,9.0,2019-05-30,ivivu
U89370f618e3f,H0426,6.8,2019-05-30,traveloka
Ua58048b38f68,H0516,6.0,2019-05-30,traveloka
Ud0be7050242b,H0135,7.0,2019-05-30,ivivu
Udcddda860ea3,H0472,4.0,2019-05-30,ivivu
U5f99096eb9be,H0269,6.0,2019-05-31,ivivu
Uf9d1c7722725,H0369,7.0,2019-05-31,ivivu
U577306d16590,H0369,6.0,2019-06-01,ivivu
U77ba9dd86faa,H0022,8.0,2019-06-01,ivivu
U9e35ed9c0ef8,H0132,7.5,2019-06-01,ivivu
Uada59e888f91,H0354,10.0,2019-06-01,traveloka
Uc8b056bc225c,H0167,10.0,2019-06-01,ivivu
Uf72a31d2a9a9,H0354,9.5,2019-06-01,ivivu
U0722d013d167,H0369,6.0,2019-06-02,ivivu
U461aa62a6da6,H0511,8.0,2019-06-02,ivivu
U584e497cc002,H0051,4.5,2019-06-02,traveloka
U59adb6c683a4,H0129,10.0,2019-06-02,ivivu
U5aca643e0a7e,H0342,4.0,2019-06-02,ivivu
U65d166718916,H0369,9.0,2019-06-02,ivivu
U0238aa48ec5b,H0369,9.5,2019-06-03,ivivu
U2b868758d911,H0195,6.0,2019-06-03,traveloka
Ub7deeb81a8b2,H0446,7.0,2019-06-03,traveloka
Ued5727386d54,H0369,9.5,2019-06-03,ivivu
Uef35cb793711,H0232,8.1,2019-06-03,traveloka
U3902be82ad55,H0162,10.0,2019-06-04,ivivu
Uaee7eafb2369,H0329,4.5,2019-06-04,traveloka
Ue382f0a834a3,H0137,10.0,2019-06-04,ivivu
U5be4cab5c487,H0177,9.0,2019-06-05,ivivu
U602c40e548c8,H0175,6.0,2019-06-05,traveloka
U8903572172e5,H0147,6.3,2019-06-05,traveloka
Ub5401f457cec,H0369,9.5,2019-06-05,ivivu
U23ede9066b7f,H0369,6.0,2019-06-06,ivivu
U3d71a5a14601,H0551,6.8,2019-06-06,traveloka
U4fcee89d6c99,H0439,8.8,2019-06-06,traveloka
U6058695c187f,H0195,6.0,2019-06-06,traveloka
U6b53eaf00f8c,H0433,10.0,2019-06-06,traveloka
Ua74289f699ee,H0544,10.0,2019-06-06,traveloka
Uc440bc127ce1,H0107,6.7,2019-06-06,traveloka
U51d8f6badfc9,H0269,6.0,2019-06-07,ivivu
U524bad33bd21,H0336,9.3,2019-06-07,traveloka
U5bdbeb287866,H0299,7.0,2019-06-07,ivivu
U8ff39e5063c5,H0425,10.0,2019-06-07,ivivu
Uf26dcd764bfd,H0311,8.0,2019-06-07,ivivu
U14aad6848079,H0329,6.5,2019-06-08,traveloka
Ua22e05539eaf,H0412,10.0,2019-06-08,traveloka
Uab86a8f595db,H0126,10.0,2019-06-08,ivivu
Uacb0766d7377,H0535,9.1,2019-06-08,traveloka
Uad130a01d145,H0154,8.0,2019-06-08,ivivu
Ub5a530ceaf6f,H0394,7.0,2019-06-08,ivivu
Ud71b7135ea8f,H0084,6.0,2019-06-08,ivivu
U1d2451a9d03e,H0496,9.4,2019-06-09,traveloka
Uaf75e144a993,H0521,8.7,2019-06-09,traveloka
Udcc35c827775,H0084,8.0,2019-06-09,ivivu
U6b39ca0916f4,H0369,6.0,2019-06-10,ivivu
Ua099655f939e,H0245,6.0,2019-06-10,ivivu
Ufabffce179b9,H0101,4.8,2019-06-10,traveloka
U8de53a5c7d44,H0311,10.0,2019-06-11,ivivu
Ub2a0824a2e95,H0366,6.3,2019-06-11,traveloka
Uc78e93ca2eab,H0196,9.4,2019-06-11,traveloka
Ue3eb93c18003,H0107,6.0,2019-06-11,traveloka
U118dc9ce1388,H0535,9.7,2019-06-12,traveloka
U22125557a941,H0286,7.0,2019-06-12,ivivu
U360e2fbbaa03,H0123,6.3,2019-06-12,traveloka
U511729a93ce1,H0164,8.0,2019-06-12,ivivu
U6ccf0b92f26b,H0311,6.0,2019-06-12,ivivu
U8cec4a01731e,H0316,6.0,2019-06-12,ivivu
U991c1940acfd,H0168,8.0,2019-06-12,ivivu
U19225ebe60f0,H0479,9.7,2019-06-13,traveloka
U24821d707c6a,H0384,6.6,2019-06-13,traveloka
U4858d886c564,H0369,10.0,2019-06-13,ivivu
U582d85e51b35,H0472,4.0,2019-06-13,ivivu
U5903ff0325a9,H0251,7.0,2019-06-13,ivivu
U8741e6874a3a,H0261,9.5,2019-06-13,ivivu
U913bd46790c7,H0394,7.0,2019-06-13,ivivu
Ub324ed941a21,H0299,7.0,2019-06-13,ivivu
Ucd0453145e82,H0052,6.9,2019-06-13,traveloka
U323882caf25f,H0107,8.5,2019-06-14,traveloka
U3d862fff79a2,H0245,6.0,2019-06-14,ivivu
Ue6ea800d4b6f,H0154,8.0,2019-06-14,ivivu
Uf025dff5c4be,H0516,6.0,2019-06-14,traveloka
Uf4414fd8aa57,H0261,8.0,2019-06-14,ivivu
U27eea115f315,H0369,6.0,2019-06-15,ivivu
U3db052c57b9e,H0159,6.0,2019-06-15,traveloka
Ubd58c5d1e0eb,H0412,9.7,2019-06-15,traveloka
Uc90c99e84e54,H0391,10.0,2019-06-15,ivivu
Ud17ef5b5e754,H0502,8.5,2019-06-15,ivivu
Ud1d9ab571781,H0413,8.5,2019-06-15,traveloka
Udf79a190145f,H0131,9.5,2019-06-15,ivivu
U1262fa7ef9c7,H0101,5.8,2019-06-16,traveloka
U18edb7633989,H0068,7.5,2019-06-16,ivivu
U19037ffac88f,H0336,5.4,2019-06-16,traveloka
U5aca643e0a7e,H0439,9.0,2019-06-16,ivivu
U784ae7da07b3,H0534,5.6,2019-06-16,traveloka
Ub3f4b7421891,H0107,5.4,2019-06-16,traveloka
U1af4940c2763,H0441,4.0,2019-06-17,ivivu
U33638709fbd3,H0166,6.1,2019-06-17,traveloka
U80c27aee50be,H0135,9.0,2019-06-17,ivivu
Ucdf99a0cd2b0,H0521,6.0,2019-06-17,ivivu
Uefbcd363c9f5,H0550,5.4,2019-06-17,traveloka
Uf2a33ffd2ea4,H0000,7.0,2019-06-17,ivivu
U019b6463f91c,H0369,10.0,2019-06-18,ivivu
U467acd31917b,H0072,10.0,2019-06-18,traveloka
U5296a15e9c6d,H0163,7.0,2019-06-18,ivivu
U67a7763034cd,H0162,9.4,2019-06-18,traveloka
U79ffe6f50e5a,H0370,9.1,2019-06-18,traveloka
U907eac18bd9e,H0448,10.0,2019-06-18,traveloka
Ue43952ae1d70,H0316,10.0,2019-06-18,ivivu
Uf32f5091766b,H0369,8.0,2019-06-18,ivivu
U5f7227b4cccc,H0369,9.0,2019-06-19,ivivu
U3698102bf701,H0412,9.7,2019-06-20,traveloka
U446941d08ec7,H0110,8.5,2019-06-20,ivivu
Uef35cb793711,H0518,9.0,2019-06-20,ivivu
U0fbe8c0065c2,H0114,4.0,2019-06-21,ivivu
U1797050f1a67,H0521,6.0,2019-06-21,traveloka
U2d0751932e6a,H0283,9.0,2019-06-21,ivivu
U2f357a185bcc,H0460,7.0,2019-06-21,ivivu
U3aa45b0c2e56,H0167,7.0,2019-06-21,ivivu
U608048973bd0,H0062,10.0,2019-06-21,ivivu
U7d45f6b9e69e,H0418,7.5,2019-06-21,ivivu
U896ab7ee77eb,H0126,6.0,2019-06-21,traveloka
Ua66dbe3d2ab9,H0541,7.0,2019-06-21,ivivu
Ua8feca287d9b,H0527,8.0,2019-06-21,ivivu
Ud029ca4f9287,H0373,6.0,2019-06-21,traveloka
U42d2ad3dc9f1,H0088,8.0,2019-06-22,ivivu
Ude84efaf842c,H0002,8.5,2019-06-22,traveloka
Uf06d008e4810,H0164,9.5,2019-06-22,ivivu
U14d930b988f5,H0304,7.0,2019-06-23,ivivu
U261b59a9f1db,H0328,4.8,2019-06-23,traveloka
U508a383490db,H0527,9.5,2019-06-23,ivivu
U750e20a9ac66,H0369,9.0,2019-06-23,ivivu
Ubdcd40d001cf,H0178,9.1,2019-06-23,traveloka
Ubefa5cc8eda8,H0233,8.0,2019-06-23,ivivu
Ud969434836f9,H0449,6.0,2019-06-23,traveloka
Uef35cb793711,H0311,10.0,2019-06-23,ivivu
U5863bd418f0c,H0123,8.0,2019-06-24,ivivu
U6d3bd0af9513,H0439,6.2,2019-06-24,traveloka
U9482b53a70de,H0416,6.0,2019-06-24,ivivu
U968b71fee2dc,H0439,9.0,2019-06-24,ivivu
Uae43a1c16f19,H0129,9.0,2019-06-24,ivivu
Ud9c8b6678f59,H0387,8.0,2019-06-24,ivivu
U38cff8d6c900,H0182,7.0,2019-06-25,ivivu
U5d8ceeb12cbd,H0439,8.0,2019-06-25,ivivu
Uf2533c3e0101,H0311,10.0,2019-06-25,ivivu
U0ec84e18aaa1,H0182,6.0,2019-06-26,ivivu
U0f5e6b11acb5,H0485,10.0,2019-06-26,traveloka
U0f93beaa5fda,H0162,10.0,2019-06-26,ivivu
U6700427d6d44,H0167,6.0,2019-06-26,ivivu
Ub5401f457cec,H0082,9.0,2019-06-26,ivivu
U5fafd2353bb4,H0369,6.0,2019-06-27,ivivu
U6b2b8a29a8fd,H0135,10.0,2019-06-27,ivivu
Ucfc0fabaa83c,H0191,9.0,2019-06-27,ivivu
U02973c7d57a4,H0147,7.5,2019-06-28,ivivu
U29b5f0f6790e,H0084,7.0,2019-06-28,ivivu
U38cff8d6c900,H0335,8.5,2019-06-28,traveloka
U7a6ffeeb387e,H0053,8.0,2019-06-28,ivivu
U95b2d32479c3,H0062,10.0,2019-06-28,ivivu
Uc03afc8432af,H0369,8.0,2019-06-28,ivivu
Uddf88e015ee6,H0154,7.0,2019-06-28,ivivu
Uddf88e015ee6,H0472,6.0,2019-06-28,ivivu
Uf2a33ffd2ea4,H0288,10.0,2019-06-28,ivivu
U3882c328adb8,H0369,6.0,2019-06-29,ivivu
U59217bfa29ff,H0086,8.0,2019-06-29,ivivu
U869b0d58c850,H0387,9.0,2019-06-29,ivivu
Ub424e49b2ad1,H0316,8.0,2019-06-29,ivivu
Uc34d8436b881,H0053,8.0,2019-06-29,ivivu
U137be1c111ea,H0261,8.0,2019-06-30,ivivu
U1e17395c3dd2,H0387,8.0,2019-06-30,ivivu
U28c9952ca755,H0162,9.0,2019-06-30,ivivu
U42d2ad3dc9f1,H0334,8.5,2019-06-30,traveloka
U44b14504cce3,H0029,9.5,2019-06-30,ivivu
U7600af7de676,H0072,9.4,2019-06-30,traveloka
Ubefa5cc8eda8,H0522,7.0,2019-06-30,ivivu
Ud949b8750894,H0072,9.7,2019-06-30,traveloka
Ue9380e6c278e,H0527,10.0,2019-06-30,ivivu
U2f0b32068623,H0272,10.0,2019-07-01,traveloka
U01e835625ac5,H0461,6.0,2019-07-02,traveloka
U281e32d55a14,H0062,9.0,2019-07-02,ivivu
U58bc266d0197,H0342,4.0,2019-07-02,ivivu
U6bb0581a4ebd,H0311,4.0,2019-07-02,ivivu
U7c00a62e2a97,H0425,9.5,2019-07-02,ivivu
U1b13fe0a5738,H0225,6.0,2019-07-03,traveloka
U1d333f91e224,H0166,6.0,2019-07-03,traveloka
U1d35b1cf9979,H0542,4.8,2019-07-03,traveloka
U6a6df98786fa,H0292,7.0,2019-07-03,ivivu
U7dff464c710a,H0369,9.5,2019-07-03,ivivu
U87ac7dfc46dd,H0369,6.0,2019-07-03,ivivu
Ua099655f939e,H0518,9.5,2019-07-03,ivivu
Ue0b9713bd9ac,H0201,7.3,2019-07-03,traveloka
U379ec3081c71,H0311,10.0,2019-07-04,traveloka
U9bcbc313ea33,H0191,8.5,2019-07-04,traveloka
U33af25482b1e,H0369,9.0,2019-07-05,ivivu
U5d15975ae749,H0416,8.5,2019-07-05,ivivu
Ubd3fea6719c4,H0249,9.7,2019-07-05,traveloka
U09f9ecad7969,H0485,6.0,2019-07-06,traveloka
U7c576fde4e96,H0258,7.0,2019-07-06,ivivu
U7f06c5efdaea,H0465,8.5,2019-07-06,traveloka
U8de53a5c7d44,H0204,9.5,2019-07-06,ivivu
Uaf4df9dceec5,H0137,9.0,2019-07-06,ivivu
Uc3cb6e16a8a4,H0316,6.0,2019-07-06,ivivu
Ucdf99a0cd2b0,H0115,9.4,2019-07-06,traveloka
U0a76a5270bfd,H0140,6.0,2019-07-07,ivivu
U1582c37a0ef2,H0496,6.0,2019-07-07,ivivu
U1e84baf9b7e4,H0369,9.5,2019-07-07,ivivu
U23ff3f4123d9,H0311,5.6,2019-07-07,traveloka
U9cbb45a3a1d9,H0256,8.5,2019-07-07,ivivu
Uade6b912060b,H0477,9.5,2019-07-07,ivivu
Ub79090f17dc4,H0336,10.0,2019-07-07,traveloka
Uef35cb793711,H0425,9.5,2019-07-07,ivivu
U399a5ae4658d,H0233,7.0,2019-07-08,ivivu
U88c042e902a6,H0354,5.4,2019-07-08,traveloka
Uc32070033aa8,H0516,9.1,2019-07-08,traveloka
U391c5a63fd0b,H0496,9.7,2019-07-09,traveloka
Ucfb406f6ce92,H0485,5.1,2019-07-09,traveloka
U25111ee05c72,H0518,7.0,2019-07-10,ivivu
U3b8d72ff319f,H0162,8.0,2019-07-10,ivivu
U43235d7fba0b,H0311,6.0,2019-07-10,ivivu
U608048973bd0,H0446,8.8,2019-07-10,traveloka
U6156734cc45f,H0245,6.0,2019-07-10,ivivu
Ua97268bdc1bc,H0518,8.0,2019-07-10,ivivu
Uc7e14fb05e01,H0414,6.0,2019-07-10,traveloka
Uf8c43eda8f69,H0348,4.0,2019-07-10,ivivu
U1e867fca3f4f,H0529,9.7,2019-07-11,traveloka
U21923e3d6650,H0382,9.1,2019-07-11,traveloka
Uaba40973ee0a,H0237,6.0,2019-07-11,ivivu
Ue3b5c3f8ed97,H0035,10.0,2019-07-11,ivivu
U0bafd6b0c352,H0415,6.0,2019-07-12,ivivu
U4033518b2f7c,H0544,6.0,2019-07-12,ivivu
U946d2aa58a09,H0356,10.0,2019-07-12,ivivu
Ueac63512997a,H0107,10.0,2019-07-12,traveloka
U6156734cc45f,H0425,9.0,2019-07-13,ivivu
Ua7237b3a450e,H0262,10.0,2019-07-13,traveloka
Uaa0882005e4b,H0329,6.0,2019-07-13,traveloka
Ue8053d173307,H0084,9.5,2019-07-13,ivivu
Uec035173e9d9,H0129,8.0,2019-07-13,ivivu
Uf4cb311d5a6e,H0395,6.0,2019-07-13,ivivu
U45ed84ceb2ea,H0446,5.4,2019-07-14,traveloka
U53d0faf06807,H0233,10.0,2019-07-14,ivivu
Ub16e24f6e466,H0154,8.0,2019-07-14,ivivu
Ub2bc0be04c45,H0062,10.0,2019-07-14,ivivu
Uf436a9d44e87,H0162,7.0,2019-07-14,ivivu
U5863bd418f0c,H0237,8.0,2019-07-15,ivivu
U6156734cc45f,H0237,9.0,2019-07-15,ivivu
U79a1dd9b37bb,H0369,10.0,2019-07-15,ivivu
U95b02e07cff2,H0465,9.0,2019-07-15,ivivu
Ufd4ec9a5e329,H0472,6.0,2019-07-15,ivivu
U165a66e6d2a9,H0068,9.5,2019-07-16,ivivu
U423994d72156,H0516,6.0,2019-07-16,traveloka
Ua71cdb3948cf,H0387,10.0,2019-07-16,ivivu
Uacd3c063a3d3,H0511,9.0,2019-07-16,ivivu
Ud3777ad5fd22,H0233,9.0,2019-07-16,ivivu
Udb53b7822867,H0416,6.0,2019-07-16,ivivu
Uf8c43eda8f69,H0009,7.0,2019-07-16,traveloka
U6156734cc45f,H0086,9.5,2019-07-17,ivivu
U6700427d6d44,H0269,8.5,2019-07-17,ivivu
Ub4c211decef4,H0245,9.0,2019-07-17,ivivu
U4028d4ac9ce8,H0269,7.0,2019-07-18,ivivu
Udbcdfd1be41f,H0523,10.0,2019-07-18,traveloka
U459052bc1431,H0425,10.0,2019-07-19,ivivu
Uaf9c80bed7dd,H0084,10.0,2019-07-19,ivivu
Ub93342fd9d81,H0203,9.0,2019-07-19,ivivu
Ucfad878451c2,H0174,8.0,2019-07-19,ivivu
Ud39d1962835b,H0126,10.0,2019-07-19,ivivu
Ue2c1e58f5bef,H0163,8.5,2019-07-19,ivivu
U2d6ddc27c84e,H0137,7.0,2019-07-20,ivivu
U5590cfa7ab8d,H0544,7.0,2019-07-20,ivivu
U743cfd46e7dd,H0294,9.0,2019-07-20,ivivu
Ub316660cedb0,H0414,9.0,2019-07-20,ivivu
U019b6463f91c,H0356,9.0,2019-07-21,ivivu
U163316d7c605,H0083,6.0,2019-07-21,ivivu
U6156734cc45f,H0152,8.0,2019-07-21,ivivu
U898c634d047c,H0518,9.5,2019-07-21,ivivu
U8cab7fb23926,H0238,9.7,2019-07-21,traveloka
Uce56175edec4,H0303,6.0,2019-07-21,ivivu
U019b6463f91c,H0369,9.0,2019-07-22,ivivu
U608048973bd0,H0059,5.7,2019-07-22,traveloka
Ub85b6febe604,H0047,6.0,2019-07-22,traveloka
Ue0a8a900cb7b,H0062,8.0,2019-07-22,ivivu
Uf82d4292e949,H0111,9.1,2019-07-22,traveloka
U652610b6e37a,H0439,7.0,2019-07-23,ivivu
Udbb4567ecb47,H0123,8.0,2019-07-23,ivivu
Ue4a146a7dd7d,H0105,8.8,2019-07-23,traveloka
Uf108289db707,H0417,8.5,2019-07-23,traveloka
U014ab4ef41fa,H0369,8.0,2019-07-24,ivivu
U0b376456cb0b,H0454,8.5,2019-07-24,traveloka
U1e84baf9b7e4,H0265,8.0,2019-07-24,ivivu
U58d525800dc1,H0414,9.4,2019-07-24,traveloka
Ub9d01bdabe51,H0299,7.0,2019-07-24,ivivu
Uc5f5887b27ae,H0269,8.0,2019-07-24,ivivu
Ucb8b0596da83,H0391,9.5,2019-07-24,ivivu
Udf950a7279da,H0111,6.0,2019-07-24,traveloka
U014ab4ef41fa,H0369,8.0,2019-07-25,ivivu
U0f3334578225,H0245,8.0,2019-07-25,ivivu
U2131bc020693,H0062,10.0,2019-07-25,ivivu
Uf5637e06f8b3,H0261,8.0,2019-07-25,ivivu
U00ce6c924da3,H0135,8.0,2019-07-26,ivivu
U17df181ce620,H0163,8.0,2019-07-26,ivivu
U183bb86a9505,H0075,9.7,2019-07-26,traveloka
U1b7649656b73,H0237,7.0,2019-07-26,ivivu
U3390c140cf9a,H0316,7.0,2019-07-26,ivivu
U39605abfbaee,H0167,9.5,2019-07-26,ivivu
U51e843464940,H0086,10.0,2019-07-26,ivivu
U51e843464940,H0413,8.0,2019-07-26,ivivu
U5863bd418f0c,H0311,6.0,2019-07-26,ivivu
U862784d5264d,H0315,6.1,2019-07-26,traveloka
U8706e66b6e53,H0147,6.0,2019-07-26,traveloka
U9917213c2cc1,H0439,6.0,2019-07-26,ivivu
Uae43a1c16f19,H0369,6.0,2019-07-26,ivivu
Ub209821301dd,H0182,5.7,2019-07-26,traveloka
Ub6f86fe032ed,H0391,7.0,2019-07-26,ivivu
Ud969434836f9,H0391,9.5,2019-07-26,ivivu
U62615f10589d,H0354,6.0,2019-07-27,ivivu
U6352f978a7de,H0516,5.5,2019-07-27,traveloka
U1b0add58be81,H0242,10.0,2019-07-28,ivivu
U33a13fee9e15,H0523,8.5,2019-07-28,traveloka
U4769a75c4a63,H0294,9.4,2019-07-28,traveloka
U6b59af603ede,H0068,9.5,2019-07-28,ivivu
U7c00a62e2a97,H0245,9.5,2019-07-28,ivivu
Uf99fc72bbde0,H0070,9.4,2019-07-28,traveloka
U129ccef6f534,H0105,9.7,2019-07-29,traveloka
U17e1ef7bae2e,H0237,7.0,2019-07-29,ivivu
U1830c405e579,H0046,9.5,2019-07-29,ivivu
U18cd45178f5b,H0088,8.0,2019-07-29,ivivu
Ua099655f939e,H0467,9.7,2019-07-29,traveloka
Uc73fba051a0a,H0518,8.0,2019-07-29,ivivu
Ud3cfecf9cc58,H0162,10.0,2019-07-29,ivivu
Ue4a146a7dd7d,H0289,7.5,2019-07-29,ivivu
U2bc284b0666a,H0162,9.0,2019-07-30,ivivu
U3cb9d28db818,H0294,8.5,2019-07-30,traveloka
Ua099655f939e,H0167,6.0,2019-07-30,ivivu
U059d6bec6166,H0544,6.0,2019-07-31,traveloka
U292534e0371e,H0245,9.5,2019-07-31,ivivu
U34e9d073d5dc,H0084,9.5,2019-07-31,ivivu
U51e843464940,H0164,8.0,2019-07-31,ivivu
U8f6a84288f1b,H0251,9.0,2019-07-31,ivivu
Ub5a530ceaf6f,H0359,9.5,2019-07-31,ivivu
Uf37a683ff766,H0284,7.5,2019-07-31,ivivu
U02b979025627,H0143,10.0,2019-08-01,ivivu
U3d180759792d,H0311,9.3,2019-08-01,traveloka
Ud7527e2dfc4f,H0299,7.0,2019-08-01,ivivu
U0104174ba243,H0336,6.6,2019-08-02,traveloka
U2f45ade47ddf,H0473,7.0,2019-08-02,ivivu
Uac8fa35c35a0,H0369,7.0,2019-08-02,ivivu
Ubdff5e945e21,H0324,9.7,2019-08-02,traveloka
U1096c65896b0,H0289,9.0,2019-08-03,ivivu
U113754f70354,H0451,6.0,2019-08-03,ivivu
U1582c37a0ef2,H0369,7.0,2019-08-03,ivivu
U272761c32de1,H0226,6.6,2019-08-03,traveloka
Uf71884536399,H0446,5.8,2019-08-03,traveloka
Ufe2e1707b0ed,H0032,6.5,2019-08-03,traveloka
U2c4714779733,H0442,10.0,2019-08-04,traveloka
U6156734cc45f,H0204,9.5,2019-08-04,ivivu
Uae43a1c16f19,H0164,9.0,2019-08-04,ivivu
Ubf4b8d789d4a,H0369,10.0,2019-08-04,ivivu
Ubfaf4e7b29e6,H0439,6.2,2019-08-04,traveloka
U48484b11207e,H0416,7.5,2019-08-05,ivivu
Uc020baa40701,H0349,6.2,2019-08-05,traveloka
U2c6aef2d311f,H0395,6.0,2019-08-06,ivivu
U304f338ba0ca,H0523,5.9,2019-08-06,traveloka
U5c9453e943ad,H0084,9.5,2019-08-06,ivivu
U846da8b2a753,H0440,7.5,2019-08-06,ivivu
Uba06f88dce0f,H0369,9.0,2019-08-06,ivivu
Ucb0439ea9379,H0218,9.0,2019-08-06,ivivu
Uda42d5acf171,H0521,6.1,2019-08-06,traveloka
U08d37b26fa0f,H0003,9.6,2019-08-07,traveloka
U281e32d55a14,H0416,6.0,2019-08-07,ivivu
U47d5e9ee461c,H0551,2.0,2019-08-07,ivivu
U65d166718916,H0086,9.0,2019-08-07,ivivu
U68f6c5ec0734,H0215,6.0,2019-08-07,traveloka
U9ca98da9456b,H0416,5.0,2019-08-07,ivivu
Ucd3d174bc149,H0204,9.5,2019-08-07,ivivu
Ua52e1820ce90,H0123,8.0,2019-08-08,ivivu
Uc60da11cfa6e,H0376,6.6,2019-08-08,traveloka
U0545a5bcdc24,H0135,6.0,2019-08-09,ivivu
U4bf1671e06ad,H0425,10.0,2019-08-10,ivivu
U6e72fa3ee31a,H0232,8.5,2019-08-10,traveloka
Ub316660cedb0,H0157,10.0,2019-08-10,ivivu
U8a660001f5be,H0123,6.4,2019-08-11,traveloka
Ua97ea2381742,H0518,8.0,2019-08-11,ivivu
Uc5a2a271a95c,H0369,8.0,2019-08-11,ivivu
Uefb53380e0ed,H0559,5.6,2019-08-11,traveloka
U016b3ddba3ec,H0328,9.1,2019-08-12,traveloka
U1e84baf9b7e4,H0299,7.0,2019-08-12,ivivu
U1ea1f1578076,H0178,9.7,2019-08-13,traveloka
U21c357890794,H0511,6.0,2019-08-13,ivivu
U6058695c187f,H0485,9.7,2019-08-13,traveloka
U764a4e3bd422,H0182,9.7,2019-08-13,traveloka
U8308c5418648,H0290,6.7,2019-08-13,traveloka
Ua72845e4c2a0,H0228,6.0,2019-08-13,ivivu
Ub0782a076da3,H0518,8.0,2019-08-13,ivivu
Ue21e04442d55,H0413,8.4,2019-08-13,traveloka
Ufabffce179b9,H0385,9.7,2019-08-13,traveloka
U6e9f39003d2d,H0439,6.6,2019-08-14,traveloka
U7677f086d4b3,H0272,6.0,2019-08-14,traveloka
U9482b53a70de,H0311,6.0,2019-08-14,ivivu
Uafd18b487c96,H0521,8.8,2019-08-14,traveloka
Uc8379c4cdb1d,H0316,10.0,2019-08-14,ivivu
Uc92412dddc7c,H0551,6.3,2019-08-14,traveloka
Uf8c43eda8f69,H0002,8.5,2019-08-14,traveloka
U0075e9553872,H0032,8.5,2019-08-15,traveloka
U07a9868a9b0e,H0261,8.0,2019-08-15,ivivu
U36eae7b366ff,H0183,10.0,2019-08-15,ivivu
Ub5dc2288dbeb,H0519,6.3,2019-08-15,traveloka
Ud350b967add3,H0544,10.0,2019-08-15,traveloka
Udde3baa7a884,H0147,6.0,2019-08-15,ivivu
Ufe210be96d44,H0511,8.0,2019-08-15,ivivu
U2994e0d1cde3,H0528,10.0,2019-08-16,ivivu
U2a5082ab5765,H0218,8.0,2019-08-16,ivivu
U577306d16590,H0245,6.0,2019-08-16,ivivu
U79ac2cc8f1fd,H0496,5.7,2019-08-16,traveloka
U904995a5ba26,H0511,8.0,2019-08-16,ivivu
U9712956eb825,H0425,8.0,2019-08-16,ivivu
Ub7adeaf802cc,H0534,5.5,2019-08-16,traveloka
Uef42eb7834cb,H0162,9.7,2019-08-16,traveloka
Ufae774471004,H0062,8.0,2019-08-16,ivivu
U344d6c47fd05,H0434,9.7,2019-08-17,traveloka
U66f83f06370c,H0472,6.0,2019-08-17,ivivu
Udb53b7822867,H0135,7.0,2019-08-17,ivivu
Udf50a066d4e3,H0496,9.4,2019-08-17,traveloka
Uef35cb793711,H0405,4.0,2019-08-17,ivivu
Uf37a683ff766,H0245,10.0,2019-08-17,ivivu
Ufe210be96d44,H0177,8.0,2019-08-17,ivivu
U17f4a6102459,H0299,6.0,2019-08-18,ivivu
U2de68df9c2ea,H0354,6.0,2019-08-18,traveloka
U5d8acc20532b,H0062,8.0,2019-08-18,ivivu
U6156734cc45f,H0062,10.0,2019-08-18,ivivu
U8659f239c8fc,H0129,8.0,2019-08-18,ivivu
U9c96f373dba5,H0544,5.8,2019-08-18,traveloka
Ub6aed6f90510,H0434,6.0,2019-08-18,traveloka
Ue08f85c8848a,H0369,8.0,2019-08-18,ivivu
Uefda7391966d,H0369,6.0,2019-08-18,ivivu
Uf60c0e7770fa,H0535,9.1,2019-08-19,traveloka
U389c32549ccd,H0465,5.2,2019-08-20,traveloka
U997c019630ab,H0413,9.1,2019-08-20,traveloka
U0938c5c36632,H0439,6.8,2019-08-21,traveloka
Uc010d72fe71e,H0369,8.0,2019-08-21,ivivu
Udcc35c827775,H0086,8.0,2019-08-21,ivivu
Uf34b10784411,H0123,7.0,2019-08-21,ivivu
U72e8517678d4,H0311,10.0,2019-08-22,ivivu
U9c72304d379a,H0137,10.0,2019-08-22,ivivu
Uac8fa35c35a0,H0086,8.0,2019-08-22,ivivu
Uf744ce26088f,H0311,7.0,2019-08-22,ivivu
U059d6bec6166,H0029,10.0,2019-08-23,ivivu
U2a7b37b0544b,H0062,6.0,2019-08-23,ivivu
U704c66009c2a,H0126,8.5,2019-08-23,traveloka
Ua92c74a086c8,H0204,10.0,2019-08-23,ivivu
Udda758a69c2b,H0465,9.4,2019-08-23,traveloka
Ue0ba679ade56,H0147,6.0,2019-08-23,ivivu
Ue665b206d88a,H0391,8.0,2019-08-23,ivivu
U114c3215b46a,H0062,10.0,2019-08-24,ivivu
U379ec3081c71,H0062,8.0,2019-08-24,ivivu
Ud327bfef6c5f,H0202,6.0,2019-08-24,ivivu
U1f6db0b83244,H0290,9.7,2019-08-25,traveloka
U465cd70e9370,H0272,6.5,2019-08-25,traveloka
Ub069a6d50a7e,H0237,6.0,2019-08-25,ivivu
Ub632e65769ad,H0237,7.0,2019-08-25,ivivu
Uc3b919013eb5,H0465,6.0,2019-08-25,traveloka
U1689454eb26f,H0237,6.0,2019-08-26,ivivu
U526bad16dc05,H0003,6.0,2019-08-26,traveloka
U6254e154c6f6,H0547,8.5,2019-08-26,traveloka
Uae43a1c16f19,H0416,4.0,2019-08-26,ivivu
U0ba9697034e6,H0518,8.0,2019-08-28,ivivu
U3cfec85ebc8e,H0261,8.0,2019-08-28,ivivu
U6af456a259bb,H0535,10.0,2019-08-28,traveloka
Ua70d6cc8c74b,H0467,8.3,2019-08-28,traveloka
Ue194d23c8abd,H0232,9.7,2019-08-28,traveloka
U504eaa6f5945,H0492,7.9,2019-08-29,traveloka
Ub564a3b3e1b4,H0373,5.7,2019-08-29,traveloka
Ue066a72ce1b7,H0521,5.9,2019-08-29,traveloka
U3a20cfa60ade,H0542,9.4,2019-08-30,traveloka
U4bf1671e06ad,H0526,7.0,2019-08-30,ivivu
U5912a44b1b57,H0182,6.0,2019-08-30,ivivu
U6156734cc45f,H0416,6.0,2019-08-30,ivivu
U8be4af507f44,H0413,7.0,2019-08-30,ivivu
U019b6463f91c,H0248,7.0,2019-08-31,ivivu
U23d9c0fae3c6,H0320,10.0,2019-08-31,ivivu
U26bf45c9b3b2,H0369,8.0,2019-08-31,ivivu
U2b2931552311,H0485,5.4,2019-08-31,traveloka
U42fa465cafcd,H0147,6.0,2019-08-31,ivivu
U4f72e4beb176,H0311,6.0,2019-08-31,ivivu
U66c084aa5bd3,H0093,8.0,2019-08-31,ivivu
U74c114c6b433,H0159,6.1,2019-08-31,traveloka
U88664c72822b,H0062,10.0,2019-08-31,ivivu
U9be360cb2850,H0391,10.0,2019-08-31,ivivu
Ub316660cedb0,H0341,10.0,2019-08-31,ivivu
Ub722712da61f,H0416,8.0,2019-08-31,ivivu
Ucfd2e034bd4c,H0132,8.0,2019-08-31,ivivu
Udc4ee1ccfb13,H0129,10.0,2019-08-31,ivivu
Ue84309a0b1f1,H0237,6.0,2019-08-31,ivivu
U14bf1b521eb8,H0478,6.0,2019-09-01,traveloka
U2b077dc29822,H0518,7.0,2019-09-01,ivivu
U6deb99c8859b,H0404,6.0,2019-09-01,traveloka
U7348624aef7d,H0542,6.4,2019-09-01,traveloka
U1ba5445960f6,H0328,9.7,2019-09-02,traveloka
U42d2ad3dc9f1,H0543,9.0,2019-09-03,ivivu
U4c4407532f7b,H0439,9.0,2019-09-03,ivivu
U9482b53a70de,H0167,9.5,2019-09-03,ivivu
U1e456e084400,H0439,8.5,2019-09-04,traveloka
U373fef02f052,H0391,9.5,2019-09-04,ivivu
U5e953c92f790,H0129,9.0,2019-09-04,ivivu
Ue96793526d5f,H0181,9.7,2019-09-04,traveloka
Uec2056a2a077,H0233,9.5,2019-09-04,ivivu
U24c3611eff19,H0521,6.0,2019-09-05,traveloka
U3355249abf3d,H0518,9.5,2019-09-05,ivivu
U577306d16590,H0123,7.0,2019-09-05,ivivu
U6ff2a3262fc5,H0414,6.0,2019-09-05,traveloka
U735911ec5ee7,H0430,8.5,2019-09-05,traveloka
U7ea3ba676419,H0394,8.5,2019-09-05,ivivu
Ua30948a1ff76,H0148,8.0,2019-09-05,ivivu
Uf7cc183bb300,H0456,8.8,2019-09-05,traveloka
Ufae774471004,H0066,9.0,2019-09-05,ivivu
U0bafd6b0c352,H0527,7.0,2019-09-06,ivivu
U222faebcab67,H0369,9.5,2019-09-06,ivivu
U23666430d470,H0366,5.1,2019-09-06,traveloka
U599f09c8f8c3,H0140,9.5,2019-09-06,ivivu
U5ad6888cf7d5,H0123,7.0,2019-09-06,ivivu
Uac8fa35c35a0,H0542,4.8,2019-09-06,traveloka
Ucbee2eab87e3,H0526,7.0,2019-09-06,ivivu
U19ad262ed4f9,H0433,8.5,2019-09-07,traveloka
U339e7538ce89,H0164,10.0,2019-09-07,ivivu
U3c3075198211,H0527,7.0,2019-09-07,ivivu
U6bb0581a4ebd,H0147,7.0,2019-09-07,ivivu
U9d06e43c5231,H0154,9.0,2019-09-07,ivivu
Ucd3d174bc149,H0037,7.0,2019-09-07,ivivu
Udcc35c827775,H0138,6.0,2019-09-07,ivivu
U37153faec99f,H0311,8.0,2019-09-08,ivivu
U42d2ad3dc9f1,H0114,6.6,2019-09-08,traveloka
U52f32ed55a85,H0272,6.0,2019-09-08,traveloka
U69fffefa4604,H0105,6.5,2019-09-08,traveloka
U6ed930f59e69,H0123,9.7,2019-09-08,traveloka
U9c410ac7da21,H0541,8.0,2019-09-08,ivivu
Ua9f0f10c34ae,H0499,8.8,2019-09-08,traveloka
Ucb8b0596da83,H0272,8.0,2019-09-08,ivivu
Ucbcec36fb744,H0311,6.0,2019-09-08,ivivu
Uf05fd455a70d,H0107,8.5,2019-09-08,traveloka
U1841248e50d6,H0181,6.0,2019-09-09,traveloka
U260fe7f9a86e,H0516,6.5,2019-09-09,traveloka
U3a20cfa60ade,H0544,9.7,2019-09-09,traveloka
U608048973bd0,H0123,10.0,2019-09-09,ivivu
U6c16e01578f3,H0062,6.0,2019-09-09,ivivu
U9482b53a70de,H0387,10.0,2019-09-09,ivivu
U39d533b25094,H0307,10.0,2019-09-10,ivivu
U4611770211f6,H0394,8.5,2019-09-10,traveloka
U42d2ad3dc9f1,H0175,8.5,2019-09-11,traveloka
U79d5fd90b99c,H0439,8.0,2019-09-11,ivivu
U7b72662eeff3,H0403,6.0,2019-09-11,ivivu
U901a91381ede,H0245,10.0,2019-09-11,ivivu
U379c3114a047,H0535,9.4,2019-09-12,traveloka
U7b8ba0eadc13,H0041,10.0,2019-09-12,traveloka
U49041250225d,H0454,5.2,2019-09-13,traveloka
U93003985e7f9,H0154,6.0,2019-09-13,ivivu
Uac8fa35c35a0,H0369,6.0,2019-09-13,ivivu
Uae43a1c16f19,H0474,10.0,2019-09-13,ivivu
Uce9d42a91075,H0336,9.4,2019-09-13,traveloka
Ud8d71e17221b,H0316,5.0,2019-09-13,ivivu
U05a440328761,H0245,8.0,2019-09-14,ivivu
U30db7df5dee2,H0245,10.0,2019-09-14,ivivu
U3882c328adb8,H0204,8.0,2019-09-14,ivivu
U604ce1b92a17,H0182,9.1,2019-09-14,traveloka
U7825064c2c7f,H0245,10.0,2019-09-14,ivivu
Ueb5b09aeef26,H0311,6.0,2019-09-14,ivivu
Uf7b226ab71a3,H0226,6.0,2019-09-14,traveloka
U63f7a0e45132,H0159,8.5,2019-09-15,traveloka
Uac8fa35c35a0,H0467,6.0,2019-09-15,ivivu
Ubac2422bb8d3,H0316,8.0,2019-09-15,ivivu
Ufecb13047e11,H0456,8.5,2019-09-15,traveloka
Ub9fa9dc3947f,H0162,6.2,2019-09-16,traveloka
Uec2056a2a077,H0465,6.0,2019-09-17,ivivu
U0f3334578225,H0131,10.0,2019-09-18,ivivu
U5fc2677022d4,H0079,8.5,2019-09-18,traveloka
Ud76ef5c1e8c6,H0046,10.0,2019-09-18,ivivu
Ue625fa8d807d,H0245,10.0,2019-09-18,ivivu
U442ba4798b66,H0369,8.0,2019-09-19,ivivu
Ua8be16996646,H0003,7.0,2019-09-19,traveloka
Uabec9f08f97e,H0048,10.0,2019-09-19,ivivu
Ub68545eadb25,H0369,8.0,2019-09-19,ivivu
U2485257c9a40,H0089,9.4,2019-09-20,traveloka
U47f0f7ea1017,H0230,6.3,2019-09-20,traveloka
U6193595df6e3,H0147,6.1,2019-09-20,traveloka
U8ff39e5063c5,H0414,10.0,2019-09-20,ivivu
Uab99397e62e2,H0487,10.0,2019-09-20,traveloka
Uabec9f08f97e,H0123,8.0,2019-09-20,ivivu
Ud97435c31b78,H0492,5.2,2019-09-20,traveloka
Ue0a8a900cb7b,H0101,6.2,2019-09-20,traveloka
Ue0a8a900cb7b,H0508,6.0,2019-09-20,ivivu
Uf0494c3da12c,H0271,6.0,2019-09-20,traveloka
Uf1143a0dd3d6,H0151,8.0,2019-09-20,ivivu
U8ff39e5063c5,H0086,10.0,2019-09-21,ivivu
Ubc46b0556438,H0369,7.0,2019-09-21,ivivu
U13af29dee732,H0181,8.5,2019-09-22,traveloka
U25573f1d7780,H0478,8.8,2019-09-22,traveloka
U408aafcbd340,H0439,10.0,2019-09-22,ivivu
U4d6f0ecf45f1,H0163,10.0,2019-09-22,ivivu
U68906e798382,H0328,5.1,2019-09-22,traveloka
U7a6e66b63014,H0369,8.0,2019-09-22,ivivu
U83025f422717,H0369,10.0,2019-09-22,ivivu
U9d377e63d53f,H0411,5.2,2019-09-22,traveloka
Uc3dbc9f814dc,H0167,10.0,2019-09-22,ivivu
Uc7b2565915b5,H0062,8.0,2019-09-22,ivivu
U5b5999664449,H0335,5.1,2019-09-23,traveloka
U712f200f7740,H0178,9.7,2019-09-23,traveloka
Uc81299f6bd14,H0532,10.0,2019-09-23,ivivu
U03dcc52f6bbb,H0316,6.0,2019-09-24,ivivu
U23c90f275196,H0485,8.4,2019-09-24,traveloka
U258ade2f64eb,H0237,8.0,2019-09-24,ivivu
U491e19059834,H0413,8.0,2019-09-24,ivivu
U619ed17e4f66,H0521,6.0,2019-09-24,traveloka
Ub4e9e432f04e,H0369,10.0,2019-09-24,ivivu
U3580795f3d2f,H0123,10.0,2019-09-25,ivivu
U46b7c58e61d1,H0001,6.0,2019-09-25,traveloka
U6d2bb047064c,H0544,9.7,2019-09-25,traveloka
U7c093e351ab5,H0182,9.4,2019-09-25,traveloka
Udfc2856d8ea5,H0084,10.0,2019-09-25,ivivu
U4e5a79c58d00,H0311,9.7,2019-09-26,traveloka
U79d5fd90b99c,H0391,10.0,2019-09-26,ivivu
U20c464b766f1,H0347,7.9,2019-09-27,traveloka
U508a383490db,H0147,6.0,2019-09-27,ivivu
U7ca0a58af4fe,H0177,10.0,2019-09-27,ivivu
Ue306bf7fd466,H0414,6.0,2019-09-27,traveloka
U28172820ff33,H0369,6.0,2019-09-28,ivivu
Ucbba043ddeb3,H0403,8.0,2019-09-28,ivivu
Udf79a190145f,H0244,6.0,2019-09-28,ivivu
Uf26ae28b49cd,H0369,6.0,2019-09-28,ivivu
U019b6463f91c,H0311,8.0,2019-09-29,ivivu
U1f04c7ca0fa3,H0159,5.5,2019-09-29,traveloka
U4e141e4c3d14,H0129,10.0,2019-09-29,ivivu
U635cd9567a4e,H0110,8.0,2019-09-29,ivivu
U19eaf23f9b56,H0518,7.0,2019-10-01,ivivu
U380a067adea5,H0299,7.5,2019-10-01,ivivu
U45196fcb4792,H0261,9.0,2019-10-01,ivivu
U70acd3559d40,H0335,5.4,2019-10-01,traveloka
Ub4fa1bcf456b,H0002,5.7,2019-10-01,traveloka
Ued62e8f3db9b,H0542,9.7,2019-10-01,traveloka
U282dc7933801,H0344,6.0,2019-10-02,traveloka
U65c3ecfa548f,H0412,8.5,2019-10-02,traveloka
U9deb26de64b9,H0522,6.0,2019-10-02,ivivu
U9deb26de64b9,H0452,10.0,2019-10-02,ivivu
Ud31580178d1c,H0542,5.5,2019-10-02,traveloka
Uda824f5e5639,H0439,10.0,2019-10-02,ivivu
U19c159c76e08,H0009,8.5,2019-10-03,traveloka
U608048973bd0,H0230,8.5,2019-10-03,traveloka
U9a75c84cd8a5,H0123,8.5,2019-10-03,traveloka
Ud4209f21fb93,H0245,8.5,2019-10-03,ivivu
Ud6f1e1d4ef74,H0439,10.0,2019-10-03,traveloka
Ud95e807e7725,H0518,9.0,2019-10-03,ivivu
Ue4fff7b1d267,H0446,9.1,2019-10-03,traveloka
Ue82059364130,H0439,9.0,2019-10-03,ivivu
U079c0757a971,H0527,9.5,2019-10-04,ivivu
Uc55f50cd6562,H0456,4.5,2019-10-04,traveloka
U3c4acd15e2e7,H0294,9.1,2019-10-05,traveloka
U5ab97bf62ab0,H0204,9.0,2019-10-05,ivivu
U73d7ae7acdde,H0114,9.0,2019-10-05,ivivu
U76fadeddc068,H0086,10.0,2019-10-05,ivivu
Ua5ae594cabe5,H0412,9.1,2019-10-05,traveloka
Uf2e5cbcdc3e7,H0082,9.0,2019-10-05,ivivu
U2107c01de8c1,H0299,6.0,2019-10-06,ivivu
Ua8ecc2e48f43,H0299,8.0,2019-10-06,ivivu
Uac06985d53a4,H0135,8.5,2019-10-06,ivivu
Uf35c029dd8f5,H0132,9.5,2019-10-06,ivivu
U027a2352019d,H0439,9.7,2019-10-07,traveloka
U63f3e468c138,H0532,6.2,2019-10-07,traveloka
U7693251f1f68,H0174,8.0,2019-10-07,ivivu
Uaa18b75d7fb3,H0534,9.4,2019-10-07,traveloka
Uc7400960e218,H0237,7.0,2019-10-07,ivivu
Uca9d272a658e,H0068,9.0,2019-10-07,ivivu
Ue7097b34e841,H0413,9.0,2019-10-07,ivivu
Uefa093699358,H0177,7.0,2019-10-07,ivivu
U1b7e81a73028,H0369,8.0,2019-10-08,ivivu
U41afa59bc0c2,H0162,8.0,2019-10-08,ivivu
U77770dc69416,H0527,8.0,2019-10-08,ivivu
U7b2904937311,H0521,10.0,2019-10-08,traveloka
U8cc77a9d302b,H0138,10.0,2019-10-08,ivivu
U8e44d953a884,H0147,6.0,2019-10-08,ivivu
U91a314af5f60,H0534,6.3,2019-10-08,traveloka
Ub3dff542c582,H0516,6.4,2019-10-08,traveloka
U0256e81c14f4,H0369,6.0,2019-10-09,ivivu
U8bccfa8a9e4f,H0551,9.1,2019-10-09,traveloka
U27a5f74338d4,H0391,8.0,2019-10-10,ivivu
U63dd838a90e4,H0550,4.8,2019-10-10,traveloka
U9b3f7210045b,H0292,6.0,2019-10-10,ivivu
Ua13beaf5eea0,H0261,6.0,2019-10-10,ivivu
Ub074bf13fea2,H0261,8.0,2019-10-10,ivivu
Uff29237090c5,H0376,9.7,2019-10-10,traveloka
U044844ead52f,H0305,6.0,2019-10-11,ivivu
U2f34230a0833,H0433,6.4,2019-10-11,traveloka
U95e1c336c9de,H0237,10.0,2019-10-11,ivivu
Uac8fa35c35a0,H0003,6.0,2019-10-11,traveloka
U3bd93e39689d,H0311,8.0,2019-10-12,ivivu
U5634a3e69b61,H0272,7.0,2019-10-12,traveloka
U03ee96b6329b,H0292,8.0,2019-10-13,ivivu
U6c53ea06614d,H0521,6.0,2019-10-13,traveloka
U9045e9bd08b3,H0369,10.0,2019-10-13,ivivu
U02cf03d6a240,H0521,6.0,2019-10-14,traveloka
U17df181ce620,H0002,4.8,2019-10-14,traveloka
U89e44dddec44,H0262,6.0,2019-10-14,ivivu
U8fca6b356bd1,H0182,10.0,2019-10-14,ivivu
Ue8fb12d0d4f7,H0245,10.0,2019-10-14,ivivu
U39ecc41bd095,H0439,8.0,2019-10-15,ivivu
U5fc2677022d4,H0107,8.5,2019-10-15,traveloka
U7ed21e83ba79,H0472,6.0,2019-10-15,ivivu
Ueca218aae107,H0488,5.5,2019-10-15,traveloka
U5d88fa42ee16,H0147,8.5,2019-10-16,traveloka
Ua22e05539eaf,H0485,8.5,2019-10-16,traveloka
U0ca53ec0623d,H0123,5.7,2019-10-17,traveloka
U45f3a8f583a0,H0132,8.0,2019-10-17,ivivu
U5f21782dec79,H0240,6.0,2019-10-17,ivivu
Ue1b1ff0357db,H0534,8.5,2019-10-17,traveloka
U201ac03bb101,H0245,10.0,2019-10-18,ivivu
U4df34628d9a1,H0472,10.0,2019-10-18,ivivu
U63daf62e3a4e,H0147,6.0,2019-10-18,traveloka
U87149ecb722e,H0516,6.5,2019-10-18,traveloka
Ua22e05539eaf,H0376,10.0,2019-10-18,traveloka
Uae43a1c16f19,H0286,5.0,2019-10-18,ivivu
Uf57a18241370,H0299,6.0,2019-10-18,ivivu
Uffe24d9ba7b3,H0474,6.0,2019-10-18,ivivu
U4033518b2f7c,H0311,8.0,2019-10-19,ivivu
U9c624e84b08d,H0307,9.0,2019-10-19,ivivu
Uc2bd6afca7ef,H0147,8.8,2019-10-19,traveloka
U7628f89cd672,H0256,6.0,2019-10-20,ivivu
U8e2ff17e73ef,H0439,10.0,2019-10-20,ivivu
Uc2179258c267,H0385,6.4,2019-10-20,traveloka
Uc1e2ddd8e72d,H0547,6.0,2019-10-21,traveloka
U6bb0581a4ebd,H0383,6.0,2019-10-22,traveloka
U2e5a45467f0b,H0159,8.4,2019-10-23,traveloka
U2c9bd4ee1801,H0551,6.0,2019-10-24,ivivu
Uc3978a7aa672,H0181,9.7,2019-10-24,traveloka
Ucc7b9bc6c2cd,H0271,9.7,2019-10-24,traveloka
U0582b7c54472,H0329,6.6,2019-10-25,traveloka
U585681b22fcf,H0237,10.0,2019-10-25,ivivu
Ue194d23c8abd,H0013,10.0,2019-10-25,ivivu
U2131bc020693,H0147,6.0,2019-10-26,ivivu
U403573f46381,H0342,6.0,2019-10-26,ivivu
U508a383490db,H0147,6.0,2019-10-26,ivivu
U76900585d539,H0472,4.0,2019-10-26,ivivu
U833d0c162c1c,H0062,10.0,2019-10-26,ivivu
Ud337acc90f71,H0166,9.1,2019-10-26,traveloka
Ufb80f8813be5,H0387,8.0,2019-10-26,ivivu
U62daf9e149a6,H0240,6.0,2019-10-27,ivivu
U64a601aed13d,H0191,6.0,2019-10-27,ivivu
U6611b610413a,H0294,9.7,2019-10-27,traveloka
U79f37ac1853a,H0085,8.5,2019-10-27,traveloka
U7e74fc511a67,H0369,8.0,2019-10-27,ivivu
Ua9a6ae7f58fe,H0541,8.0,2019-10-27,ivivu
Ub38f56e3e3ff,H0439,10.0,2019-10-27,ivivu
Ue3bb2964cb57,H0107,9.4,2019-10-27,traveloka
Ued473848a6c1,H0518,6.0,2019-10-27,ivivu
U1b13fe0a5738,H0262,8.5,2019-10-28,traveloka
U8c71e98649a8,H0182,7.0,2019-10-28,ivivu
Uc144ef83962c,H0316,7.0,2019-10-28,ivivu
Uc7490c282049,H0290,5.1,2019-10-28,traveloka
U5f604c34579a,H0148,10.0,2019-10-29,ivivu
U7ef3b16db8a0,H0126,8.8,2019-10-29,traveloka
Ubde40b983f16,H0175,5.8,2019-10-29,traveloka
U08a8083212e5,H0492,6.3,2019-10-30,traveloka
U1e38eba0d033,H0316,7.0,2019-10-30,ivivu
U27f47e2e0ae6,H0369,10.0,2019-10-30,ivivu
U7351bbbdaaf3,H0411,8.5,2019-10-30,traveloka
Ube5006e6dd5d,H0159,8.5,2019-10-30,traveloka
U2107c01de8c1,H0237,6.0,2019-10-31,ivivu
U2b75d47b5dba,H0154,10.0,2019-10-31,ivivu
U767f38db0bd0,H0064,6.0,2019-10-31,traveloka
U26f01e4783ec,H0164,9.5,2019-11-01,ivivu
U85e4c38bb131,H0074,6.5,2019-11-01,traveloka
U94127c858723,H0082,9.0,2019-11-01,ivivu
Udd7b6a50d343,H0328,9.7,2019-11-01,traveloka
U6ae9a917824d,H0522,9.0,2019-11-02,ivivu
U75d7c01ac87a,H0299,6.0,2019-11-02,ivivu
Ua6e1eaa5ec1b,H0175,8.5,2019-11-02,traveloka
Ued473848a6c1,H0522,10.0,2019-11-02,ivivu
Uef35cb793711,H0240,7.0,2019-11-02,ivivu
U17b27edb78a6,H0107,10.0,2019-11-03,traveloka
Uac8fa35c35a0,H0271,10.0,2019-11-03,traveloka
U2ce70f600bc2,H0336,8.5,2019-11-04,traveloka
U44b3ff694073,H0245,9.0,2019-11-04,ivivu
U5d1729527725,H0132,9.5,2019-11-04,ivivu
Ucb8b0596da83,H0544,7.3,2019-11-04,traveloka
Ud2840e296e6d,H0182,9.7,2019-11-04,traveloka
U05adfa8ba5ee,H0272,8.5,2019-11-05,traveloka
U14731f65d983,H0147,8.5,2019-11-05,traveloka
U4fbb2cd638e3,H0261,8.0,2019-11-05,ivivu
U5130f0ff63dd,H0085,9.4,2019-11-05,traveloka
U838e0080a716,H0062,9.5,2019-11-05,ivivu
Ucce600810889,H0262,6.0,2019-11-05,ivivu
U1bf64698f566,H0062,10.0,2019-11-06,ivivu
U90f98105be79,H0032,5.4,2019-11-06,traveloka
Ua099655f939e,H0062,8.0,2019-11-06,ivivu
Ub316660cedb0,H0439,10.0,2019-11-06,ivivu
Ue09a71696079,H0339,7.5,2019-11-06,ivivu
Ufc380fe9346e,H0182,7.0,2019-11-06,ivivu
U5d4ea095be61,H0262,10.0,2019-11-07,ivivu
U7cf641d31c13,H0088,9.0,2019-11-07,ivivu
Uab031f70390a,H0312,8.0,2019-11-07,ivivu
Ucedc8fdb69b4,H0462,6.3,2019-11-07,traveloka
U00597864e783,H0316,8.0,2019-11-08,ivivu
U37153faec99f,H0135,10.0,2019-11-08,ivivu
U4109b4e843e4,H0328,7.3,2019-11-08,traveloka
U654e8cffcb6f,H0162,8.0,2019-11-08,ivivu
U68cc84d3c81a,H0516,8.3,2019-11-08,traveloka
U731beca173f4,H0511,10.0,2019-11-08,ivivu
Uade6b912060b,H0237,6.0,2019-11-09,ivivu
U45408401e5b8,H0311,6.0,2019-11-10,ivivu
U590f76d01334,H0382,9.7,2019-11-10,traveloka
U5d71c59f06e6,H0182,6.0,2019-11-10,ivivu
U84d933452b88,H0342,6.0,2019-11-10,ivivu
U9c96f373dba5,H0311,8.5,2019-11-10,traveloka
Ud76ef5c1e8c6,H0439,6.0,2019-11-10,ivivu
Ueef6d0dab6d7,H0539,6.2,2019-11-10,traveloka
U2eba3e735863,H0277,10.0,2019-11-11,ivivu
U56a4eea22af3,H0225,6.3,2019-11-11,traveloka
U0eb1257abdc9,H0107,6.0,2019-11-12,traveloka
U796bd77180d9,H0521,6.0,2019-11-12,traveloka
Ud931e6b42045,H0557,8.5,2019-11-12,traveloka
Uf3e7fee16650,H0111,5.1,2019-11-12,traveloka
U4769a75c4a63,H0182,6.6,2019-11-13,traveloka
U944fad6b49be,H0151,8.0,2019-11-14,ivivu
U09533cce5cc2,H0232,6.3,2019-11-15,traveloka
Ua254df0d3e6d,H0518,10.0,2019-11-15,ivivu
U105206ee4466,H0286,8.0,2019-11-16,ivivu
U13b75cde6e99,H0311,6.0,2019-11-16,ivivu
U1737048c0c98,H0299,10.0,2019-11-16,ivivu
U1f20f8ba47f9,H0316,6.0,2019-11-16,ivivu
U2abd0a6818aa,H0336,9.4,2019-11-16,traveloka
Ub52474362828,H0195,8.8,2019-11-16,traveloka
Uc658bb6e4959,H0415,6.0,2019-11-16,ivivu
U1322dab6ad1e,H0051,6.7,2019-11-17,traveloka
U41afa59bc0c2,H0325,8.0,2019-11-17,ivivu
U655bfdb06184,H0324,8.5,2019-11-17,traveloka
U721f27459cc3,H0482,6.0,2019-11-17,ivivu
U852d66b57dc1,H0432,10.0,2019-11-17,ivivu
U9482b53a70de,H0237,10.0,2019-11-17,ivivu
U49041250225d,H0032,6.0,2019-11-18,traveloka
U71095ae54eaf,H0107,8.5,2019-11-18,traveloka
U13d7f50f3e5b,H0328,5.4,2019-11-19,traveloka
U83a4dfb78551,H0403,6.0,2019-11-19,ivivu
Ub0c950e637af,H0369,10.0,2019-11-19,ivivu
Ud69a2275d160,H0147,9.4,2019-11-19,traveloka
U1070c3cbd6b4,H0434,6.0,2019-11-20,traveloka
U343e12ee1679,H0394,6.0,2019-11-20,ivivu
U565bb50434ce,H0262,6.0,2019-11-20,ivivu
Ud8681e8c6b0f,H0534,10.0,2019-11-20,ivivu
U86c000cc2d61,H0137,10.0,2019-11-21,ivivu
U8bf8417f7aa3,H0188,8.0,2019-11-21,ivivu
Uc4d5326eeb4a,H0079,8.0,2019-11-21,ivivu
Ud969434836f9,H0204,8.0,2019-11-21,ivivu
U0110d2e45758,H0062,10.0,2019-11-22,ivivu
U37d52cfbc2f6,H0262,10.0,2019-11-22,ivivu
U5d862bfbfbd0,H0383,10.0,2019-11-22,ivivu
U6156734cc45f,H0204,8.0,2019-11-22,ivivu
U763b0da85837,H0052,6.4,2019-11-22,traveloka
U76c4e049d88d,H0415,6.0,2019-11-22,ivivu
U7b268953043b,H0391,10.0,2019-11-22,ivivu
U82dd7a9eeccf,H0316,6.0,2019-11-22,ivivu
Ud0e79e0a30b6,H0316,8.0,2019-11-22,ivivu
U276f569b61f0,H0387,10.0,2019-11-23,ivivu
U29101d40ae0f,H0182,8.0,2019-11-23,ivivu
U35e9d90011db,H0416,10.0,2019-11-23,ivivu
Ua55781a5b324,H0311,6.0,2019-11-24,ivivu
Ubd4305c6d6bb,H0445,6.2,2019-11-24,traveloka
U29101d40ae0f,H0294,6.0,2019-11-25,ivivu
U42d2ad3dc9f1,H0394,8.0,2019-11-25,ivivu
U869b0d58c850,H0114,8.5,2019-11-25,traveloka
Udcc35c827775,H0245,10.0,2019-11-25,ivivu
U28997203bbc2,H0446,9.4,2019-11-27,traveloka
U732cfa193d99,H0232,8.8,2019-11-27,traveloka
U60f47f3946cd,H0294,8.5,2019-11-28,traveloka
Uda1e3808a00e,H0269,6.0,2019-11-28,ivivu
Ufd21cd948a00,H0448,9.7,2019-11-28,traveloka
U6433a95669e4,H0403,8.0,2019-11-29,ivivu
U7682fbe9479b,H0271,5.1,2019-11-29,traveloka
Ub74154eb78b9,H0123,6.6,2019-11-29,traveloka
Ud85344aaf623,H0311,8.5,2019-11-29,traveloka
Ueef6d0dab6d7,H0123,6.1,2019-11-29,traveloka
U80d1b0725884,H0403,6.0,2019-11-30,ivivu
Ub5e9eb9225b5,H0403,6.0,2019-11-30,ivivu
U3b7fcc75e526,H0369,9.5,2019-12-01,ivivu
U48e71bfa3920,H0169,10.0,2019-12-01,ivivu
U64511a578cce,H0147,4.5,2019-12-01,traveloka
U786ee6595891,H0394,9.0,2019-12-01,ivivu
Ueb563a7cbbcd,H0369,9.5,2019-12-01,ivivu
U1e2b75f26d69,H0369,9.5,2019-12-02,ivivu
U32a9efc21f9a,H0175,6.6,2019-12-02,traveloka
U7225666d1e11,H0105,6.4,2019-12-02,traveloka
Ud9f5e04e66bd,H0521,5.1,2019-12-02,traveloka
U0a76a5270bfd,H0168,9.5,2019-12-03,ivivu
U0caada9e85dd,H0416,9.0,2019-12-03,ivivu
U0e6d8b8698a9,H0394,6.0,2019-12-03,ivivu
U1a24ee487e12,H0233,8.5,2019-12-03,ivivu
U1e84baf9b7e4,H0002,8.8,2019-12-03,traveloka
U4da9cdc45153,H0117,4.5,2019-12-03,traveloka
Ud52aab934e2f,H0238,9.7,2019-12-03,traveloka
U189c7888421d,H0164,9.5,2019-12-04,ivivu
U7225666d1e11,H0324,8.5,2019-12-04,ivivu
U7f1d82df196e,H0413,9.0,2019-12-04,ivivu
Ubdecdf0cfa14,H0157,10.0,2019-12-04,ivivu
Uf1ace8fbf58e,H0336,5.7,2019-12-04,traveloka
U508a383490db,H0218,9.5,2019-12-05,ivivu
U5b1a6040411d,H0456,9.1,2019-12-05,traveloka
U7ac7fb3cefb9,H0135,8.0,2019-12-05,ivivu
Uc5850cffbf0c,H0366,6.0,2019-12-05,traveloka
Ud1bef89cfded,H0079,8.4,2019-12-05,traveloka
Ud31580178d1c,H0495,8.5,2019-12-05,traveloka
Uede2e6c3d089,H0559,8.5,2019-12-05,traveloka
U0c0f4d6154c6,H0232,5.4,2019-12-06,traveloka
U0c1a0cbe75e7,H0164,9.5,2019-12-06,ivivu
U30925a1f2a07,H0191,8.5,2019-12-06,traveloka
U610ab99467b1,H0123,9.7,2019-12-06,traveloka
U6156734cc45f,H0123,9.0,2019-12-06,ivivu
U6156734cc45f,H0123,7.0,2019-12-06,ivivu
U9ca98da9456b,H0038,7.0,2019-12-06,ivivu
Uc03a4cbb96c4,H0518,8.0,2019-12-06,ivivu
Ucb8b0596da83,H0299,6.0,2019-12-06,ivivu
Ud780bdabd0d9,H0413,9.4,2019-12-06,traveloka
Udcbd29cdb635,H0521,9.7,2019-12-06,traveloka
Uf71884536399,H0518,10.0,2019-12-06,ivivu
U1ec90b9c753d,H0265,9.0,2019-12-07,ivivu
U3ebd90487cb9,H0528,10.0,2019-12-07,ivivu
U4858d886c564,H0175,8.9,2019-12-07,traveloka
U592d106ffb0a,H0283,8.0,2019-12-07,ivivu
U5c456fb2a565,H0111,8.8,2019-12-07,traveloka
U65167b7feb4d,H0147,6.0,2019-12-07,ivivu
Uce00b5f0e486,H0543,5.0,2019-12-07,ivivu
Uf68f272a079f,H0439,10.0,2019-12-07,traveloka
Uf8d7032b88dd,H0526,6.0,2019-12-07,ivivu
U3a07e57f545c,H0387,10.0,2019-12-08,ivivu
Uac0d2b20731b,H0535,9.4,2019-12-08,traveloka
Ubb0cc7481a47,H0166,8.5,2019-12-08,traveloka
Ue8f53dc89a8b,H0280,6.1,2019-12-08,traveloka
U0593277cfaab,H0535,9.7,2019-12-09,traveloka
U3825ba977389,H0369,6.0,2019-12-09,ivivu
U108c87e2cdcf,H0495,4.5,2019-12-10,traveloka
U7f06113116f1,H0485,9.7,2019-12-10,traveloka
Uc5cd2dc76bfe,H0245,6.0,2019-12-10,ivivu
Ue43952ae1d70,H0107,6.0,2019-12-10,ivivu
U9014c1c6ee37,H0232,10.0,2019-12-11,traveloka
Uf57a18241370,H0162,8.8,2019-12-12,traveloka
Ub9e56706d3bb,H0052,9.4,2019-12-13,traveloka
Ud9da077e9300,H0262,7.0,2019-12-13,ivivu
U22b0797166cb,H0082,10.0,2019-12-14,ivivu
U48516c2bb862,H0396,9.4,2019-12-14,traveloka
Ud3777ad5fd22,H0316,10.0,2019-12-14,ivivu
Ue8ca57d226cc,H0159,9.4,2019-12-14,traveloka
U0f9091ae7a9e,H0092,6.6,2019-12-15,traveloka
U3a267e716a18,H0527,8.0,2019-12-15,ivivu
U5f565f5ebe2b,H0068,10.0,2019-12-15,ivivu
U6be0855c9305,H0181,8.5,2019-12-15,traveloka
Ub8731b515bee,H0391,8.0,2019-12-15,ivivu
Ubd5ca915c01e,H0232,6.3,2019-12-15,traveloka
U357bbaf4a6a7,H0237,6.0,2019-12-16,ivivu
Ufeff995d8d56,H0417,9.3,2019-12-16,traveloka
U721f27459cc3,H0331,7.8,2019-12-17,traveloka
U74cd7935d081,H0039,9.1,2019-12-17,traveloka
U96c44e1c5582,H0237,6.0,2019-12-17,ivivu
Uf1143a0dd3d6,H0065,6.2,2019-12-17,traveloka
U0fc86b5333cf,H0301,6.0,2019-12-18,ivivu
U17df181ce620,H0439,8.0,2019-12-18,ivivu
U19669c5daa3d,H0419,5.7,2019-12-18,traveloka
U3a20cfa60ade,H0545,6.0,2019-12-18,ivivu
U6ed3f1cf10d0,H0485,9.7,2019-12-18,traveloka
Udbb25238ba56,H0292,6.0,2019-12-18,ivivu
U481462213d6c,H0544,9.4,2019-12-19,traveloka
U62b4d4ddbe86,H0485,9.7,2019-12-19,traveloka
U008fa2ae1b58,H0482,8.0,2019-12-21,ivivu
U81f572381c40,H0413,8.0,2019-12-21,ivivu
Uc7490c282049,H0541,8.0,2019-12-21,ivivu
Uce0dcd5d8c2f,H0284,7.0,2019-12-21,ivivu
U225dfe40c127,H0369,7.0,2019-12-22,ivivu
U6156734cc45f,H0315,5.1,2019-12-22,traveloka
U6e36c45e2302,H0311,8.7,2019-12-22,traveloka
Ub86d7313da7f,H0408,9.7,2019-12-23,traveloka
Ueb157ac6e603,H0516,10.0,2019-12-23,traveloka
U5ced19b14a03,H0316,6.0,2019-12-25,ivivu
U6a666aeb9050,H0331,9.7,2019-12-25,traveloka
U1ee0bf6f2ca4,H0404,7.3,2019-12-26,traveloka
U5782bf45bef2,H0191,6.0,2019-12-26,ivivu
Ud337acc90f71,H0551,9.1,2019-12-26,traveloka
Ue90011550055,H0551,6.0,2019-12-26,traveloka
U71f4da10c5ed,H0294,6.0,2019-12-27,ivivu
Uae43a1c16f19,H0039,6.8,2019-12-27,traveloka
Ub04d995ae3b4,H0416,8.0,2019-12-27,ivivu
Uc75194e97fac,H0114,6.0,2019-12-27,ivivu
U077f7692b908,H0324,6.4,2019-12-28,traveloka
U0ec84e18aaa1,H0415,4.0,2019-12-28,ivivu
U3825ba977389,H0126,6.3,2019-12-28,traveloka
U3c234517c04a,H0228,6.0,2019-12-28,ivivu
U6156734cc45f,H0092,10.0,2019-12-28,ivivu
U884b0253da2c,H0047,9.4,2019-12-28,traveloka
U9556a9d9bd34,H0472,6.0,2019-12-28,ivivu
Uc77ae3e21784,H0557,9.4,2019-12-28,traveloka
U673e94d5d99c,H0376,9.4,2019-12-29,traveloka
U8ee6347fdc4b,H0232,6.0,2019-12-29,traveloka
U283f742ce58f,H0206,6.0,2019-12-30,ivivu
U40327e63f614,H0485,8.5,2019-12-30,traveloka
Uc1e6ec1851c2,H0299,6.0,2019-12-30,ivivu
U30f3cfd0a782,H0123,6.0,2019-12-31,traveloka
Uae43a1c16f19,H0419,5.1,2019-12-31,traveloka
Ud518522d6ceb,H0181,8.5,2019-12-31,traveloka
Uf26ae28b49cd,H0439,10.0,2019-12-31,ivivu
U0e02b16d23ff,H0265,10.0,2020-01-01,ivivu
U361391c4bfb9,H0311,6.1,2020-01-01,traveloka
U6748c4011462,H0391,10.0,2020-01-01,ivivu
U14b4593ea536,H0092,6.0,2020-01-02,ivivu
Ucb8b0596da83,H0031,8.0,2020-01-02,ivivu
Ue45f9f076137,H0262,9.1,2020-01-02,traveloka
U6cf95191e9ab,H0047,6.5,2020-01-03,traveloka
U7ba796779f87,H0394,5.5,2020-01-03,traveloka
U9de91bc41736,H0169,8.0,2020-01-03,ivivu
Ua8a68b388cf8,H0439,9.7,2020-01-03,traveloka
Ue7097b34e841,H0293,6.0,2020-01-03,ivivu
U8bb44d9f9ff6,H0335,9.4,2020-01-04,traveloka
U13af29dee732,H0292,6.0,2020-01-05,ivivu
U734b9c6ecd95,H0544,6.0,2020-01-05,ivivu
Ue08f85c8848a,H0013,10.0,2020-01-05,ivivu
Uf2156c8495fa,H0391,6.0,2020-01-05,ivivu
U530722b1fec9,H0238,9.7,2020-01-06,traveloka
U8750a16c9b9b,H0304,9.1,2020-01-06,traveloka
Uc33604f88983,H0129,6.0,2020-01-06,ivivu
U4d42a36f9f04,H0465,8.8,2020-01-07,traveloka
U7a75ac5feeb4,H0137,8.0,2020-01-07,ivivu
Ufdb60b41fd35,H0391,6.0,2020-01-07,ivivu
U575d8ca03c29,H0364,6.3,2020-01-08,traveloka
Ub316660cedb0,H0527,10.0,2020-01-08,ivivu
Ue6421d0ffd27,H0190,5.8,2020-01-08,traveloka
U094960f6352c,H0403,6.0,2020-01-09,ivivu
U764f814f3bd7,H0225,6.3,2020-01-09,traveloka
U2d60ecff62f1,H0205,10.0,2020-01-10,booking
U4f57e5d2d4c5,H0178,9.7,2020-01-10,traveloka
U8c5492d08f33,H0541,8.0,2020-01-10,booking
U944fad6b49be,H0166,6.3,2020-01-10,traveloka
U97fd8e8a8c60,H0397,3.3,2020-01-10,booking
Ua5021307c5c3,H0487,9.0,2020-01-10,booking
Uc60da11cfa6e,H0547,5.4,2020-01-10,traveloka
Ue0a9d4a85ddd,H0333,8.0,2020-01-10,booking
Ue20d4d2cee45,H0433,5.0,2020-01-10,booking
U17df181ce620,H0446,7.3,2020-01-11,traveloka
U30ab7763e8d6,H0311,10.0,2020-01-11,booking
U6a1ec282d822,H0200,10.0,2020-01-11,booking
Uae43a1c16f19,H0437,10.0,2020-01-11,ivivu
Ubb7caab74705,H0200,5.0,2020-01-11,booking
Ubb7caab74705,H0510,5.0,2020-01-11,booking
U6ee8629c8a1a,H0220,9.0,2020-01-12,booking
U70d5469b1676,H0218,8.7,2020-01-12,traveloka
U7a37ffff8050,H0295,8.0,2020-01-12,booking
U8b48f1abe5bb,H0005,10.0,2020-01-12,booking
Uab90ae8d578c,H0200,10.0,2020-01-12,booking
Ubb7caab74705,H0176,10.0,2020-01-12,booking
Ucd131e5a26e3,H0100,7.0,2020-01-12,booking
Uc92412dddc7c,H0238,9.4,2020-01-13,traveloka
U2205f6eb906d,H0550,5.7,2020-01-15,traveloka
Ubc65c5b7d35e,H0225,8.5,2020-01-15,traveloka
Udc10b4792c61,H0193,10.0,2020-01-15,ivivu
U1121a4900a5d,H0181,9.7,2020-01-16,traveloka
U3f626c581d8b,H0085,9.1,2020-01-16,traveloka
U53e11ce77f3f,H0454,9.4,2020-01-16,traveloka
Ua926116c8c81,H0446,6.8,2020-01-16,traveloka
Ub52474362828,H0516,6.1,2020-01-16,traveloka
Ucf697ee1b730,H0516,8.5,2020-01-17,traveloka
U700ffd08e022,H0107,5.1,2020-01-18,traveloka
U9cbb45a3a1d9,H0414,9.1,2020-01-18,traveloka
U1e312f8001f5,H0065,10.0,2020-01-19,traveloka
U75f790ad33ef,H0115,9.4,2020-01-19,traveloka
U89b94ff5b2fe,H0511,6.0,2020-01-19,ivivu
U66e31e57b339,H0162,8.0,2020-01-20,ivivu
Ud337acc90f71,H0412,5.2,2020-01-21,traveloka
U261e228ddb62,H0557,8.7,2020-01-22,traveloka
U281e32d55a14,H0399,10.0,2020-01-22,traveloka
Uc57a8f816fe7,H0074,9.4,2020-01-22,traveloka
Ud971fced4ebd,H0328,9.4,2020-01-22,traveloka
Uf6f6cc450c71,H0394,9.7,2020-01-22,traveloka
U0ee98b4c64fd,H0404,9.4,2020-01-23,traveloka
Ube54746228d6,H0391,4.0,2020-01-23,ivivu
Uc76c07a3a636,H0369,8.0,2020-01-24,ivivu
U6385f68c80f9,H0485,6.0,2020-01-25,traveloka
U99ec7e6525c0,H0181,8.5,2020-01-25,traveloka
U0ef6323c3c8a,H0328,6.1,2020-01-26,traveloka
U644f8e49a4ad,H0154,8.0,2020-01-26,ivivu
U80b946be925e,H0092,8.4,2020-01-26,traveloka
Ue2fc73fabe0d,H0002,6.9,2020-01-26,traveloka
Ue479a578e463,H0540,9.7,2020-01-26,traveloka
U37153faec99f,H0191,9.1,2020-01-27,traveloka
U62daf9e149a6,H0369,8.0,2020-01-27,ivivu
U74769ff86f0d,H0437,7.0,2020-01-27,ivivu
U75f790ad33ef,H0480,7.0,2020-01-27,ivivu
U8b083c71d4e2,H0168,6.0,2020-01-27,ivivu
Ubd8a66db530c,H0437,7.0,2020-01-27,ivivu
Udcabebcd4c70,H0311,8.5,2020-01-27,traveloka
Udd7bf3edbd6b,H0437,7.0,2020-01-27,ivivu
U13dce0d80650,H0437,7.0,2020-01-28,ivivu
U5be45bf4ec8e,H0437,6.0,2020-01-28,ivivu
U7d1ee21678c8,H0507,6.7,2020-01-28,traveloka
Ua11146458de1,H0114,9.4,2020-01-28,traveloka
Ud350b967add3,H0437,7.0,2020-01-28,ivivu
Udbb25238ba56,H0369,6.0,2020-01-28,ivivu
Ue3081d27ee82,H0425,8.0,2020-01-28,ivivu
Ue87ac93bbc4b,H0511,10.0,2020-01-28,ivivu
Ueac90211f7ff,H0480,7.0,2020-01-28,ivivu
U200c80104cfc,H0411,8.5,2020-01-29,traveloka
U6666bb6f5cff,H0320,10.0,2020-01-29,ivivu
U6bb0581a4ebd,H0331,8.5,2020-01-29,traveloka
U8984b06d71ff,H0331,5.8,2020-01-29,traveloka
Ua205f858733a,H0516,5.4,2020-01-29,traveloka
Uae43a1c16f19,H0480,7.0,2020-01-29,ivivu
Ub71711d91d6d,H0480,7.0,2020-01-29,ivivu
Uf0c180b7e1b9,H0437,8.0,2020-01-29,ivivu
U23fbe27926c6,H0480,7.0,2020-01-30,ivivu
U869b0d58c850,H0391,8.0,2020-01-30,ivivu
Ucdc68f669616,H0499,6.8,2020-01-30,traveloka
U562ba3409bd5,H0086,10.0,2020-01-31,ivivu
Ubd3119d04641,H0272,5.7,2020-01-31,traveloka
U29818dfce431,H0534,9.7,2020-02-01,traveloka
U51d8f6badfc9,H0262,8.0,2020-02-01,ivivu
U98cb5e5bb65d,H0433,6.3,2020-02-01,traveloka
Ubdac9a607bea,H0380,6.0,2020-02-02,traveloka
Uead2ca6c2aef,H0181,6.1,2020-02-02,traveloka
Ud0eeb0e26a49,H0002,6.0,2020-02-03,traveloka
U3463d896d751,H0495,8.5,2020-02-04,traveloka
U5f6c9c2b05cd,H0433,8.5,2020-02-04,traveloka
U96c9b661474c,H0535,6.1,2020-02-04,traveloka
U1bec8816abef,H0394,6.0,2020-02-05,ivivu
U358042d4503c,H0271,5.7,2020-02-05,traveloka
U9226fb5e4490,H0376,6.0,2020-02-05,ivivu
U99bdd9a1479a,H0311,6.0,2020-02-05,ivivu
Ube929af0a6e5,H0405,6.0,2020-02-05,ivivu
Ud3720eef98a5,H0088,8.0,2020-02-05,ivivu
U432769e35c6d,H0427,6.0,2020-02-06,traveloka
U5999669e4670,H0331,6.4,2020-02-06,traveloka
Ub6a6bb3504f1,H0114,10.0,2020-02-06,ivivu
U2dd171ef7b18,H0329,8.5,2020-02-07,traveloka
Uc3f6d00ba2fe,H0164,8.0,2020-02-07,ivivu
U299b7f4ceec5,H0516,9.4,2020-02-08,traveloka
U52274632afe1,H0454,8.5,2020-02-08,traveloka
Uac8fa35c35a0,H0542,7.1,2020-02-08,traveloka
Ucd253057ba48,H0439,8.5,2020-02-08,traveloka
U8b083c71d4e2,H0162,8.0,2020-02-09,ivivu
Ud67004025c0b,H0414,8.7,2020-02-09,traveloka
U07560acdb88b,H0092,6.0,2020-02-10,ivivu
U82a5ed2b4568,H0176,7.0,2020-02-10,booking
Uf50e013c8797,H0475,9.0,2020-02-10,booking
U323d4dccec48,H0540,6.0,2020-02-11,traveloka
U77dc69449164,H0332,5.0,2020-02-11,booking
Ub4c4d593ee1d,H0487,10.0,2020-02-11,booking
Ub8a6b97c6969,H0331,6.2,2020-02-11,traveloka
Ue0f16e914080,H0214,6.0,2020-02-11,booking
Ue4dc426e98f3,H0182,9.7,2020-02-11,traveloka
U3c76d79f4a68,H0380,10.0,2020-02-12,booking
U7e84d2c4369b,H0532,2.0,2020-02-12,booking
U8baca280affb,H0213,7.0,2020-02-12,booking
U9c9b2c1efdbe,H0176,7.0,2020-02-12,booking
Ub4c4d593ee1d,H0214,10.0,2020-02-12,booking
Ube1ed5d2dd22,H0218,7.5,2020-02-12,booking
Ue045989ec9ca,H0214,10.0,2020-02-12,booking
Ue072af4ba9d2,H0238,6.0,2020-02-12,booking
U45620f725777,H0227,8.8,2020-02-13,traveloka
U8913222f03e5,H0434,5.7,2020-02-13,traveloka
U041f9a7e287b,H0290,6.1,2020-02-14,traveloka
U28172820ff33,H0364,9.7,2020-02-14,traveloka
U77f7b5a4b4e0,H0114,10.0,2020-02-14,ivivu
U281e32d55a14,H0419,5.8,2020-02-15,traveloka
Ub638e89f554a,H0105,8.7,2020-02-15,traveloka
Ub8315ad447c7,H0369,8.0,2020-02-15,ivivu
Ube15ac31a6cd,H0131,8.0,2020-02-15,ivivu
Uc2179258c267,H0304,7.0,2020-02-15,traveloka
U2de90680f283,H0107,4.8,2020-02-16,traveloka
U77a2ab43bd75,H0092,6.0,2020-02-16,traveloka
U995855558704,H0477,6.0,2020-02-16,ivivu
Ue878cd9b395e,H0346,8.5,2020-02-16,traveloka
U3678d2269f8d,H0160,9.4,2020-02-17,traveloka
U664c47203cac,H0166,6.0,2020-02-17,traveloka
U68867e81d8d3,H0385,9.4,2020-02-17,traveloka
Ubd4395c96ed1,H0114,7.3,2020-02-17,traveloka
U00ce6c924da3,H0382,9.7,2020-02-18,traveloka
U1a38312105ef,H0465,10.0,2020-02-18,traveloka
Ub04d995ae3b4,H0516,9.7,2020-02-18,traveloka
Ub7adeaf802cc,H0399,8.5,2020-02-18,traveloka
U8db164447955,H0349,9.4,2020-02-19,traveloka
U137be1c111ea,H0136,6.8,2020-02-20,traveloka
U248ca8610dff,H0182,9.4,2020-02-20,traveloka
U2fe337076b89,H0226,6.5,2020-02-20,traveloka
U577306d16590,H0092,10.0,2020-02-20,ivivu
U59cfbbfb9b19,H0382,5.4,2020-02-20,traveloka
U7d73bf74802e,H0182,8.5,2020-02-20,traveloka
U1b7649656b73,H0092,6.0,2020-02-21,ivivu
U3c79f1d051fd,H0085,6.0,2020-02-21,traveloka
U661af4dcebe7,H0376,8.5,2020-02-21,traveloka
U6f4fd3a1d282,H0107,8.5,2020-02-21,traveloka
Ua7beaa8dc6a5,H0132,10.0,2020-02-21,ivivu
U21c6eca8068f,H0338,8.0,2020-02-22,ivivu
U69c0640fb7cc,H0311,10.0,2020-02-22,traveloka
U730e3a2b9452,H0461,8.5,2020-02-22,traveloka
Ua099655f939e,H0316,6.0,2020-02-22,ivivu
Ud7e6652f660e,H0132,10.0,2020-02-22,ivivu
Uf2a33ffd2ea4,H0541,4.0,2020-02-22,ivivu
Uf8c43eda8f69,H0316,10.0,2020-02-22,ivivu
U05f5be91462f,H0216,9.7,2020-02-23,traveloka
U2f45ade47ddf,H0182,8.0,2020-02-23,ivivu
U6bb4e954bb09,H0169,10.0,2020-02-23,ivivu
U9482b53a70de,H0162,8.0,2020-02-23,ivivu
Ua326ed07e10d,H0232,9.3,2020-02-23,traveloka
U200c80104cfc,H0304,8.4,2020-02-24,traveloka
U7e450d331686,H0413,7.0,2020-02-24,traveloka
U82e021cb777b,H0557,8.8,2020-02-24,traveloka
Uef35cb793711,H0132,8.0,2020-02-24,ivivu
U2fb26834ffd1,H0226,8.5,2020-02-25,traveloka
Udbbcded5197a,H0376,9.4,2020-02-26,traveloka
U08d9193957ec,H0369,8.0,2020-02-27,ivivu
U1b0add58be81,H0216,9.4,2020-02-27,traveloka
U1fe7013c0af2,H0269,6.0,2020-02-27,ivivu
U370b61b5af76,H0521,6.0,2020-02-27,traveloka
U49ea5dbd27c5,H0485,6.6,2020-02-27,traveloka
U6156734cc45f,H0391,10.0,2020-02-27,ivivu
Ud67004025c0b,H0086,10.0,2020-02-27,ivivu
U39b906a86fba,H0425,6.2,2020-02-28,traveloka
U6af456a259bb,H0376,10.0,2020-02-28,traveloka
U9deb26de64b9,H0499,6.0,2020-02-28,traveloka
Uac8fa35c35a0,H0479,9.7,2020-02-28,traveloka
Uc2bd6afca7ef,H0383,5.9,2020-02-28,traveloka
Ufc5cc5bc974a,H0465,5.1,2020-02-28,traveloka
U2f45ade47ddf,H0403,6.0,2020-02-29,ivivu
U577306d16590,H0269,8.0,2020-02-29,ivivu
U6121d00b28fa,H0159,5.8,2020-02-29,traveloka
U6156734cc45f,H0369,8.0,2020-02-29,ivivu
U7615f717b3f0,H0132,10.0,2020-02-29,ivivu
U80c27aee50be,H0245,8.0,2020-02-29,ivivu
U846da8b2a753,H0369,6.0,2020-02-29,ivivu
Ua97268bdc1bc,H0522,8.0,2020-02-29,ivivu
Ue306bf7fd466,H0194,9.4,2020-02-29,traveloka
U12b397e4aae8,H0391,10.0,2020-03-01,ivivu
U31e1846ab702,H0215,8.4,2020-03-01,traveloka
U6193595df6e3,H0369,6.0,2020-03-01,ivivu
U6747e513e178,H0320,10.0,2020-03-01,ivivu
Ub7deeb81a8b2,H0536,10.0,2020-03-01,ivivu
Ud39d1962835b,H0299,6.0,2020-03-01,ivivu
U0f7876fe0e7b,H0516,8.0,2020-03-02,traveloka
U8d4bd1051993,H0003,6.2,2020-03-02,traveloka
U42d2ad3dc9f1,H0544,6.0,2020-03-03,ivivu
U8dbdd860289a,H0182,9.1,2020-03-03,traveloka
Ub603a56db2be,H0304,9.7,2020-03-03,traveloka
Ued77174014d0,H0232,9.4,2020-03-03,traveloka
U5b98cdec0ee0,H0122,8.5,2020-03-04,traveloka
Ue0a8a900cb7b,H0485,10.0,2020-03-04,traveloka
U12800dc81b45,H0478,9.4,2020-03-05,traveloka
U17c037d8d585,H0292,6.0,2020-03-05,ivivu
U82117d37ea87,H0105,9.4,2020-03-05,traveloka
U8de53a5c7d44,H0126,6.0,2020-03-05,traveloka
U9482b53a70de,H0137,10.0,2020-03-06,ivivu
U01f766fcf573,H0290,8.7,2020-03-07,traveloka
U1a813d12bac4,H0040,10.0,2020-03-07,ivivu
U4bbdb01db092,H0426,9.7,2020-03-07,traveloka
U8fae85b0bd26,H0550,6.0,2020-03-07,traveloka
Uf2f6974f953a,H0062,8.0,2020-03-07,ivivu
Uf658217e4b82,H0007,10.0,2020-03-07,booking
U669aef39f724,H0123,8.5,2020-03-08,traveloka
Ua179bde11521,H0557,6.3,2020-03-08,traveloka
Uac8fa35c35a0,H0434,9.7,2020-03-08,traveloka
U4b4130ccb4fc,H0541,6.0,2020-03-09,ivivu
U655646f09724,H0533,6.0,2020-03-09,booking
U855fe3142043,H0395,6.0,2020-03-09,ivivu
U9ff0346602f6,H0032,8.5,2020-03-09,traveloka
Ua1da707a97a6,H0336,8.5,2020-03-09,traveloka
Uafaa07ec6da0,H0383,7.2,2020-03-09,traveloka
U145b7c3a0a48,H0549,7.0,2020-03-10,booking
U24a6baee8f33,H0294,9.7,2020-03-10,traveloka
U7869e4a6c74e,H0213,10.0,2020-03-10,booking
Ua866dc69d643,H0532,9.0,2020-03-10,booking
U5042a9fafc84,H0430,9.0,2020-03-11,traveloka
Ubb7caab74705,H0479,6.0,2020-03-11,booking
Uc9fc9f53967b,H0008,10.0,2020-03-11,booking
Udd5f3bd618d5,H0518,7.9,2020-03-11,booking
U2a46e9aec727,H0437,7.0,2020-03-12,booking
U704fa850838b,H0547,6.0,2020-03-12,traveloka
Uacc6d3d97cd3,H0414,5.4,2020-03-12,traveloka
Ubb7caab74705,H0529,4.0,2020-03-12,booking
Ubb7caab74705,H0214,8.0,2020-03-12,booking
Uc43682ad0fad,H0220,8.0,2020-03-12,booking
U17df181ce620,H0092,10.0,2020-03-13,ivivu
Uf7f415104f4d,H0328,6.3,2020-03-13,traveloka
U88307f137608,H0154,10.0,2020-03-14,ivivu
Ud2516693b9ec,H0523,6.7,2020-03-14,traveloka
Ueb1011897a88,H0521,4.8,2020-03-14,traveloka
U2affa4aa8d1b,H0523,6.4,2020-03-16,traveloka
U2ff1b32f09dd,H0064,8.4,2020-03-16,traveloka
U9c6dc35b2a8e,H0452,6.3,2020-03-17,traveloka
U2f92d6528a2a,H0232,8.5,2020-03-18,traveloka
U3825ba977389,H0068,8.5,2020-03-18,traveloka
U6e4e0de0f14e,H0414,9.3,2020-03-19,traveloka
U2f144706ef42,H0065,6.1,2020-03-20,traveloka
U2f92d6528a2a,H0394,6.0,2020-03-20,ivivu
U8fae85b0bd26,H0232,8.5,2020-03-20,traveloka
U1f877d328192,H0369,6.0,2020-03-21,ivivu
U0c0f4d6154c6,H0064,8.8,2020-03-22,traveloka
U786ee6595891,H0369,6.0,2020-03-22,ivivu
U771d660093c3,H0547,9.4,2020-03-23,traveloka
Ua23651302d90,H0166,5.8,2020-03-24,traveloka
Ucc0f8ac6d06b,H0215,8.5,2020-03-25,traveloka
U0c4eaf1f2402,H0461,8.5,2020-03-27,traveloka
U955bffb7a221,H0041,10.0,2020-03-27,traveloka
Uc86cb4b7b88c,H0117,9.7,2020-03-27,traveloka
Uf7f415104f4d,H0232,6.1,2020-03-27,traveloka
U3f180f56e72b,H0551,9.1,2020-03-28,traveloka
U57b6c29bae79,H0003,6.2,2020-03-28,traveloka
U53d19bde6bb6,H0519,5.1,2020-03-29,traveloka
U7873f78a448c,H0399,9.4,2020-03-29,traveloka
U6193595df6e3,H0535,9.4,2020-03-30,traveloka
U6951115160bd,H0304,9.1,2020-03-31,traveloka
U2dbebe26985f,H0182,8.5,2020-04-01,traveloka
Ue40e098bebd8,H0344,5.7,2020-04-01,traveloka
Uf8c43eda8f69,H0002,5.5,2020-04-01,traveloka
U0afb033241cb,H0335,6.4,2020-04-02,traveloka
U59434555b271,H0232,6.0,2020-04-02,traveloka
U3a3fa99e447b,H0437,7.0,2020-04-03,ivivu
Ua7beaa8dc6a5,H0272,8.5,2020-04-03,traveloka
Uf2533c3e0101,H0286,10.0,2020-04-03,ivivu
Uf1f1a536dba8,H0294,9.1,2020-04-04,traveloka
U798f3e2e5949,H0480,6.0,2020-04-05,ivivu
U8a55cd73ab56,H0162,6.0,2020-04-05,traveloka
U8de53a5c7d44,H0376,6.0,2020-04-05,ivivu
U126ba54ffc44,H0232,5.3,2020-04-06,traveloka
U6156734cc45f,H0064,6.0,2020-04-06,traveloka
Ub35cf3399c86,H0117,8.5,2020-04-06,traveloka
U1a813d12bac4,H0317,9.0,2020-04-07,ivivu
U5622dc2ad5b5,H0477,6.0,2020-04-07,ivivu
U608ece90ea26,H0240,6.0,2020-04-07,ivivu
U7eab4de83c2b,H0204,6.0,2020-04-07,ivivu
U9c4b4047dbe6,H0232,6.5,2020-04-07,traveloka
Ua70657d04c1e,H0391,6.0,2020-04-07,ivivu
Uba48f19fdb1e,H0147,6.0,2020-04-07,ivivu
U8750a16c9b9b,H0408,9.4,2020-04-08,traveloka
U02d0feceb692,H0178,8.5,2020-04-09,traveloka
U2b868758d911,H0346,9.4,2020-04-09,traveloka
U3825ba977389,H0269,9.0,2020-04-09,ivivu
Ubacfb9c1a3ca,H0527,10.0,2020-04-09,ivivu
Ufc3872b95cf1,H0032,6.2,2020-04-09,traveloka
U16c2298dc0c0,H0493,6.0,2020-04-10,booking
U16c2298dc0c0,H0087,8.0,2020-04-10,booking
U1a102edf1c69,H0119,5.0,2020-04-10,booking
U4d040b735cff,H0213,10.0,2020-04-10,booking
U595041030b42,H0459,7.0,2020-04-10,booking
U6a1ec282d822,H0453,9.0,2020-04-10,booking
Ua3948c917049,H0005,10.0,2020-04-10,booking
U2af9ebb217f8,H0107,9.4,2020-04-11,traveloka
U3556403c9096,H0479,8.0,2020-04-11,booking
U4444cc6d8385,H0467,6.0,2020-04-11,traveloka
U4fcd94628ccc,H0535,9.7,2020-04-11,traveloka
U57dd8f4e431c,H0549,7.0,2020-04-11,booking
U82fffe81f716,H0078,5.0,2020-04-11,booking
U87b4a8dc13aa,H0507,9.7,2020-04-11,traveloka
Ua3948c917049,H0100,1.0,2020-04-11,booking
Ub6a6bb3504f1,H0032,6.0,2020-04-11,traveloka
Ubb7caab74705,H0238,6.0,2020-04-11,booking
Ubb7caab74705,H0534,10.0,2020-04-11,booking
Ud10d15a9de32,H0295,10.0,2020-04-11,booking
Ud31580178d1c,H0411,8.3,2020-04-11,traveloka
U137afc6553e1,H0176,10.0,2020-04-12,booking
U846da8b2a753,H0175,6.1,2020-04-12,traveloka
U855fe3142043,H0526,6.0,2020-04-12,ivivu
Ub950bc275517,H0529,10.0,2020-04-12,booking
Ubb073a21f6c4,H0204,7.0,2020-04-12,booking
Ubb7caab74705,H0204,5.0,2020-04-12,booking
Ubb7caab74705,H0176,10.0,2020-04-12,booking
Ubb7caab74705,H0541,10.0,2020-04-12,booking
Uda404bd23a27,H0135,10.0,2020-04-12,ivivu
Uf655f3a951af,H0553,9.7,2020-04-12,traveloka
U604ce1b92a17,H0336,8.5,2020-04-13,traveloka
Ube59dcf51c25,H0103,8.5,2020-04-13,traveloka
Ua97d80bda416,H0249,9.7,2020-04-14,traveloka
Uc9bffd3b1185,H0383,9.7,2020-04-14,traveloka
Uedcb2b76b1d3,H0336,9.7,2020-04-15,traveloka
U092d944bba6c,H0454,5.7,2020-04-16,traveloka
U1af4940c2763,H0002,9.1,2020-04-16,traveloka
U73fc01fea2ea,H0496,10.0,2020-04-16,traveloka
Ua3d0dd6a7de7,H0425,9.7,2020-04-16,traveloka
Uc9554a651f69,H0366,9.7,2020-04-16,traveloka
U24568e3c086d,H0191,10.0,2020-04-18,traveloka
U64d33d3a4667,H0334,8.5,2020-04-18,traveloka
U894b673644ac,H0272,7.3,2020-04-18,traveloka
U1df43c1caed6,H0376,10.0,2020-04-21,traveloka
U24349ca9c4fc,H0485,9.7,2020-04-21,traveloka
U6fc6544c3241,H0328,5.8,2020-04-21,traveloka
Udce438badae5,H0465,6.4,2020-04-21,traveloka
U2693151998c3,H0126,8.5,2020-04-22,traveloka
U451859800f17,H0181,6.9,2020-04-22,traveloka
U54b5f7f09372,H0272,5.7,2020-04-22,traveloka
U855fe3142043,H0480,8.0,2020-04-22,ivivu
U6156734cc45f,H0064,6.0,2020-04-23,traveloka
U6156734cc45f,H0446,6.1,2020-04-23,traveloka
Uf1bd839bb79e,H0159,4.9,2020-04-23,traveloka
U7cbfcf6cca7b,H0529,8.5,2020-04-24,traveloka
Uc43924c1f236,H0238,6.2,2020-04-24,traveloka
Ufc258615752a,H0105,7.6,2020-04-24,traveloka
Udd204be56342,H0082,6.0,2020-04-25,ivivu
U652b8f75c8e5,H0412,9.7,2020-04-26,traveloka
U5c6f46cab5c5,H0085,10.0,2020-04-27,traveloka
Ua70d6cc8c74b,H0107,8.8,2020-04-28,traveloka
Ub0c950e637af,H0316,6.0,2020-04-28,ivivu
Ue878cd9b395e,H0478,8.5,2020-04-28,traveloka
U408a093b16d8,H0478,6.1,2020-04-29,traveloka
U48c8034fc2a2,H0311,6.0,2020-04-29,ivivu
U4bf1671e06ad,H0167,6.0,2020-04-29,ivivu
U6aed57bcf821,H0001,7.2,2020-04-29,traveloka
U838e7c4bb9a6,H0311,6.0,2020-04-29,ivivu
Ua099655f939e,H0002,9.1,2020-04-29,traveloka
Ue2b64db9d7fa,H0292,6.0,2020-04-29,ivivu
U0280ce93b7e5,H0286,6.0,2020-04-30,ivivu
U41afa59bc0c2,H0339,4.0,2020-04-30,ivivu
U9858240f2c0c,H0210,6.0,2020-04-30,ivivu
Ub4f035fd00cd,H0191,6.0,2020-04-30,ivivu
Udcbd29cdb635,H0425,8.5,2020-04-30,traveloka
U60b9a7dc7be0,H0132,7.0,2020-05-02,ivivu
Ucd54d6a2cbf7,H0292,7.0,2020-05-02,ivivu
U9fcb9271d596,H0147,9.7,2020-05-03,traveloka
Uae43a1c16f19,H0315,9.4,2020-05-03,traveloka
Uae43a1c16f19,H0289,6.0,2020-05-03,ivivu
Ub93f0105c17d,H0311,6.0,2020-05-03,ivivu
Ucb8b0596da83,H0316,6.0,2020-05-03,ivivu
U3c4b8afedf33,H0485,4.8,2020-05-04,traveloka
U496054107975,H0233,6.0,2020-05-05,traveloka
U5040b454d191,H0290,6.4,2020-05-05,traveloka
U5fc2677022d4,H0162,6.0,2020-05-05,ivivu
U7940b1d3d5a9,H0391,6.0,2020-05-05,ivivu
Uae43a1c16f19,H0162,6.0,2020-05-05,ivivu
Ue77a90d445b8,H0083,8.0,2020-05-05,ivivu
U2f92d6528a2a,H0082,8.0,2020-05-06,ivivu
U4dc878212ec4,H0162,6.0,2020-05-06,ivivu
Uc8e48be24285,H0162,9.7,2020-05-06,traveloka
Udba46e923ee4,H0168,2.0,2020-05-06,ivivu
Uf05fd455a70d,H0138,6.0,2020-05-06,ivivu
U108dc2983e19,H0111,10.0,2020-05-07,traveloka
U4ed83a5ba97d,H0191,8.0,2020-05-07,ivivu
Ub632e65769ad,H0092,6.0,2020-05-07,ivivu
Uf910cfcea493,H0311,9.0,2020-05-07,booking
U21c04597b50a,H0262,9.7,2020-05-08,traveloka
U9e098bc191b8,H0495,9.4,2020-05-08,traveloka
Uaf4dd166c906,H0070,6.0,2020-05-08,traveloka
Uca2026ea3a0c,H0311,7.0,2020-05-08,traveloka
U027a2352019d,H0437,6.0,2020-05-09,ivivu
U0f7876fe0e7b,H0417,9.4,2020-05-09,traveloka
Ucff63afa0680,H0123,6.0,2020-05-09,traveloka
U066902799d4f,H0408,8.0,2020-05-10,booking
U281d39dcb3d6,H0454,9.4,2020-05-10,traveloka
Ub86a99167ce7,H0102,6.0,2020-05-10,booking
Ubb7caab74705,H0205,8.0,2020-05-10,booking
Uc350d4536921,H0166,8.5,2020-05-10,traveloka
U1995d921a404,H0018,8.0,2020-05-11,booking
U5a350d7e7970,H0465,10.0,2020-05-11,booking
U5a7fc67f04c1,H0487,10.0,2020-05-11,booking
U692f04e60090,H0100,9.0,2020-05-11,booking
U9482b53a70de,H0419,9.7,2020-05-11,traveloka
U9fcf0f2937ec,H0295,8.0,2020-05-11,booking
Ub61b940074d3,H0079,5.7,2020-05-11,traveloka
Uc5b4797ed000,H0181,9.0,2020-05-11,booking
Ud97435c31b78,H0174,8.0,2020-05-11,ivivu
Uead9de3f92ec,H0516,8.5,2020-05-11,traveloka
U1995d921a404,H0181,10.0,2020-05-12,booking
Ub5923814a325,H0437,5.0,2020-05-12,booking
Uba48f19fdb1e,H0343,8.0,2020-05-12,ivivu
U041f9a7e287b,H0190,9.7,2020-05-13,traveloka
U1b75ad9e4757,H0315,9.3,2020-05-14,traveloka
U786ee6595891,H0082,6.0,2020-05-14,ivivu
U9712956eb825,H0513,8.0,2020-05-14,ivivu
Ub7a447e222b3,H0238,4.8,2020-05-14,traveloka
Ud2ca66b9ba38,H0439,8.5,2020-05-14,traveloka
Ufadaca161da5,H0051,4.8,2020-05-14,traveloka
U3cd07d859395,H0159,8.5,2020-05-15,traveloka
Ua7bb542abb39,H0480,6.0,2020-05-15,ivivu
Uac8fa35c35a0,H0269,6.0,2020-05-15,ivivu
Ue2b809a4c18c,H0183,6.0,2020-05-15,ivivu
Ufe526a296034,H0476,6.0,2020-05-15,traveloka
U168e558180da,H0376,6.0,2020-05-16,ivivu
U3373e2b02565,H0526,8.0,2020-05-16,ivivu
U3b401f88b3ea,H0521,9.1,2020-05-16,traveloka
Uca09ff9a532f,H0240,6.0,2020-05-16,ivivu
Uda808773dfcb,H0439,6.0,2020-05-16,ivivu
Ue340fc11a4c4,H0347,6.2,2020-05-16,traveloka
Ue8ca57d226cc,H0454,9.3,2020-05-16,traveloka
Ufafeab59023c,H0201,6.3,2020-05-16,traveloka
U4f4baf50d3db,H0232,7.1,2020-05-17,traveloka
Ue05d222c6e89,H0516,6.2,2020-05-17,traveloka
U1e30de0a5d66,H0311,5.5,2020-05-18,traveloka
U413af4c789f5,H0521,6.3,2020-05-18,traveloka
U488212eb7385,H0147,8.8,2020-05-18,traveloka
U6a2f807061cb,H0487,8.5,2020-05-18,traveloka
U2d76b396a3e1,H0304,8.7,2020-05-20,traveloka
U967df8ac0929,H0147,6.4,2020-05-20,traveloka
Ucdf99a0cd2b0,H0485,9.1,2020-05-20,traveloka
U358042d4503c,H0009,6.0,2020-05-21,traveloka
U46a495197a90,H0526,6.0,2020-05-21,ivivu
Ub38cd58efe46,H0544,10.0,2020-05-21,traveloka
Ud6f1e1d4ef74,H0218,9.1,2020-05-22,traveloka
U00ff0cdb4af1,H0245,4.0,2020-05-23,ivivu
U1ae7b943d2e4,H0411,6.0,2020-05-23,traveloka
U41fc4c3de34a,H0245,10.0,2020-05-23,ivivu
U4abdf98b5eec,H0257,10.0,2020-05-23,ivivu
U6b39ca0916f4,H0169,7.0,2020-05-23,ivivu
U80c27aee50be,H0316,6.0,2020-05-23,ivivu
Uae43a1c16f19,H0544,8.0,2020-05-23,ivivu
Ud52a2060b81b,H0183,6.0,2020-05-23,ivivu
Ud9ff703d90aa,H0191,6.0,2020-05-23,ivivu
U077ca5e12771,H0261,7.0,2020-05-24,ivivu
U1fa27d79c050,H0086,8.0,2020-05-24,ivivu
U7ed636518906,H0002,9.1,2020-05-24,traveloka
U80c27aee50be,H0558,9.7,2020-05-24,traveloka
Uc08469080293,H0183,6.0,2020-05-24,ivivu
Uf05fd455a70d,H0440,6.0,2020-05-24,ivivu
Uf4ea3a54f0e4,H0218,6.0,2020-05-24,ivivu
U9e03d6c6e134,H0089,6.3,2020-05-25,traveloka
Uc64e000a695f,H0311,6.0,2020-05-25,ivivu
Ud39a7ea85828,H0439,2.0,2020-05-25,ivivu
Ud8bf27ae2ccb,H0085,9.7,2020-05-25,traveloka
U3cbef21b1039,H0191,6.0,2020-05-26,ivivu
U9090f6ef44bc,H0114,8.0,2020-05-26,ivivu
Uac3d5460e3bd,H0126,5.4,2020-05-26,traveloka
Ud3cfecf9cc58,H0316,6.0,2020-05-26,ivivu
Uedc518d34703,H0290,5.6,2020-05-26,traveloka
U8c990acd323a,H0414,5.9,2020-05-27,traveloka
Ucaf52ae1fdca,H0485,5.6,2020-05-27,traveloka
U08d9193957ec,H0369,6.0,2020-05-28,ivivu
U0e129e41c303,H0204,8.0,2020-05-28,ivivu
Ubb68598ff0b9,H0324,10.0,2020-05-28,traveloka
Ucdf99a0cd2b0,H0249,6.0,2020-05-28,traveloka
Uedff19f35137,H0162,6.0,2020-05-28,ivivu
U17df181ce620,H0048,10.0,2020-05-29,ivivu
U2ce6a409d538,H0527,6.0,2020-05-29,ivivu
U5f876834aaab,H0439,8.5,2020-05-29,traveloka
U608ece90ea26,H0086,10.0,2020-05-29,ivivu
U82b97d144ba2,H0349,5.1,2020-05-29,traveloka
Uda278bdb755f,H0182,8.0,2020-05-29,ivivu
U1b7649656b73,H0376,10.0,2020-05-30,ivivu
U46722b9b92c0,H0335,5.6,2020-05-30,traveloka
U4fdaa01fb955,H0551,6.0,2020-05-30,traveloka
U9307215f9d11,H0551,5.4,2020-05-30,traveloka
U93a7b3172364,H0376,6.0,2020-05-30,ivivu
U93a7b3172364,H0376,7.0,2020-05-30,ivivu
Uc010d72fe71e,H0339,6.0,2020-05-30,ivivu
Ue2586d672223,H0376,7.0,2020-05-30,ivivu
Ud3331afbb2ee,H0292,6.0,2020-05-31,ivivu
U0bafd6b0c352,H0107,8.5,2020-06-01,traveloka
U20c464b766f1,H0311,5.6,2020-06-01,traveloka
U3698102bf701,H0412,5.2,2020-06-01,traveloka
U51e843464940,H0316,6.0,2020-06-01,ivivu
Ub5a530ceaf6f,H0183,10.0,2020-06-01,ivivu
U02124ccbdf47,H0547,8.5,2020-06-02,traveloka
U988ec0ade8f3,H0392,6.0,2020-06-02,ivivu
U210975ccc06d,H0426,8.5,2020-06-03,traveloka
U993d8a183480,H0521,9.1,2020-06-03,traveloka
Uc436ef224467,H0366,9.4,2020-06-03,traveloka
Ub70d71bcf281,H0559,6.7,2020-06-04,traveloka
Udda76aac6400,H0485,6.0,2020-06-04,traveloka
U0ecc2ccdbec5,H0440,8.0,2020-06-05,ivivu
U96b1029ffca2,H0329,6.1,2020-06-05,traveloka
Ua7ef30943bd2,H0136,6.7,2020-06-05,traveloka
Uef484981fb36,H0492,5.1,2020-06-05,traveloka
U0dc41c417bf0,H0232,6.5,2020-06-06,traveloka
U608048973bd0,H0541,6.0,2020-06-06,ivivu
U7fcc7ad03e6e,H0215,9.1,2020-06-06,traveloka
Uced7cad49622,H0324,6.5,2020-06-06,traveloka
Ue2b809a4c18c,H0393,10.0,2020-06-06,ivivu
Uff1d6b697011,H0232,6.0,2020-06-06,traveloka
U0c91224386a2,H0508,8.0,2020-06-07,ivivu
U1e84baf9b7e4,H0510,9.7,2020-06-07,traveloka
U896ab7ee77eb,H0516,10.0,2020-06-07,traveloka
Uae2ec89390f6,H0123,9.4,2020-06-07,traveloka
Uc350d4536921,H0485,5.4,2020-06-07,traveloka
Uf4414fd8aa57,H0124,10.0,2020-06-07,ivivu
Ucbe98c1a341e,H0427,6.0,2020-06-08,traveloka
U078477765ef9,H0535,8.5,2020-06-09,traveloka
U6adf8ac95bab,H0510,5.9,2020-06-09,traveloka
U82a5ed2b4568,H0205,10.0,2020-06-09,booking
Uac8fa35c35a0,H0480,10.0,2020-06-09,ivivu
Uf8369438fba8,H0551,8.8,2020-06-09,traveloka
U020c0ff535c9,H0205,10.0,2020-06-10,booking
U2a46e9aec727,H0214,10.0,2020-06-10,booking
U3255bc839173,H0521,6.1,2020-06-10,traveloka
U4ceba8673ab5,H0408,9.0,2020-06-10,booking
U6a1ec282d822,H0444,6.0,2020-06-10,booking
U72d8f85b3fb4,H0408,7.0,2020-06-10,booking
Uaf787a152bdc,H0397,10.0,2020-06-10,booking
Ubb7caab74705,H0156,6.0,2020-06-10,booking
Ucdd976f3cab8,H0542,5.4,2020-06-10,traveloka
U16c2298dc0c0,H0439,7.0,2020-06-11,booking
U5d9d11c9e7b1,H0191,7.6,2020-06-11,traveloka
U655646f09724,H0087,9.0,2020-06-11,booking
Ubb7caab74705,H0025,7.0,2020-06-11,booking
Ud5e96e33e932,H0541,9.0,2020-06-11,booking
Ue3b5c3f8ed97,H0182,6.0,2020-06-11,ivivu
Ue40e630a1ec9,H0216,5.6,2020-06-11,traveloka
U699916231e95,H0510,9.0,2020-06-12,booking
Uae7e073d6838,H0311,7.0,2020-06-12,booking
Ubb7caab74705,H0397,5.0,2020-06-12,booking
Ueb608ccf6373,H0459,10.0,2020-06-12,booking
U58385c843b9e,H0499,8.5,2020-06-13,traveloka
Ub4b9e4afc2c2,H0147,6.0,2020-06-13,ivivu
U6753c33e2aa6,H0369,6.0,2020-06-15,ivivu
Ud1482684ee2a,H0347,9.4,2020-06-15,traveloka
Ufb76d8ac71f8,H0086,8.0,2020-06-15,ivivu
U6d111526ceb6,H0003,9.1,2020-06-16,traveloka
Ud8c97cd805c3,H0516,8.8,2020-06-16,traveloka
Uc6fa56070267,H0491,10.0,2020-06-17,ivivu
U059d6bec6166,H0311,5.8,2020-06-18,traveloka
Ubec0e5a60077,H0507,9.0,2020-06-18,traveloka
Uf920f2161200,H0031,10.0,2020-06-18,ivivu
U265ba6238ba9,H0203,8.0,2020-06-20,ivivu
U4c4407532f7b,H0151,6.0,2020-06-20,ivivu
U4f57e5d2d4c5,H0064,9.4,2020-06-20,traveloka
U77f02e1581dc,H0174,10.0,2020-06-20,ivivu
U796bd77180d9,H0496,8.8,2020-06-20,traveloka
Ua8a5e079dfb5,H0434,7.3,2020-06-20,traveloka
U3ebd90487cb9,H0195,6.3,2020-06-23,traveloka
U9ee4369381af,H0551,10.0,2020-06-23,traveloka
U652610b6e37a,H0532,10.0,2020-06-24,ivivu
U704c66009c2a,H0331,6.2,2020-06-24,traveloka
U1495610546e3,H0097,9.7,2020-06-25,traveloka
U62615f10589d,H0070,8.5,2020-06-25,traveloka
U9de91bc41736,H0133,8.0,2020-06-25,ivivu
Uae43a1c16f19,H0534,6.0,2020-06-25,traveloka
Ubb4e197d0713,H0039,6.0,2020-06-25,traveloka
Uf3ea7b0fbef8,H0123,6.4,2020-06-25,traveloka
U092ab664cd88,H0391,6.0,2020-06-26,ivivu
U9dd70143981f,H0521,9.7,2020-06-26,traveloka
Uc46fdd65b43c,H0086,10.0,2020-06-26,ivivu
U373fef02f052,H0040,10.0,2020-06-27,ivivu
U7f1d82df196e,H0203,8.0,2020-06-27,ivivu
U1787cdb644cb,H0535,9.3,2020-06-28,traveloka
U4558266492a4,H0143,6.0,2020-06-28,ivivu
U633e220a4624,H0491,7.0,2020-06-28,ivivu
U9bad77e5dda4,H0433,9.7,2020-06-28,traveloka
Ua57c3a20da62,H0477,2.0,2020-06-28,ivivu
U11c70aef9470,H0491,8.0,2020-06-29,ivivu
U36eae7b366ff,H0283,8.0,2020-06-29,ivivu
U5f7e29108d51,H0485,9.7,2020-06-29,traveloka
U9ee65e421775,H0366,6.9,2020-06-29,traveloka
Ua97ea2381742,H0336,9.4,2020-06-29,traveloka
Ue665b206d88a,H0203,10.0,2020-06-29,ivivu
U7c1ed0a44015,H0181,9.1,2020-06-30,traveloka
Ud4c36fc32235,H0051,8.5,2020-06-30,traveloka
Ua7e9c312e9d8,H0237,6.0,2020-07-01,ivivu
U94fc5be3a4cd,H0147,6.0,2020-07-02,traveloka
U5636e1d3913f,H0147,6.0,2020-07-03,ivivu
Uade6b912060b,H0485,9.7,2020-07-03,traveloka
Uc04b04250c9f,H0316,6.0,2020-07-03,ivivu
Uf2a33ffd2ea4,H0415,7.0,2020-07-03,ivivu
U8ca6d6ebb1f9,H0439,8.0,2020-07-05,ivivu
Ua3a340e09934,H0101,9.7,2020-07-05,traveloka
Ua7bb542abb39,H0084,10.0,2020-07-05,ivivu
Ub316660cedb0,H0084,10.0,2020-07-06,ivivu
Uda42d5acf171,H0324,9.7,2020-07-06,traveloka
Uf2a33ffd2ea4,H0283,10.0,2020-07-06,ivivu
U29cfa3d987f5,H0111,4.8,2020-07-07,traveloka
U71f4da10c5ed,H0092,8.0,2020-07-07,ivivu
U896ab7ee77eb,H0272,4.5,2020-07-07,traveloka
U9a7a8c65b078,H0181,8.5,2020-07-07,traveloka
Udcc35c827775,H0091,6.0,2020-07-07,ivivu
U019b6463f91c,H0366,9.4,2020-07-09,traveloka
U4ad7344972fa,H0369,6.0,2020-07-09,traveloka
Ubb7caab74705,H0433,5.0,2020-07-09,booking
Ubb7caab74705,H0205,5.0,2020-07-09,booking
Uc7110aaf2bea,H0214,10.0,2020-07-09,booking
U248f91b5d65e,H0078,6.0,2020-07-10,booking
Ubb7caab74705,H0087,10.0,2020-07-10,booking
Uc58069ce9da2,H0408,8.0,2020-07-10,booking
U079c0757a971,H0415,10.0,2020-07-11,ivivu
U10294b6acb7b,H0414,8.5,2020-07-11,traveloka
U1995d921a404,H0005,8.0,2020-07-11,booking
Uae8735b5c0c9,H0332,7.0,2020-07-11,booking
Ub6449c27ea57,H0397,10.0,2020-07-11,booking
Uc43682ad0fad,H0437,8.0,2020-07-11,booking
Uc7110aaf2bea,H0176,10.0,2020-07-11,booking
Udaa955c5159f,H0269,2.0,2020-07-11,ivivu
U1525adc7b68a,H0194,5.0,2020-07-12,booking
U1995d921a404,H0437,8.0,2020-07-12,booking
U3d7f89cf8fe2,H0521,6.3,2020-07-12,traveloka
U82f103385c33,H0532,8.0,2020-07-12,booking
Uc42bc8d1d46b,H0182,9.1,2020-07-12,traveloka
Uc9fc9f53967b,H0546,10.0,2020-07-12,booking
Ue6e3a62eed14,H0398,6.0,2020-07-12,booking
U234547534956,H0396,6.0,2020-07-14,traveloka
U8ad118edd72e,H0535,7.2,2020-07-14,traveloka
U93dcc23a7fc9,H0422,10.0,2020-07-14,ivivu
Ub316660cedb0,H0542,9.7,2020-07-14,traveloka
Udd54e22b66e8,H0159,8.8,2020-07-14,traveloka
U4558266492a4,H0316,6.0,2020-07-15,ivivu
U520e66c0a723,H0496,7.0,2020-07-15,traveloka
U85302e08d43d,H0137,10.0,2020-07-15,ivivu
Ubca6165f7fb3,H0232,8.5,2020-07-15,traveloka
Uc627f3b1823f,H0166,8.5,2020-07-15,traveloka
U2abd0a6818aa,H0336,5.1,2020-07-16,traveloka
U5f674cd43d0e,H0211,10.0,2020-07-16,ivivu
U1b9aba67387a,H0002,4.9,2020-07-17,traveloka
U3732d68063ac,H0086,10.0,2020-07-17,ivivu
U5fc2677022d4,H0425,8.0,2020-07-17,ivivu
U6e36c45e2302,H0249,5.8,2020-07-17,traveloka
U7b5d70f6d2f1,H0124,8.0,2020-07-17,ivivu
U85302e08d43d,H0468,4.0,2020-07-17,ivivu
U9b371b4f4f9f,H0032,5.1,2020-07-17,traveloka
Ud1053a726167,H0086,10.0,2020-07-17,ivivu
U3ee36558f81c,H0394,6.0,2020-07-18,ivivu
Ub7c231255cb2,H0433,5.7,2020-07-18,traveloka
U8211793ebb9a,H0521,6.0,2020-07-19,traveloka
Uccb463f07aef,H0195,8.5,2020-07-19,traveloka
U4558266492a4,H0274,10.0,2020-07-20,ivivu
Ucdfd2b97c311,H0150,6.0,2020-07-20,ivivu
Ud8e7b40a1b7c,H0452,9.7,2020-07-20,traveloka
Udd5cf13167c8,H0464,8.0,2020-07-20,ivivu
U069eb58e14a0,H0369,6.0,2020-07-21,ivivu
U137be1c111ea,H0369,6.0,2020-07-21,ivivu
U53e2739081aa,H0516,8.5,2020-07-21,traveloka
U529d29e0363c,H0131,10.0,2020-07-22,ivivu
U992eb76f0f60,H0181,8.5,2020-07-22,traveloka
U2dbafae70e59,H0272,4.8,2020-07-23,traveloka
U65bdc24be0ac,H0439,10.0,2020-07-23,traveloka
U66031e530a70,H0369,8.0,2020-07-23,ivivu
Ue150fde85541,H0394,6.0,2020-07-23,ivivu
U7c00a62e2a97,H0162,6.0,2020-07-24,traveloka
U9482b53a70de,H0181,6.3,2020-07-24,traveloka
Uce0dcd5d8c2f,H0135,10.0,2020-07-24,ivivu
U3825ba977389,H0522,10.0,2020-07-25,ivivu
U40fee10584f8,H0376,8.8,2020-07-25,traveloka
U76afb2182244,H0147,6.0,2020-07-25,ivivu
Ua6978da67bc2,H0169,10.0,2020-07-25,ivivu
Ua97268bdc1bc,H0029,10.0,2020-07-25,ivivu
Uad130a01d145,H0159,9.7,2020-07-25,traveloka
U163316d7c605,H0169,7.0,2020-07-26,ivivu
U18885dbcc8d4,H0159,8.5,2020-07-26,traveloka
U396e6e5dd83d,H0440,6.0,2020-07-26,ivivu
U49d3acc6fe53,H0089,6.0,2020-07-26,traveloka
Ue29f69035ce9,H0360,6.0,2020-07-26,ivivu
Ueb0eb3700820,H0138,6.0,2020-07-26,ivivu
U2a5082ab5765,H0376,6.0,2020-07-27,ivivu
U42d2ad3dc9f1,H0091,6.0,2020-07-27,ivivu
U72a31a35b4f4,H0001,5.4,2020-07-27,traveloka
U8410b4c5aaeb,H0510,10.0,2020-07-27,booking
Ufad55f1c6d73,H0329,6.0,2020-07-27,traveloka
U29957ca14a89,H0480,8.0,2020-07-28,ivivu
U5f40ada838cc,H0110,6.0,2020-07-28,ivivu
U6296d3139ee1,H0467,9.4,2020-07-28,traveloka
U9de91bc41736,H0182,6.4,2020-07-29,traveloka
U1dc0ef99543b,H0083,10.0,2020-07-30,ivivu
Ub9b43c70fe83,H0516,6.7,2020-07-30,traveloka
Uc6768345448b,H0438,6.0,2020-07-30,ivivu
Uac8fa35c35a0,H0535,5.7,2020-07-31,traveloka
U264ba6497a53,H0065,7.0,2020-08-01,traveloka
U02adaf2612ac,H0162,9.7,2020-08-02,traveloka
U057fcf5425ca,H0249,8.5,2020-08-02,traveloka
U945099b0d88d,H0439,6.4,2020-08-02,traveloka
Ubb1b97eff995,H0324,6.0,2020-08-02,traveloka
U133b06b001b6,H0551,8.5,2020-08-03,traveloka
U28bb4008499a,H0516,6.1,2020-08-03,traveloka
U3c4acd15e2e7,H0311,6.9,2020-08-03,traveloka
U4080163a6659,H0557,8.5,2020-08-03,traveloka
U58385c843b9e,H0394,10.0,2020-08-03,traveloka
U77969e2a5c11,H0238,9.7,2020-08-03,traveloka
Uacd3c063a3d3,H0086,8.0,2020-08-03,ivivu
Ub70455eb6297,H0072,10.0,2020-08-03,traveloka
U2070db327583,H0417,6.1,2020-08-04,traveloka
U133a38bd072a,H0480,10.0,2020-08-05,ivivu
U21f30230fde5,H0269,6.0,2020-08-05,ivivu
U803a4b685d4a,H0369,10.0,2020-08-05,ivivu
U9541b737b8ef,H0369,8.0,2020-08-05,ivivu
U9c2086af9bd6,H0311,8.0,2020-08-05,ivivu
Ua4b451b7a3e7,H0485,8.5,2020-08-05,traveloka
Ua66dbe3d2ab9,H0286,6.0,2020-08-05,ivivu
Uac8fa35c35a0,H0544,6.0,2020-08-05,ivivu
Uae43a1c16f19,H0189,8.0,2020-08-05,ivivu
Uba48f19fdb1e,H0316,6.0,2020-08-05,ivivu
Ubbfe974843b7,H0394,6.0,2020-08-05,ivivu
Uda547c48b0a3,H0541,6.0,2020-08-05,ivivu
Ue27effb7a748,H0316,6.0,2020-08-05,ivivu
U1f0cf53bbc2e,H0105,8.5,2020-08-06,traveloka
U281e32d55a14,H0369,10.0,2020-08-06,ivivu
Ud2516693b9ec,H0232,10.0,2020-08-06,traveloka
U320ce8abab8d,H0283,10.0,2020-08-07,ivivu
U7f1d82df196e,H0210,8.0,2020-08-07,ivivu
Ud7527e2dfc4f,H0210,8.0,2020-08-07,ivivu
Udb53b7822867,H0084,4.0,2020-08-07,ivivu
U50aa95c1d308,H0465,9.7,2020-08-08,traveloka
U6af456a259bb,H0311,9.7,2020-08-08,traveloka
U766ff17d34ee,H0553,8.5,2020-08-08,traveloka
Ub0988e0a0e81,H0311,10.0,2020-08-08,traveloka
Uc2c7aebf91b8,H0516,9.7,2020-08-08,traveloka
Ud988f30458dc,H0213,10.0,2020-08-08,booking
U5e851c1d3f23,H0383,5.4,2020-08-09,traveloka
Ua02bf2535906,H0181,10.0,2020-08-09,booking
Ubb7caab74705,H0238,9.0,2020-08-09,booking
Uc7110aaf2bea,H0506,10.0,2020-08-09,booking
Uca9f4886522f,H0454,6.1,2020-08-09,traveloka
U6ee8629c8a1a,H0352,2.0,2020-08-10,booking
U732f3a697fa2,H0220,6.0,2020-08-10,booking
U8b48f1abe5bb,H0181,5.0,2020-08-10,booking
Uaa192bb2a430,H0425,10.0,2020-08-10,ivivu
Ubb7caab74705,H0008,7.0,2020-08-10,booking
Uc439ac066a38,H0444,10.0,2020-08-10,booking
U025c0bdadae4,H0518,7.0,2020-08-11,booking
U5a350d7e7970,H0529,10.0,2020-08-11,booking
U6840254d67f2,H0541,9.0,2020-08-11,booking
U686ae5f5394a,H0165,10.0,2020-08-11,booking
U7a37ffff8050,H0506,4.0,2020-08-11,booking
Ubd2f7b25d1db,H0294,6.4,2020-08-11,traveloka
Ud4c36fc32235,H0523,9.7,2020-08-11,traveloka
Uf501175e0753,H0465,10.0,2020-08-11,booking
U5a350d7e7970,H0181,5.0,2020-08-12,booking
U615a70a2c0ad,H0311,10.0,2020-08-12,ivivu
U6a1ec282d822,H0225,9.0,2020-08-12,booking
U70d1cb8e578b,H0204,8.0,2020-08-12,booking
U8ffa08b1d4d5,H0200,9.0,2020-08-12,booking
Ubb7caab74705,H0102,6.0,2020-08-12,booking
Uc5b4797ed000,H0439,7.0,2020-08-12,booking
U465cd70e9370,H0294,6.7,2020-08-13,traveloka
U4ff8b79de2f2,H0068,9.7,2020-08-13,traveloka
U7a9e710ced89,H0336,9.7,2020-08-13,traveloka
Ub5056dd21bf3,H0272,6.0,2020-08-13,traveloka
U9e2de1fcac39,H0117,9.4,2020-08-14,traveloka
Uc468bad2587a,H0399,9.7,2020-08-14,traveloka
U19591d01e048,H0369,6.0,2020-08-16,ivivu
Ue83b093de198,H0311,8.0,2020-08-16,booking
U05c1d71e828f,H0225,9.7,2020-08-17,traveloka
U5780a7d2010b,H0516,5.4,2020-08-17,traveloka
U7f06c5efdaea,H0521,9.4,2020-08-17,traveloka
U8c0a0671a9f2,H0425,8.5,2020-08-17,traveloka
Ub4f59bd4b1d2,H0070,6.0,2020-08-17,traveloka
U7843fcd94cb1,H0272,6.0,2020-08-18,traveloka
Uae43a1c16f19,H0092,8.5,2020-08-18,traveloka
Uca7f2e5f883e,H0370,8.5,2020-08-18,traveloka
Ue15106c42240,H0191,6.0,2020-08-18,ivivu
U4f2b1d7a2adb,H0414,6.2,2020-08-19,traveloka
U6abc54e51970,H0008,7.0,2020-08-19,booking
U0404167ea0f2,H0414,6.3,2020-08-20,traveloka
U1e84baf9b7e4,H0324,5.8,2020-08-20,traveloka
U225b98238e0d,H0032,9.7,2020-08-20,traveloka
Ue37c67c71bb1,H0181,6.0,2020-08-20,traveloka
Uf2a33ffd2ea4,H0051,7.2,2020-08-20,traveloka
U5f40ada838cc,H0299,6.0,2020-08-21,ivivu
U62d3172dca72,H0557,8.7,2020-08-21,traveloka
Uc67a0c9c4451,H0437,10.0,2020-08-21,ivivu
Ucb8b0596da83,H0535,9.3,2020-08-21,traveloka
Uee7dd6180a2c,H0387,10.0,2020-08-21,ivivu
U6b65cbb880ba,H0272,9.1,2020-08-22,traveloka
U8ff39e5063c5,H0064,8.3,2020-08-22,traveloka
U4cb3b1d91a41,H0527,8.0,2020-08-23,ivivu
U77f2ac846bab,H0107,6.4,2020-08-23,traveloka
Ue177cc7165a9,H0123,6.8,2020-08-23,traveloka
U4d150082b751,H0232,7.0,2020-08-24,traveloka
U65027ad1523a,H0159,5.1,2020-08-24,traveloka
Uf2533c3e0101,H0551,7.0,2020-08-24,traveloka
U3323f9694cfa,H0414,4.5,2020-08-25,traveloka
U5aca643e0a7e,H0516,6.2,2020-08-25,traveloka
Ud634c9a6aebd,H0294,9.7,2020-08-25,traveloka
Ud66ebf5e1f66,H0311,2.0,2020-08-25,ivivu
Ucb8b0596da83,H0382,6.0,2020-08-26,traveloka
U0b1d48177562,H0446,5.4,2020-08-27,traveloka
U6bdab0b6e618,H0385,6.0,2020-08-27,traveloka
U310b0e2ae042,H0159,5.8,2020-08-28,traveloka
U425d881cdeaa,H0115,8.5,2020-08-28,traveloka
U8a47ae5ab74a,H0434,6.0,2020-08-28,traveloka
U8c76ec02c4ce,H0216,9.7,2020-08-28,traveloka
Ue0a8a900cb7b,H0535,9.4,2020-08-28,traveloka
U358042d4503c,H0496,6.1,2020-08-29,traveloka
U4a9d38ba0b99,H0487,9.7,2020-08-29,traveloka
U6a31d80a6b98,H0032,6.0,2020-08-29,traveloka
Ubdcd40d001cf,H0147,9.7,2020-08-29,traveloka
Ud9e59d956325,H0394,8.0,2020-08-29,ivivu
U7e450d331686,H0113,6.0,2020-08-30,traveloka
U8c2426a99a7b,H0369,8.0,2020-08-30,ivivu
U1b13fe0a5738,H0111,8.5,2020-08-31,traveloka
U329554b629c2,H0557,6.4,2020-08-31,traveloka
U93a7b3172364,H0542,9.7,2020-08-31,traveloka
U62643e9a2fea,H0534,8.5,2020-09-01,traveloka
U6bb3fff6de23,H0557,5.8,2020-09-02,traveloka
Ub7531fdfb0fa,H0215,8.5,2020-09-02,traveloka
U3a958ef2a848,H0394,10.0,2020-09-03,ivivu
U44027a53d3f5,H0132,6.0,2020-09-03,ivivu
U83cd2c3dbaa6,H0159,4.8,2020-09-03,traveloka
U6300366c31d2,H0331,9.1,2020-09-04,traveloka
Ucd9b06271443,H0417,8.5,2020-09-04,traveloka
U56b5e4d79130,H0191,8.0,2020-09-05,ivivu
U58166a1cc000,H0425,8.5,2020-09-05,traveloka
U827f5302c7f3,H0342,8.0,2020-09-05,ivivu
U8fca6b356bd1,H0544,6.0,2020-09-05,ivivu
Ubf3324d9737b,H0394,6.0,2020-09-05,ivivu
Uc5d5babb2afe,H0548,6.0,2020-09-05,ivivu
Uc6a946110054,H0002,5.4,2020-09-05,traveloka
Ucbe98c1a341e,H0292,6.0,2020-09-05,ivivu
U25892271dcde,H0168,10.0,2020-09-06,ivivu
U4cc77dc021c0,H0159,5.9,2020-09-06,traveloka
U7f778acf3395,H0203,10.0,2020-09-07,ivivu
Uae43a1c16f19,H0440,8.0,2020-09-07,ivivu
Ub8cfda1c2a61,H0383,10.0,2020-09-07,traveloka
Uc9422d0ace14,H0178,9.4,2020-09-07,traveloka
Uf06d008e4810,H0138,8.0,2020-09-07,ivivu
Ua66dbe3d2ab9,H0230,9.4,2020-09-08,traveloka
Ufe21bbc81d6f,H0249,6.2,2020-09-08,traveloka
U6a1ec282d822,H0099,8.0,2020-09-09,booking
U7fa613e5002e,H0437,8.0,2020-09-09,booking
U16c2298dc0c0,H0343,10.0,2020-09-10,booking
U2278f685b611,H0465,3.0,2020-09-10,booking
U36eae7b366ff,H0366,6.0,2020-09-10,traveloka
U462f6a8d1f38,H0234,5.0,2020-09-10,booking
U467daa13540d,H0333,10.0,2020-09-10,booking
U5aebf4da3f4d,H0349,8.0,2020-09-10,booking
Uc9fc9f53967b,H0200,10.0,2020-09-10,booking
U487120a75126,H0311,8.0,2020-09-11,booking
U61419e49de12,H0099,9.0,2020-09-11,booking
U940aca00aaef,H0190,5.4,2020-09-11,traveloka
Ua1752322a69b,H0175,6.0,2020-09-11,traveloka
Ue6d12c37c059,H0220,9.0,2020-09-11,booking
Uf13534b7de0c,H0533,9.0,2020-09-11,booking
U1acf77c84ed6,H0495,8.2,2020-09-12,traveloka
U487120a75126,H0087,8.0,2020-09-12,booking
U487120a75126,H0218,9.0,2020-09-12,booking
U8c5492d08f33,H0487,9.0,2020-09-12,booking
U9482b53a70de,H0559,5.2,2020-09-12,traveloka
Ub88006c8832f,H0087,8.0,2020-09-12,booking
Uc6bcffae4588,H0002,8.5,2020-09-12,traveloka
U55ba0a35377a,H0220,10.0,2020-09-13,booking
U5c6237e91fbb,H0425,8.5,2020-09-13,traveloka
U204f0e93ae39,H0269,10.0,2020-09-14,ivivu
U7a9a99ec49cf,H0220,9.0,2020-09-14,booking
Ucfcbfd9b45f7,H0496,8.8,2020-09-14,traveloka
U69168b9beb54,H0328,10.0,2020-09-15,traveloka
U9dc07d3d60bc,H0159,8.7,2020-09-15,traveloka
Ub6e99e2b8fa4,H0271,6.0,2020-09-15,traveloka
U83ef7251dc88,H0347,5.1,2020-09-16,traveloka
Uda9a6542b347,H0336,6.2,2020-09-16,traveloka
U145da8d2a55f,H0419,8.8,2020-09-17,traveloka
U399a5ae4658d,H0257,10.0,2020-09-17,ivivu
U7b2904937311,H0336,9.4,2020-09-17,traveloka
U852c1dc037a7,H0107,6.1,2020-09-17,traveloka
Ue87bc727f137,H0092,9.4,2020-09-17,traveloka
U30d77a374047,H0529,9.7,2020-09-18,traveloka
U4cc77dc021c0,H0462,8.5,2020-09-18,traveloka
U6b44cd2315cf,H0272,9.4,2020-09-18,traveloka
Ud1482684ee2a,H0404,5.2,2020-09-18,traveloka
U8fae85b0bd26,H0311,9.7,2020-09-19,traveloka
Uc2eafeeb199a,H0205,10.0,2020-09-19,booking
U43c9681df962,H0439,10.0,2020-09-20,booking
U62643e9a2fea,H0311,9.4,2020-09-20,traveloka
U6a6b428186ed,H0126,6.8,2020-09-20,traveloka
U7369ea966365,H0200,9.0,2020-09-20,booking
U7c1d5d39a5a6,H0175,8.5,2020-09-20,traveloka
Ucdb941408161,H0304,8.8,2020-09-20,traveloka
Ueef6d0dab6d7,H0191,7.0,2020-09-20,traveloka
U903475ca8f76,H0329,9.7,2020-09-21,traveloka
U7006b5c5a644,H0064,8.4,2020-09-22,traveloka
U7d4ce64d5367,H0535,9.7,2020-09-22,traveloka
Ua0aeced8352c,H0336,6.3,2020-09-22,traveloka
U0c91224386a2,H0123,5.9,2020-09-23,traveloka
U3abbbe813dec,H0332,10.0,2020-09-23,booking
U3e5b22f6d6f1,H0529,8.0,2020-09-23,booking
U9e28bb132676,H0382,6.3,2020-09-23,traveloka
Uc48b1af35531,H0383,6.0,2020-09-23,traveloka
Ucaa5e34765c3,H0205,10.0,2020-09-23,booking
U5f62075772c8,H0521,8.3,2020-09-25,traveloka
U7a753a75ca66,H0461,6.2,2020-09-25,traveloka
U8c5492d08f33,H0018,10.0,2020-09-25,booking
U90d78f0696c5,H0232,10.0,2020-09-26,traveloka
Ua2199e68b1bb,H0454,9.4,2020-09-26,traveloka
Ua8a1269428a1,H0412,3.0,2020-09-26,booking
U2a46e9aec727,H0181,9.0,2020-09-27,booking
U9fcf0f2937ec,H0179,2.0,2020-09-27,booking
Ub4fa1bcf456b,H0521,5.1,2020-09-27,traveloka
Ubb7caab74705,H0425,1.0,2020-09-27,booking
Ue25006743595,H0311,6.6,2020-09-27,traveloka
U1525adc7b68a,H0532,9.0,2020-09-28,booking
U4a5cf7388154,H0382,9.7,2020-09-28,traveloka
U5eee0df3dac0,H0521,10.0,2020-09-28,traveloka
U98b8f579969c,H0311,9.4,2020-09-28,traveloka
Ubb7caab74705,H0533,10.0,2020-09-28,booking
Udcd7545e9dfa,H0181,10.0,2020-09-28,booking
U4c420b5600c8,H0425,9.7,2020-09-29,traveloka
U798f3e2e5949,H0519,8.5,2020-09-29,traveloka
U7dc4e664d20f,H0535,9.3,2020-09-29,traveloka
Ua5bb41e90053,H0485,8.5,2020-09-29,traveloka
Ua933f7934422,H0446,6.2,2020-09-29,traveloka
Uc5cd2dc76bfe,H0085,9.7,2020-09-29,traveloka
U16c2298dc0c0,H0437,9.0,2020-09-30,booking
U38323133860e,H0383,5.9,2020-09-30,traveloka
U51e843464940,H0375,10.0,2020-09-30,traveloka
U55ba0a35377a,H0437,8.0,2020-09-30,booking
Uae43a1c16f19,H0550,9.0,2020-09-30,traveloka
U1ac1446e9350,H0269,6.0,2020-10-01,ivivu
U1d38385bfa00,H0465,6.4,2020-10-01,traveloka
U22ae04a45135,H0311,9.7,2020-10-01,traveloka
U6eedf8781065,H0191,5.1,2020-10-02,traveloka
Uababdf0a0209,H0482,6.0,2020-10-02,ivivu
U45315b20ff3b,H0092,6.0,2020-10-03,ivivu
U48d1bc9dfb3a,H0476,6.0,2020-10-03,traveloka
U80024e4ed705,H0051,6.0,2020-10-03,traveloka
Uaa54b9c26db0,H0369,10.0,2020-10-03,ivivu
Uf2a33ffd2ea4,H0518,8.0,2020-10-03,ivivu
U62643e9a2fea,H0485,6.1,2020-10-04,traveloka
Uf57a18241370,H0516,6.4,2020-10-04,traveloka
Ufabffce179b9,H0324,9.4,2020-10-04,traveloka
U853fe03c9715,H0535,6.4,2020-10-05,traveloka
Ucdf99a0cd2b0,H0088,4.0,2020-10-05,ivivu
U02cf03d6a240,H0123,6.8,2020-10-06,traveloka
U88664c72822b,H0216,9.1,2020-10-06,traveloka
Ufd4ec9a5e329,H0366,5.8,2020-10-06,traveloka
U392227e99234,H0477,4.0,2020-10-07,ivivu
U3ea325a69ede,H0413,6.0,2020-10-07,traveloka
U4028d4ac9ce8,H0369,8.0,2020-10-07,ivivu
U59997161c96e,H0551,8.5,2020-10-07,traveloka
U61114f2b2ec1,H0182,6.0,2020-10-07,ivivu
U704c66009c2a,H0227,9.4,2020-10-07,traveloka
U83025f422717,H0147,6.0,2020-10-07,traveloka
U831036cb148f,H0383,8.5,2020-10-07,traveloka
Uf910cfcea493,H0123,7.0,2020-10-07,booking
U465cd70e9370,H0535,9.7,2020-10-08,traveloka
U5aca643e0a7e,H0550,8.5,2020-10-08,traveloka
Ue239a7c1bfa0,H0409,4.0,2020-10-08,ivivu
U00c341d10c98,H0413,6.5,2020-10-09,traveloka
U94b0f6ae4c5a,H0316,6.0,2020-10-09,ivivu
Ub0988e0a0e81,H0215,8.5,2020-10-09,traveloka
Ub5bd4c9af234,H0196,5.5,2020-10-09,traveloka
Ubc183ec39523,H0134,8.0,2020-10-09,booking
U562ba3409bd5,H0159,6.0,2020-10-10,traveloka
U6a1ec282d822,H0181,9.0,2020-10-10,booking
U72fe54630ed3,H0269,6.0,2020-10-10,ivivu
U7cd997f32f2d,H0238,10.0,2020-10-10,booking
U894404028a81,H0408,9.0,2020-10-10,booking
Ua866dc69d643,H0295,9.0,2020-10-10,booking
Uae43a1c16f19,H0485,6.0,2020-10-10,traveloka
Uaf828deb7257,H0437,10.0,2020-10-10,booking
Uc304060f70b4,H0121,10.0,2020-10-10,ivivu
Ud060e42f88b8,H0549,9.0,2020-10-10,booking
Udd5f3bd618d5,H0087,7.0,2020-10-10,booking
U36eae7b366ff,H0279,10.0,2020-10-11,ivivu
U6840254d67f2,H0529,9.0,2020-10-11,booking
U8c5492d08f33,H0532,1.0,2020-10-11,booking
U8c5492d08f33,H0408,10.0,2020-10-11,booking
Udf8bc29e2f3f,H0205,7.0,2020-10-11,booking
Udf8bc29e2f3f,H0100,8.0,2020-10-11,booking
Ue0a9d4a85ddd,H0176,7.0,2020-10-11,booking
Ue1ea6170d5ed,H0487,7.0,2020-10-11,booking
Ue488b537d786,H0181,10.0,2020-10-11,booking
Ufb00d46743a5,H0087,8.0,2020-10-11,booking
U0c5d38729571,H0078,7.0,2020-10-12,booking
U8768ee9fd458,H0391,7.0,2020-10-12,ivivu
U96ea00ecc288,H0332,8.0,2020-10-12,booking
Ubb7caab74705,H0332,2.0,2020-10-12,booking
Ueff4fbda6737,H0238,7.0,2020-10-12,booking
Uf002842f2c6e,H0279,10.0,2020-10-12,ivivu
Ufc498d7ee98b,H0176,10.0,2020-10-12,booking
U2a46e9aec727,H0156,9.0,2020-10-13,booking
U966d27754fa5,H0100,10.0,2020-10-13,booking
Ua866dc69d643,H0078,9.0,2020-10-13,booking
Ub88006c8832f,H0439,6.0,2020-10-13,booking
Uc439ac066a38,H0533,5.0,2020-10-13,booking
Udf8bc29e2f3f,H0490,7.0,2020-10-13,booking
U4274368002ee,H0181,8.0,2020-10-14,booking
U82a5ed2b4568,H0510,5.0,2020-10-14,booking
U838540038b5f,H0161,7.9,2020-10-14,booking
Ub602883c7537,H0529,6.0,2020-10-14,booking
Ue6054e1dabf2,H0518,7.0,2020-10-14,booking
Uea979d60f31c,H0452,7.0,2020-10-14,booking
U16c2298dc0c0,H0333,8.0,2020-10-15,booking
U1a102edf1c69,H0119,9.0,2020-10-15,booking
U8410b4c5aaeb,H0453,6.0,2020-10-15,booking
Uae8735b5c0c9,H0549,6.0,2020-10-15,booking
Ub7b2a372b4ee,H0529,6.7,2020-10-15,traveloka
Ud891e317ebe9,H0214,4.0,2020-10-15,booking
Udf8bc29e2f3f,H0100,9.6,2020-10-15,booking
Uf7f415104f4d,H0521,5.4,2020-10-15,traveloka
U04db0ca8ff2b,H0467,5.8,2020-10-16,traveloka
U1096c65896b0,H0294,6.3,2020-10-16,traveloka
U1f10b98d4328,H0001,8.5,2020-10-16,traveloka
U3e051f03464a,H0529,7.0,2020-10-16,booking
U6a1ec282d822,H0200,10.0,2020-10-16,booking
U966d27754fa5,H0220,10.0,2020-10-16,booking
Ua5f3536b4182,H0005,9.0,2020-10-16,booking
Uc04b04250c9f,H0551,6.0,2020-10-16,traveloka
Uc2d7cbfea755,H0437,10.0,2020-10-16,booking
Ud5d20da7d167,H0041,9.7,2020-10-16,traveloka
Ue6e3a62eed14,H0181,5.0,2020-10-16,booking
U5a350d7e7970,H0332,10.0,2020-10-17,booking
U5a350d7e7970,H0238,7.0,2020-10-17,booking
Uaa03b73ad39d,H0175,10.0,2020-10-17,traveloka
Ub950bc275517,H0087,7.0,2020-10-17,booking
Ucf467acfa313,H0162,6.8,2020-10-17,traveloka
Ue585b310da8e,H0311,7.0,2020-10-17,booking
Ue65c8cd9a182,H0549,8.0,2020-10-17,booking
Uf910cfcea493,H0518,4.0,2020-10-17,booking
U0f3334578225,H0232,9.0,2020-10-18,traveloka
U145b7c3a0a48,H0005,8.0,2020-10-18,booking
U1a38312105ef,H0414,6.0,2020-10-18,traveloka
Ub1832c34df08,H0002,6.9,2020-10-18,traveloka
Ubb7caab74705,H0453,6.0,2020-10-18,booking
Ue5e16e7d0a43,H0551,9.4,2020-10-18,traveloka
Uede99244c26c,H0454,8.5,2020-10-18,traveloka
U06eb563d68b6,H0332,8.0,2020-10-19,booking
U532cd44379b4,H0102,1.0,2020-10-19,booking
U80c3f2fb7fa6,H0549,7.0,2020-10-19,booking
Uc9fc9f53967b,H0549,7.0,2020-10-19,booking
Ud060e42f88b8,H0408,7.0,2020-10-19,booking
Uec7973f76b62,H0404,8.4,2020-10-19,traveloka
Uf86ed583b96e,H0114,8.4,2020-10-19,traveloka
U02cf03d6a240,H0111,6.0,2020-10-20,traveloka
U2a46e9aec727,H0181,9.0,2020-10-20,booking
U793ac4ee017e,H0465,10.0,2020-10-20,booking
Ubb7caab74705,H0439,7.0,2020-10-20,booking
Ude03c1ad3ac8,H0105,6.0,2020-10-20,traveloka
U16c2298dc0c0,H0439,7.0,2020-10-21,booking
U1abc95e84a31,H0498,7.0,2020-10-21,booking
Uab90ae8d578c,H0179,10.0,2020-10-21,booking
Uab90ae8d578c,H0332,7.0,2020-10-21,booking
Ubb7caab74705,H0529,9.0,2020-10-21,booking
Uea979d60f31c,H0181,9.0,2020-10-21,booking
Ubb7caab74705,H0333,6.0,2020-10-22,booking
Ubb7caab74705,H0213,8.0,2020-10-22,booking
Ubc355ec68437,H0444,8.0,2020-10-22,booking
Ucaacb3bf5210,H0453,7.0,2020-10-22,booking
Ucf89a5e785b5,H0294,5.9,2020-10-22,traveloka
Ud5a061d51e59,H0439,9.1,2020-10-22,traveloka
U00ce6c924da3,H0062,8.0,2020-10-23,ivivu
U16c2298dc0c0,H0437,10.0,2020-10-23,booking
U1c5be49a3bfc,H0181,10.0,2020-10-23,booking
U2a46e9aec727,H0549,6.0,2020-10-23,booking
U8d4bd1051993,H0262,6.9,2020-10-23,traveloka
U909d2578d8f0,H0092,10.0,2020-10-23,ivivu
Ubb7caab74705,H0549,7.1,2020-10-23,booking
Uc144ef83962c,H0394,9.7,2020-10-23,traveloka
Uc439ac066a38,H0533,10.0,2020-10-23,booking
U0fa462fa5f5d,H0214,8.0,2020-10-24,booking
U1d1be2fc3008,H0213,10.0,2020-10-24,booking
U2203d6ff40ab,H0200,10.0,2020-10-24,booking
U33543e34eb90,H0181,10.0,2020-10-24,booking
U5066074036d9,H0204,7.0,2020-10-24,booking
U655646f09724,H0465,10.0,2020-10-24,booking
U83905259c8a7,H0557,6.1,2020-10-24,traveloka
U8a4e7615c5ae,H0181,9.0,2020-10-24,booking
Ua02bf2535906,H0333,10.0,2020-10-24,booking
Uaa4649ac5cae,H0549,8.0,2020-10-24,booking
Uaabb5fca7ca2,H0332,7.0,2020-10-24,booking
U16c2298dc0c0,H0100,8.0,2020-10-25,booking
U27e843cae0bf,H0005,9.0,2020-10-25,booking
U2f8c23b36b71,H0433,5.2,2020-10-25,traveloka
U76baea6966e0,H0549,10.0,2020-10-25,booking
Uc66cf248b324,H0196,6.3,2020-10-25,traveloka
U556c64cb7de3,H0397,6.0,2020-10-26,booking
U82a5ed2b4568,H0078,10.0,2020-10-26,booking
U8619b7e7a39c,H0413,6.7,2020-10-26,traveloka
U966d27754fa5,H0077,10.0,2020-10-26,booking
U2a41de998c22,H0087,8.0,2020-10-27,booking
U454d6c747fdf,H0485,5.2,2020-10-27,traveloka
U462f6a8d1f38,H0181,5.0,2020-10-27,booking
U4d98253e8f65,H0413,6.0,2020-10-27,traveloka
U8f9142984511,H0181,7.0,2020-10-27,booking
Ubb7caab74705,H0437,7.0,2020-10-27,booking
Uc43682ad0fad,H0311,7.0,2020-10-27,booking
Uc5b4797ed000,H0100,10.0,2020-10-27,booking
Ud7527e2dfc4f,H0324,8.5,2020-10-27,traveloka
U0e212c2f40aa,H0480,8.0,2020-10-28,ivivu
U320fe1f80c5e,H0102,1.0,2020-10-28,booking
U6abc54e51970,H0549,7.0,2020-10-28,booking
U7cd997f32f2d,H0444,5.0,2020-10-28,booking
Ubb7caab74705,H0465,7.0,2020-10-28,booking
Uc9fc9f53967b,H0158,9.0,2020-10-28,booking
Ud471205faa33,H0102,9.0,2020-10-28,booking
Uf13534b7de0c,H0532,9.0,2020-10-28,booking
Ufd62cdb3a297,H0398,10.0,2020-10-28,booking
Uffc6b01a0cd0,H0190,8.5,2020-10-28,traveloka
U1abe1c666639,H0533,10.0,2020-10-29,booking
U27d5963e09d9,H0316,10.0,2020-10-29,ivivu
U2a46e9aec727,H0408,7.5,2020-10-29,booking
U53879a8a5193,H0218,7.0,2020-10-29,ivivu
U5f093cee3fbd,H0008,10.0,2020-10-29,booking
U9a75c84cd8a5,H0111,5.8,2020-10-29,traveloka
Ufa7ec5265820,H0007,7.0,2020-10-29,booking
U1995d921a404,H0487,8.0,2020-10-30,booking
U4437fb26003e,H0516,6.1,2020-10-30,traveloka
U5a338c3e11de,H0099,7.0,2020-10-30,booking
U6ee8629c8a1a,H0408,10.0,2020-10-30,booking
Ud6e8af5b890c,H0272,9.7,2020-10-30,traveloka
Ufb21f42af658,H0408,7.0,2020-10-30,booking
U25c0081f57bd,H0529,5.0,2020-10-31,booking
U304bf5750632,H0534,9.7,2020-10-31,traveloka
U306a2f7110af,H0232,6.6,2020-10-31,traveloka
U998a2b31ecf9,H0232,4.8,2020-10-31,traveloka
Ubfdf9cf98fa7,H0002,9.1,2020-10-31,traveloka
Uc43682ad0fad,H0343,10.0,2020-10-31,booking
Ue6ea9d1485ba,H0181,8.0,2020-10-31,booking
Uef35cb793711,H0062,10.0,2020-10-31,ivivu
Uef42592122eb,H0369,8.0,2020-10-31,ivivu
U3fa1c4a23929,H0272,6.0,2020-11-01,traveloka
U849b194de14b,H0101,6.2,2020-11-01,traveloka
U9955df9f48e9,H0467,6.5,2020-11-01,traveloka
Udca663837a6c,H0166,5.7,2020-11-01,traveloka
U2d5d52729c29,H0433,8.5,2020-11-03,traveloka
U45315b20ff3b,H0092,6.0,2020-11-03,ivivu
U7a6e66b63014,H0418,8.0,2020-11-03,ivivu
Ube15ac31a6cd,H0092,6.0,2020-11-03,ivivu
Ucb8b0596da83,H0107,6.0,2020-11-03,traveloka
Ue70065d46f62,H0451,8.0,2020-11-03,ivivu
U9b9fffb70d3b,H0465,6.2,2020-11-04,traveloka
U0f93beaa5fda,H0113,10.0,2020-11-05,traveloka
U1262fa7ef9c7,H0083,6.0,2020-11-05,ivivu
U2a3ce038a8eb,H0433,6.2,2020-11-05,traveloka
U5f2c66f488a7,H0272,6.1,2020-11-05,traveloka
U3bc67b1d5ecf,H0168,8.0,2020-11-06,ivivu
U5654f12c8ac5,H0334,9.7,2020-11-06,traveloka
Ub2d6c89d11d7,H0387,6.0,2020-11-06,ivivu
U53affa085016,H0123,6.1,2020-11-07,traveloka
U79ee7d890c1a,H0517,8.0,2020-11-07,ivivu
U96bcd5f20295,H0369,8.0,2020-11-07,ivivu
Ua11a5c4b8957,H0439,5.9,2020-11-07,traveloka
Uac8fa35c35a0,H0147,6.0,2020-11-07,traveloka
Ub5056dd21bf3,H0052,7.3,2020-11-07,traveloka
Ud3857c07c138,H0203,8.0,2020-11-07,ivivu
U2278f685b611,H0311,10.0,2020-11-09,booking
U3550151b709f,H0549,10.0,2020-11-09,booking
U4e868e8aff18,H0123,5.2,2020-11-09,traveloka
U764b50c0d940,H0487,6.0,2020-11-09,booking
U80fb5499f05f,H0204,6.0,2020-11-09,ivivu
Ua52d75d52330,H0003,6.0,2020-11-09,traveloka
U1fd48192a208,H0332,7.0,2020-11-10,booking
U6a1ec282d822,H0534,9.0,2020-11-10,booking
U761130c76fea,H0272,8.4,2020-11-10,traveloka
U9025aad34ef8,H0551,7.0,2020-11-10,traveloka
Ubb7caab74705,H0181,7.0,2020-11-10,booking
Uc5b4797ed000,H0295,7.0,2020-11-10,booking
U1453914ccca2,H0087,9.0,2020-11-11,booking
U16c2298dc0c0,H0184,9.0,2020-11-11,booking
U2671cfe46924,H0529,8.0,2020-11-11,booking
U3bbbb95f5787,H0463,10.0,2020-11-11,booking
U3c4acd15e2e7,H0070,6.6,2020-11-11,traveloka
U41433223cfc6,H0137,10.0,2020-11-11,ivivu
U50f523b549c4,H0176,10.0,2020-11-11,booking
U6a1ec282d822,H0332,7.0,2020-11-11,booking
U7accefa53685,H0529,8.0,2020-11-11,booking
U988ec0ade8f3,H0518,7.0,2020-11-11,ivivu
Ua866dc69d643,H0176,9.0,2020-11-11,booking
Ub602883c7537,H0510,7.0,2020-11-11,booking
Uf01a7807b5fb,H0391,10.0,2020-11-11,ivivu
U655646f09724,H0008,9.0,2020-11-12,booking
U82a5ed2b4568,H0005,10.0,2020-11-12,booking
U8c5492d08f33,H0549,5.0,2020-11-12,booking
U8f9142984511,H0204,7.0,2020-11-12,booking
U97111d292c1b,H0008,9.0,2020-11-12,booking
Ubb7caab74705,H0332,4.0,2020-11-12,booking
Uc3188498b286,H0205,10.0,2020-11-12,booking
Uc92412dddc7c,H0433,4.8,2020-11-12,traveloka
Ud31580178d1c,H0527,10.0,2020-11-12,ivivu
Ue7097b34e841,H0283,10.0,2020-11-12,ivivu
Uea0e9e627e70,H0335,5.8,2020-11-12,traveloka
U0c5d38729571,H0439,10.0,2020-11-13,booking
U2a46e9aec727,H0475,9.0,2020-11-13,booking
U608950c9b06d,H0005,10.0,2020-11-13,booking
U6a1ec282d822,H0060,6.0,2020-11-13,booking
U96ea00ecc288,H0437,7.0,2020-11-13,booking
Ua89975c5f541,H0182,6.0,2020-11-13,ivivu
Uae43a1c16f19,H0532,10.0,2020-11-13,ivivu
Ub878236cfb84,H0487,9.0,2020-11-13,booking
Uc43682ad0fad,H0459,8.0,2020-11-13,booking
Udad6dc9a4639,H0451,6.0,2020-11-13,ivivu
Ue5244f5eae83,H0506,9.0,2020-11-13,booking
U4382b8f7cc06,H0532,9.0,2020-11-14,booking
U46b7c58e61d1,H0408,8.8,2020-11-14,traveloka
U5c13d56d6b33,H0200,8.0,2020-11-14,booking
U6156734cc45f,H0558,5.9,2020-11-14,traveloka
U6a1ec282d822,H0295,10.0,2020-11-14,booking
U96ee79149337,H0532,9.4,2020-11-14,traveloka
U97111d292c1b,H0533,8.0,2020-11-14,booking
Ubb7caab74705,H0128,9.0,2020-11-14,booking
Uc442f2456aa8,H0100,7.0,2020-11-14,booking
Uc9fc9f53967b,H0439,9.0,2020-11-14,booking
Udd5f3bd618d5,H0475,9.0,2020-11-14,booking
Ue072af4ba9d2,H0238,10.0,2020-11-14,booking
Uf05fd455a70d,H0269,10.0,2020-11-14,ivivu
Uf78c9851cf80,H0100,8.0,2020-11-14,booking
U0320c28009ad,H0384,6.2,2020-11-15,traveloka
U145b7c3a0a48,H0238,10.0,2020-11-15,booking
U36eae7b366ff,H0369,10.0,2020-11-15,ivivu
U637cb4af35a8,H0089,6.3,2020-11-15,traveloka
U6f123f862e99,H0439,3.0,2020-11-15,booking
U9e2c3d69855d,H0533,10.0,2020-11-15,booking
Ua179bde11521,H0162,9.4,2020-11-15,traveloka
Ubb7caab74705,H0453,8.3,2020-11-15,booking
Udd5f3bd618d5,H0333,9.0,2020-11-15,booking
Ufba4fcba5855,H0446,6.3,2020-11-15,traveloka
Uffca9f52a542,H0232,5.8,2020-11-15,traveloka
U1db603abdd9f,H0529,10.0,2020-11-16,traveloka
U665904d21807,H0491,10.0,2020-11-16,booking
U6a666aeb9050,H0535,6.0,2020-11-16,traveloka
U8410b4c5aaeb,H0077,9.0,2020-11-16,booking
U9712956eb825,H0391,8.0,2020-11-16,ivivu
Uae9e28d4e955,H0465,10.0,2020-11-16,booking
Uc9fc9f53967b,H0165,8.0,2020-11-16,booking
Ud10d15a9de32,H0100,5.0,2020-11-16,booking
U05d92b16aa97,H0200,10.0,2020-11-17,booking
U441d57ac491b,H0196,8.7,2020-11-17,traveloka
U4603cb844032,H0516,6.0,2020-11-17,traveloka
U63fd833b4a7c,H0220,6.0,2020-11-17,booking
U6833f959182e,H0100,10.0,2020-11-17,booking
U875b01b17b88,H0454,8.5,2020-11-17,traveloka
U8c5492d08f33,H0518,8.0,2020-11-17,booking
U9c7571420735,H0316,6.0,2020-11-17,ivivu
Ucaa5e34765c3,H0223,10.0,2020-11-17,booking
Ud471205faa33,H0295,10.0,2020-11-17,booking
U3b9fee761ece,H0349,10.0,2020-11-18,booking
U5e181805fc19,H0200,10.0,2020-11-18,booking
U5f093cee3fbd,H0100,10.0,2020-11-18,booking
U76baea6966e0,H0225,5.0,2020-11-18,booking
U7855b8fa3b9f,H0124,10.0,2020-11-18,ivivu
U93fa11176a2c,H0007,9.0,2020-11-18,booking
Ua90f5abdf891,H0238,10.0,2020-11-18,booking
Ube15ac31a6cd,H0089,6.0,2020-11-18,traveloka
Ucaa5e34765c3,H0205,10.0,2020-11-18,booking
Udf8bc29e2f3f,H0529,8.0,2020-11-18,booking
Ue0a9d4a85ddd,H0487,8.0,2020-11-18,booking
Ue0a9d4a85ddd,H0100,5.0,2020-11-18,booking
Ufdf4da0a220d,H0516,8.5,2020-11-18,traveloka
U16c2298dc0c0,H0134,8.0,2020-11-19,booking
U342e1dcac355,H0439,6.0,2020-11-19,ivivu
U45559e7581e5,H0465,10.0,2020-11-19,booking
Uab90ae8d578c,H0332,6.0,2020-11-19,booking
Ubbcc4677cef1,H0008,9.0,2020-11-19,booking
U404553184c9c,H0161,7.0,2020-11-20,booking
U45764f44c185,H0064,5.5,2020-11-20,traveloka
U8b63f368cd75,H0529,7.3,2020-11-20,traveloka
Ub6f86fe032ed,H0321,8.0,2020-11-20,ivivu
Uc874bee1c545,H0479,10.0,2020-11-20,booking
Ucaacb3bf5210,H0311,7.0,2020-11-20,booking
Udb53b7822867,H0143,10.0,2020-11-20,ivivu
Uf7b7d282da79,H0529,9.0,2020-11-20,booking
U0352148b518b,H0391,6.0,2020-11-21,ivivu
U0d8263fa11d4,H0181,6.4,2020-11-21,traveloka
U1500a9267556,H0181,8.0,2020-11-21,booking
U3b9fee761ece,H0433,9.0,2020-11-21,booking
U487120a75126,H0506,10.0,2020-11-21,booking
U5b6c96fe918d,H0064,9.0,2020-11-21,traveloka
U5e181805fc19,H0465,5.0,2020-11-21,booking
U6d1a843dc7b5,H0168,6.0,2020-11-21,ivivu
U70a8adeebc6d,H0147,6.0,2020-11-21,ivivu
U82a5ed2b4568,H0099,9.0,2020-11-21,booking
U84716f54cdce,H0518,10.0,2020-11-21,ivivu
Ub88006c8832f,H0295,9.0,2020-11-21,booking
Ubb7caab74705,H0205,4.0,2020-11-21,booking
Ubdf1c332eb10,H0272,6.0,2020-11-21,traveloka
Udeb63d3b8baa,H0391,6.0,2020-11-21,ivivu
Udffc2323d3cf,H0465,10.0,2020-11-21,booking
U06eb563d68b6,H0008,8.0,2020-11-22,booking
U1500a9267556,H0311,7.0,2020-11-22,booking
U1995d921a404,H0549,7.0,2020-11-22,booking
U23e0238a740b,H0366,6.0,2020-11-22,traveloka
U2a41de998c22,H0238,6.0,2020-11-22,booking
U333dc61d1be5,H0237,10.0,2020-11-22,ivivu
U472e460d0af1,H0092,10.0,2020-11-22,ivivu
U584e497cc002,H0472,4.0,2020-11-22,ivivu
U5bc271659dee,H0295,6.0,2020-11-22,booking
U721f27459cc3,H0477,6.0,2020-11-22,ivivu
U8117ed5b11a0,H0335,9.4,2020-11-22,traveloka
U8f9142984511,H0408,7.0,2020-11-22,booking
Ubcb00aff0151,H0443,7.0,2020-11-22,booking
Uc7110aaf2bea,H0213,7.0,2020-11-22,booking
Ucdacbee3e43f,H0126,6.0,2020-11-22,traveloka
U0f9091ae7a9e,H0518,10.0,2020-11-23,ivivu
U1995d921a404,H0181,8.0,2020-11-23,booking
U42d2ad3dc9f1,H0225,6.0,2020-11-23,traveloka
U58aa14e3bb64,H0299,6.0,2020-11-23,ivivu
U6a1ec282d822,H0549,7.0,2020-11-23,booking
U7a1c550b7ef4,H0534,8.0,2020-11-23,booking
Uc15cc96b225e,H0115,9.4,2020-11-23,traveloka
Uc18c0094d52f,H0529,8.0,2020-11-23,booking
Ud136c339a74b,H0147,6.0,2020-11-23,ivivu
Ud6e8af5b890c,H0261,10.0,2020-11-23,ivivu
U5bdbeb287866,H0272,6.1,2020-11-24,traveloka
Ue6f23e712b71,H0439,7.0,2020-11-24,booking
U5f5ac2d8102d,H0333,8.0,2020-11-25,booking
U8b48f1abe5bb,H0459,10.0,2020-11-25,booking
U8f8b90971d60,H0381,9.0,2020-11-25,booking
U8f9142984511,H0295,9.0,2020-11-25,booking
U90f98105be79,H0107,6.0,2020-11-25,traveloka
Ubb7caab74705,H0333,10.0,2020-11-25,booking
Ubb7caab74705,H0205,7.0,2020-11-25,booking
Ubb7caab74705,H0238,7.0,2020-11-25,booking
Ue045989ec9ca,H0529,10.0,2020-11-25,booking
U60621e066492,H0328,6.1,2020-11-26,traveloka
U764b50c0d940,H0238,10.0,2020-11-26,booking
U795e7575bd06,H0181,9.0,2020-11-26,booking
U9f645efe0a32,H0136,10.0,2020-11-26,ivivu
Ubb7caab74705,H0546,7.0,2020-11-26,booking
Ubd35de4909a3,H0008,7.0,2020-11-26,booking
Ube95963e55aa,H0204,10.0,2020-11-26,ivivu
Uc5b4797ed000,H0541,7.0,2020-11-26,booking
Uc7490c282049,H0347,6.1,2020-11-26,traveloka
Uc9fc9f53967b,H0437,9.0,2020-11-26,booking
Udd5f3bd618d5,H0099,10.0,2020-11-26,booking
Uea2a672773e1,H0176,7.0,2020-11-26,booking
U078477765ef9,H0162,9.4,2020-11-27,traveloka
U1f3cc872afc7,H0213,5.0,2020-11-27,booking
U2dd1f315706c,H0107,8.5,2020-11-27,traveloka
U447ef1a9d618,H0232,10.0,2020-11-27,traveloka
U4ea61056df33,H0032,9.7,2020-11-27,traveloka
U5546befb8efe,H0062,10.0,2020-11-27,ivivu
U793ac4ee017e,H0458,6.0,2020-11-27,booking
U87053a54d34c,H0283,8.0,2020-11-27,ivivu
U97111d292c1b,H0491,10.0,2020-11-27,booking
Ua8264e0408e0,H0414,6.0,2020-11-27,ivivu
Ua9bb3acb6cae,H0477,4.0,2020-11-27,ivivu
Ue045989ec9ca,H0087,8.0,2020-11-27,booking
Ue0a9d4a85ddd,H0078,7.0,2020-11-27,booking
Ue90e73b2a99f,H0507,5.2,2020-11-27,traveloka
U5a7fc67f04c1,H0102,10.0,2020-11-28,booking
U6c4c230d77b9,H0003,8.5,2020-11-28,traveloka
U7f1d82df196e,H0320,10.0,2020-11-28,ivivu
Uc43682ad0fad,H0100,9.0,2020-11-28,booking
Uc442f2456aa8,H0437,10.0,2020-11-28,booking
Ue4fff7b1d267,H0329,8.4,2020-11-28,traveloka
U056067b0b8c6,H0508,10.0,2020-11-29,ivivu
U1b13fe0a5738,H0516,5.1,2020-11-29,traveloka
U43b02e0199c2,H0123,10.0,2020-11-29,ivivu
U4e716dd19b0a,H0391,6.0,2020-11-29,ivivu
U57dd8f4e431c,H0128,9.0,2020-11-29,booking
U6f123f862e99,H0204,10.0,2020-11-29,booking
U93f049c54f78,H0134,5.0,2020-11-29,booking
U9751b18670e1,H0237,6.0,2020-11-29,ivivu
Ua3504a068578,H0103,6.2,2020-11-29,traveloka
Ua3948c917049,H0100,9.0,2020-11-29,booking
Uab90ae8d578c,H0181,9.6,2020-11-29,booking
Ud6c49169cec6,H0066,10.0,2020-11-29,ivivu
Uf96b6ab17b89,H0232,6.0,2020-11-29,traveloka
U3ea325a69ede,H0516,8.8,2020-11-30,traveloka
U8930bbe3d24b,H0087,7.0,2020-11-30,booking
Ua66dbe3d2ab9,H0300,6.0,2020-11-30,ivivu
Ub1161a4264bc,H0541,5.0,2020-11-30,booking
Ub602883c7537,H0311,7.0,2020-11-30,booking
Ubb7caab74705,H0518,9.0,2020-11-30,booking
Ud1053a726167,H0477,6.0,2020-11-30,ivivu
Ue83b093de198,H0181,8.0,2020-11-30,booking
U77c46db24cf2,H0382,6.3,2020-12-01,traveloka
U411ef1605229,H0210,10.0,2020-12-03,ivivu
U6d3bd0af9513,H0064,9.7,2020-12-03,traveloka
U8cc77a9d302b,H0518,10.0,2020-12-03,ivivu
Udd4e26317cb3,H0485,9.7,2020-12-03,traveloka
U2c226cbc42a6,H0329,8.6,2020-12-04,traveloka
U34f99bc22660,H0544,10.0,2020-12-04,traveloka
U526eca7225a3,H0002,9.1,2020-12-04,traveloka
U6c378826f614,H0294,10.0,2020-12-04,traveloka
Ub05fd8f8a5fb,H0232,9.4,2020-12-04,traveloka
Uc90bd33b2019,H0446,8.5,2020-12-04,traveloka
Ufaf7b12e0cf0,H0336,8.5,2020-12-04,traveloka
U8f01291ef75b,H0084,6.0,2020-12-05,ivivu
Uaf98a87180a8,H0083,8.0,2020-12-05,ivivu
Ue010337239a6,H0544,10.0,2020-12-05,ivivu
Uef35cb793711,H0376,6.5,2020-12-05,traveloka
Uf2f71a1bd016,H0354,6.3,2020-12-05,traveloka
U95494f0eb0e2,H0210,10.0,2020-12-06,ivivu
Ua9e839da5ce1,H0534,8.5,2020-12-06,traveloka
Ube117a124103,H0272,6.3,2020-12-06,traveloka
Uf373f88dbee8,H0445,6.0,2020-12-06,traveloka
Uf82d4292e949,H0328,5.9,2020-12-06,traveloka
U1bbf696017e4,H0387,8.0,2020-12-07,ivivu
U4a2ce937ac8f,H0304,9.4,2020-12-07,traveloka
U078477765ef9,H0414,6.4,2020-12-08,traveloka
U70d1cb8e578b,H0100,9.0,2020-12-08,booking
U4f030da4e983,H0535,8.5,2020-12-09,traveloka
U72748e48e7f9,H0461,4.9,2020-12-09,traveloka
U743040713f0c,H0181,8.7,2020-12-09,traveloka
Uae43a1c16f19,H0068,6.5,2020-12-09,traveloka
U2278f685b611,H0102,6.0,2020-12-10,booking
U38b7e56b625d,H0126,6.1,2020-12-10,traveloka
U44865709e101,H0332,7.0,2020-12-10,booking
U45559e7581e5,H0181,5.0,2020-12-10,booking
U5fdfa19a7ebe,H0102,10.0,2020-12-10,booking
U9230d6462228,H0456,6.3,2020-12-10,traveloka
Uaf787a152bdc,H0437,9.0,2020-12-10,booking
Ubb7caab74705,H0028,9.0,2020-12-10,booking
Uf76a42d21a7d,H0332,7.0,2020-12-10,booking
U5a350d7e7970,H0213,10.0,2020-12-11,booking
U6dbc63974b01,H0485,9.4,2020-12-11,traveloka
U855fe3142043,H0284,6.0,2020-12-11,ivivu
Ub394f564fb96,H0126,5.9,2020-12-11,traveloka
Ub8b8ef00ff6c,H0373,8.5,2020-12-11,traveloka
Ud53fb482143b,H0508,10.0,2020-12-11,ivivu
Ue7f61c56d368,H0439,10.0,2020-12-11,booking
Ued473848a6c1,H0002,8.8,2020-12-11,traveloka
Uf13534b7de0c,H0541,4.0,2020-12-11,booking
Uf76a42d21a7d,H0453,8.0,2020-12-11,booking
U1d1831d76d20,H0136,8.5,2020-12-12,traveloka
U2231d4a20907,H0107,6.0,2020-12-12,traveloka
U2b91f153a0e9,H0434,6.1,2020-12-12,traveloka
U42cfb242c8b6,H0238,7.0,2020-12-12,booking
U79785191038e,H0391,6.0,2020-12-12,ivivu
U82fffe81f716,H0533,10.0,2020-12-12,booking
Ub0d6aeadc480,H0181,5.0,2020-12-12,booking
Uc8a34dc92d02,H0311,6.0,2020-12-12,ivivu
U04db0ca8ff2b,H0414,5.1,2020-12-13,traveloka
U100b86ef5546,H0391,6.0,2020-12-13,ivivu
U45559e7581e5,H0406,6.0,2020-12-13,booking
U4dc6d9ec5d3e,H0204,1.0,2020-12-13,booking
U5d8b38535cb7,H0111,5.8,2020-12-13,traveloka
U686ae5f5394a,H0225,3.0,2020-12-13,booking
Ubb7caab74705,H0529,5.8,2020-12-13,booking
Ufa7ec5265820,H0087,5.0,2020-12-13,booking
U145b7c3a0a48,H0119,1.0,2020-12-14,booking
Ua2ecd27013e2,H0380,10.0,2020-12-14,booking
Uaf787a152bdc,H0352,6.0,2020-12-14,booking
Ubb7caab74705,H0332,5.0,2020-12-14,booking
Udd5f3bd618d5,H0225,7.0,2020-12-14,booking
Uf3de1feaef5d,H0394,10.0,2020-12-14,ivivu
Uf76a42d21a7d,H0332,9.0,2020-12-14,booking
U175df1ad395f,H0416,10.0,2020-12-15,ivivu
U467daa13540d,H0214,7.0,2020-12-15,booking
U6a1ec282d822,H0008,7.0,2020-12-15,booking
U6abc54e51970,H0458,10.0,2020-12-15,booking
U72d8f85b3fb4,H0100,10.0,2020-12-15,booking
U85ba6edcd969,H0238,8.0,2020-12-15,booking
U9fb46b6bd9fa,H0176,7.0,2020-12-15,booking
Ubb7caab74705,H0332,4.0,2020-12-15,booking
Ubb7caab74705,H0176,10.0,2020-12-15,booking
Ucaa5e34765c3,H0156,6.0,2020-12-15,booking
U0c6c1ec3ca98,H0411,9.7,2020-12-16,traveloka
U699916231e95,H0295,8.0,2020-12-16,booking
U6ee8629c8a1a,H0465,10.0,2020-12-16,booking
U7852237f6302,H0204,8.0,2020-12-16,booking
Uf910cfcea493,H0452,7.0,2020-12-16,booking
Ufa9404c75688,H0408,8.5,2020-12-16,traveloka
U0fb576049151,H0376,10.0,2020-12-17,traveloka
U14e0b8a59031,H0283,8.0,2020-12-17,ivivu
U17699cb5be5c,H0295,1.0,2020-12-17,booking
U376084969fdc,H0329,9.4,2020-12-17,traveloka
U6080b76956f6,H0465,5.8,2020-12-17,traveloka
U7a37ffff8050,H0200,5.0,2020-12-17,booking
U82a5ed2b4568,H0087,10.0,2020-12-17,booking
U856d14f80be5,H0339,6.0,2020-12-17,ivivu
U91d664574b3c,H0465,10.0,2020-12-17,booking
Ubb7caab74705,H0176,10.0,2020-12-17,booking
Ue0a9d4a85ddd,H0008,7.0,2020-12-17,booking
U4977b3105d92,H0225,6.5,2020-12-18,traveloka
U5a350d7e7970,H0099,10.0,2020-12-18,booking
U5c6f46cab5c5,H0181,8.5,2020-12-18,traveloka
U2d60ecff62f1,H0463,8.0,2020-12-19,booking
U3026a6b89b3f,H0332,7.0,2020-12-19,booking
U3e5b22f6d6f1,H0333,9.0,2020-12-19,booking
U7038329f5ad6,H0077,9.0,2020-12-19,booking
U80c3f2fb7fa6,H0165,7.0,2020-12-19,booking
U894404028a81,H0453,7.0,2020-12-19,booking
U8b48f1abe5bb,H0518,10.0,2020-12-19,booking
U8c5492d08f33,H0179,10.0,2020-12-19,booking
U14bba468ad6c,H0491,10.0,2020-12-20,ivivu
U1e1367252b82,H0349,8.0,2020-12-20,booking
U43c9681df962,H0457,6.0,2020-12-20,booking
U9fcf0f2937ec,H0295,10.0,2020-12-20,booking
Ubb7caab74705,H0176,7.0,2020-12-20,booking
Ubb7caab74705,H0213,8.0,2020-12-20,booking
U2a46e9aec727,H0533,9.0,2020-12-21,booking
U40a97b9bfe95,H0412,9.7,2020-12-21,traveloka
U43c9681df962,H0332,6.7,2020-12-21,booking
U586bf32f0573,H0220,10.0,2020-12-21,booking
U5d8b38535cb7,H0175,10.0,2020-12-21,traveloka
U6a1ec282d822,H0176,6.0,2020-12-21,booking
U6dc03c73bc16,H0425,9.7,2020-12-21,traveloka
U9f8660da4b38,H0485,9.7,2020-12-21,traveloka
Ubb7caab74705,H0487,6.0,2020-12-21,booking
Ue0a9d4a85ddd,H0408,7.0,2020-12-21,booking
U27c1f802a40d,H0111,6.2,2020-12-22,traveloka
U29cf4d42bc53,H0312,6.0,2020-12-22,ivivu
U57dd8f4e431c,H0213,10.0,2020-12-22,booking
U70ec54015d48,H0002,8.0,2020-12-22,traveloka
U88c042e902a6,H0485,9.7,2020-12-22,traveloka
U920e21611453,H0200,10.0,2020-12-22,booking
Ua9fee312a7b9,H0102,10.0,2020-12-22,booking
Ub2b5f93d2957,H0204,10.0,2020-12-22,booking
Ub6449c27ea57,H0453,10.0,2020-12-22,booking
Ub88006c8832f,H0465,10.0,2020-12-22,booking
Uc9fc9f53967b,H0529,8.0,2020-12-22,booking
Ud1283d888cdc,H0479,3.0,2020-12-22,booking
Ud1482684ee2a,H0382,6.3,2020-12-22,traveloka
Ufe39176aa29f,H0381,7.0,2020-12-22,booking
U2278f685b611,H0378,8.0,2020-12-23,booking
U3b9fee761ece,H0408,9.0,2020-12-23,booking
U4a17bd6754c9,H0205,10.0,2020-12-23,booking
U63fd833b4a7c,H0005,10.0,2020-12-23,booking
U86718e9be95e,H0529,8.0,2020-12-23,booking
Ua230e00dec85,H0107,7.3,2020-12-23,traveloka
Ubb7caab74705,H0453,7.5,2020-12-23,booking
Ubb7caab74705,H0518,7.0,2020-12-23,booking
Ue18c35d0429f,H0413,6.3,2020-12-23,traveloka
Ue97f83b9be53,H0008,8.0,2020-12-23,booking
U2247eb2ec783,H0269,8.0,2020-12-24,ivivu
U56bff9e45e7c,H0200,7.0,2020-12-24,booking
U57dd8f4e431c,H0238,6.0,2020-12-24,booking
U5f1ab43ed9ad,H0181,9.0,2020-12-24,booking
U70d1cb8e578b,H0351,7.0,2020-12-24,booking
U80471d01e68f,H0138,6.0,2020-12-24,ivivu
U846da8b2a753,H0391,6.0,2020-12-24,ivivu
U84e25439c474,H0218,8.0,2020-12-24,ivivu
Ubadb454c9181,H0434,6.0,2020-12-24,traveloka
Ubb7caab74705,H0234,8.0,2020-12-24,booking
Uc43682ad0fad,H0439,10.0,2020-12-24,booking
Uc47b2facf401,H0214,10.0,2020-12-24,booking
U1abe1c666639,H0532,9.0,2020-12-25,booking
U2aafe081a91c,H0181,9.0,2020-12-25,booking
U6156734cc45f,H0439,7.2,2020-12-25,traveloka
U82a5ed2b4568,H0463,7.0,2020-12-25,booking
U8ffa08b1d4d5,H0205,10.0,2020-12-25,booking
Ua3948c917049,H0200,10.0,2020-12-25,booking
Uab0ddf30c8f8,H0062,6.0,2020-12-25,ivivu
Ubb7caab74705,H0437,6.0,2020-12-25,booking
Ucb8b0596da83,H0535,6.4,2020-12-25,traveloka
U699916231e95,H0200,8.0,2020-12-26,booking
U7fa613e5002e,H0518,8.0,2020-12-26,booking
Ua099655f939e,H0527,10.0,2020-12-26,ivivu
Ubb7caab74705,H0311,9.0,2020-12-26,booking
Ucdf99a0cd2b0,H0391,10.0,2020-12-26,ivivu
Uf8c43eda8f69,H0336,8.5,2020-12-26,traveloka
U10f36c1cf1d7,H0256,8.0,2020-12-27,ivivu
U18e1f9559602,H0551,5.8,2020-12-27,traveloka
U1abc95e84a31,H0433,5.0,2020-12-27,booking
U43c9681df962,H0123,9.0,2020-12-27,booking
U76baea6966e0,H0549,8.0,2020-12-27,booking
U7cb39934a928,H0159,5.4,2020-12-27,traveloka
U8534e52bcae3,H0062,10.0,2020-12-27,ivivu
Ua97268bdc1bc,H0439,9.7,2020-12-27,traveloka
Ub3e58e9b80a6,H0238,8.0,2020-12-27,booking
Uc9fc9f53967b,H0200,7.0,2020-12-27,booking
Ucedc8fdb69b4,H0376,8.5,2020-12-27,traveloka
Udf8bc29e2f3f,H0398,5.0,2020-12-27,booking
Ue3cae257a7a2,H0439,6.6,2020-12-27,traveloka
Uf3dad073d775,H0284,10.0,2020-12-27,ivivu
Uf8c43eda8f69,H0245,6.0,2020-12-27,ivivu
Uae8735b5c0c9,H0028,1.0,2020-12-28,booking
Ub602883c7537,H0452,7.0,2020-12-28,booking
Uc6d870cda8f5,H0394,8.5,2020-12-28,traveloka
Uf8c43eda8f69,H0245,6.0,2020-12-28,ivivu
U1995d921a404,H0487,8.0,2020-12-29,booking
U2926c2cc5ce6,H0422,10.0,2020-12-29,ivivu
U45ed84ceb2ea,H0478,8.8,2020-12-29,traveloka
U55ba0a35377a,H0332,7.0,2020-12-29,booking
U595041030b42,H0200,10.0,2020-12-29,booking
U6a1ec282d822,H0008,9.0,2020-12-29,booking
U7c87f9b4f2ed,H0205,9.0,2020-12-29,booking
Ua16445488c87,H0290,9.7,2020-12-29,traveloka
Ua571a440c856,H0453,7.0,2020-12-29,booking
Ubb7caab74705,H0381,5.0,2020-12-29,booking
Ucaa5e34765c3,H0008,8.0,2020-12-29,booking
Udedea8ae207e,H0220,10.0,2020-12-29,booking
Ue072af4ba9d2,H0532,8.0,2020-12-29,booking
Ue6e3a62eed14,H0205,10.0,2020-12-29,booking
U63daf62e3a4e,H0166,9.4,2020-12-30,traveloka
U6482b64db93c,H0230,9.7,2020-12-30,traveloka
U6da39746c447,H0336,4.8,2020-12-30,traveloka
U7a37ffff8050,H0333,9.0,2020-12-30,booking
U7fa613e5002e,H0102,10.0,2020-12-30,booking
U967df8ac0929,H0485,9.1,2020-12-30,traveloka
Uac56638d57ad,H0204,8.0,2020-12-30,booking
Uc7110aaf2bea,H0463,7.0,2020-12-30,booking
Ud099e0f8dc7e,H0510,9.0,2020-12-30,booking
U2203d6ff40ab,H0200,10.0,2020-12-31,booking
U3b9fee761ece,H0200,5.0,2020-12-31,booking
U4cd0dc77cecb,H0205,10.0,2020-12-31,booking
U6156734cc45f,H0031,8.0,2020-12-31,ivivu
U6a1ec282d822,H0397,10.0,2020-12-31,booking
U95ab3d2f165d,H0453,10.0,2020-12-31,booking
Ua571a440c856,H0332,9.0,2020-12-31,booking
Uad2111063298,H0311,5.0,2020-12-31,booking
Ub950bc275517,H0205,7.0,2020-12-31,booking
Ubb7caab74705,H0128,7.0,2020-12-31,booking
Udd5f3bd618d5,H0463,10.0,2020-12-31,booking
U304bf5750632,H0391,10.0,2021-01-01,ivivu
U48aa323b1190,H0381,9.0,2021-01-01,booking
U5678c4508876,H0522,6.0,2021-01-01,ivivu
U69333c309e72,H0182,8.0,2021-01-01,ivivu
Ua4489c5d1c31,H0062,8.0,2021-01-01,ivivu
Ua746d43c44ab,H0413,8.0,2021-01-01,ivivu
Uc43682ad0fad,H0510,10.0,2021-01-01,booking
U36eae7b366ff,H0516,4.5,2021-01-02,traveloka
U2ba21b9f892f,H0453,10.0,2021-01-03,booking
U2dc5583a21c6,H0535,9.7,2021-01-03,traveloka
U3455085117d8,H0542,8.5,2021-01-03,traveloka
U51bd18680886,H0102,6.7,2021-01-03,booking
U57776e0de503,H0408,9.6,2021-01-03,traveloka
U6abc54e51970,H0102,6.0,2021-01-03,booking
U82a5ed2b4568,H0005,10.0,2021-01-03,booking
Ua02bf2535906,H0172,6.0,2021-01-03,booking
Ubcb00aff0151,H0005,7.0,2021-01-03,booking
Ud6d0f4668a89,H0107,6.3,2021-01-03,traveloka
Udcd7545e9dfa,H0100,4.0,2021-01-03,booking
Uea979d60f31c,H0213,10.0,2021-01-03,booking
U281e32d55a14,H0272,10.0,2021-01-04,traveloka
U2e205ede8815,H0225,4.0,2021-01-04,booking
U3c76d79f4a68,H0214,8.0,2021-01-04,booking
U532cd44379b4,H0204,8.0,2021-01-04,booking
U7265a0711e62,H0535,9.7,2021-01-04,traveloka
U7a37ffff8050,H0112,3.0,2021-01-04,booking
Ua927b88a12d6,H0294,6.0,2021-01-04,traveloka
Ub5482f12212e,H0470,10.0,2021-01-04,booking
Ub950bc275517,H0433,8.0,2021-01-04,booking
Uc32955df1c69,H0529,5.0,2021-01-04,booking
Uf25d61ee5ae5,H0233,6.2,2021-01-04,traveloka
Uf78c9851cf80,H0443,10.0,2021-01-04,booking
U0ecb1d369247,H0147,4.8,2021-01-05,traveloka
U577306d16590,H0534,9.4,2021-01-05,traveloka
U5a350d7e7970,H0532,5.0,2021-01-05,booking
U6ae04cbdf07b,H0482,6.0,2021-01-05,ivivu
U7eb7f1ed361a,H0439,7.0,2021-01-05,booking
U8c5492d08f33,H0119,6.0,2021-01-05,booking
U8cd4b78ccfb9,H0553,9.7,2021-01-05,traveloka
Ua5d196ed4683,H0102,10.0,2021-01-05,booking
Ub9ac499b2887,H0375,6.1,2021-01-05,traveloka
Uc93fb3f1d81f,H0112,10.0,2021-01-05,booking
U695bb145fbd3,H0324,9.7,2021-01-06,traveloka
U8f91f8847b29,H0135,6.0,2021-01-06,ivivu
U2a5a3c3bfece,H0002,8.5,2021-01-07,traveloka
U39c5b9f09cf6,H0070,9.1,2021-01-09,traveloka
Ucca5196b6175,H0328,5.7,2021-01-09,traveloka
U399a5ae4658d,H0376,5.6,2021-01-10,traveloka
U642cabd85d1b,H0334,8.5,2021-01-10,traveloka
Ud46d2cd071b9,H0101,9.1,2021-01-10,traveloka
U63f06a540ad2,H0344,9.7,2021-01-11,traveloka
Uf34b10784411,H0238,9.3,2021-01-11,traveloka
U2a46e9aec727,H0099,10.0,2021-01-12,booking
U426762a2359e,H0272,5.4,2021-01-12,traveloka
Ubdcd40d001cf,H0191,6.0,2021-01-12,ivivu
Uc439ac066a38,H0220,9.0,2021-01-12,booking
U2a46e9aec727,H0005,5.0,2021-01-13,booking
U4e6bb43efefb,H0064,6.3,2021-01-13,traveloka
U6a1ec282d822,H0214,6.0,2021-01-13,booking
U7063c8dc57ce,H0354,8.5,2021-01-13,traveloka
U86d6149ace93,H0181,8.0,2021-01-13,booking
U8930bbe3d24b,H0005,9.0,2021-01-13,booking
U926c3b2ad146,H0238,9.0,2021-01-13,booking
U992a9f733ee5,H0126,9.1,2021-01-13,traveloka
Ua866dc69d643,H0332,7.0,2021-01-13,booking
Ub88006c8832f,H0532,6.0,2021-01-13,booking
Ud4a799fc6334,H0226,6.4,2021-01-13,traveloka
Ue3bb2964cb57,H0417,9.4,2021-01-13,traveloka
Uf50e013c8797,H0311,9.0,2021-01-13,booking
Uf6ef0a458d40,H0102,7.0,2021-01-13,booking
U1995d921a404,H0343,9.0,2021-01-14,booking
U706b9d133fa4,H0544,5.8,2021-01-14,traveloka
U7f9549101187,H0414,8.5,2021-01-14,traveloka
Udbfafa67f99b,H0487,10.0,2021-01-14,booking
Ue072af4ba9d2,H0332,8.0,2021-01-14,booking
Uf1b77339a841,H0162,9.7,2021-01-14,traveloka
Uf50e013c8797,H0541,7.0,2021-01-14,booking
Ufa7ec5265820,H0225,6.0,2021-01-14,booking
U42d2ad3dc9f1,H0541,6.0,2021-01-15,ivivu
U6a1ec282d822,H0510,9.0,2021-01-15,booking
U94d91e07b1da,H0542,8.5,2021-01-15,traveloka
Uaa727adbce8f,H0102,8.0,2021-01-15,booking
Uf2d7f53b8fb6,H0527,10.0,2021-01-15,ivivu
Uf78c9851cf80,H0295,9.0,2021-01-15,booking
U6e9043b7f6e6,H0506,6.0,2021-01-16,booking
U87053a54d34c,H0215,6.0,2021-01-16,traveloka
Ub88006c8832f,H0078,10.0,2021-01-16,booking
Ucdf99a0cd2b0,H0233,8.0,2021-01-16,ivivu
Ue83b093de198,H0181,1.0,2021-01-16,booking
Uf76a42d21a7d,H0311,5.0,2021-01-16,booking
U248f91b5d65e,H0087,7.0,2021-01-17,booking
U2f92d6528a2a,H0241,8.0,2021-01-17,ivivu
U3bc354fcf1e3,H0434,5.4,2021-01-17,traveloka
Ub6738fc36fa9,H0372,7.0,2021-01-17,booking
Ud891e317ebe9,H0475,5.0,2021-01-17,booking
U5bd97ccdcc5c,H0262,10.0,2021-01-18,ivivu
U6ed8312b904b,H0159,5.4,2021-01-18,traveloka
U86d6149ace93,H0008,10.0,2021-01-18,booking
Ufadaca161da5,H0262,6.0,2021-01-18,ivivu
Ufdd845755a36,H0237,8.0,2021-01-18,ivivu
U1b13fe0a5738,H0003,8.5,2021-01-19,traveloka
U1f3cc872afc7,H0493,7.0,2021-01-19,booking
U320efe3833d5,H0527,8.0,2021-01-19,ivivu
U4abb495a175f,H0439,9.7,2021-01-19,traveloka
U68f2e9707e6b,H0176,10.0,2021-01-19,booking
U6ee8629c8a1a,H0005,10.0,2021-01-19,booking
U87df23cf3a44,H0551,9.7,2021-01-19,traveloka
Ua3a393ce88e2,H0176,10.0,2021-01-19,booking
Ua90f5abdf891,H0204,9.0,2021-01-19,booking
Uaa54b9c26db0,H0416,8.0,2021-01-19,ivivu
Uc9fc9f53967b,H0487,6.0,2021-01-19,booking
U031b5a667c11,H0181,5.6,2021-01-20,traveloka
U096ee90f2dac,H0062,8.0,2021-01-20,ivivu
U0c5d38729571,H0181,7.0,2021-01-20,booking
U0fa462fa5f5d,H0311,7.0,2021-01-20,booking
U1a572323c22a,H0182,5.8,2021-01-20,traveloka
U62a88df7f0bf,H0391,10.0,2021-01-20,ivivu
Ub88006c8832f,H0102,5.0,2021-01-20,booking
Ubb7caab74705,H0102,9.0,2021-01-20,booking
Ue1ea6170d5ed,H0534,9.0,2021-01-20,booking
U1abe1c666639,H0295,8.0,2021-01-21,booking
U36eae7b366ff,H0316,6.0,2021-01-21,ivivu
U36eae7b366ff,H0320,10.0,2021-01-21,ivivu
U7cd997f32f2d,H0533,8.0,2021-01-21,booking
Ua2ecd27013e2,H0433,9.0,2021-01-21,booking
Ua79f70b090e6,H0467,5.5,2021-01-21,traveloka
Ubdff5e945e21,H0551,9.3,2021-01-21,traveloka
Uf13534b7de0c,H0439,8.0,2021-01-21,booking
Uf6ef0a458d40,H0349,10.0,2021-01-21,booking
U5c13d56d6b33,H0214,10.0,2021-01-22,booking
U6700427d6d44,H0346,9.7,2021-01-22,traveloka
U754e0a8ff321,H0396,5.7,2021-01-22,traveloka
U8410b4c5aaeb,H0077,7.0,2021-01-22,booking
Ubb7caab74705,H0181,10.0,2021-01-22,booking
Uc474908c3276,H0331,4.8,2021-01-22,traveloka
Ud891e317ebe9,H0487,8.0,2021-01-22,booking
Ue765d364096a,H0168,6.0,2021-01-22,ivivu
U0c47e69150f7,H0394,6.0,2021-01-23,ivivu
U1b9aba67387a,H0434,8.5,2021-01-23,traveloka
U280f554a636a,H0070,9.4,2021-01-23,traveloka
U6ee8629c8a1a,H0099,7.0,2021-01-23,booking
U7c388852cf9d,H0477,4.0,2021-01-23,ivivu
Uae43a1c16f19,H0446,6.2,2021-01-23,traveloka
Ub2b053ac716f,H0200,7.0,2021-01-23,booking
Uf68b2b6a3980,H0533,7.0,2021-01-23,booking
U72b0887c0bcc,H0147,9.7,2021-01-24,traveloka
U76107f05df2c,H0369,8.0,2021-01-24,ivivu
U7eb7f1ed361a,H0220,9.0,2021-01-24,booking
Ua66dbe3d2ab9,H0551,5.7,2021-01-24,traveloka
Uae8735b5c0c9,H0541,7.0,2021-01-24,booking
Ub5923814a325,H0128,7.0,2021-01-24,booking
Uc43682ad0fad,H0214,7.0,2021-01-24,booking
Udf3c256cc0c9,H0237,6.0,2021-01-24,ivivu
U2b868758d911,H0085,9.7,2021-01-25,traveloka
U47a50788b8fa,H0181,6.0,2021-01-25,traveloka
U86b9ab055de0,H0454,5.7,2021-01-25,traveloka
U9deb99a14272,H0335,9.7,2021-01-25,traveloka
Ubb7caab74705,H0179,8.0,2021-01-25,booking
Uc439ac066a38,H0214,10.0,2021-01-25,booking
Uce023152e150,H0311,6.2,2021-01-25,traveloka
Ud7a4ba223f85,H0147,5.8,2021-01-25,traveloka
Uf9e67f6e004d,H0249,10.0,2021-01-25,traveloka
U29ff92d1da03,H0214,10.0,2021-01-26,booking
U2b43a5075f23,H0510,7.0,2021-01-26,booking
U3b9fee761ece,H0529,3.0,2021-01-26,booking
U82a5ed2b4568,H0225,1.0,2021-01-26,booking
Uc5b4797ed000,H0332,5.0,2021-01-26,booking
Ue4a146a7dd7d,H0167,10.0,2021-01-26,ivivu
U39d70704fe2f,H0120,8.0,2021-01-27,booking
U532cd44379b4,H0025,7.0,2021-01-27,booking
Uc955069b481d,H0518,7.0,2021-01-27,booking
Uc9fc9f53967b,H0205,4.0,2021-01-27,booking
Ue95b8df3e35f,H0162,9.7,2021-01-27,traveloka
U17699cb5be5c,H0008,6.0,2021-01-28,booking
U194aa6a15c7f,H0412,9.0,2021-01-28,booking
U5a013483be9f,H0237,6.0,2021-01-28,ivivu
U7c00a62e2a97,H0031,8.0,2021-01-28,ivivu
Ub3d82845c2a3,H0147,6.1,2021-01-28,traveloka
Ubb7caab74705,H0465,9.0,2021-01-28,booking
Udd5f3bd618d5,H0078,10.0,2021-01-28,booking
Ue0a9d4a85ddd,H0181,8.0,2021-01-28,booking
Uf5301638e2b6,H0383,8.5,2021-01-28,traveloka
U183e30c6fc45,H0238,9.0,2021-01-29,booking
U2acf33f8f732,H0316,6.0,2021-01-29,ivivu
U46ab60853018,H0496,9.1,2021-01-29,traveloka
Ubaf19efa2146,H0406,7.0,2021-01-29,booking
Ubaf19efa2146,H0213,10.0,2021-01-29,booking
Ubb7caab74705,H0176,7.0,2021-01-29,booking
Uc3dbc9f814dc,H0526,10.0,2021-01-29,ivivu
Uc9fc9f53967b,H0087,7.0,2021-01-29,booking
Uce6eece9845b,H0249,5.7,2021-01-29,traveloka
Ud10d15a9de32,H0099,10.0,2021-01-29,booking
Udcd7545e9dfa,H0099,10.0,2021-01-29,booking
Ue6e3a62eed14,H0311,8.0,2021-01-29,booking
Uea2a672773e1,H0546,5.0,2021-01-29,booking
Uf4b830d7c60a,H0175,6.0,2021-01-29,traveloka
U6abc54e51970,H0479,9.0,2021-01-30,booking
Uafe2737be1ea,H0225,9.0,2021-01-30,booking
Uafe2737be1ea,H0433,9.0,2021-01-30,booking
Ue0a9d4a85ddd,H0425,10.0,2021-01-30,booking
Ue2ec977e6b0d,H0469,10.0,2021-01-30,booking
Ufa7ec5265820,H0238,7.0,2021-01-30,booking
U3b5d32d77571,H0478,6.4,2021-01-31,traveloka
U3c79f1d051fd,H0467,10.0,2021-01-31,traveloka
U595041030b42,H0158,9.0,2021-01-31,booking
U8b48f1abe5bb,H0099,10.0,2021-01-31,booking
Ub6449c27ea57,H0102,5.0,2021-01-31,booking
Ubb7caab74705,H0102,7.0,2021-01-31,booking
U3b608509f3db,H0521,9.4,2021-02-01,traveloka
U6a1ec282d822,H0491,7.0,2021-02-01,booking
U7d972287f3ea,H0380,10.0,2021-02-01,booking
Ua0c06079d4d3,H0439,8.0,2021-02-01,booking
Ub2c468995aaf,H0035,10.0,2021-02-01,ivivu
Ubb7caab74705,H0295,5.0,2021-02-01,booking
Ubb7caab74705,H0158,9.0,2021-02-01,booking
Uc04b04250c9f,H0086,10.0,2021-02-01,ivivu
Ucc2e1cbe1c01,H0400,3.0,2021-02-01,booking
Uf76a42d21a7d,H0497,9.0,2021-02-01,booking
U145b7c3a0a48,H0028,9.0,2021-02-02,booking
U3ebd90487cb9,H0516,6.8,2021-02-02,traveloka
U4f2b1d7a2adb,H0542,8.5,2021-02-02,traveloka
U5a350d7e7970,H0183,9.0,2021-02-02,booking
U82a5ed2b4568,H0205,7.0,2021-02-02,booking
Uadeeb211ce0a,H0487,10.0,2021-02-02,booking
Uc93fb3f1d81f,H0311,9.0,2021-02-02,booking
Uf34c3a4a9986,H0465,7.0,2021-02-02,booking
Uf57a18241370,H0521,4.8,2021-02-02,traveloka
U09897514a3e1,H0179,6.0,2021-02-03,booking
U1500a9267556,H0311,10.0,2021-02-03,booking
U6abc54e51970,H0200,8.0,2021-02-03,booking
U793ac4ee017e,H0381,10.0,2021-02-03,booking
U8d424dbc03c8,H0087,7.0,2021-02-03,booking
U920e21611453,H0453,7.0,2021-02-03,booking
Uae8735b5c0c9,H0238,8.0,2021-02-03,booking
Ubb7caab74705,H0541,7.0,2021-02-03,booking
Ube0b92b779e0,H0408,9.4,2021-02-03,traveloka
Uc439ac066a38,H0295,10.0,2021-02-03,booking
Uc5b4797ed000,H0172,9.0,2021-02-03,booking
Uf57d6fa5beed,H0311,9.4,2021-02-03,traveloka
U145b7c3a0a48,H0205,7.0,2021-02-04,booking
U15569d089457,H0535,9.4,2021-02-04,traveloka
U30d9e7012ca2,H0225,10.0,2021-02-04,booking
U3ca9cfcc432f,H0119,10.0,2021-02-04,booking
U487120a75126,H0433,7.0,2021-02-04,booking
U4903ae39454b,H0434,8.5,2021-02-04,traveloka
U82a5ed2b4568,H0102,1.0,2021-02-04,booking
U8873cd5e4d39,H0454,9.7,2021-02-04,traveloka
Ubb7caab74705,H0007,10.0,2021-02-04,booking
Ubc4c5b6e9b48,H0541,8.0,2021-02-04,booking
Uc9f3a1558c03,H0480,7.0,2021-02-04,ivivu
Uf1143a0dd3d6,H0233,10.0,2021-02-04,ivivu
U025c0bdadae4,H0433,4.0,2021-02-05,booking
U2a46e9aec727,H0042,9.0,2021-02-05,booking
U4ee42cf84712,H0208,8.0,2021-02-05,ivivu
U665904d21807,H0014,10.0,2021-02-05,booking
U869d32477404,H0439,9.0,2021-02-05,booking
U9d8c5fb4e3e4,H0437,8.0,2021-02-05,ivivu
Ud8069d0a290d,H0366,9.7,2021-02-05,traveloka
Uf2f3bbcf70bd,H0529,8.0,2021-02-05,booking
U9fd67b35248d,H0225,9.4,2021-02-06,traveloka
Uc0da38209912,H0461,4.8,2021-02-06,traveloka
Uc46926058d05,H0445,6.0,2021-02-06,traveloka
Ue045989ec9ca,H0425,7.0,2021-02-06,booking
Ue0a1b2c6dd16,H0521,8.5,2021-02-06,traveloka
U608b76cd8a7c,H0103,9.7,2021-02-07,traveloka
U698bf2527bf7,H0509,6.0,2021-02-07,traveloka
U91c04ec43418,H0294,8.5,2021-02-08,traveloka
U0a9a47a2dd26,H0159,8.4,2021-02-09,traveloka
U7315ccb6e92a,H0238,7.0,2021-02-10,traveloka
U1833e331127d,H0381,10.0,2021-02-11,booking
U1abc95e84a31,H0332,1.0,2021-02-11,booking
U9a8d1cbba7a3,H0510,6.5,2021-02-11,traveloka
U920e21611453,H0353,10.0,2021-02-12,booking
Ua1bf573610ca,H0220,10.0,2021-02-12,booking
Uae4e862cbbb3,H0496,6.1,2021-02-12,traveloka
Ub5482f12212e,H0311,10.0,2021-02-12,booking
Ucf5121b1dc7a,H0439,9.0,2021-02-12,booking
Ud34ca94c5f52,H0362,10.0,2021-02-12,booking
Udf8bc29e2f3f,H0098,7.0,2021-02-12,booking
U11343a75f377,H0452,6.2,2021-02-13,traveloka
U399ba21c0376,H0205,10.0,2021-02-13,booking
U4ba142d25c0b,H0126,6.0,2021-02-13,ivivu
U55ba0a35377a,H0119,5.0,2021-02-13,booking
U67a7763034cd,H0491,10.0,2021-02-13,ivivu
U7225666d1e11,H0147,6.0,2021-02-13,ivivu
U901a36d1f8c5,H0461,6.4,2021-02-13,traveloka
U9556a9d9bd34,H0029,6.0,2021-02-13,ivivu
Uaed8ac64a52a,H0316,6.0,2021-02-13,ivivu
Uc43682ad0fad,H0194,4.0,2021-02-13,booking
Uf820c716ae5f,H0193,8.0,2021-02-13,ivivu
U014ab4ef41fa,H0147,6.0,2021-02-14,ivivu
U025c0bdadae4,H0453,7.0,2021-02-14,booking
U59f5c72fc241,H0454,7.2,2021-02-14,traveloka
U6f285070ca43,H0516,9.4,2021-02-14,traveloka
U7791452f1ff0,H0184,10.0,2021-02-14,booking
Ubb7caab74705,H0541,6.0,2021-02-14,booking
Ubb7caab74705,H0437,8.0,2021-02-14,booking
Ud988f30458dc,H0087,8.0,2021-02-14,booking
U16c2298dc0c0,H0006,5.0,2021-02-15,booking
U27f6ce580bfa,H0100,3.0,2021-02-15,booking
U6a1ec282d822,H0172,8.0,2021-02-15,booking
U8b48f1abe5bb,H0487,5.0,2021-02-15,booking
U90e6ea11a12e,H0414,6.1,2021-02-15,traveloka
U93fa3b7cec6e,H0167,4.0,2021-02-15,ivivu
Uf26e30a90f10,H0204,6.0,2021-02-15,ivivu
U05a5c7530168,H0225,5.8,2021-02-16,traveloka
U1c81d242fbb8,H0430,6.3,2021-02-16,traveloka
U42d2ad3dc9f1,H0137,10.0,2021-02-16,ivivu
U7d23d497d3f6,H0183,10.0,2021-02-16,ivivu
U8c5492d08f33,H0437,6.0,2021-02-16,booking
Ua3948c917049,H0184,7.0,2021-02-16,booking
Uae1538f32957,H0136,10.0,2021-02-16,ivivu
Ue97a1b5e951e,H0181,1.0,2021-02-16,booking
U065eace5e341,H0232,9.3,2021-02-17,traveloka
U0fa462fa5f5d,H0475,10.0,2021-02-17,booking
U3355249abf3d,H0282,8.0,2021-02-17,ivivu
U4274368002ee,H0311,4.0,2021-02-17,booking
U4a17bd6754c9,H0156,10.0,2021-02-17,booking
U704c66009c2a,H0521,6.0,2021-02-17,traveloka
Ubcb00aff0151,H0238,5.0,2021-02-17,booking
Ue0a9d4a85ddd,H0452,7.0,2021-02-17,booking
Uf615d077a520,H0159,5.4,2021-02-17,traveloka
U1d1be2fc3008,H0437,9.0,2021-02-18,booking
U51e843464940,H0201,5.4,2021-02-18,traveloka
U665904d21807,H0128,10.0,2021-02-18,booking
U6666bb6f5cff,H0082,10.0,2021-02-18,ivivu
Ua3948c917049,H0128,8.0,2021-02-18,booking
Ubb7caab74705,H0532,1.0,2021-02-18,booking
Ud08ab3eb6ab4,H0100,9.0,2021-02-18,booking
Ue40bfa5b2588,H0002,6.3,2021-02-18,traveloka
U210975ccc06d,H0174,6.0,2021-02-19,ivivu
U82a5ed2b4568,H0491,1.0,2021-02-19,booking
Uc5acb028c565,H0105,8.5,2021-02-19,traveloka
Ue1cc6f76306b,H0156,10.0,2021-02-19,booking
U0fa462fa5f5d,H0533,10.0,2021-02-20,booking
U1abe1c666639,H0028,8.0,2021-02-20,booking
U47fb94376fb1,H0516,8.5,2021-02-20,traveloka
U49cc2f95d3d9,H0092,6.4,2021-02-20,traveloka
U6a6e757638ae,H0408,7.3,2021-02-20,traveloka
U82a5ed2b4568,H0102,9.0,2021-02-20,booking
U869b0d58c850,H0299,6.0,2021-02-20,ivivu
Ua5eaa75c7bb5,H0479,5.0,2021-02-20,booking
Ub7214927dfea,H0102,8.0,2021-02-20,booking
Uc439ac066a38,H0408,10.0,2021-02-20,booking
Ue194d23c8abd,H0085,6.0,2021-02-20,traveloka
U1e1367252b82,H0214,10.0,2021-02-21,booking
U3550151b709f,H0214,8.0,2021-02-21,booking
U4558e64c22dc,H0137,10.0,2021-02-21,ivivu
U595041030b42,H0465,9.0,2021-02-21,booking
Ub88006c8832f,H0204,9.0,2021-02-21,booking
Uf76a42d21a7d,H0238,9.0,2021-02-21,booking
U5c59ed011e39,H0050,10.0,2021-02-22,ivivu
U63fd833b4a7c,H0220,7.0,2021-02-22,booking
Ubaf19efa2146,H0200,10.0,2021-02-22,booking
Ubb7caab74705,H0541,8.0,2021-02-22,booking
U21614f576f03,H0414,7.2,2021-02-23,traveloka
U3390df25df49,H0414,8.8,2021-02-23,traveloka
U5efe4a00a528,H0306,10.0,2021-02-23,ivivu
U764b50c0d940,H0214,8.0,2021-02-23,booking
U94788946e339,H0328,9.4,2021-02-23,traveloka
U96ea00ecc288,H0100,6.0,2021-02-23,booking
Ubb7caab74705,H0176,10.0,2021-02-23,booking
Ucad0e93ca170,H0038,6.0,2021-02-23,ivivu
Ue6d12c37c059,H0459,9.0,2021-02-23,booking
Uff996377f168,H0324,10.0,2021-02-23,traveloka
U16c2298dc0c0,H0220,10.0,2021-02-24,booking
U183e30c6fc45,H0028,6.0,2021-02-24,booking
U1bac8a91d17f,H0397,8.0,2021-02-24,booking
U23666430d470,H0117,8.5,2021-02-24,traveloka
U320fe1f80c5e,H0529,9.0,2021-02-24,booking
U3825ba977389,H0316,10.0,2021-02-24,ivivu
U3b9fee761ece,H0452,8.0,2021-02-24,booking
U4e35cb222587,H0172,4.0,2021-02-24,booking
U655646f09724,H0532,10.0,2021-02-24,booking
Ubd35de4909a3,H0408,6.0,2021-02-24,booking
Uc5b4797ed000,H0078,9.0,2021-02-24,booking
Ucb8b0596da83,H0496,9.1,2021-02-24,traveloka
U05b07d028ee4,H0394,6.0,2021-02-25,ivivu
U71d1d0ff09c7,H0058,10.0,2021-02-25,ivivu
U8c5492d08f33,H0546,7.0,2021-02-25,booking
Ua2a60494af1b,H0100,10.0,2021-02-25,booking
Ua97268bdc1bc,H0269,10.0,2021-02-25,ivivu
Uc439ac066a38,H0541,6.0,2021-02-25,booking
Uc969ed135af8,H0102,5.0,2021-02-25,booking
Ud3e82871dbfb,H0549,8.0,2021-02-25,booking
Udd0b18dd0c5c,H0380,7.0,2021-02-25,booking
U23f5861261fa,H0233,6.0,2021-02-26,ivivu
U2ce8479ed17b,H0316,8.0,2021-02-26,ivivu
U42d2ad3dc9f1,H0522,10.0,2021-02-26,ivivu
U6156734cc45f,H0336,9.4,2021-02-26,traveloka
U69b44b7da153,H0238,8.5,2021-02-26,traveloka
U6a1ec282d822,H0098,3.0,2021-02-26,booking
U7bc87ddfa9ba,H0100,9.0,2021-02-26,booking
U81f00cbdd511,H0123,6.5,2021-02-26,traveloka
Ua3fb45e97af0,H0162,8.5,2021-02-26,traveloka
Ubb7caab74705,H0119,8.0,2021-02-26,booking
Ubb7caab74705,H0349,1.0,2021-02-26,booking
Ucb46b63fea0d,H0099,4.0,2021-02-26,booking
U1525adc7b68a,H0200,8.0,2021-02-27,booking
U2278f685b611,H0439,8.0,2021-02-27,booking
U2278f685b611,H0311,8.0,2021-02-27,booking
U333dc61d1be5,H0270,6.0,2021-02-27,ivivu
U50f523b549c4,H0412,4.0,2021-02-27,booking
U55cd4d208478,H0395,4.0,2021-02-27,ivivu
U860a005630a0,H0369,8.0,2021-02-27,ivivu
Ua3948c917049,H0087,7.0,2021-02-27,booking
Ua79f70b090e6,H0281,9.7,2021-02-27,traveloka
Ubb7caab74705,H0205,7.0,2021-02-27,booking
Uc4314681d70b,H0544,5.2,2021-02-27,traveloka
Uc7490c282049,H0232,9.7,2021-02-27,traveloka
Uc9bbb5278632,H0331,6.3,2021-02-27,traveloka
Uc9fc9f53967b,H0532,7.0,2021-02-27,booking
U16c2298dc0c0,H0218,7.0,2021-02-28,booking
U1bac8a91d17f,H0214,10.0,2021-02-28,booking
U4cd0dc77cecb,H0176,9.0,2021-02-28,booking
U8b48f1abe5bb,H0099,10.0,2021-02-28,booking
U91feaa87d7e6,H0182,10.0,2021-02-28,ivivu
Ub0d6aeadc480,H0439,1.0,2021-02-28,booking
Ubb7caab74705,H0100,1.0,2021-02-28,booking
Ubc46b0556438,H0517,10.0,2021-02-28,ivivu
Uc442f2456aa8,H0439,8.0,2021-02-28,booking
U2f00adf24263,H0316,6.0,2021-03-01,ivivu
U3162c927fbd8,H0387,10.0,2021-03-01,ivivu
U42cfb242c8b6,H0491,8.0,2021-03-01,booking
U43a93c94957d,H0316,8.0,2021-03-01,ivivu
U462f6a8d1f38,H0214,6.0,2021-03-01,booking
U4977b3105d92,H0196,8.5,2021-03-01,traveloka
U8f9142984511,H0295,10.0,2021-03-01,booking
Ub6c339e40127,H0532,4.0,2021-03-01,ivivu
U6f123f862e99,H0102,1.0,2021-03-02,booking
U82a5ed2b4568,H0119,10.0,2021-03-02,booking
U8778f502bd28,H0134,6.0,2021-03-02,booking
Ua5eaa75c7bb5,H0078,9.0,2021-03-02,booking
Ubb7caab74705,H0102,7.0,2021-03-02,booking
Ube59dcf51c25,H0535,9.7,2021-03-02,traveloka
Uc9fc9f53967b,H0204,9.0,2021-03-02,booking
Uc9fc9f53967b,H0025,9.0,2021-03-02,booking
Uc9fc9f53967b,H0433,1.0,2021-03-02,booking
Ucaa5e34765c3,H0532,7.0,2021-03-02,booking
Ucf2666038316,H0366,6.0,2021-03-02,traveloka
U0de32d0ea891,H0449,6.1,2021-03-03,traveloka
U2278f685b611,H0112,10.0,2021-03-03,booking
U2bef8d986637,H0181,10.0,2021-03-03,traveloka
U2db1cd47452b,H0214,10.0,2021-03-03,booking
U76baea6966e0,H0541,5.0,2021-03-03,booking
U7c00a62e2a97,H0114,8.8,2021-03-03,traveloka
U80c7593661e4,H0179,10.0,2021-03-03,booking
Ua10e5ae40373,H0102,8.0,2021-03-03,booking
Ua5eaa75c7bb5,H0179,1.0,2021-03-03,booking
Ub0d6aeadc480,H0102,9.0,2021-03-03,booking
Ubb7caab74705,H0077,7.0,2021-03-03,booking
U16c2298dc0c0,H0179,8.0,2021-03-04,booking
U28410ad8e811,H0544,7.0,2021-03-04,traveloka
U42cfb242c8b6,H0343,9.0,2021-03-04,booking
U699916231e95,H0179,6.0,2021-03-04,booking
U7c26570964a8,H0024,10.0,2021-03-04,booking
U9326d6eafd38,H0052,7.0,2021-03-04,traveloka
Uaa4e35063e2d,H0459,9.0,2021-03-04,booking
Uc9fc9f53967b,H0520,7.0,2021-03-04,booking
Ucaa5e34765c3,H0311,8.0,2021-03-04,booking
Uf2533c3e0101,H0395,6.0,2021-03-04,ivivu
Uf90679e139cf,H0533,6.0,2021-03-04,booking
Ufa22feb874de,H0181,8.3,2021-03-04,traveloka
U97111d292c1b,H0205,9.0,2021-03-05,booking
Ub6d30b5a94c4,H0042,10.0,2021-03-05,booking
U5a7fc67f04c1,H0459,8.0,2021-03-06,booking
Ucdf99a0cd2b0,H0496,8.5,2021-03-06,traveloka
U69c73123966f,H0523,8.5,2021-03-07,traveloka
U5b1a6040411d,H0190,6.2,2021-03-08,traveloka
U326d17a9efc4,H0159,5.8,2021-03-09,traveloka
U0858a6e98f99,H0370,6.0,2021-03-10,traveloka
U8768ee9fd458,H0159,8.5,2021-03-10,traveloka
U0016d8df8d31,H0366,5.5,2021-03-11,traveloka
U281e32d55a14,H0529,9.4,2021-03-11,traveloka
U42d2ad3dc9f1,H0467,6.0,2021-03-11,traveloka
Ucaf52ae1fdca,H0328,6.5,2021-03-11,traveloka
U2204416dfb34,H0311,4.0,2021-03-12,booking
Ub8b1df8935f8,H0159,8.2,2021-03-12,traveloka
Uf4be570e2471,H0049,10.0,2021-03-12,booking
U1b71fe37c2fb,H0366,6.5,2021-03-13,traveloka
U316e7e056839,H0283,10.0,2021-03-13,ivivu
U5c13d56d6b33,H0428,10.0,2021-03-13,booking
U6840254d67f2,H0214,10.0,2021-03-13,booking
Ua3948c917049,H0497,10.0,2021-03-13,booking
Uab90ae8d578c,H0172,8.0,2021-03-13,booking
Ubb7caab74705,H0176,10.0,2021-03-13,booking
Uc439ac066a38,H0398,9.0,2021-03-13,booking
U2278f685b611,H0172,10.0,2021-03-14,booking
U44865709e101,H0352,9.0,2021-03-14,booking
U82a5ed2b4568,H0408,10.0,2021-03-14,booking
U876d7d09410b,H0551,9.7,2021-03-14,traveloka
U908b1399ed2a,H0204,7.0,2021-03-14,booking
Ub35cf3399c86,H0032,6.0,2021-03-14,traveloka
Ue058885e09b6,H0453,8.0,2021-03-14,booking
Ue999c336c5a8,H0098,7.0,2021-03-14,booking
Uf87323b22adb,H0102,10.0,2021-03-14,booking
U15c5f8689a8c,H0487,9.0,2021-03-15,booking
U2a46e9aec727,H0119,10.0,2021-03-15,booking
U549b7f9e3567,H0380,6.1,2021-03-15,traveloka
U793ac4ee017e,H0514,10.0,2021-03-15,booking
Ubb7caab74705,H0181,3.0,2021-03-15,booking
Ubb7caab74705,H0100,1.0,2021-03-15,booking
Ubb7caab74705,H0381,7.9,2021-03-15,booking
Uc7110aaf2bea,H0102,10.0,2021-03-15,booking
Uc7110aaf2bea,H0532,7.0,2021-03-15,booking
Ufa19d0afa4cb,H0087,8.0,2021-03-15,booking
U16c2298dc0c0,H0214,5.0,2021-03-16,booking
U256420ff7896,H0452,10.0,2021-03-16,booking
U3192189f47cf,H0100,8.0,2021-03-16,booking
U7038329f5ad6,H0181,10.0,2021-03-16,booking
U72d8f85b3fb4,H0100,10.0,2021-03-16,booking
Ua3948c917049,H0225,7.0,2021-03-16,booking
Ub950bc275517,H0465,8.0,2021-03-16,booking
Ud5e96e33e932,H0225,7.0,2021-03-16,booking
Ue6e3a62eed14,H0311,7.0,2021-03-16,booking
U0e282edf0621,H0382,9.4,2021-03-17,traveloka
U2f34230a0833,H0467,8.5,2021-03-17,traveloka
U6abc54e51970,H0184,8.0,2021-03-17,booking
Ua571a440c856,H0439,7.0,2021-03-17,booking
U16c2298dc0c0,H0311,9.0,2021-03-18,booking
U6a2f807061cb,H0465,6.6,2021-03-18,traveloka
U8922b930d0c9,H0521,10.0,2021-03-18,traveloka
U8930bbe3d24b,H0161,10.0,2021-03-18,booking
U8f8b90971d60,H0102,10.0,2021-03-18,booking
Ub86a99167ce7,H0078,7.0,2021-03-18,booking
Ubb7caab74705,H0532,7.0,2021-03-18,booking
Ubb7caab74705,H0100,10.0,2021-03-18,booking
Uf4414fd8aa57,H0425,10.0,2021-03-18,ivivu
U0fa462fa5f5d,H0378,10.0,2021-03-19,booking
U145b7c3a0a48,H0437,9.0,2021-03-19,booking
U50f523b549c4,H0102,5.0,2021-03-19,booking
U5863bd418f0c,H0162,8.0,2021-03-19,ivivu
U7843fcd94cb1,H0272,7.6,2021-03-19,traveloka
U7d45f6b9e69e,H0086,8.0,2021-03-19,ivivu
Udd5f3bd618d5,H0128,7.0,2021-03-19,booking
Uf5080dd9395f,H0534,6.0,2021-03-19,booking
U2a41de998c22,H0119,7.0,2021-03-20,booking
U73776e7162d8,H0220,7.0,2021-03-20,booking
Ua5f3536b4182,H0139,10.0,2021-03-20,booking
Ubb7caab74705,H0213,9.0,2021-03-20,booking
Ubbcc4677cef1,H0487,10.0,2021-03-20,booking
Uc9fc9f53967b,H0205,7.0,2021-03-20,booking
U236525275fd5,H0369,8.0,2021-03-21,ivivu
U2fed37e26d72,H0410,4.0,2021-03-21,booking
U371f4f09d46a,H0311,9.7,2021-03-21,traveloka
U4b694b21157d,H0518,7.0,2021-03-21,booking
U5f876834aaab,H0311,10.0,2021-03-21,ivivu
U635cd9567a4e,H0369,8.0,2021-03-21,ivivu
U76baea6966e0,H0025,10.0,2021-03-21,booking
U79ff29ac3acf,H0196,8.5,2021-03-21,traveloka
U82a5ed2b4568,H0463,8.0,2021-03-21,booking
U8db602f86ee4,H0412,5.0,2021-03-21,booking
Ubb7caab74705,H0397,5.4,2021-03-21,booking
Uc874bee1c545,H0332,6.0,2021-03-21,booking
Ue13b36c2d1b2,H0382,8.5,2021-03-21,traveloka
Ue7f61c56d368,H0099,7.0,2021-03-21,booking
Uf87323b22adb,H0008,10.0,2021-03-21,booking
U6156734cc45f,H0299,6.0,2021-03-22,ivivu
U6666bb6f5cff,H0467,9.1,2021-03-22,traveloka
U71f4da10c5ed,H0107,9.7,2021-03-22,traveloka
U7650c2391f61,H0062,10.0,2021-03-22,ivivu
Ub051030fc5a2,H0200,10.0,2021-03-22,booking
Ud466ab33f432,H0166,9.7,2021-03-22,traveloka
U4be5e44c4db1,H0487,10.0,2021-03-23,booking
U65891df4f56c,H0411,6.0,2021-03-23,traveloka
U8835e7c867c5,H0112,9.0,2021-03-23,booking
U8f9142984511,H0444,10.0,2021-03-23,booking
Ub88006c8832f,H0487,3.0,2021-03-23,booking
Ubb7caab74705,H0487,1.0,2021-03-23,booking
Ubb7caab74705,H0311,6.0,2021-03-23,booking
Uc9fc9f53967b,H0311,7.0,2021-03-23,booking
Ud060e42f88b8,H0549,10.0,2021-03-23,booking
U0c024ce09c1a,H0196,6.0,2021-03-24,traveloka
U6d6a182591da,H0311,10.0,2021-03-24,traveloka
U76baea6966e0,H0200,9.0,2021-03-24,booking
U8395824480bb,H0487,9.0,2021-03-24,booking
U855fe3142043,H0262,6.0,2021-03-24,ivivu
U8b48f1abe5bb,H0529,7.0,2021-03-24,booking
U9482b53a70de,H0387,8.0,2021-03-24,ivivu
Ua5eaa75c7bb5,H0112,7.0,2021-03-24,booking
Ud32724881360,H0112,6.0,2021-03-24,booking
U14a568c69f46,H0475,8.0,2021-03-25,booking
U68f2e9707e6b,H0220,4.0,2021-03-25,booking
U8395824480bb,H0078,8.0,2021-03-25,booking
U1548e066596f,H0114,6.0,2021-03-26,ivivu
U70d1cb8e578b,H0398,7.0,2021-03-26,booking
U94a9981b8bc8,H0477,8.0,2021-03-26,ivivu
U97c093b257a9,H0099,10.0,2021-03-26,booking
Ua02bf2535906,H0554,1.0,2021-03-26,booking
Uac8fa35c35a0,H0507,9.4,2021-03-26,traveloka
Ubb7caab74705,H0204,10.0,2021-03-26,booking
Ue65c8cd9a182,H0100,7.0,2021-03-26,booking
U3b8f12749d0a,H0454,9.4,2021-03-27,traveloka
U595041030b42,H0214,10.0,2021-03-27,booking
U7369ea966365,H0506,10.0,2021-03-27,booking
Ua6616756aaf7,H0008,7.0,2021-03-27,booking
Ub9b4b75e30a7,H0225,9.4,2021-03-27,traveloka
Uc3188498b286,H0099,8.0,2021-03-27,booking
Uc439ac066a38,H0487,10.0,2021-03-27,booking
Uc9fc9f53967b,H0529,6.0,2021-03-27,booking
Ud64fe52a60a9,H0550,8.5,2021-03-27,traveloka
U09323f9c7d8d,H0369,8.0,2021-03-28,ivivu
U145b7c3a0a48,H0200,8.0,2021-03-28,booking
U16c2298dc0c0,H0529,8.0,2021-03-28,booking
U3b9fee761ece,H0102,7.0,2021-03-28,booking
U8baca280affb,H0439,9.0,2021-03-28,booking
U8c5492d08f33,H0533,5.0,2021-03-28,booking
U8c5492d08f33,H0204,8.0,2021-03-28,booking
U8f166400ab8c,H0467,6.6,2021-03-28,traveloka
Ua02bf2535906,H0172,7.0,2021-03-28,booking
Ua9fee312a7b9,H0549,9.0,2021-03-28,booking
Uba78fbe6c8e0,H0041,8.5,2021-03-28,traveloka
Ue488b537d786,H0181,10.0,2021-03-28,booking
Ue6e3a62eed14,H0181,6.0,2021-03-28,booking
Ue83b093de198,H0181,6.0,2021-03-28,booking
U227dd838aac0,H0100,8.0,2021-03-29,booking
U5a350d7e7970,H0332,5.0,2021-03-29,booking
U6385f68c80f9,H0249,6.0,2021-03-29,traveloka
Ua02bf2535906,H0398,8.0,2021-03-29,booking
Ua571a440c856,H0018,7.0,2021-03-29,booking
Ub4c4d593ee1d,H0541,5.0,2021-03-29,booking
Ub86a99167ce7,H0008,10.0,2021-03-29,booking
Ubb7caab74705,H0087,8.0,2021-03-29,booking
Uc9fc9f53967b,H0119,8.0,2021-03-29,booking
Uf13534b7de0c,H0510,9.0,2021-03-29,booking
U16c2298dc0c0,H0112,7.0,2021-03-30,booking
U2b43a5075f23,H0439,8.0,2021-03-30,booking
U3026a6b89b3f,H0214,10.0,2021-03-30,booking
U55ba0a35377a,H0100,4.0,2021-03-30,booking
U71d908440077,H0487,9.0,2021-03-30,booking
U8b48f1abe5bb,H0200,5.0,2021-03-30,booking
Ua02bf2535906,H0181,7.0,2021-03-30,booking
Ub86a99167ce7,H0102,7.0,2021-03-30,booking
Ue0a9d4a85ddd,H0412,7.0,2021-03-30,booking
Ue1cc6f76306b,H0204,9.0,2021-03-30,booking
Uea888debac98,H0058,10.0,2021-03-30,ivivu
U03788a12ca3f,H0154,8.0,2021-03-31,ivivu
U2a46e9aec727,H0099,10.0,2021-03-31,booking
U3e8474b6fa2f,H0051,6.6,2021-03-31,traveloka
U469527d1c373,H0425,9.7,2021-03-31,traveloka
U57dd8f4e431c,H0087,8.0,2021-03-31,booking
U595041030b42,H0479,9.0,2021-03-31,booking
U8f9142984511,H0433,3.0,2021-03-31,booking
Uffca9f52a542,H0002,8.5,2021-03-31,traveloka
U3538d35ebd2c,H0159,8.5,2021-04-01,traveloka
Ua015724eb5e3,H0200,7.0,2021-04-01,booking
Uab90ae8d578c,H0156,9.0,2021-04-01,booking
Ub5923814a325,H0102,10.0,2021-04-01,booking
Ubb7caab74705,H0437,9.0,2021-04-01,booking
Ubb7caab74705,H0102,9.0,2021-04-01,booking
Ud71518aeea3f,H0478,8.5,2021-04-01,traveloka
Ud982d133e8d8,H0215,6.0,2021-04-01,traveloka
Ueac1f0a5c3c3,H0215,5.1,2021-04-01,traveloka
U6abc54e51970,H0400,5.0,2021-04-02,booking
Uae43a1c16f19,H0433,6.0,2021-04-02,traveloka
Ub8e530aa081f,H0380,5.0,2021-04-02,booking
Ubb7caab74705,H0510,7.0,2021-04-02,booking
U113754f70354,H0521,6.1,2021-04-03,traveloka
U145b7c3a0a48,H0541,3.0,2021-04-03,booking
U16c2298dc0c0,H0096,10.0,2021-04-03,booking
U2a46e9aec727,H0213,10.0,2021-04-03,booking
U404553184c9c,H0172,7.0,2021-04-03,booking
U82a5ed2b4568,H0008,1.0,2021-04-03,booking
U846da8b2a753,H0394,6.2,2021-04-03,traveloka
Uc2eafeeb199a,H0119,7.0,2021-04-03,booking
Uc3188498b286,H0176,10.0,2021-04-03,booking
Uc92412dddc7c,H0232,8.8,2021-04-03,traveloka
Udd5f3bd618d5,H0475,7.0,2021-04-03,booking
U4274368002ee,H0452,8.0,2021-04-04,booking
U764b50c0d940,H0176,9.0,2021-04-04,booking
U8493ac6841c7,H0162,9.7,2021-04-04,traveloka
Uab90ae8d578c,H0220,10.0,2021-04-04,booking
Ubb7caab74705,H0363,7.0,2021-04-04,booking
Ubb7caab74705,H0007,10.0,2021-04-04,booking
Ubb7caab74705,H0100,10.0,2021-04-04,booking
Ucaca4b01d177,H0124,10.0,2021-04-04,ivivu
Uef35cb793711,H0311,5.9,2021-04-04,traveloka
Uf33e9d941313,H0439,5.0,2021-04-04,booking
Uf910cfcea493,H0238,6.0,2021-04-04,booking
U12f875e738b0,H0162,10.0,2021-04-05,traveloka
U15c5f8689a8c,H0220,7.0,2021-04-05,booking
U21c7744fe81a,H0334,9.7,2021-04-05,traveloka
U487120a75126,H0100,6.0,2021-04-05,booking
U6a1ec282d822,H0475,8.0,2021-04-05,booking
Uaaaae51f2d5a,H0381,8.0,2021-04-05,booking
Ub2a5e122c24b,H0175,6.0,2021-04-05,traveloka
Ue588c170ea45,H0052,8.5,2021-04-05,traveloka
U0dc2d2e8564d,H0540,8.5,2021-04-06,traveloka
U665904d21807,H0043,10.0,2021-04-06,booking
U9424392d594b,H0328,5.8,2021-04-06,traveloka
U09323f9c7d8d,H0523,6.9,2021-04-07,traveloka
U1830c405e579,H0117,6.1,2021-04-07,traveloka
U7225666d1e11,H0414,10.0,2021-04-07,traveloka
Ue1b7d326a532,H0516,6.9,2021-04-07,traveloka
U1c1a2c218e78,H0425,9.7,2021-04-08,traveloka
U28df31af15cf,H0115,9.4,2021-04-08,traveloka
U2d8eb32d7354,H0294,8.5,2021-04-08,traveloka
Ued462da3b17d,H0535,8.7,2021-04-08,traveloka
Uf7f415104f4d,H0376,9.7,2021-04-08,traveloka
U281e32d55a14,H0551,9.4,2021-04-10,traveloka
U368e7ece0654,H0102,4.0,2021-04-10,booking
U5c311c34cbbf,H0396,4.9,2021-04-10,traveloka
U025c0bdadae4,H0014,6.0,2021-04-11,booking
U108c87e2cdcf,H0523,9.4,2021-04-11,traveloka
U2a46e9aec727,H0042,10.0,2021-04-11,booking
U4274368002ee,H0042,7.0,2021-04-11,booking
Ua46318313c7c,H0032,5.1,2021-04-11,traveloka
Uf49c241319de,H0478,5.6,2021-04-11,traveloka
U1122b5cc7902,H0485,8.4,2021-04-12,traveloka
U1f3cc872afc7,H0332,3.0,2021-04-12,booking
U7a1c550b7ef4,H0332,7.0,2021-04-12,booking
U7aad371589af,H0334,6.1,2021-04-12,traveloka
U149cb221d5e7,H0200,7.0,2021-04-13,booking
U3edc62d0cf08,H0290,6.3,2021-04-13,traveloka
U4a17bd6754c9,H0546,8.0,2021-04-13,booking
U63367ac0d7b9,H0467,8.4,2021-04-13,traveloka
U676b1259fe75,H0408,7.0,2021-04-13,booking
U8c5492d08f33,H0102,7.0,2021-04-13,booking
Ub051030fc5a2,H0100,7.0,2021-04-13,booking
Ubb7caab74705,H0487,1.0,2021-04-13,booking
Uc2a94632060d,H0214,9.0,2021-04-13,booking
Udf8bc29e2f3f,H0214,8.8,2021-04-13,booking
Uf75904e790a0,H0125,8.5,2021-04-13,traveloka
U2278f685b611,H0470,10.0,2021-04-14,booking
U3e5b22f6d6f1,H0352,6.0,2021-04-14,booking
U50f523b549c4,H0214,1.0,2021-04-14,booking
U8a34c2ccaac1,H0204,7.0,2021-04-14,booking
Uae8735b5c0c9,H0200,7.0,2021-04-14,booking
Ubb7caab74705,H0433,7.0,2021-04-14,booking
Ubb7caab74705,H0487,1.0,2021-04-14,booking
Uc77655397c4c,H0021,10.0,2021-04-14,booking
Ud0be7050242b,H0315,7.6,2021-04-14,traveloka
U1133030115e9,H0239,6.0,2021-04-15,ivivu
U2a46e9aec727,H0205,6.2,2021-04-15,booking
U2af202620714,H0064,6.1,2021-04-15,traveloka
U6156734cc45f,H0062,6.0,2021-04-15,ivivu
Ua2762b024f47,H0461,6.3,2021-04-15,traveloka
Ua571a440c856,H0204,7.0,2021-04-15,booking
Ubb7caab74705,H0176,10.0,2021-04-15,booking
Uc9fc9f53967b,H0158,9.0,2021-04-15,booking
Ue83b093de198,H0433,5.0,2021-04-15,booking
Uf03fe0a2e64d,H0429,10.0,2021-04-15,ivivu
Ufdb19d888b6c,H0272,9.4,2021-04-15,traveloka
U36eae7b366ff,H0038,8.0,2021-04-16,ivivu
U63c758002faa,H0193,10.0,2021-04-16,ivivu
U82a92949cbb5,H0470,10.0,2021-04-16,booking
U8410b4c5aaeb,H0238,9.0,2021-04-16,booking
U8930bbe3d24b,H0506,10.0,2021-04-16,booking
U89bc4c56a28e,H0225,10.0,2021-04-16,booking
U8de53a5c7d44,H0535,10.0,2021-04-16,traveloka
Ubc9a371fc117,H0042,10.0,2021-04-16,booking
Uc439ac066a38,H0497,8.0,2021-04-16,booking
Ud10d15a9de32,H0380,8.0,2021-04-16,booking
Ud7527e2dfc4f,H0368,10.0,2021-04-16,ivivu
Ueff4fbda6737,H0120,8.0,2021-04-16,booking
U14a568c69f46,H0295,8.0,2021-04-17,booking
U16c2298dc0c0,H0225,8.0,2021-04-17,booking
U2278f685b611,H0112,9.2,2021-04-17,booking
U487120a75126,H0529,1.0,2021-04-17,booking
U5a350d7e7970,H0506,9.0,2021-04-17,booking
U655646f09724,H0184,10.0,2021-04-17,booking
U704c66009c2a,H0002,5.1,2021-04-17,traveloka
U82f103385c33,H0172,10.0,2021-04-17,booking
U8395824480bb,H0112,9.0,2021-04-17,booking
Ubb7caab74705,H0532,10.0,2021-04-17,booking
Ubb7caab74705,H0453,9.0,2021-04-17,booking
Uc43682ad0fad,H0078,6.0,2021-04-17,booking
Uc43682ad0fad,H0380,8.0,2021-04-17,booking
Uc874bee1c545,H0541,8.8,2021-04-17,booking
Ud64bd1c41dd0,H0311,8.0,2021-04-17,ivivu
Udf8bc29e2f3f,H0179,8.0,2021-04-17,booking
Ue71df6a2ee26,H0475,10.0,2021-04-17,booking
U1500a9267556,H0470,9.0,2021-04-18,booking
U29682326080c,H0541,6.0,2021-04-18,booking
U487120a75126,H0007,8.0,2021-04-18,booking
U55ba0a35377a,H0398,8.0,2021-04-18,booking
U70d1cb8e578b,H0112,9.0,2021-04-18,booking
U85caa514a9a4,H0369,6.0,2021-04-18,ivivu
Uc43682ad0fad,H0378,7.0,2021-04-18,booking
Ucaa5e34765c3,H0021,9.0,2021-04-18,booking
Udedea8ae207e,H0200,7.0,2021-04-18,booking
Udf8bc29e2f3f,H0408,8.0,2021-04-18,booking
Uefbb73f4b585,H0102,9.0,2021-04-18,booking
Uf13534b7de0c,H0098,6.0,2021-04-18,booking
U00912b991d82,H0028,10.0,2021-04-19,booking
U45559e7581e5,H0487,7.0,2021-04-19,booking
U595041030b42,H0546,6.0,2021-04-19,booking
U699916231e95,H0487,8.0,2021-04-19,booking
U6a1ec282d822,H0220,10.0,2021-04-19,booking
U7c26570964a8,H0349,8.0,2021-04-19,booking
Uaf28d8248abd,H0335,9.4,2021-04-19,traveloka
Uc7110aaf2bea,H0412,10.0,2021-04-19,booking
Uc9fc9f53967b,H0028,7.0,2021-04-19,booking
Udd5f3bd618d5,H0214,10.0,2021-04-19,booking
Uf6be437f26c8,H0383,6.6,2021-04-19,traveloka
Uf910cfcea493,H0337,10.0,2021-04-19,booking
U23a901170401,H0551,6.0,2021-04-20,traveloka
U4c6545ae5cab,H0195,6.0,2021-04-20,traveloka
U6a1ec282d822,H0219,10.0,2021-04-20,booking
U7a9a99ec49cf,H0470,8.0,2021-04-20,booking
Ua3948c917049,H0213,7.0,2021-04-20,booking
Uab90ae8d578c,H0042,9.0,2021-04-20,booking
Ub88006c8832f,H0518,5.0,2021-04-20,booking
Ubb7caab74705,H0529,7.0,2021-04-20,booking
Ubc355ec68437,H0453,9.0,2021-04-20,booking
Ubfc527cd5561,H0091,10.0,2021-04-20,ivivu
Uc9fc9f53967b,H0437,10.0,2021-04-20,booking
Ufb79f7cc4e47,H0439,9.0,2021-04-20,booking
U5e181805fc19,H0214,10.0,2021-04-21,booking
U8baca280affb,H0123,5.0,2021-04-21,booking
U8c5492d08f33,H0458,6.0,2021-04-21,booking
Ua3b9950df989,H0214,4.0,2021-04-21,booking
Ub926c11e22c1,H0332,7.0,2021-04-21,booking
Ubcb00aff0151,H0099,7.0,2021-04-21,booking
Uc9fc9f53967b,H0437,7.0,2021-04-21,booking
Ucaacb3bf5210,H0014,10.0,2021-04-21,booking
Uf76a42d21a7d,H0214,9.0,2021-04-21,booking
U320fe1f80c5e,H0018,10.0,2021-04-22,booking
U567a968c5363,H0162,6.0,2021-04-22,ivivu
U8c5492d08f33,H0337,10.0,2021-04-22,booking
U920e21611453,H0355,10.0,2021-04-22,booking
U97069f7b57e3,H0204,8.0,2021-04-22,ivivu
U9c96f373dba5,H0122,9.7,2021-04-22,traveloka
Ua5d196ed4683,H0398,6.0,2021-04-22,booking
Ub5482f12212e,H0381,10.0,2021-04-22,booking
Ubb7caab74705,H0497,6.0,2021-04-22,booking
Uc09e581aa9e9,H0107,6.6,2021-04-22,traveloka
Uc9fc9f53967b,H0204,1.0,2021-04-22,booking
U04e9b2f258c5,H0084,10.0,2021-04-23,ivivu
U2db1cd47452b,H0453,10.0,2021-04-23,booking
U327360797f4a,H0530,10.0,2021-04-23,ivivu
U467daa13540d,H0437,10.0,2021-04-23,booking
U70d1cb8e578b,H0158,7.0,2021-04-23,booking
U9fd4159feb84,H0220,9.0,2021-04-23,booking
Ua0def0a19f48,H0529,6.4,2021-04-23,traveloka
Uab6f7ee36a34,H0534,9.0,2021-04-23,booking
Ub8e530aa081f,H0220,10.0,2021-04-23,booking
Ubb7caab74705,H0181,7.5,2021-04-23,booking
Uc5b4797ed000,H0214,10.0,2021-04-23,booking
Ucaacb3bf5210,H0112,7.0,2021-04-23,booking
Ue072af4ba9d2,H0219,10.0,2021-04-23,booking
Uea979d60f31c,H0100,10.0,2021-04-23,booking
U1d79128a770c,H0225,5.0,2021-04-24,booking
U2278f685b611,H0408,5.0,2021-04-24,booking
U2f467def7314,H0193,10.0,2021-04-24,ivivu
U3026a6b89b3f,H0181,6.0,2021-04-24,booking
U3c76d79f4a68,H0156,10.0,2021-04-24,booking
U82a5ed2b4568,H0408,4.0,2021-04-24,booking
U8395824480bb,H0533,10.0,2021-04-24,booking
U8db602f86ee4,H0425,10.0,2021-04-24,booking
Ubd3fea6719c4,H0387,6.0,2021-04-24,ivivu
Ud891e317ebe9,H0087,9.0,2021-04-24,booking
Ue916437b73ae,H0458,8.0,2021-04-24,booking
Uec060a10cb2d,H0482,8.0,2021-04-24,ivivu
U1500a9267556,H0087,10.0,2021-04-25,booking
U214377c39f3f,H0005,5.0,2021-04-25,booking
U49c08a6dc195,H0366,8.5,2021-04-25,traveloka
U55d74e18ce6b,H0499,9.1,2021-04-25,traveloka
U6a1ec282d822,H0179,8.0,2021-04-25,booking
U84a857b82cbe,H0100,7.0,2021-04-25,booking
U851bc0876828,H0272,8.5,2021-04-25,traveloka
U867b8a3581b5,H0369,10.0,2021-04-25,ivivu
U9416b0b23d5b,H0085,5.7,2021-04-25,traveloka
Ua4e6ceda2a24,H0044,10.0,2021-04-25,ivivu
Ub6449c27ea57,H0220,10.0,2021-04-25,booking
Ub873fd5b8277,H0245,10.0,2021-04-25,ivivu
Ubb7caab74705,H0098,3.0,2021-04-25,booking
Ubb7caab74705,H0087,10.0,2021-04-25,booking
Uc7fc5cc673aa,H0028,10.0,2021-04-25,booking
Udba547db8721,H0368,8.0,2021-04-25,ivivu
Ue072af4ba9d2,H0506,9.0,2021-04-25,booking
Ued3b997ef713,H0373,10.0,2021-04-25,traveloka
U0b1f2d882170,H0239,6.0,2021-04-26,ivivu
U4782dff5ce62,H0382,6.4,2021-04-26,traveloka
U487120a75126,H0204,6.0,2021-04-26,booking
U487120a75126,H0343,9.0,2021-04-26,booking
U7e7e98a0b53b,H0159,10.0,2021-04-26,traveloka
U82a5ed2b4568,H0176,8.0,2021-04-26,booking
Ua571a440c856,H0349,9.0,2021-04-26,booking
Ubb7caab74705,H0332,5.0,2021-04-26,booking
Ud08860e90883,H0262,9.4,2021-04-26,traveloka
Ud55971f7028e,H0225,8.3,2021-04-26,booking
Uf13534b7de0c,H0533,5.0,2021-04-26,booking
U5a350d7e7970,H0332,5.0,2021-04-27,booking
U8b48f1abe5bb,H0102,7.0,2021-04-27,booking
Uaa03b73ad39d,H0123,9.7,2021-04-27,traveloka
Ub94e73415c6a,H0470,10.0,2021-04-27,booking
Ubb7caab74705,H0452,10.0,2021-04-27,booking
Ubcb00aff0151,H0541,10.0,2021-04-27,booking
Uc8dc43d69701,H0225,8.0,2021-04-27,booking
Uc9fc9f53967b,H0433,7.0,2021-04-27,booking
Uded5b3cf856c,H0220,7.0,2021-04-27,booking
Uf07e3107c918,H0262,6.3,2021-04-27,traveloka
U1e84baf9b7e4,H0210,10.0,2021-04-28,ivivu
U3b9fee761ece,H0546,10.0,2021-04-28,booking
U586bf32f0573,H0100,7.0,2021-04-28,booking
U793ac4ee017e,H0433,8.0,2021-04-28,booking
U82fffe81f716,H0018,10.0,2021-04-28,booking
U9d5d749eb392,H0227,6.4,2021-04-28,traveloka
Uc94b5429322d,H0098,10.0,2021-04-28,booking
Udedea8ae207e,H0024,7.0,2021-04-28,booking
Ue6e3a62eed14,H0087,5.0,2021-04-28,booking
Uf96b6ab17b89,H0281,5.5,2021-04-28,traveloka
U487120a75126,H0156,7.0,2021-04-29,booking
U5a350d7e7970,H0200,7.0,2021-04-29,booking
U818300e466d4,H0176,10.0,2021-04-29,booking
U9cbb45a3a1d9,H0245,10.0,2021-04-29,ivivu
Ubb7caab74705,H0200,8.0,2021-04-29,booking
Uc9fc9f53967b,H0487,8.0,2021-04-29,booking
Udd5f3bd618d5,H0008,7.0,2021-04-29,booking
Ue90f7339a1c5,H0485,8.5,2021-04-29,traveloka
Ue97a1b5e951e,H0005,7.0,2021-04-29,booking
Uefbb73f4b585,H0008,10.0,2021-04-29,booking
Ueff4fbda6737,H0204,9.0,2021-04-29,booking
Uf457a1d637b0,H0087,9.0,2021-04-29,booking
Ufa7ec5265820,H0042,8.0,2021-04-29,booking
U175df1ad395f,H0535,6.4,2021-04-30,traveloka
U54236dbc5368,H0294,5.8,2021-04-30,traveloka
U55ba0a35377a,H0433,10.0,2021-04-30,booking
U5a350d7e7970,H0102,7.0,2021-04-30,booking
U5e181805fc19,H0005,10.0,2021-04-30,booking
U5f093cee3fbd,H0459,7.0,2021-04-30,booking
U7a37ffff8050,H0123,7.0,2021-04-30,booking
U80fe8655bf8a,H0129,8.0,2021-04-30,ivivu
U8c5492d08f33,H0112,5.0,2021-04-30,booking
Uae43a1c16f19,H0402,6.0,2021-04-30,ivivu
Uc18c0094d52f,H0119,1.0,2021-04-30,booking
Ud6e230b15905,H0284,6.0,2021-04-30,ivivu
U82a5ed2b4568,H0332,6.0,2021-05-01,booking
Udd5f3bd618d5,H0028,7.0,2021-05-01,booking
U00912b991d82,H0225,5.0,2021-05-02,booking
U1fb339701df0,H0516,6.3,2021-05-02,traveloka
U2838ad13fba7,H0060,9.0,2021-05-02,booking
U5c13d56d6b33,H0295,10.0,2021-05-02,booking
U63c8398a9d49,H0397,8.0,2021-05-02,booking
Ubb7caab74705,H0541,10.0,2021-05-02,booking
Ubb7caab74705,H0176,10.0,2021-05-02,booking
Ubb7caab74705,H0218,8.0,2021-05-02,booking
Uc2eafeeb199a,H0220,7.0,2021-05-02,booking
Uc94b5429322d,H0408,5.0,2021-05-02,booking
Ud66ebf5e1f66,H0343,8.0,2021-05-02,ivivu
U145b7c3a0a48,H0220,9.0,2021-05-03,booking
U3e2d46ae0abc,H0535,6.0,2021-05-03,traveloka
U467daa13540d,H0218,5.0,2021-05-03,booking
U6f707e889578,H0184,9.0,2021-05-03,booking
U734b9c6ecd95,H0403,6.0,2021-05-03,ivivu
U788ad866add3,H0102,9.0,2021-05-03,booking
Ua2ecd27013e2,H0205,10.0,2021-05-03,booking
Uaa4e35063e2d,H0077,8.0,2021-05-03,booking
Uae8735b5c0c9,H0475,7.0,2021-05-03,booking
Ub9fd7c585561,H0159,8.5,2021-05-03,traveloka
Uc5b4797ed000,H0119,7.0,2021-05-03,booking
Uc7110aaf2bea,H0549,10.0,2021-05-03,booking
Ud382026c7ac7,H0283,10.0,2021-05-03,ivivu
Ue0a9d4a85ddd,H0179,9.0,2021-05-03,booking
Ue1da982f5ad0,H0466,10.0,2021-05-03,booking
Uf34b10784411,H0162,10.0,2021-05-03,ivivu
U2f34230a0833,H0215,8.5,2021-05-04,traveloka
U3463d896d751,H0439,6.0,2021-05-04,traveloka
U40499bf254b5,H0372,10.0,2021-05-04,booking
U40fee10584f8,H0218,6.0,2021-05-04,traveloka
U4aa7c8b7bf1c,H0391,8.0,2021-05-04,ivivu
U53297d6dec70,H0062,10.0,2021-05-04,ivivu
U595041030b42,H0021,9.0,2021-05-04,booking
U5e181805fc19,H0437,8.0,2021-05-04,booking
U732f3a697fa2,H0463,7.0,2021-05-04,booking
U8ca4392fa347,H0534,6.2,2021-05-04,traveloka
Uc43682ad0fad,H0014,10.0,2021-05-04,booking
Uc5b4797ed000,H0378,10.0,2021-05-04,booking
Uc9fc9f53967b,H0439,9.6,2021-05-04,booking
Uf7b7d282da79,H0433,6.0,2021-05-04,booking
U692f04e60090,H0181,7.0,2021-05-05,booking
U8e74dbeba155,H0487,8.0,2021-05-05,booking
Ueb33b518d01a,H0227,9.1,2021-05-05,traveloka
U1b7649656b73,H0550,6.1,2021-05-07,traveloka
U5a67cd12c455,H0382,4.5,2021-05-07,traveloka
U87ac7dfc46dd,H0304,5.4,2021-05-07,traveloka
U33a13fee9e15,H0521,9.4,2021-05-08,traveloka
U9f22416c12fb,H0105,4.8,2021-05-08,traveloka
Ud120feca1262,H0412,6.4,2021-05-09,traveloka
Ue8b5b0395fe7,H0182,6.5,2021-05-09,traveloka
Uf51552664247,H0315,9.7,2021-05-09,traveloka
U1ec8c11091b0,H0336,9.4,2021-05-10,traveloka
Ua7d7bc3fee76,H0216,9.5,2021-05-10,traveloka
Ub6e3e6c4ab08,H0446,8.8,2021-05-10,traveloka
U76f85da43ae5,H0425,9.0,2021-05-11,booking
U8016fd8223f8,H0507,9.7,2021-05-12,traveloka
U904ab15a70b5,H0439,9.7,2021-05-12,traveloka
Uaa154b035f2e,H0412,7.0,2021-05-12,traveloka
Ud4c36fc32235,H0105,8.2,2021-05-12,traveloka
Ud530989c4184,H0521,8.5,2021-05-12,traveloka
Ud988f30458dc,H0437,5.0,2021-05-12,booking
U0fc86b5333cf,H0433,5.2,2021-05-13,traveloka
U183e30c6fc45,H0397,10.0,2021-05-13,booking
U7cd997f32f2d,H0042,10.0,2021-05-13,booking
U97111d292c1b,H0408,10.0,2021-05-13,booking
Uab90ae8d578c,H0021,10.0,2021-05-13,booking
Uac2a1af649a9,H0351,9.0,2021-05-13,booking
Ucaa5e34765c3,H0238,7.0,2021-05-13,booking
Udd54e22b66e8,H0238,6.3,2021-05-13,traveloka
U4e716dd19b0a,H0001,8.7,2021-05-14,traveloka
U7cd997f32f2d,H0021,10.0,2021-05-14,booking
U87ab1e78e758,H0295,9.0,2021-05-14,booking
Ubb1b97eff995,H0311,8.5,2021-05-14,traveloka
U026480a0908e,H0075,4.8,2021-05-15,traveloka
U0ef176a6356e,H0385,6.9,2021-05-15,traveloka
U361daf221bb9,H0002,8.5,2021-05-15,traveloka
U487120a75126,H0475,5.0,2021-05-15,booking
U6abc54e51970,H0112,8.0,2021-05-15,booking
U9fe88e394b54,H0023,7.0,2021-05-15,booking
Ua0d8a95c9d7c,H0373,9.7,2021-05-15,traveloka
U48530fa5c9b6,H0516,8.5,2021-05-16,traveloka
U59cfbbfb9b19,H0471,10.0,2021-05-16,ivivu
U6156734cc45f,H0507,8.8,2021-05-16,traveloka
U683a264ee031,H0064,8.5,2021-05-16,traveloka
U8679b16ed0a8,H0408,7.0,2021-05-16,booking
Uae8735b5c0c9,H0444,7.0,2021-05-16,booking
Ub2a0824a2e95,H0105,9.7,2021-05-16,traveloka
Ub2b2e7cca138,H0120,9.0,2021-05-16,booking
Ubb59be32a038,H0232,6.0,2021-05-16,traveloka
Uc439ac066a38,H0410,7.0,2021-05-16,booking
U1c30d55906f2,H0521,4.8,2021-05-17,traveloka
U3ae14c952a2d,H0366,6.0,2021-05-17,traveloka
U4bf1671e06ad,H0002,6.3,2021-05-17,traveloka
Ua3948c917049,H0008,8.0,2021-05-17,booking
Ud1482684ee2a,H0238,9.4,2021-05-17,traveloka
U183e30c6fc45,H0234,10.0,2021-05-18,booking
U1995d921a404,H0008,10.0,2021-05-18,booking
U1a38312105ef,H0070,6.8,2021-05-18,traveloka
U2003a060dad6,H0214,9.0,2021-05-18,booking
U5a350d7e7970,H0311,8.0,2021-05-18,booking
U6642d978a0eb,H0430,10.0,2021-05-18,traveloka
U82a5ed2b4568,H0437,10.0,2021-05-18,booking
Uf03ae08e5722,H0376,9.4,2021-05-18,traveloka
U61d20d21d022,H0205,10.0,2021-05-19,booking
U6a1ec282d822,H0372,10.0,2021-05-19,booking
U7a37ffff8050,H0397,10.0,2021-05-19,booking
Uae9cc1b93f8c,H0162,9.1,2021-05-19,traveloka
Ue83b093de198,H0005,5.0,2021-05-19,booking
U2e50157c7ecc,H0465,6.0,2021-05-20,booking
U30b3d29cfdc5,H0544,6.0,2021-05-20,traveloka
U52a7b605988b,H0183,5.0,2021-05-20,booking
U6840254d67f2,H0102,10.0,2021-05-20,booking
Ubb7caab74705,H0518,5.0,2021-05-20,booking
Ubb7caab74705,H0452,6.2,2021-05-20,booking
U16c2298dc0c0,H0362,10.0,2021-05-21,booking
Ua70d6cc8c74b,H0132,10.0,2021-05-21,ivivu
Ubb7caab74705,H0112,7.0,2021-05-21,booking
Uc9fc9f53967b,H0123,9.0,2021-05-21,booking
Ude1b1eb1b243,H0183,5.0,2021-05-21,booking
U3550151b709f,H0541,7.0,2021-05-22,booking
U43c9681df962,H0311,9.0,2021-05-22,booking
U709fb7041994,H0336,9.4,2021-05-22,traveloka
Uc9fc9f53967b,H0533,4.0,2021-05-22,booking
Udcd7545e9dfa,H0218,5.0,2021-05-22,booking
U3c76d79f4a68,H0295,10.0,2021-05-23,booking
U6840254d67f2,H0204,8.0,2021-05-23,booking
Ue1ea6170d5ed,H0510,10.0,2021-05-23,booking
U060b3d96718e,H0547,6.8,2021-05-24,traveloka
Uaa727adbce8f,H0355,10.0,2021-05-24,booking
Ue4582a9c407e,H0510,9.0,2021-05-24,booking
U16c2298dc0c0,H0042,9.0,2021-05-25,booking
U4600f1f230af,H0111,8.8,2021-05-25,traveloka
U5cbffd0ec5bd,H0478,6.0,2021-05-25,traveloka
U728062bedf1f,H0380,5.4,2021-05-25,traveloka
U7af1bb698ab4,H0162,6.0,2021-05-25,ivivu
Uab6f7ee36a34,H0487,9.0,2021-05-25,booking
Ubb7caab74705,H0408,1.0,2021-05-25,booking
U0ca8c427bec7,H0181,9.7,2021-05-26,traveloka
U4490e19a7eaf,H0557,9.4,2021-05-26,traveloka
U5a350d7e7970,H0479,5.0,2021-05-26,booking
U8f9142984511,H0534,8.0,2021-05-26,booking
Ub5923814a325,H0225,6.0,2021-05-26,booking
U0fa462fa5f5d,H0100,7.0,2021-05-27,booking
U108c87e2cdcf,H0232,6.0,2021-05-27,traveloka
U6840254d67f2,H0470,8.0,2021-05-27,booking
Ub0d29e5228e0,H0465,10.0,2021-05-27,booking
Ubb7caab74705,H0529,6.0,2021-05-27,booking
Uc43682ad0fad,H0042,10.0,2021-05-27,booking
Udd5f3bd618d5,H0533,8.0,2021-05-27,booking
Ue484a9573701,H0368,2.0,2021-05-27,ivivu
Ue4f400e23ab2,H0518,7.0,2021-05-27,booking
U1500a9267556,H0102,10.0,2021-05-28,booking
U2db1cd47452b,H0076,7.0,2021-05-28,booking
U4fb35914b6f6,H0550,9.7,2021-05-28,traveloka
Ub0d6aeadc480,H0470,10.0,2021-05-28,booking
Ue1cc6f76306b,H0060,9.0,2021-05-28,booking
U2a7b37b0544b,H0523,6.0,2021-05-29,ivivu
U30d9e7012ca2,H0475,7.0,2021-05-29,booking
U3ee36558f81c,H0226,6.0,2021-05-29,ivivu
U48484b11207e,H0430,9.4,2021-05-29,traveloka
U5333c8fc0d12,H0496,6.3,2021-05-29,traveloka
U6a1ec282d822,H0345,7.0,2021-05-29,booking
U8c5492d08f33,H0463,7.0,2021-05-29,booking
U8d6da7bd1b59,H0557,6.0,2021-05-29,traveloka
Ub8c68c6f7be4,H0038,10.0,2021-05-29,ivivu
Ue0a9d4a85ddd,H0433,8.0,2021-05-29,booking
U070134b832e2,H0107,9.4,2021-05-30,traveloka
U0f2cd47a9047,H0075,5.9,2021-05-30,traveloka
U27f6ce580bfa,H0437,8.0,2021-05-30,booking
U3ee36558f81c,H0262,6.0,2021-05-30,ivivu
U608b76cd8a7c,H0107,7.9,2021-05-30,traveloka
Ue045989ec9ca,H0218,7.0,2021-05-30,booking
U0fa462fa5f5d,H0425,4.0,2021-05-31,booking
U4c4ef1009c2d,H0072,4.8,2021-05-31,traveloka
Ubb7caab74705,H0408,6.0,2021-05-31,booking
Uf2a33ffd2ea4,H0147,5.8,2021-05-31,traveloka
U00912b991d82,H0425,7.0,2021-06-01,booking
U56b97a8c953b,H0465,8.0,2021-06-01,booking
U7a37ffff8050,H0123,8.0,2021-06-01,booking
U9d16caf8ecd2,H0452,6.0,2021-06-01,booking
Ua866dc69d643,H0549,8.0,2021-06-01,booking
Uc40081c42179,H0181,5.4,2021-06-01,traveloka
Uc7110aaf2bea,H0102,7.0,2021-06-01,booking
Ueea663666f88,H0064,9.7,2021-06-01,traveloka
U1500a9267556,H0205,10.0,2021-06-02,booking
U4c4407532f7b,H0499,8.5,2021-06-02,traveloka
U9deb26de64b9,H0518,10.0,2021-06-02,ivivu
Ub4fec394c859,H0191,7.0,2021-06-02,ivivu
Ubb7caab74705,H0213,9.0,2021-06-02,booking
Ubb7caab74705,H0176,8.0,2021-06-02,booking
Ud891e317ebe9,H0518,7.0,2021-06-02,booking
Ue488b537d786,H0134,6.0,2021-06-02,booking
U08b2f80f6c6c,H0271,5.1,2021-06-03,traveloka
U1f3cc872afc7,H0102,7.0,2021-06-03,booking
U3c4acd15e2e7,H0544,8.0,2021-06-03,ivivu
U5a350d7e7970,H0179,7.0,2021-06-03,booking
U6feeebac1e96,H0453,7.0,2021-06-03,booking
U8c5492d08f33,H0378,5.0,2021-06-03,booking
Uad40c9ef8a3c,H0433,6.3,2021-06-03,traveloka
Uefc6351e837f,H0478,6.2,2021-06-03,traveloka
U0fa462fa5f5d,H0337,10.0,2021-06-04,booking
U1995d921a404,H0362,10.0,2021-06-04,booking
U303c1f2f09d2,H0200,7.0,2021-06-04,booking
U3550151b709f,H0102,10.0,2021-06-04,booking
U38d056cff236,H0479,10.0,2021-06-04,booking
U4abb5f1e142e,H0334,6.0,2021-06-04,traveloka
U85ba6edcd969,H0487,10.0,2021-06-04,booking
U9ed7a0b494e1,H0398,8.0,2021-06-04,booking
Uae8735b5c0c9,H0337,10.0,2021-06-04,booking
Ubb7caab74705,H0102,8.0,2021-06-04,booking
Ubb7caab74705,H0176,10.0,2021-06-04,booking
Ubb7caab74705,H0408,6.0,2021-06-04,booking
U16c2298dc0c0,H0465,5.0,2021-06-05,booking
U367365b7a444,H0557,5.8,2021-06-05,traveloka
Ua73edf555b34,H0508,10.0,2021-06-05,ivivu
Ua87ce2c33e76,H0102,10.0,2021-06-05,booking
Ubb7caab74705,H0205,5.0,2021-06-05,booking
Uc43682ad0fad,H0156,10.0,2021-06-05,booking
U17f08f020b59,H0439,6.7,2021-06-06,traveloka
Ub3e58e9b80a6,H0355,9.0,2021-06-06,booking
Ufcb9fe963e01,H0331,4.8,2021-06-06,traveloka
U2725d973076b,H0175,8.5,2021-06-07,traveloka
U3902be82ad55,H0485,8.5,2021-06-07,traveloka
U9ad61919197c,H0227,6.4,2021-06-07,traveloka
Ua099655f939e,H0547,8.4,2021-06-07,traveloka
U5d54fd9553ba,H0465,9.7,2021-06-08,traveloka
U1db603abdd9f,H0032,5.2,2021-06-09,traveloka
U2bc284b0666a,H0507,9.4,2021-06-09,traveloka
U95742cd5fa48,H0521,6.0,2021-06-11,traveloka
Uc9fc9f53967b,H0238,8.0,2021-06-11,booking
Ue0a9d4a85ddd,H0014,5.0,2021-06-11,booking
U1fb1cf7e31c6,H0376,9.4,2021-06-12,traveloka
U4109b4e843e4,H0414,7.0,2021-06-12,traveloka
U45b2576d7b6e,H0437,9.0,2021-06-12,booking
Uc275cdaa2b55,H0238,6.0,2021-06-12,traveloka
Ue0a9d4a85ddd,H0005,8.0,2021-06-12,booking
U41f03e2e4fed,H0551,5.7,2021-06-13,traveloka
U87d188ce5187,H0557,6.7,2021-06-13,traveloka
U6a1ec282d822,H0487,8.0,2021-06-14,booking
U699916231e95,H0487,7.1,2021-06-15,booking
Ued3b997ef713,H0003,8.5,2021-06-15,traveloka
U23b273be31f8,H0042,10.0,2021-06-16,booking
U3bf8d2f46907,H0311,9.7,2021-06-16,traveloka
U833d0c162c1c,H0478,9.7,2021-06-16,traveloka
U40a1008a6978,H0136,6.4,2021-06-17,traveloka
U848a97a9573e,H0521,5.8,2021-06-17,traveloka
Ud7e78dbdb9f2,H0042,10.0,2021-06-17,booking
Ue1665a71fabb,H0159,8.5,2021-06-17,traveloka
Ubb7caab74705,H0204,8.0,2021-06-18,booking
Uc5b4797ed000,H0042,10.0,2021-06-18,booking
Ud1482684ee2a,H0111,8.5,2021-06-18,traveloka
U55ba0a35377a,H0355,9.0,2021-06-20,booking
Uae43a1c16f19,H0147,10.0,2021-06-20,traveloka
Ub4fa1bcf456b,H0216,9.7,2021-06-20,traveloka
Ud9a4ecde2a14,H0335,5.2,2021-06-20,traveloka
Uc92412dddc7c,H0107,6.2,2021-06-21,traveloka
U364573f6395e,H0383,9.4,2021-06-22,traveloka
U6bd414153c67,H0232,8.5,2021-06-22,traveloka
Ud8e73acc30df,H0466,9.0,2021-06-22,booking
U57b6c29bae79,H0516,9.1,2021-06-23,traveloka
U145b7c3a0a48,H0042,9.0,2021-06-24,booking
Uff0029342e64,H0159,8.8,2021-06-24,traveloka
Ub5923814a325,H0506,10.0,2021-06-25,booking
U5a350d7e7970,H0355,9.0,2021-06-26,booking
U6be0855c9305,H0181,8.5,2021-06-26,traveloka
Uea979d60f31c,H0355,9.0,2021-06-26,booking
U8c288bb268b1,H0523,8.7,2021-06-27,traveloka
Uf4be570e2471,H0010,10.0,2021-06-27,booking
Uf57a18241370,H0376,9.4,2021-06-27,traveloka
U1c4233edc9c5,H0523,5.9,2021-06-28,traveloka
U3967f77c60ca,H0002,6.4,2021-06-28,traveloka
U5bd5321ab8bd,H0557,8.5,2021-06-28,traveloka
Ubd5a50c46738,H0190,9.1,2021-06-28,traveloka
U12c7193cf991,H0295,5.0,2021-06-29,booking
U8c5492d08f33,H0355,10.0,2021-06-29,booking
Ua0c06079d4d3,H0380,5.0,2021-06-29,booking
Ud8d8092c8fe8,H0380,5.7,2021-06-29,traveloka
U4f72e4beb176,H0232,5.5,2021-06-30,traveloka
U55ba0a35377a,H0204,2.0,2021-07-01,booking
U56bff9e45e7c,H0179,9.0,2021-07-01,booking
U5c13d56d6b33,H0087,6.0,2021-07-01,booking
U74e68f65fc40,H0182,6.5,2021-07-01,traveloka
U833d0c162c1c,H0336,9.1,2021-07-01,traveloka
Ubc46b0556438,H0311,9.0,2021-07-01,traveloka
U7a9a99ec49cf,H0514,10.0,2021-07-02,booking
U8c5492d08f33,H0332,8.0,2021-07-02,booking
Ua02bf2535906,H0205,10.0,2021-07-02,booking
Ua5eaa75c7bb5,H0475,9.0,2021-07-02,booking
Uae8735b5c0c9,H0437,8.0,2021-07-02,booking
Ude09d744d0d9,H0413,8.5,2021-07-02,traveloka
U059d6bec6166,H0461,8.5,2021-07-03,traveloka
U27e843cae0bf,H0112,8.0,2021-07-03,booking
U2a6c126758f3,H0550,5.2,2021-07-03,traveloka
U63fd833b4a7c,H0408,10.0,2021-07-03,booking
U6a1ec282d822,H0112,10.0,2021-07-03,booking
U6f123f862e99,H0487,10.0,2021-07-03,booking
U7d4ce64d5367,H0334,6.0,2021-07-03,traveloka
Uab90ae8d578c,H0437,8.0,2021-07-03,booking
Uac87ad887d56,H0439,5.0,2021-07-03,booking
Uc5b4797ed000,H0466,1.0,2021-07-03,booking
Ueb9e624190af,H0100,8.0,2021-07-03,booking
U13abf5841ba0,H0181,6.1,2021-07-04,traveloka
U145b7c3a0a48,H0506,9.0,2021-07-04,booking
U1c770e4f370d,H0122,9.4,2021-07-04,traveloka
U2a46e9aec727,H0112,9.0,2021-07-04,booking
U43c9681df962,H0546,10.0,2021-07-04,booking
U5f52281efa12,H0470,10.0,2021-07-04,booking
U6f123f862e99,H0343,10.0,2021-07-04,booking
U750e20a9ac66,H0324,6.8,2021-07-04,traveloka
U84a857b82cbe,H0204,8.0,2021-07-04,booking
U91b99d009178,H0176,8.0,2021-07-04,booking
Ub6449c27ea57,H0381,9.0,2021-07-04,booking
Uc439ac066a38,H0433,8.0,2021-07-04,booking
Udedea8ae207e,H0491,10.0,2021-07-04,booking
Ue7395187d78c,H0439,6.4,2021-07-04,traveloka
U214377c39f3f,H0549,7.0,2021-07-05,booking
U861ce5a4f0c7,H0467,5.3,2021-07-05,traveloka
U97943f5b0b20,H0032,7.9,2021-07-05,traveloka
Ub88006c8832f,H0363,8.0,2021-07-05,booking
U90d6f66b792f,H0382,5.4,2021-07-06,traveloka
Ue6e3a62eed14,H0042,3.0,2021-07-06,booking
U09b6a2891edd,H0002,5.6,2021-07-07,traveloka
U1a3396a09bfd,H0328,6.0,2021-07-08,traveloka
Ucf26ebd1cbf8,H0162,9.7,2021-07-08,traveloka
Ud8addb3161cc,H0272,5.7,2021-07-08,traveloka
U0c024ce09c1a,H0335,5.6,2021-07-09,traveloka
Ue70d69bfec2f,H0107,8.5,2021-07-09,traveloka
U2df1ff40daa7,H0445,6.0,2021-07-10,traveloka
U06e8d9e0782d,H0159,4.5,2021-07-11,traveloka
U16c2298dc0c0,H0380,7.0,2021-07-11,booking
U82a5ed2b4568,H0021,8.0,2021-07-11,booking
U7462bc477ddd,H0445,9.4,2021-07-12,traveloka
Uabec9f08f97e,H0290,9.7,2021-07-12,traveloka
Uc7110aaf2bea,H0100,10.0,2021-07-12,booking
Uce05b7651f83,H0021,10.0,2021-07-12,booking
U0393af633498,H0123,6.3,2021-07-16,traveloka
U163316d7c605,H0521,9.7,2021-07-17,traveloka
U5c467dc54248,H0162,8.5,2021-07-17,traveloka
U4769f084f882,H0516,6.0,2021-07-18,traveloka
U61bcb83c77ff,H0425,9.7,2021-07-18,traveloka
Ud3720eef98a5,H0383,8.5,2021-07-18,traveloka
U239e7222edb1,H0557,8.5,2021-07-19,traveloka
U2a41de998c22,H0486,10.0,2021-07-19,booking
Uabf40106cc5f,H0394,6.0,2021-07-19,traveloka
U603b8c22670e,H0159,6.5,2021-07-20,traveloka
U98c56abd8786,H0159,6.2,2021-07-20,traveloka
U2e4834670a9f,H0521,8.5,2021-07-21,traveloka
U69943e98260a,H0331,5.7,2021-07-21,traveloka
Ue3f829561ece,H0123,5.8,2021-07-21,traveloka
U809f822da931,H0544,6.3,2021-07-22,traveloka
Ub316660cedb0,H0516,8.5,2021-07-22,traveloka
U432769e35c6d,H0551,5.4,2021-07-23,traveloka
Ua088bde5f50f,H0448,9.1,2021-07-23,traveloka
Uf8f031aa2731,H0412,6.3,2021-07-23,traveloka
Ubb361371c0f5,H0485,9.7,2021-07-24,traveloka
Ud6e8af5b890c,H0523,8.4,2021-07-24,traveloka
Ue359c9824d1c,H0181,5.9,2021-07-24,traveloka
Ue83040ba3cdd,H0485,9.4,2021-07-24,traveloka
Uae43a1c16f19,H0136,9.1,2021-07-25,traveloka
Ucd113cafa0dc,H0328,8.5,2021-07-25,traveloka
U143b55fee884,H0485,6.3,2021-07-26,traveloka
U896ab7ee77eb,H0182,5.6,2021-07-26,traveloka
U5ce8867b75ad,H0523,9.4,2021-07-27,traveloka
U925c7f001267,H0107,8.5,2021-07-27,traveloka
Ubfe3b6ac3ffe,H0454,5.5,2021-07-27,traveloka
Ucb8b0596da83,H0383,6.2,2021-07-27,traveloka
U228d1960e6ea,H0272,9.7,2021-07-28,traveloka
U14d3921cfc04,H0101,5.8,2021-07-29,traveloka
U80204c7d3f5b,H0178,6.2,2021-07-30,traveloka
U8a68b27d7cc9,H0496,9.4,2021-07-30,traveloka
Uc88d504bf695,H0294,6.0,2021-07-30,traveloka
Uf63390c90cb7,H0226,10.0,2021-07-30,traveloka
Ued2b7054517a,H0467,5.8,2021-07-31,traveloka
U145b7c3a0a48,H0100,5.0,2021-08-01,booking
U4b79a574e6cc,H0527,8.0,2021-08-01,ivivu
U6abc54e51970,H0437,9.0,2021-08-01,booking
Ua31e474d211d,H0101,8.5,2021-08-01,traveloka
Ue0a9d4a85ddd,H0437,5.0,2021-08-01,booking
Uf57a18241370,H0544,10.0,2021-08-01,ivivu
U0ae6b00e1346,H0272,7.1,2021-08-02,traveloka
U1995d921a404,H0204,6.0,2021-08-02,booking
Uab3560e2cdef,H0412,5.5,2021-08-02,traveloka
Ub417d6ad83fc,H0336,8.5,2021-08-02,traveloka
Uc04c05fab76e,H0233,10.0,2021-08-02,ivivu
Ue2f04e975d07,H0506,5.0,2021-08-02,booking
Uedcb2b76b1d3,H0166,8.5,2021-08-02,traveloka
U0700313a14ac,H0184,9.0,2021-08-03,booking
U3b9fee761ece,H0098,6.0,2021-08-03,booking
U5517dfb97636,H0102,9.0,2021-08-03,booking
U5f897289f4b8,H0437,7.0,2021-08-03,booking
U6bdb721db182,H0072,6.0,2021-08-03,traveloka
U93756236a1b7,H0100,6.0,2021-08-03,booking
Uab90ae8d578c,H0549,10.0,2021-08-03,booking
Ub051030fc5a2,H0008,3.0,2021-08-03,booking
Ub0d6aeadc480,H0205,10.0,2021-08-03,booking
Ubb7caab74705,H0204,2.0,2021-08-03,booking
Ubc183ec39523,H0102,10.0,2021-08-03,booking
Uc9fc9f53967b,H0176,5.0,2021-08-03,booking
Ud891e317ebe9,H0439,3.0,2021-08-03,booking
Udf28ba1f9913,H0087,6.0,2021-08-03,booking
Ue0a9d4a85ddd,H0487,10.0,2021-08-03,booking
Ue488b537d786,H0225,10.0,2021-08-03,booking
Uf2a33ffd2ea4,H0461,10.0,2021-08-03,traveloka
U901a91381ede,H0082,10.0,2021-08-04,ivivu
U94e8621146f3,H0058,10.0,2021-08-04,ivivu
Uc43682ad0fad,H0205,6.0,2021-08-04,booking
Uc43682ad0fad,H0205,10.0,2021-08-04,booking
Uc9fc9f53967b,H0491,7.0,2021-08-04,booking
Uc9fc9f53967b,H0205,7.0,2021-08-04,booking
Ue045989ec9ca,H0470,9.0,2021-08-04,booking
Ue6e3a62eed14,H0541,10.0,2021-08-04,booking
Ue83b093de198,H0533,9.0,2021-08-04,booking
Ue83b093de198,H0098,6.0,2021-08-04,booking
Ueb306017301c,H0181,5.0,2021-08-04,booking
U2e9cfee28c06,H0535,8.5,2021-08-05,traveloka
U6156734cc45f,H0064,8.5,2021-08-05,traveloka
U6840254d67f2,H0491,8.3,2021-08-05,booking
U686ae5f5394a,H0510,5.0,2021-08-05,booking
U9217d5327809,H0002,9.1,2021-08-05,traveloka
U96ea00ecc288,H0529,8.0,2021-08-05,booking
Ucb54a73f7d3d,H0009,10.0,2021-08-05,traveloka
U0d849ab6c6c7,H0488,8.4,2021-08-06,traveloka
U2939e65ebf5c,H0136,8.5,2021-08-06,traveloka
U2abc9aa86377,H0294,9.7,2021-08-06,traveloka
Uab90ae8d578c,H0355,9.0,2021-08-06,booking
Uac8fa35c35a0,H0521,10.0,2021-08-06,traveloka
U7d1e2227b771,H0085,5.4,2021-08-07,traveloka
Uf610639fcc7c,H0136,10.0,2021-08-07,traveloka
U0496458462e0,H0507,10.0,2021-08-08,traveloka
U767dc3b3d6e2,H0454,9.7,2021-08-08,traveloka
U915fa5e2ddc5,H0115,9.7,2021-08-08,traveloka
Ud9c067c85adb,H0238,9.7,2021-08-08,traveloka
U0bac50a01817,H0529,7.6,2021-08-09,traveloka
U282429521c3c,H0311,9.4,2021-08-09,traveloka
U51e843464940,H0433,8.5,2021-08-10,traveloka
U16c2298dc0c0,H0042,7.0,2021-08-11,booking
U54236dbc5368,H0380,6.5,2021-08-11,traveloka
U4f030da4e983,H0414,10.0,2021-08-12,traveloka
U595041030b42,H0087,5.0,2021-08-12,booking
U5e181805fc19,H0014,10.0,2021-08-12,booking
Ud3a7bb48ab59,H0521,4.8,2021-08-12,traveloka
Ue0a9d4a85ddd,H0437,8.0,2021-08-12,booking
Uf76a42d21a7d,H0021,8.0,2021-08-12,booking
U178e52821b5c,H0064,8.8,2021-08-13,traveloka
U6f41c8d0a282,H0507,6.2,2021-08-13,traveloka
Ud46d2cd071b9,H0521,8.5,2021-08-13,traveloka
U43115eaad33b,H0478,10.0,2021-08-14,traveloka
U8620e726974a,H0465,6.0,2021-08-14,traveloka
U9c44a24a4a91,H0382,9.7,2021-08-14,traveloka
Ua3a340e09934,H0315,6.2,2021-08-15,traveloka
Uae43a1c16f19,H0394,10.0,2021-08-15,traveloka
Uf348de0de130,H0539,6.4,2021-08-15,traveloka
Ucae706d1a321,H0107,8.5,2021-08-16,traveloka
Ua66dbe3d2ab9,H0534,6.5,2021-08-17,traveloka
U4f030da4e983,H0092,9.4,2021-08-18,traveloka
Uc0a3f988bd18,H0328,9.7,2021-08-18,traveloka
Ud5d33fc6f1a5,H0182,8.3,2021-08-18,traveloka
U69b44b7da153,H0439,9.1,2021-08-19,traveloka
U704c66009c2a,H0485,9.1,2021-08-19,traveloka
U8a91b47a7b31,H0510,6.0,2021-08-19,traveloka
U4769a75c4a63,H0551,8.5,2021-08-20,traveloka
Ud337acc90f71,H0324,10.0,2021-08-20,traveloka
U0726d457d599,H0383,9.4,2021-08-21,traveloka
Ua7eac11059b8,H0534,6.2,2021-08-21,traveloka
U07497f965dc8,H0101,6.1,2021-08-22,traveloka
U71f4da10c5ed,H0521,8.5,2021-08-22,traveloka
U4d972d3d99a8,H0166,9.4,2021-08-23,traveloka
U888d584fb47b,H0101,6.0,2021-08-24,traveloka
Ucc857b3a2a4c,H0072,6.0,2021-08-25,traveloka
Uef42302f3492,H0182,9.7,2021-08-25,traveloka
U01886b472652,H0465,6.0,2021-08-27,traveloka
U0acf29f32f54,H0485,5.2,2021-08-27,traveloka
U13ed3059fb5c,H0272,8.5,2021-08-27,traveloka
U5780a7d2010b,H0009,9.6,2021-08-27,traveloka
U68583a36035a,H0534,9.7,2021-08-27,traveloka
Uc90bd33b2019,H0551,6.8,2021-08-28,traveloka
U6baf3a653e6b,H0334,6.1,2021-08-29,traveloka
U6058695c187f,H0366,6.4,2021-08-30,traveloka
Ub209821301dd,H0446,6.0,2021-08-30,traveloka
Ud89e0bf314e5,H0382,8.4,2021-08-30,traveloka
U8fae85b0bd26,H0126,6.0,2021-08-31,traveloka
U90d6f66b792f,H0382,5.9,2021-08-31,traveloka
U1c1302f34d21,H0421,8.0,2021-09-01,ivivu
U64004e6301aa,H0526,6.0,2021-09-01,ivivu
Uc43682ad0fad,H0397,9.0,2021-09-01,booking
U2204416dfb34,H0205,10.0,2021-09-02,booking
U3550151b709f,H0176,7.0,2021-09-02,booking
U462f6a8d1f38,H0214,7.0,2021-09-02,booking
U63fd833b4a7c,H0181,10.0,2021-09-02,booking
U82a5ed2b4568,H0444,9.0,2021-09-02,booking
U93507a45a16b,H0147,8.4,2021-09-02,traveloka
Uacd3c063a3d3,H0316,6.0,2021-09-02,ivivu
U0c3ebc9cfa92,H0335,5.8,2021-09-03,traveloka
U0fa462fa5f5d,H0541,7.0,2021-09-03,booking
U27e843cae0bf,H0102,7.0,2021-09-03,booking
U31327731d287,H0018,10.0,2021-09-03,booking
Ub88006c8832f,H0529,7.0,2021-09-03,booking
Ubb7caab74705,H0238,6.0,2021-09-03,booking
Ubb7caab74705,H0381,5.0,2021-09-03,booking
Ubb7caab74705,H0487,1.0,2021-09-03,booking
Uf7b7d282da79,H0205,6.0,2021-09-03,booking
U4b803298514e,H0388,10.0,2021-09-04,ivivu
U595041030b42,H0428,10.0,2021-09-04,booking
U5e181805fc19,H0214,4.0,2021-09-04,booking
U9c319c7d514e,H0532,9.6,2021-09-04,traveloka
Ua571a440c856,H0172,3.0,2021-09-04,booking
Uc43682ad0fad,H0433,8.0,2021-09-04,booking
Ud44e2ff3ff88,H0337,10.0,2021-09-04,booking
Ue072af4ba9d2,H0520,7.0,2021-09-04,booking
Ueb306017301c,H0123,6.0,2021-09-04,booking
Ufdaab3ec1fbc,H0005,10.0,2021-09-04,booking
U1585ee64727b,H0479,10.0,2021-09-05,booking
U26f01e4783ec,H0216,9.4,2021-09-05,traveloka
U3463d896d751,H0147,5.4,2021-09-05,traveloka
U382f6db38d9c,H0439,10.0,2021-09-05,traveloka
U5119dd1e0f48,H0439,5.9,2021-09-05,traveloka
U6ba6ede04fb0,H0369,6.0,2021-09-05,ivivu
U85fd989ed38b,H0408,8.0,2021-09-05,booking
U93f049c54f78,H0311,7.0,2021-09-05,booking
U9e668bfd72ab,H0023,9.0,2021-09-05,booking
Ub88006c8832f,H0021,9.0,2021-09-05,booking
Uc439ac066a38,H0491,3.0,2021-09-05,booking
Ue991b70a8fac,H0097,6.0,2021-09-06,traveloka
U6b53eaf00f8c,H0123,8.7,2021-09-07,traveloka
Ua143f7d5a46b,H0547,8.5,2021-09-08,traveloka
U26a90dcbcda8,H0105,8.8,2021-09-09,traveloka
U40647cd8eb99,H0003,8.4,2021-09-09,traveloka
Ua79f70b090e6,H0085,9.7,2021-09-09,traveloka
Ueb51f3517d8e,H0162,8.5,2021-09-09,traveloka
U0dc2d2e8564d,H0485,9.4,2021-09-10,traveloka
Udd5f3bd618d5,H0470,8.0,2021-09-10,booking
U26bf45c9b3b2,H0280,6.0,2021-09-11,traveloka
U27eea115f315,H0336,6.0,2021-09-11,traveloka
U280f554a636a,H0032,6.0,2021-09-11,traveloka
U4e9b7b7166e0,H0181,5.9,2021-09-11,traveloka
U4f72e4beb176,H0160,10.0,2021-09-11,traveloka
U9c8e3a230374,H0147,5.9,2021-09-11,traveloka
Ud99c4723905e,H0147,10.0,2021-09-11,traveloka
U0fa462fa5f5d,H0021,5.0,2021-09-12,booking
U82a5ed2b4568,H0014,7.0,2021-09-12,booking
Ufa7ec5265820,H0381,5.0,2021-09-12,booking
U8930bbe3d24b,H0412,5.0,2021-09-13,booking
Uc5f3d71032d7,H0521,9.0,2021-09-13,traveloka
U210975ccc06d,H0003,6.4,2021-09-14,traveloka
Uef35cb793711,H0107,4.8,2021-09-14,traveloka
U2790d64c4284,H0249,9.1,2021-09-15,traveloka
U283f742ce58f,H0521,6.0,2021-09-16,traveloka
Ued55a66a7e9c,H0181,9.4,2021-09-16,traveloka
U7677f086d4b3,H0272,7.2,2021-09-17,traveloka
U1cfd9bfbc6bb,H0414,9.7,2021-09-19,traveloka
U3ddfb897aaf4,H0225,5.8,2021-09-19,traveloka
Ua4d844e7bc15,H0328,6.3,2021-09-19,traveloka
Ud46d2cd071b9,H0516,8.5,2021-09-19,traveloka
U02d0feceb692,H0107,6.3,2021-09-20,traveloka
U373fef02f052,H0294,6.0,2021-09-20,traveloka
U0428d4ca30af,H0439,8.5,2021-09-21,traveloka
U05c009c13739,H0147,6.1,2021-09-21,traveloka
U1cafac9570b9,H0065,9.7,2021-09-21,traveloka
U20c464b766f1,H0412,5.6,2021-09-21,traveloka
U17b80c7d556b,H0454,6.0,2021-09-22,traveloka
Ufd9462645b99,H0433,5.6,2021-09-22,traveloka
U42edfa280428,H0107,4.8,2021-09-23,traveloka
U17df181ce620,H0290,6.0,2021-09-24,traveloka
U261e228ddb62,H0290,10.0,2021-09-25,traveloka
Ub234ca1110b0,H0201,5.9,2021-09-25,traveloka
U67c1d87cbfb5,H0195,6.0,2021-09-27,traveloka
Uf51552664247,H0394,9.4,2021-09-28,traveloka
U852d66b57dc1,H0557,9.7,2021-09-29,traveloka
Uabec9f08f97e,H0111,6.6,2021-09-29,traveloka
U4f33931b4d77,H0324,9.3,2021-09-30,traveloka
U5863bd418f0c,H0249,4.8,2021-09-30,traveloka
U848a97a9573e,H0507,6.0,2021-09-30,traveloka
Ud108ab697fa5,H0516,6.0,2021-09-30,traveloka
U261b59a9f1db,H0394,9.4,2021-10-01,traveloka
U6156734cc45f,H0091,10.0,2021-10-01,ivivu
U72e6cb2316cd,H0295,10.0,2021-10-01,booking
U7cf86aa5f801,H0329,9.7,2021-10-01,traveloka
U98260e27002f,H0516,10.0,2021-10-01,traveloka
Uac4057d02e3a,H0039,9.7,2021-10-01,traveloka
Ub80e9c104cb2,H0351,7.0,2021-10-01,booking
Uda1e3808a00e,H0241,7.0,2021-10-01,ivivu
Ue999c336c5a8,H0439,9.0,2021-10-01,booking
Ued1da630a9b8,H0311,6.9,2021-10-01,traveloka
Uef35cb793711,H0550,5.8,2021-10-01,traveloka
Uf4486ec832f6,H0238,9.7,2021-10-01,traveloka
U16c2298dc0c0,H0204,7.0,2021-10-02,booking
U6abc54e51970,H0078,7.0,2021-10-02,booking
Uae43a1c16f19,H0262,9.1,2021-10-02,traveloka
Ubb7caab74705,H0529,1.0,2021-10-02,booking
U39ecc41bd095,H0496,5.7,2021-10-03,traveloka
U487120a75126,H0204,9.0,2021-10-03,booking
U5a350d7e7970,H0400,7.0,2021-10-03,booking
U8c5492d08f33,H0214,10.0,2021-10-03,booking
U99d86286677e,H0126,6.7,2021-10-03,traveloka
U9f0f66ada76d,H0518,10.0,2021-10-03,booking
Uba8fee294b5f,H0072,6.0,2021-10-03,traveloka
Uc9fc9f53967b,H0311,7.0,2021-10-03,booking
Ud060e42f88b8,H0225,9.0,2021-10-03,booking
Ud08ab3eb6ab4,H0437,10.0,2021-10-03,booking
U42d2ad3dc9f1,H0311,10.0,2021-10-04,ivivu
U57dd8f4e431c,H0087,3.0,2021-10-04,booking
U6156734cc45f,H0437,8.0,2021-10-04,ivivu
U6a1ec282d822,H0021,8.0,2021-10-04,booking
U6abc54e51970,H0225,8.0,2021-10-04,booking
U6f123f862e99,H0181,8.0,2021-10-04,booking
U76baea6966e0,H0532,8.0,2021-10-04,booking
U9e2c3d69855d,H0200,5.0,2021-10-04,booking
Ubb7caab74705,H0311,9.0,2021-10-04,booking
Ubb7caab74705,H0100,8.0,2021-10-04,booking
Ubb7caab74705,H0204,8.0,2021-10-04,booking
Uc58069ce9da2,H0218,7.0,2021-10-04,booking
Uc8dc43d69701,H0100,10.0,2021-10-04,booking
Ucf5121b1dc7a,H0380,6.0,2021-10-04,booking
Ud10d15a9de32,H0510,9.0,2021-10-04,booking
Ue072af4ba9d2,H0408,7.0,2021-10-04,booking
Ue0cc54a0978f,H0123,5.0,2021-10-04,booking
Ue1cc6f76306b,H0470,10.0,2021-10-04,booking
Uf2513108da8d,H0529,8.0,2021-10-04,booking
Uf457a1d637b0,H0100,9.0,2021-10-04,booking
U01fe0da1b0cf,H0425,9.7,2021-10-05,traveloka
U61fc04bd1647,H0311,8.8,2021-10-05,traveloka
U6a1ec282d822,H0437,7.0,2021-10-05,booking
U7d193a4160a6,H0523,6.3,2021-10-05,traveloka
Uc9fc9f53967b,H0408,7.0,2021-10-05,booking
Ud10d15a9de32,H0100,7.0,2021-10-05,booking
Ue83b093de198,H0014,10.0,2021-10-05,booking
U24a4b2c6751f,H0042,10.0,2021-10-06,booking
Uc144ef83962c,H0304,8.4,2021-10-07,traveloka
Ueee640f17506,H0331,9.7,2021-10-08,traveloka
Uef35cb793711,H0215,5.8,2021-10-09,traveloka
U04b1e7cf9dcc,H0175,8.5,2021-10-10,traveloka
U17df181ce620,H0521,4.5,2021-10-10,traveloka
U4f2b1d7a2adb,H0485,4.8,2021-10-10,traveloka
U09c9f4c7c6ad,H0439,6.5,2021-10-11,traveloka
U3afca719f9fa,H0446,7.1,2021-10-11,traveloka
U5119dd1e0f48,H0434,8.3,2021-10-11,traveloka
U182bed4ea9a1,H0181,6.4,2021-10-12,traveloka
U932688316804,H0232,9.4,2021-10-12,traveloka
Ue6e3a62eed14,H0437,10.0,2021-10-12,booking
U930013a94e06,H0394,6.2,2021-10-13,traveloka
Ufa9097f7970e,H0294,9.7,2021-10-13,traveloka
U6156734cc45f,H0272,6.0,2021-10-14,traveloka
U7fb83ae780f3,H0382,6.1,2021-10-14,traveloka
Ube383f9c0c31,H0162,9.7,2021-10-14,traveloka
U5394128144ff,H0215,6.1,2021-10-15,traveloka
Ua79f70b090e6,H0523,9.7,2021-10-15,traveloka
U4769a75c4a63,H0550,9.7,2021-10-16,traveloka
U8191e75486f2,H0105,8.5,2021-10-16,traveloka
Uf4edcaa8d49d,H0478,8.5,2021-10-16,traveloka
U1a102edf1c69,H0014,8.0,2021-10-17,booking
U3373e2b02565,H0166,6.0,2021-10-17,traveloka
Uc8a2f92ea016,H0272,6.4,2021-10-17,traveloka
U04edeba09e29,H0485,9.1,2021-10-18,traveloka
U2bef6f1e4fcf,H0382,9.4,2021-10-18,traveloka
U6156734cc45f,H0166,8.5,2021-10-18,traveloka
Ua70d6cc8c74b,H0507,9.7,2021-10-18,traveloka
Udfbf0059e060,H0413,9.4,2021-10-18,traveloka
U5f9ca8ef1383,H0281,8.5,2021-10-19,traveloka
U7225666d1e11,H0535,6.3,2021-10-19,traveloka
U998a2b31ecf9,H0439,8.5,2021-10-19,traveloka
Uda9a6542b347,H0336,6.0,2021-10-19,traveloka
Ueff4fbda6737,H0498,6.0,2021-10-19,booking
U0ba9697034e6,H0336,6.1,2021-10-20,traveloka
U42d2ad3dc9f1,H0070,9.7,2021-10-20,traveloka
U3ffb0d309c68,H0485,6.0,2021-10-21,traveloka
U77a2ab43bd75,H0519,4.8,2021-10-21,traveloka
Ue665b206d88a,H0419,9.7,2021-10-22,traveloka
Ueac63512997a,H0123,8.4,2021-10-22,traveloka
Uf35c029dd8f5,H0238,9.7,2021-10-23,traveloka
U1dee19171b1e,H0439,6.2,2021-10-25,traveloka
U4028d4ac9ce8,H0376,5.8,2021-10-25,traveloka
Ubc2e9eda4566,H0003,8.8,2021-10-25,traveloka
Ue1167e8a9fa6,H0433,9.1,2021-10-26,traveloka
Ue29f69035ce9,H0485,8.5,2021-10-26,traveloka
Uced7beac429f,H0226,6.3,2021-10-27,traveloka
U06363f672ec1,H0182,6.4,2021-10-28,traveloka
U129ec11702fb,H0411,5.5,2021-10-28,traveloka
U577306d16590,H0425,9.7,2021-10-28,traveloka
U64cdb268ce68,H0002,9.7,2021-10-28,traveloka
Uabbad94290fb,H0085,9.7,2021-10-28,traveloka
Ud9843a8102b8,H0439,9.7,2021-10-28,traveloka
Uf5aabc5593b9,H0014,6.0,2021-10-28,booking
U6c7a2b2d400b,H0002,5.1,2021-10-29,traveloka
U9fbc4edf1a40,H0272,6.3,2021-10-29,traveloka
U9970af1bcc8d,H0523,10.0,2021-10-30,traveloka
Ua5caacb419d2,H0336,10.0,2021-10-30,traveloka
Ud365e2467bfc,H0092,6.4,2021-10-31,traveloka
U098f9babc306,H0101,6.3,2021-11-01,traveloka
U14a568c69f46,H0179,9.0,2021-11-01,booking
U5c9963655833,H0369,10.0,2021-11-01,ivivu
U7da3976a5a84,H0032,6.0,2021-11-01,traveloka
U86718e9be95e,H0077,9.0,2021-11-01,booking
Ua9fee312a7b9,H0225,7.0,2021-11-01,booking
Ubb7caab74705,H0100,9.0,2021-11-01,booking
Uc44b49f31960,H0375,5.8,2021-11-01,traveloka
Uc5d5babb2afe,H0304,6.0,2021-11-01,traveloka
U3b9fee761ece,H0100,5.0,2021-11-02,booking
U553f379ad3c4,H0225,9.1,2021-11-02,traveloka
U6a1ec282d822,H0005,10.0,2021-11-02,booking
Uf13534b7de0c,H0234,7.0,2021-11-02,booking
U0eee383dec16,H0101,8.5,2021-11-03,traveloka
U3125c3e2dc13,H0008,7.0,2021-11-03,booking
U320efe3833d5,H0001,8.3,2021-11-03,traveloka
U3550151b709f,H0541,7.0,2021-11-03,booking
U5a350d7e7970,H0514,10.0,2021-11-03,booking
U6ee8629c8a1a,H0205,7.0,2021-11-03,booking
U740d2dc9b485,H0549,3.0,2021-11-03,booking
Uc436ef224467,H0366,10.0,2021-11-03,traveloka
Uc9fc9f53967b,H0506,8.0,2021-11-03,booking
Ue072af4ba9d2,H0087,10.0,2021-11-03,booking
Ue83b093de198,H0099,9.0,2021-11-03,booking
U1f2d8bdae97e,H0040,10.0,2021-11-04,ivivu
U3b9fee761ece,H0487,8.0,2021-11-04,booking
U4274368002ee,H0200,4.0,2021-11-04,booking
U4716e065f90e,H0182,10.0,2021-11-04,ivivu
U4e35cb222587,H0184,9.0,2021-11-04,booking
U595041030b42,H0214,10.0,2021-11-04,booking
U5fdfa19a7ebe,H0099,6.0,2021-11-04,booking
U665904d21807,H0158,7.9,2021-11-04,booking
U721f27459cc3,H0175,9.7,2021-11-04,traveloka
U7ad85a9edb70,H0002,8.8,2021-11-04,traveloka
Ub6449c27ea57,H0352,5.0,2021-11-04,booking
Ub8731b515bee,H0539,7.0,2021-11-04,traveloka
Ubaf19efa2146,H0514,7.0,2021-11-04,booking
Udd5f3bd618d5,H0112,7.1,2021-11-04,booking
U16765312e621,H0493,3.0,2021-11-05,booking
U1d8da9c89b14,H0334,6.7,2021-11-05,traveloka
U70d1cb8e578b,H0518,9.0,2021-11-05,booking
U7fb83ae780f3,H0329,4.5,2021-11-05,traveloka
U97111d292c1b,H0181,5.0,2021-11-05,booking
Udb53b7822867,H0454,9.7,2021-11-05,traveloka
U449318a23166,H0182,5.6,2021-11-06,traveloka
U4b830027cc83,H0521,5.9,2021-11-07,traveloka
U6b59af603ede,H0516,6.4,2021-11-07,traveloka
U8c5492d08f33,H0470,10.0,2021-11-07,booking
Uade5055fcb23,H0064,5.7,2021-11-07,traveloka
Ufd09cd9fb89a,H0105,7.4,2021-11-08,traveloka
U0a308bc75aa0,H0454,6.2,2021-11-09,traveloka
U1a454182fcbd,H0126,6.0,2021-11-09,traveloka
U4cd9078c9658,H0439,5.7,2021-11-09,traveloka
U8d0d7d614f13,H0114,9.7,2021-11-09,traveloka
Ub5056dd21bf3,H0413,6.0,2021-11-09,traveloka
Ucaf52ae1fdca,H0442,6.0,2021-11-09,traveloka
U577306d16590,H0557,6.2,2021-11-11,traveloka
U7bc87ddfa9ba,H0005,5.0,2021-11-11,booking
Ufb1e858dc239,H0336,6.3,2021-11-11,traveloka
U09af28c81a40,H0099,7.0,2021-11-12,booking
U16c2298dc0c0,H0437,5.0,2021-11-12,booking
U6156734cc45f,H0454,9.1,2021-11-12,traveloka
U769a8cf5814a,H0534,6.0,2021-11-12,traveloka
U82a5ed2b4568,H0453,7.0,2021-11-12,booking
Ua571a440c856,H0008,8.0,2021-11-12,booking
Ua6a5209df508,H0485,9.1,2021-11-12,traveloka
Uad7ebfc21413,H0529,9.7,2021-11-12,traveloka
Ue15310b6e4c0,H0402,6.0,2021-11-12,ivivu
U1e84baf9b7e4,H0544,8.5,2021-11-13,traveloka
U6315c3abbf5d,H0085,9.7,2021-11-13,traveloka
U6bb77575ec1c,H0225,9.4,2021-11-13,traveloka
Uedb506d443dc,H0175,6.0,2021-11-13,traveloka
U2659042c9311,H0434,6.2,2021-11-14,traveloka
U49ea5dbd27c5,H0097,9.4,2021-11-14,traveloka
Uc2341d4ec1d8,H0412,6.0,2021-11-14,traveloka
Ud87d13293d95,H0021,6.0,2021-11-14,booking
Uc7448983ceb6,H0092,8.5,2021-11-15,traveloka
U2bd730c92dc0,H0002,9.7,2021-11-17,traveloka
U4ca44a2c942b,H0014,10.0,2021-11-17,booking
U6f123f862e99,H0466,8.0,2021-11-17,booking
Udcc35c827775,H0107,6.1,2021-11-17,traveloka
Uce79103af6c3,H0366,6.0,2021-11-18,traveloka
U0fb576049151,H0311,6.1,2021-11-19,traveloka
U6cc0b231b0a6,H0107,9.0,2021-11-19,traveloka
U7b4bfe047b13,H0072,8.5,2021-11-19,traveloka
Ubb7caab74705,H0176,10.0,2021-11-19,booking
Ucaff557a589f,H0136,5.8,2021-11-19,traveloka
Ud46e986dc6bc,H0547,6.0,2021-11-19,traveloka
U459e407e8393,H0101,6.6,2021-11-20,traveloka
U82a5ed2b4568,H0042,8.0,2021-11-20,booking
U3bdc961d9102,H0394,5.9,2021-11-21,traveloka
U6f85d4409d4a,H0175,8.4,2021-11-21,traveloka
Ue99bc0e623b5,H0115,9.4,2021-11-21,traveloka
U67f639d3926f,H0052,9.7,2021-11-22,traveloka
U8e4930aa508e,H0485,5.4,2021-11-22,traveloka
Ub873fd5b8277,H0485,9.3,2021-11-22,traveloka
Ue6f23e712b71,H0021,10.0,2021-11-22,booking
U12d26ed90cb2,H0039,8.5,2021-11-23,traveloka
U7da3976a5a84,H0003,8.8,2021-11-23,traveloka
U869b0d58c850,H0123,8.5,2021-11-23,traveloka
Uba48f19fdb1e,H0272,7.2,2021-11-23,traveloka
Ucb6c2f0e9149,H0295,3.0,2021-11-23,booking
Ue92a156a9061,H0119,10.0,2021-11-23,booking
Ufcb9fe963e01,H0439,10.0,2021-11-23,traveloka
U99c75acefd08,H0065,5.7,2021-11-24,traveloka
Uc5b4797ed000,H0204,9.0,2021-11-24,booking
U5fcf5398aa99,H0021,8.0,2021-11-25,booking
U608ece90ea26,H0558,9.4,2021-11-25,traveloka
U92f6329c9cb0,H0376,6.7,2021-11-25,traveloka
Udd5f3bd618d5,H0119,10.0,2021-11-25,booking
U361b6d5a6289,H0072,4.8,2021-11-26,traveloka
U6058695c187f,H0408,10.0,2021-11-26,traveloka
U7c576fde4e96,H0375,7.0,2021-11-26,traveloka
U67c764d574e5,H0089,5.5,2021-11-27,traveloka
Uef35cb793711,H0427,9.7,2021-11-27,traveloka
U4f2b1d7a2adb,H0232,8.5,2021-11-28,traveloka
U8e064ce39d43,H0521,6.3,2021-11-28,traveloka
Ua5c4b18bc9ed,H0433,6.0,2021-11-28,traveloka
U1fdf9dd53aca,H0147,8.7,2021-11-29,traveloka
Uba671f3c5456,H0344,8.5,2021-11-29,traveloka
U6f285070ca43,H0385,6.0,2021-11-30,traveloka
U82a5ed2b4568,H0119,10.0,2021-11-30,booking
U85ba6edcd969,H0466,4.0,2021-11-30,booking
Udda5f6349671,H0042,3.0,2021-11-30,booking
Uf6486483c2c8,H0439,8.5,2021-11-30,traveloka
U2a46e9aec727,H0437,5.0,2021-12-01,booking
U595041030b42,H0380,10.0,2021-12-01,booking
U6156734cc45f,H0281,8.5,2021-12-01,traveloka
U6840254d67f2,H0204,8.0,2021-12-01,booking
U8f9142984511,H0008,10.0,2021-12-01,booking
Ucaa5e34765c3,H0078,9.0,2021-12-01,booking
U1bac8a91d17f,H0100,5.0,2021-12-02,booking
U1f3cc872afc7,H0541,5.0,2021-12-02,booking
U271e5fa64c5f,H0132,8.0,2021-12-02,ivivu
U333dc61d1be5,H0294,9.7,2021-12-02,traveloka
U459052bc1431,H0107,5.5,2021-12-02,traveloka
U7038329f5ad6,H0205,8.0,2021-12-02,booking
U82a5ed2b4568,H0333,5.0,2021-12-02,booking
U920e21611453,H0380,9.0,2021-12-02,booking
Ub8e530aa081f,H0176,8.0,2021-12-02,booking
Uc969ed135af8,H0102,8.0,2021-12-02,booking
Udd76b7341fa5,H0216,10.0,2021-12-02,traveloka
Uec5540755785,H0394,10.0,2021-12-02,ivivu
U1df00184876e,H0516,8.5,2021-12-03,traveloka
U3c4e6d7456dd,H0475,9.0,2021-12-03,booking
U49021149ef83,H0220,9.0,2021-12-03,booking
U595041030b42,H0546,9.0,2021-12-03,booking
U608048973bd0,H0542,9.7,2021-12-03,traveloka
U655646f09724,H0225,8.0,2021-12-03,booking
U6f123f862e99,H0119,8.0,2021-12-03,booking
U82a5ed2b4568,H0518,9.0,2021-12-03,booking
Ua802d68edc72,H0446,9.7,2021-12-03,traveloka
Uc43682ad0fad,H0176,10.0,2021-12-03,booking
Uc9fc9f53967b,H0200,10.0,2021-12-03,booking
Ucf0a6f2e228e,H0182,6.2,2021-12-03,traveloka
Ud63b58b9306e,H0437,10.0,2021-12-03,booking
U16c2298dc0c0,H0343,10.0,2021-12-04,booking
U3b7fcc75e526,H0181,6.3,2021-12-04,traveloka
U4cb3496e128a,H0178,6.9,2021-12-04,traveloka
U4e8bccc07273,H0507,5.6,2021-12-04,traveloka
U5f897289f4b8,H0112,1.0,2021-12-04,booking
U6a1ec282d822,H0156,7.0,2021-12-04,booking
U6d18502a7078,H0159,9.1,2021-12-04,traveloka
Ua015724eb5e3,H0529,2.5,2021-12-04,booking
Uc442f2456aa8,H0220,10.0,2021-12-04,booking
Uc9fc9f53967b,H0295,7.0,2021-12-04,booking
Ue4582a9c407e,H0351,7.0,2021-12-04,booking
U1b9aba67387a,H0311,7.0,2021-12-05,traveloka
U6840254d67f2,H0214,10.0,2021-12-05,booking
U82a5ed2b4568,H0172,10.0,2021-12-05,booking
U1944f972e9bd,H0376,5.7,2021-12-06,traveloka
U3b5ddfaa7bf4,H0003,8.6,2021-12-06,traveloka
U7aad371589af,H0001,8.8,2021-12-06,traveloka
Ua98e2d9c004a,H0408,7.2,2021-12-06,traveloka
Ub7de5149b915,H0535,8.4,2021-12-06,traveloka
U8d8b771ba148,H0516,8.5,2021-12-07,traveloka
U63dd838a90e4,H0304,5.4,2021-12-08,traveloka
U8191d96d9e04,H0523,9.7,2021-12-10,traveloka
U9482b53a70de,H0551,8.4,2021-12-11,traveloka
U0386ef2d6039,H0521,9.7,2021-12-12,traveloka
U1495610546e3,H0550,4.8,2021-12-12,traveloka
U3ae6908e0418,H0002,6.0,2021-12-12,traveloka
U774d0f8542d4,H0064,5.1,2021-12-12,traveloka
U784ae7da07b3,H0107,4.5,2021-12-12,traveloka
Ub417c8d35632,H0353,5.0,2021-12-12,booking
Uc43682ad0fad,H0176,6.0,2021-12-12,booking
U570db3d9faee,H0101,6.4,2021-12-13,traveloka
U5f21782dec79,H0336,6.2,2021-12-13,traveloka
Uc73fba051a0a,H0529,6.0,2021-12-13,traveloka
Ud854e8d5bf68,H0315,6.1,2021-12-13,traveloka
U031b5a667c11,H0439,8.0,2021-12-14,ivivu
U45559e7581e5,H0099,6.0,2021-12-14,booking
U1751217d4c1b,H0467,9.7,2021-12-15,traveloka
U40ea8cce7215,H0021,9.0,2021-12-15,booking
U4b3e911c78a0,H0373,9.1,2021-12-15,traveloka
U7852237f6302,H0042,8.0,2021-12-15,booking
U462f6a8d1f38,H0466,6.0,2021-12-16,booking
Ub76b66cd6c5d,H0087,8.0,2021-12-16,booking
U1b06054e2549,H0175,4.8,2021-12-17,traveloka
U4028e7b0d477,H0272,6.1,2021-12-17,traveloka
U8892ccdd6548,H0316,8.0,2021-12-17,ivivu
Ue0a9d4a85ddd,H0380,1.0,2021-12-17,booking
U856aad09cdbb,H0297,6.0,2021-12-18,ivivu
Uab90ae8d578c,H0042,6.0,2021-12-18,booking
Ubb07ca17ccd5,H0378,6.0,2021-12-18,booking
Ue045989ec9ca,H0078,9.0,2021-12-18,booking
Uf76a42d21a7d,H0180,10.0,2021-12-18,booking
U1833e331127d,H0381,10.0,2021-12-19,booking
U5f093cee3fbd,H0311,7.0,2021-12-19,booking
Ua9e839da5ce1,H0394,8.5,2021-12-20,traveloka
Ubb7caab74705,H0014,7.0,2021-12-20,booking
Ucf301082271d,H0521,9.7,2021-12-20,traveloka
U9a5393fc61ff,H0272,6.2,2021-12-21,traveloka
Ufe21bbc81d6f,H0544,10.0,2021-12-21,traveloka
U03fd0f47a13a,H0051,6.8,2021-12-22,traveloka
U0fa462fa5f5d,H0412,8.0,2021-12-22,booking
U18afbffdcede,H0311,6.7,2021-12-22,traveloka
U3c76d79f4a68,H0510,9.0,2021-12-22,booking
U9189e655db34,H0466,9.0,2021-12-22,booking
Uad736c7dffac,H0103,10.0,2021-12-22,traveloka
Ueef6d0dab6d7,H0433,6.0,2021-12-22,traveloka
Ufe21bbc81d6f,H0510,6.5,2021-12-22,traveloka
U9deb26de64b9,H0551,6.0,2021-12-23,ivivu
Ud10d15a9de32,H0220,7.0,2021-12-23,booking
U9deb26de64b9,H0446,6.3,2021-12-24,traveloka
U9deb26de64b9,H0394,6.0,2021-12-24,ivivu
Ud337acc90f71,H0147,8.5,2021-12-24,traveloka
U656b6676160b,H0370,6.3,2021-12-25,traveloka
U7c26570964a8,H0437,7.0,2021-12-25,booking
Uae8735b5c0c9,H0534,5.0,2021-12-25,booking
U142825ec230b,H0521,6.0,2021-12-26,traveloka
U196ac6595296,H0008,4.0,2021-12-26,booking
U2d284aa5e1ae,H0213,10.0,2021-12-26,booking
U7af878bbe5db,H0003,5.7,2021-12-26,traveloka
U8f79e1b7f753,H0214,9.0,2021-12-26,booking
Ubb7caab74705,H0100,7.0,2021-12-26,booking
Ubb7caab74705,H0021,10.0,2021-12-26,booking
U2ce6a409d538,H0038,10.0,2021-12-27,ivivu
Uae8735b5c0c9,H0343,9.0,2021-12-27,booking
Uc439ac066a38,H0021,7.0,2021-12-27,booking
Ue1cc6f76306b,H0459,7.0,2021-12-27,booking
Uf76a42d21a7d,H0437,10.0,2021-12-27,booking
U12d26ed90cb2,H0178,8.4,2021-12-28,traveloka
U4cd0dc77cecb,H0005,10.0,2021-12-28,booking
U76baea6966e0,H0042,10.0,2021-12-28,booking
U7cefaa2f8844,H0332,8.0,2021-12-28,booking
U91dcb965b2e9,H0551,8.5,2021-12-28,traveloka
Uc43682ad0fad,H0381,8.0,2021-12-28,booking
U8c5492d08f33,H0332,10.0,2021-12-29,booking
Uc2d7cbfea755,H0099,1.0,2021-12-29,booking
Uf4c397347009,H0478,6.5,2021-12-29,traveloka
Uf57a18241370,H0215,5.6,2021-12-29,traveloka
U3902b3261495,H0123,5.5,2021-12-30,traveloka
U42d2ad3dc9f1,H0162,10.0,2021-12-30,ivivu
U5d9d11c9e7b1,H0191,4.5,2021-12-30,traveloka
U894404028a81,H0437,9.0,2021-12-30,booking
U967df8ac0929,H0547,6.0,2021-12-30,traveloka
Ue1da982f5ad0,H0021,5.0,2021-12-30,booking
U196ac6595296,H0213,6.0,2021-12-31,booking
U497da8d36dae,H0394,6.0,2021-12-31,ivivu
U7038329f5ad6,H0005,4.0,2021-12-31,booking
Ua927b88a12d6,H0384,8.4,2021-12-31,traveloka
Ub92206357ec8,H0331,9.1,2021-12-31,traveloka
U0fa462fa5f5d,H0311,9.0,2022-01-01,booking
U4e716dd19b0a,H0396,7.6,2022-01-01,traveloka
U52a7b605988b,H0353,6.0,2022-01-01,booking
U82a5ed2b4568,H0220,8.0,2022-01-01,booking
U904ab15a70b5,H0551,9.7,2022-01-01,traveloka
Ud0a2a5d9d6e2,H0332,5.0,2022-01-01,booking
Ud136c339a74b,H0437,6.0,2022-01-01,ivivu
Udca663837a6c,H0499,8.5,2022-01-01,traveloka
Ue8053d173307,H0193,8.0,2022-01-01,ivivu
U16c2298dc0c0,H0549,9.0,2022-01-02,booking
U196ac6595296,H0218,9.0,2022-01-02,booking
U1abc95e84a31,H0204,8.0,2022-01-02,booking
U3b9fee761ece,H0353,9.0,2022-01-02,booking
U47c7800c92d7,H0166,8.5,2022-01-02,traveloka
U655646f09724,H0024,9.0,2022-01-02,booking
U6a1ec282d822,H0332,8.0,2022-01-02,booking
U894404028a81,H0378,7.0,2022-01-02,booking
U8c5492d08f33,H0176,6.0,2022-01-02,booking
U8c5492d08f33,H0510,7.0,2022-01-02,booking
Uab90ae8d578c,H0008,8.0,2022-01-02,booking
Uae8735b5c0c9,H0470,10.0,2022-01-02,booking
Ud10d15a9de32,H0353,10.0,2022-01-02,booking
Uea979d60f31c,H0181,8.0,2022-01-02,booking
U145b7c3a0a48,H0200,5.0,2022-01-03,booking
U404553184c9c,H0119,7.0,2022-01-03,booking
U42d2ad3dc9f1,H0499,6.4,2022-01-03,traveloka
U459052bc1431,H0092,6.0,2022-01-03,ivivu
Uae8735b5c0c9,H0238,8.0,2022-01-03,booking
Ufa7ec5265820,H0466,7.0,2022-01-03,booking
U0934c5ee91a3,H0010,7.0,2022-01-04,booking
U15c5f8689a8c,H0529,6.0,2022-01-04,booking
U1bac8a91d17f,H0222,5.0,2022-01-04,booking
U4086baf3e8b6,H0002,5.5,2022-01-04,traveloka
U5a350d7e7970,H0128,6.0,2022-01-04,booking
U63fd833b4a7c,H0214,9.0,2022-01-04,booking
U6a1ec282d822,H0098,10.0,2022-01-04,booking
U6ff2a3262fc5,H0203,10.0,2022-01-04,ivivu
U782213112473,H0404,6.0,2022-01-04,traveloka
U82a5ed2b4568,H0337,10.0,2022-01-04,booking
Ua571a440c856,H0311,7.0,2022-01-04,booking
Ub5923814a325,H0018,10.0,2022-01-04,booking
U096ee90f2dac,H0051,6.3,2022-01-05,traveloka
U35e870947744,H0204,4.0,2022-01-05,booking
U5d6a1d9db392,H0123,6.4,2022-01-05,traveloka
U655646f09724,H0397,10.0,2022-01-05,booking
U82a5ed2b4568,H0510,7.0,2022-01-05,booking
U8930bbe3d24b,H0010,1.0,2022-01-05,booking
U8baca280affb,H0498,9.0,2022-01-05,booking
U99bdd9a1479a,H0429,10.0,2022-01-05,ivivu
Ua866dc69d643,H0333,6.0,2022-01-05,booking
Uae8735b5c0c9,H0337,9.0,2022-01-05,booking
Ubb7caab74705,H0123,10.0,2022-01-05,booking
Uc7110aaf2bea,H0353,7.0,2022-01-05,booking
Ud10d15a9de32,H0555,10.0,2022-01-05,booking
Uedb506d443dc,H0196,8.5,2022-01-05,traveloka
U16c2298dc0c0,H0123,7.0,2022-01-06,booking
U1bac8a91d17f,H0363,10.0,2022-01-06,booking
U2278f685b611,H0095,10.0,2022-01-06,booking
U283f742ce58f,H0510,6.4,2022-01-06,traveloka
U43c9681df962,H0452,7.0,2022-01-06,booking
U4ca44a2c942b,H0180,10.0,2022-01-06,booking
U50f523b549c4,H0353,7.0,2022-01-06,booking
U51e843464940,H0170,6.0,2022-01-06,ivivu
U7a1c550b7ef4,H0333,5.0,2022-01-06,booking
U9f0f66ada76d,H0529,10.0,2022-01-06,booking
Ua1bf573610ca,H0087,9.0,2022-01-06,booking
Ub43120e929b4,H0102,6.0,2022-01-06,booking
Ub8e530aa081f,H0295,10.0,2022-01-06,booking
Ubb7caab74705,H0217,3.0,2022-01-06,booking
Uc9fc9f53967b,H0102,7.0,2022-01-06,booking
Uc9fc9f53967b,H0225,7.0,2022-01-06,booking
Udd5f3bd618d5,H0042,8.0,2022-01-06,booking
U09a11071f327,H0454,9.0,2022-01-07,booking
U16765312e621,H0353,5.0,2022-01-07,booking
U63fd833b4a7c,H0397,2.0,2022-01-07,booking
U6a1ec282d822,H0007,4.0,2022-01-07,booking
U6ee8629c8a1a,H0015,7.0,2022-01-07,booking
U7208f3e394b7,H0417,9.3,2022-01-07,traveloka
U7dee0d3e4c84,H0412,7.0,2022-01-07,booking
U820ab8fad907,H0454,8.5,2022-01-07,traveloka
U82a5ed2b4568,H0491,7.0,2022-01-07,booking
U84e22cc20800,H0221,8.0,2022-01-07,ivivu
U9f572bd42c11,H0204,6.0,2022-01-07,ivivu
Ub316660cedb0,H0484,6.0,2022-01-07,ivivu
Ubb7caab74705,H0433,10.0,2022-01-07,booking
Uc5b4797ed000,H0236,8.0,2022-01-07,booking
Ud08ab3eb6ab4,H0425,9.0,2022-01-07,booking
Ud891e317ebe9,H0353,6.0,2022-01-07,booking
Ue65c8cd9a182,H0505,7.0,2022-01-07,booking
U025c0bdadae4,H0015,9.0,2022-01-08,booking
U2278f685b611,H0437,7.0,2022-01-08,booking
U2d209dca7503,H0225,8.0,2022-01-08,booking
U5c13d56d6b33,H0019,10.0,2022-01-08,booking
U6058695c187f,H0032,6.0,2022-01-08,traveloka
U6a1ec282d822,H0225,7.0,2022-01-08,booking
U7fa613e5002e,H0238,8.0,2022-01-08,booking
U82a5ed2b4568,H0333,6.0,2022-01-08,booking
U82a5ed2b4568,H0437,5.0,2022-01-08,booking
U82a5ed2b4568,H0087,2.0,2022-01-08,booking
U86d6149ace93,H0087,8.0,2022-01-08,booking
U8c5492d08f33,H0220,8.0,2022-01-08,booking
Ua571a440c856,H0179,5.0,2022-01-08,booking
Ua866dc69d643,H0433,6.0,2022-01-08,booking
Uae8735b5c0c9,H0008,5.0,2022-01-08,booking
Ub021db194401,H0434,5.9,2022-01-08,traveloka
Ub52474362828,H0527,8.0,2022-01-08,ivivu
Ubb073a21f6c4,H0073,10.0,2022-01-08,booking
Ubb7caab74705,H0172,6.0,2022-01-08,booking
Uc2d7cbfea755,H0337,7.0,2022-01-08,booking
Ud52a2060b81b,H0032,8.8,2022-01-08,traveloka
Ue2f04e975d07,H0087,9.0,2022-01-08,booking
Uf15cbf039d0d,H0519,6.0,2022-01-08,traveloka
U1aefb0e3aef1,H0329,9.7,2022-01-09,traveloka
U1e84baf9b7e4,H0437,8.0,2022-01-09,ivivu
U55af1ee53e01,H0221,6.0,2022-01-09,ivivu
U6a1ec282d822,H0102,10.0,2022-01-09,booking
U793943266179,H0194,10.0,2022-01-09,booking
U8410b4c5aaeb,H0095,10.0,2022-01-09,booking
Ub5482f12212e,H0425,7.0,2022-01-09,booking
Ubb7caab74705,H0100,6.0,2022-01-09,booking
Uc43682ad0fad,H0337,3.0,2022-01-09,booking
Uc439ac066a38,H0311,8.0,2022-01-09,booking
Uc5b4797ed000,H0225,5.0,2022-01-09,booking
Uc5b4797ed000,H0077,10.0,2022-01-09,booking
Uc7110aaf2bea,H0229,6.0,2022-01-09,booking
Uc9fc9f53967b,H0408,7.0,2022-01-09,booking
Ucaa5e34765c3,H0021,8.0,2022-01-09,booking
Ud6e230b15905,H0437,6.0,2022-01-09,ivivu
Ueff4fbda6737,H0100,10.0,2022-01-09,booking
U16c2298dc0c0,H0015,6.0,2022-01-10,booking
U2a46e9aec727,H0337,10.0,2022-01-10,booking
U2fed37e26d72,H0104,9.0,2022-01-10,booking
U3e5b22f6d6f1,H0229,5.0,2022-01-10,booking
U411ef1605229,H0208,6.0,2022-01-10,ivivu
U549f9cb5be05,H0032,6.0,2022-01-10,booking
U82a5ed2b4568,H0112,3.0,2022-01-10,booking
U94a9981b8bc8,H0551,6.0,2022-01-10,traveloka
U966d27754fa5,H0098,9.0,2022-01-10,booking
U9dbaa6c0cd65,H0122,10.0,2022-01-10,traveloka
Ub16e24f6e466,H0147,6.0,2022-01-10,ivivu
Ub5482f12212e,H0018,10.0,2022-01-10,booking
Ubfaf4e7b29e6,H0145,6.0,2022-01-10,ivivu
Ud04c303a34f1,H0465,10.0,2022-01-10,booking
U22d247685366,H0294,5.4,2022-01-11,traveloka
U6ff71a6efd28,H0085,6.0,2022-01-11,traveloka
Ud2e2e7e9e7d3,H0394,9.7,2022-01-11,traveloka
Ue1da982f5ad0,H0005,7.0,2022-01-11,booking
Ueff4fbda6737,H0487,1.0,2022-01-11,booking
U1995d921a404,H0453,5.0,2022-01-12,booking
U48f3bca89508,H0238,8.5,2022-01-12,traveloka
U7a37ffff8050,H0213,7.0,2022-01-12,booking
U90d34ac8c143,H0095,10.0,2022-01-12,booking
Ub4c4d593ee1d,H0454,8.0,2022-01-12,booking
Ubaf19efa2146,H0015,8.0,2022-01-12,booking
Ue1da982f5ad0,H0011,10.0,2022-01-12,booking
U0c280bcfa25a,H0165,10.0,2022-01-13,booking
U145b7c3a0a48,H0042,6.0,2022-01-13,booking
U18c4cf0f7006,H0510,9.0,2022-01-13,booking
U2fed37e26d72,H0506,8.0,2022-01-13,booking
U75706c38b126,H0490,7.0,2022-01-13,booking
Ua97b664530a7,H0194,5.5,2022-01-13,traveloka
Uab90ae8d578c,H0180,9.0,2022-01-13,booking
Ub0a361c59125,H0491,8.0,2022-01-13,ivivu
Ub6449c27ea57,H0225,5.0,2022-01-13,booking
Ub6b1b7581ff2,H0439,6.0,2022-01-13,ivivu
Uc6fa56070267,H0216,6.0,2022-01-13,ivivu
Ue1ea6170d5ed,H0014,10.0,2022-01-13,booking
Uea979d60f31c,H0014,10.0,2022-01-13,booking
U0e537c881359,H0220,7.0,2022-01-14,booking
U1978de639e0b,H0147,5.4,2022-01-14,traveloka
U414902fbc124,H0232,4.8,2022-01-14,traveloka
U462f6a8d1f38,H0353,9.0,2022-01-14,booking
U5e12a1820d2e,H0196,5.8,2022-01-14,traveloka
U82a5ed2b4568,H0220,7.0,2022-01-14,booking
Ubb7caab74705,H0025,7.0,2022-01-14,booking
Uc199c13a8b4d,H0402,6.0,2022-01-14,ivivu
U28608c9427b7,H0220,10.0,2022-01-15,booking
U788ad866add3,H0400,9.0,2022-01-15,booking
Uaa727adbce8f,H0220,9.0,2022-01-15,booking
Udcd7545e9dfa,H0017,7.0,2022-01-15,booking
Uf7b7d282da79,H0381,10.0,2022-01-15,booking
U025c0bdadae4,H0156,9.0,2022-01-16,booking
U078477765ef9,H0354,6.0,2022-01-16,traveloka
U1a102edf1c69,H0100,10.0,2022-01-16,booking
U30d9e7012ca2,H0008,5.0,2022-01-16,booking
U487120a75126,H0078,8.0,2022-01-16,booking
U5e181805fc19,H0333,5.0,2022-01-16,booking
U8f8b90971d60,H0397,8.0,2022-01-16,booking
Ub950bc275517,H0095,9.0,2022-01-16,booking
U16c2298dc0c0,H0008,8.0,2022-01-17,booking
U3b51d05b5a5b,H0336,9.4,2022-01-17,traveloka
U54bc96de8a1e,H0001,6.5,2022-01-17,traveloka
U55ba0a35377a,H0214,8.0,2022-01-17,booking
U74c114c6b433,H0232,8.5,2022-01-17,traveloka
U79e0c453a20b,H0526,6.0,2022-01-17,ivivu
Ua1bf573610ca,H0213,10.0,2022-01-17,booking
Uae8735b5c0c9,H0100,10.0,2022-01-17,booking
Ubb7caab74705,H0204,10.0,2022-01-17,booking
Ue0a9d4a85ddd,H0353,7.0,2022-01-17,booking
Ue1ea6170d5ed,H0437,5.0,2022-01-17,booking
Uf1cd5cb9fb40,H0002,8.8,2022-01-17,traveloka
U0d414d6aa978,H0159,4.5,2022-01-18,traveloka
U541714479c48,H0095,5.0,2022-01-18,booking
U7e450d331686,H0181,9.7,2022-01-18,traveloka
U82f103385c33,H0333,7.0,2022-01-18,booking
Ue072af4ba9d2,H0214,4.0,2022-01-18,booking
Uff055de421e5,H0017,4.0,2022-01-18,booking
U025c0bdadae4,H0491,7.0,2022-01-19,booking
U14a568c69f46,H0005,8.0,2022-01-19,booking
U56b97a8c953b,H0156,7.0,2022-01-19,booking
U655646f09724,H0437,8.0,2022-01-19,booking
U6eaea310ca73,H0523,6.3,2022-01-19,traveloka
U7c19fc142fe4,H0495,6.9,2022-01-19,traveloka
Ubd2dd37ce006,H0364,6.4,2022-01-19,traveloka
Uf29635c1d7d8,H0272,6.1,2022-01-19,traveloka
U72d8f85b3fb4,H0087,10.0,2022-01-20,booking
U76baea6966e0,H0223,7.0,2022-01-20,booking
U8c5492d08f33,H0332,7.0,2022-01-20,booking
Ucaa5e34765c3,H0463,10.0,2022-01-20,booking
Ud8bb5d9104cc,H0463,10.0,2022-01-20,booking
U173ba1e7ebe4,H0402,6.0,2022-01-21,ivivu
U55ba0a35377a,H0549,3.0,2022-01-21,booking
U7d45f6b9e69e,H0232,8.5,2022-01-21,traveloka
U852d66b57dc1,H0058,10.0,2022-01-21,ivivu
U8f8b90971d60,H0100,8.0,2022-01-21,booking
Uc439ac066a38,H0444,7.0,2022-01-21,booking
U608048973bd0,H0411,9.7,2022-01-22,traveloka
U72d8f85b3fb4,H0100,9.0,2022-01-22,booking
U764b50c0d940,H0353,6.0,2022-01-22,booking
U9226fb5e4490,H0521,5.1,2022-01-22,traveloka
Uae8735b5c0c9,H0099,5.0,2022-01-22,booking
Uc92412dddc7c,H0499,8.5,2022-01-22,traveloka
Uc9fc9f53967b,H0156,10.0,2022-01-22,booking
Ueb306017301c,H0176,8.0,2022-01-22,booking
U4a3f143c9f5d,H0220,8.0,2022-01-23,booking
U82a5ed2b4568,H0533,7.0,2022-01-23,booking
U906da3d9b7f2,H0414,8.0,2022-01-23,ivivu
U91a97365a166,H0387,10.0,2022-01-23,ivivu
U9b59f722b53c,H0394,6.4,2022-01-23,traveloka
Uc439ac066a38,H0119,5.0,2022-01-23,booking
Uc7110aaf2bea,H0220,10.0,2022-01-23,booking
Ue0a9d4a85ddd,H0225,4.0,2022-01-23,booking
Ue83b093de198,H0439,7.0,2022-01-23,booking
Uea1682b63790,H0434,6.3,2022-01-23,traveloka
Ued473848a6c1,H0050,8.0,2022-01-23,ivivu
Ua5ae594cabe5,H0111,9.7,2022-01-24,traveloka
Ub4eefd2ca553,H0099,9.0,2022-01-24,booking
Ubb7caab74705,H0213,10.0,2022-01-24,booking
Ucaacb3bf5210,H0332,5.0,2022-01-24,booking
Ufdaab3ec1fbc,H0014,8.0,2022-01-24,booking
U5a350d7e7970,H0220,7.0,2022-01-25,booking
U6156734cc45f,H0181,6.0,2022-01-25,traveloka
U669eb3c21ce6,H0491,5.0,2022-01-25,booking
U68f2e9707e6b,H0021,7.0,2022-01-25,booking
U6d5049ba464c,H0225,9.0,2022-01-25,booking
U7369ea966365,H0204,6.0,2022-01-25,booking
U84a857b82cbe,H0021,8.0,2022-01-25,booking
Uc5b4797ed000,H0362,9.0,2022-01-25,booking
Udd5f3bd618d5,H0343,6.0,2022-01-25,booking
U57dd8f4e431c,H0437,8.0,2022-01-26,booking
U636a242ffd1b,H0290,6.1,2022-01-26,traveloka
U8f9142984511,H0087,9.0,2022-01-26,booking
Ub602883c7537,H0362,10.0,2022-01-26,booking
U2205f6eb906d,H0547,6.0,2022-01-27,traveloka
U25c0081f57bd,H0311,8.0,2022-01-27,booking
U4a17bd6754c9,H0102,10.0,2022-01-27,booking
U6d1910fdb029,H0516,5.8,2022-01-27,traveloka
U7536430e4ac2,H0546,10.0,2022-01-27,booking
U7af1bb698ab4,H0194,6.0,2022-01-27,ivivu
U8eef2facf093,H0216,10.0,2022-01-27,traveloka
Ua866dc69d643,H0378,7.0,2022-01-27,booking
Uab90ae8d578c,H0437,5.0,2022-01-27,booking
Udd5f3bd618d5,H0087,6.0,2022-01-27,booking
U82fffe81f716,H0449,7.0,2022-01-28,booking
Uc43682ad0fad,H0465,5.0,2022-01-28,booking
Ud1245035e391,H0021,8.0,2022-01-28,booking
Udcd7545e9dfa,H0017,7.0,2022-01-28,booking
Ue072af4ba9d2,H0466,7.0,2022-01-28,booking
Ue86af36f80a7,H0008,6.0,2022-01-28,booking
U16c2298dc0c0,H0381,6.0,2022-01-29,booking
U18c4cf0f7006,H0087,8.0,2022-01-29,booking
U7295a242c415,H0311,9.0,2022-01-29,booking
U76baea6966e0,H0353,6.2,2022-01-29,booking
Ubf2e2c812a9a,H0391,10.0,2022-01-29,ivivu
Ubfe004857d23,H0439,5.5,2022-01-29,traveloka
Uc8dc43d69701,H0014,10.0,2022-01-29,booking
Uf90679e139cf,H0372,4.0,2022-01-29,booking
U145b7c3a0a48,H0184,8.0,2022-01-30,booking
U1bac8a91d17f,H0021,10.0,2022-01-30,booking
U32e0d2d939ce,H0225,7.0,2022-01-30,booking
U487120a75126,H0100,10.0,2022-01-30,booking
U5a350d7e7970,H0332,7.0,2022-01-30,booking
U68f2e9707e6b,H0014,10.0,2022-01-30,booking
U7038329f5ad6,H0099,6.0,2022-01-30,booking
U70d1cb8e578b,H0332,4.0,2022-01-30,booking
Ub56404644f9b,H0249,6.0,2022-01-30,traveloka
Ubb073a21f6c4,H0295,10.0,2022-01-30,booking
U196ac6595296,H0095,9.0,2022-01-31,booking
U1e1367252b82,H0332,1.0,2022-01-31,booking
U85ba6edcd969,H0491,8.0,2022-01-31,booking
Ua866dc69d643,H0453,7.0,2022-01-31,booking
Uc43682ad0fad,H0452,7.0,2022-01-31,booking
Udd5f3bd618d5,H0437,6.0,2022-01-31,booking
Ufd13a4ffb056,H0021,7.0,2022-01-31,booking
U4cd0dc77cecb,H0014,3.0,2022-02-01,booking
U55ba0a35377a,H0100,7.0,2022-02-01,booking
U62643e9a2fea,H0272,9.7,2022-02-01,traveloka
U6c272f87962a,H0437,6.0,2022-02-01,ivivu
U850aabb82a49,H0216,6.0,2022-02-01,ivivu
Ua179bde11521,H0456,5.5,2022-02-01,traveloka
Ud87d13293d95,H0021,9.0,2022-02-01,booking
Uf13534b7de0c,H0397,7.0,2022-02-01,booking
U1525adc7b68a,H0197,10.0,2022-02-02,booking
U16c2298dc0c0,H0008,9.0,2022-02-02,booking
U2278f685b611,H0475,7.0,2022-02-02,booking
U36eae7b366ff,H0204,8.0,2022-02-02,ivivu
U55ba0a35377a,H0180,10.0,2022-02-02,booking
U594642be1492,H0510,5.0,2022-02-02,booking
U680ff74a65f2,H0336,6.0,2022-02-02,traveloka
U9b2ff0c74112,H0262,8.5,2022-02-02,traveloka
U9f6ee79cc2bf,H0424,6.0,2022-02-02,booking
Uabb9edfcf92c,H0446,5.7,2022-02-02,traveloka
Ubb7caab74705,H0497,7.0,2022-02-02,booking
Ud337acc90f71,H0126,9.1,2022-02-02,traveloka
Ue0a9d4a85ddd,H0218,8.0,2022-02-02,booking
Ue38d9dfa5fa3,H0083,8.0,2022-02-02,ivivu
Uf76a42d21a7d,H0437,5.0,2022-02-02,booking
U0fa462fa5f5d,H0353,8.0,2022-02-03,booking
U1bac8a91d17f,H0332,8.0,2022-02-03,booking
U50f523b549c4,H0008,9.0,2022-02-03,booking
U89cca34b46db,H0008,7.0,2022-02-03,booking
Ubb7caab74705,H0475,10.0,2022-02-03,booking
Ubc48ab73e07d,H0335,6.1,2022-02-03,traveloka
Uc7110aaf2bea,H0408,7.0,2022-02-03,booking
Ue83b093de198,H0225,1.0,2022-02-03,booking
U556c64cb7de3,H0010,10.0,2022-02-04,booking
U6a1ec282d822,H0362,1.0,2022-02-04,booking
U6f123f862e99,H0018,10.0,2022-02-04,booking
U852d66b57dc1,H0053,6.0,2022-02-04,ivivu
U879b46001ec5,H0067,6.0,2022-02-04,booking
U95f5ceaf2c0a,H0376,8.5,2022-02-04,traveloka
U966d27754fa5,H0337,8.0,2022-02-04,booking
Uab90ae8d578c,H0042,5.0,2022-02-04,booking
Ubb7caab74705,H0181,6.0,2022-02-04,booking
Uc4eb307c4d48,H0353,8.0,2022-02-04,booking
Ue0a9d4a85ddd,H0487,8.0,2022-02-04,booking
Ue0a9d4a85ddd,H0214,4.0,2022-02-04,booking
Uf5aabc5593b9,H0155,6.0,2022-02-04,booking
U05b4576a8de9,H0089,4.0,2022-02-05,booking
U066902799d4f,H0078,9.0,2022-02-05,booking
U16c2298dc0c0,H0181,9.0,2022-02-05,booking
U487120a75126,H0200,7.0,2022-02-05,booking
U5e181805fc19,H0200,7.0,2022-02-05,booking
U6a1ec282d822,H0439,8.0,2022-02-05,booking
U6a1ec282d822,H0007,5.0,2022-02-05,booking
Ub7fd7623f8b1,H0181,10.0,2022-02-05,booking
Uc5b4797ed000,H0510,6.0,2022-02-05,booking
Ue1da982f5ad0,H0337,10.0,2022-02-05,booking
Uf13534b7de0c,H0018,10.0,2022-02-05,booking
U066902799d4f,H0345,4.0,2022-02-06,booking
U0954a8a9ae5f,H0246,6.0,2022-02-06,ivivu
U1063c6b67f9d,H0100,8.0,2022-02-06,booking
U13d7f50f3e5b,H0323,8.0,2022-02-06,ivivu
U14a568c69f46,H0102,4.0,2022-02-06,booking
U1500a9267556,H0054,10.0,2022-02-06,booking
U1bac8a91d17f,H0021,7.0,2022-02-06,booking
U3255bc839173,H0366,9.3,2022-02-06,traveloka
U3bbbb95f5787,H0510,6.0,2022-02-06,booking
U595041030b42,H0008,4.0,2022-02-06,booking
U5a350d7e7970,H0355,8.0,2022-02-06,booking
U7869e4a6c74e,H0100,9.0,2022-02-06,booking
U8410b4c5aaeb,H0362,5.0,2022-02-06,booking
U9f1e9c79e6b8,H0086,10.0,2022-02-06,ivivu
Ub0d6aeadc480,H0089,10.0,2022-02-06,booking
Ub6449c27ea57,H0100,6.0,2022-02-06,booking
Ub950bc275517,H0018,1.0,2022-02-06,booking
Ubb7caab74705,H0018,9.0,2022-02-06,booking
Ube15ac31a6cd,H0547,5.2,2022-02-06,traveloka
Uc9d2108de168,H0412,6.0,2022-02-06,traveloka
Ud7e78dbdb9f2,H0123,8.0,2022-02-06,booking
U00912b991d82,H0078,7.0,2022-02-07,booking
U1fc27fccbd07,H0523,4.0,2022-02-07,ivivu
U3b9fee761ece,H0172,5.0,2022-02-07,booking
U5e181805fc19,H0008,9.0,2022-02-07,booking
U6156734cc45f,H0208,10.0,2022-02-07,ivivu
U676518db9ecc,H0041,10.0,2022-02-07,traveloka
U6a1ec282d822,H0433,3.0,2022-02-07,booking
U72d8f85b3fb4,H0176,9.0,2022-02-07,booking
U971fe190f648,H0232,10.0,2022-02-07,traveloka
Uab90ae8d578c,H0087,2.0,2022-02-07,booking
Ubaf19efa2146,H0453,10.0,2022-02-07,booking
Ubb7caab74705,H0100,5.0,2022-02-07,booking
Ubb7caab74705,H0541,5.0,2022-02-07,booking
Uc874bee1c545,H0350,8.0,2022-02-07,booking
Ud64bd1c41dd0,H0203,6.0,2022-02-07,ivivu
Ue3b5c3f8ed97,H0285,8.0,2022-02-07,ivivu
Ue6e3a62eed14,H0552,9.0,2022-02-07,booking
Uf2d5e90fdf4f,H0499,8.8,2022-02-07,traveloka
U0fa462fa5f5d,H0363,10.0,2022-02-08,booking
U149f6c5595d3,H0476,10.0,2022-02-08,traveloka
U1525adc7b68a,H0102,6.0,2022-02-08,booking
U3d1212b9d79c,H0336,6.7,2022-02-08,traveloka
U51202673be61,H0044,8.0,2022-02-08,ivivu
U699916231e95,H0008,8.0,2022-02-08,booking
U6a1ec282d822,H0353,9.0,2022-02-08,booking
U6c398e3cf613,H0015,10.0,2022-02-08,booking
U6e0c247753cf,H0311,9.7,2022-02-08,traveloka
U8c5492d08f33,H0454,8.0,2022-02-08,booking
Uab90ae8d578c,H0014,7.0,2022-02-08,booking
Uab90ae8d578c,H0214,3.0,2022-02-08,booking
Uab90ae8d578c,H0089,8.0,2022-02-08,booking
Uad3c2edfc3a6,H0529,10.0,2022-02-08,booking
Uae43a1c16f19,H0285,8.0,2022-02-08,ivivu
Uc2eafeeb199a,H0205,8.0,2022-02-08,booking
Uc43682ad0fad,H0095,7.0,2022-02-08,booking
Uea3c62e209ed,H0439,4.0,2022-02-08,booking
Uee40cb4c604d,H0370,6.3,2022-02-08,traveloka
Uf8c43eda8f69,H0328,8.5,2022-02-08,traveloka
U16c2298dc0c0,H0102,9.0,2022-02-09,booking
U4d6a86ecfd20,H0126,2.0,2022-02-09,ivivu
U6156734cc45f,H0311,6.0,2022-02-09,ivivu
U731e03f7bebb,H0414,6.6,2022-02-09,traveloka
U775615c1b636,H0126,6.0,2022-02-09,ivivu
Uab90ae8d578c,H0555,8.0,2022-02-09,booking
Uae43a1c16f19,H0116,6.0,2022-02-09,ivivu
U3c76d79f4a68,H0104,3.0,2022-02-10,booking
U6a1ec282d822,H0018,10.0,2022-02-10,booking
U848af09f6de3,H0381,10.0,2022-02-10,booking
Ua571a440c856,H0200,6.0,2022-02-10,booking
Ub0d6aeadc480,H0363,8.0,2022-02-10,booking
Ub0d6aeadc480,H0181,8.0,2022-02-10,booking
Ud0be7050242b,H0411,6.1,2022-02-10,traveloka
Ud583fbb6933a,H0221,8.0,2022-02-10,ivivu
Udcd7545e9dfa,H0104,8.0,2022-02-10,booking
Udd5f3bd618d5,H0018,10.0,2022-02-10,booking
Ue072af4ba9d2,H0337,8.0,2022-02-10,booking
Uf76a42d21a7d,H0450,10.0,2022-02-10,booking
U15c5f8689a8c,H0433,10.0,2022-02-11,booking
U3b9fee761ece,H0017,3.0,2022-02-11,booking
U3bbbb95f5787,H0098,8.0,2022-02-11,booking
U7dff464c710a,H0101,9.4,2022-02-11,traveloka
Uae8735b5c0c9,H0061,10.0,2022-02-11,booking
Ub88006c8832f,H0100,9.0,2022-02-11,booking
Uc96e81eb3992,H0439,1.0,2022-02-11,booking
Ue0a9d4a85ddd,H0100,3.0,2022-02-11,booking
Uec2e870e0cae,H0237,8.0,2022-02-11,ivivu
Uf13534b7de0c,H0353,9.0,2022-02-11,booking
Uf13534b7de0c,H0090,8.0,2022-02-11,booking
Ufd974a6b15a1,H0232,8.5,2022-02-11,traveloka
U0ced996809e9,H0017,10.0,2022-02-12,booking
Uae8735b5c0c9,H0095,9.0,2022-02-12,booking
Uc439ac066a38,H0016,10.0,2022-02-12,booking
U025c0bdadae4,H0343,7.0,2022-02-13,booking
U093cd04adcdd,H0032,9.0,2022-02-13,traveloka
U145b7c3a0a48,H0220,10.0,2022-02-13,booking
U1bac8a91d17f,H0100,7.0,2022-02-13,booking
U268e144fcd80,H0445,6.0,2022-02-13,traveloka
U37a4a4f4887f,H0207,8.0,2022-02-13,ivivu
U5592d3d14f3a,H0100,4.0,2022-02-13,booking
U655646f09724,H0439,7.0,2022-02-13,booking
U70d1cb8e578b,H0437,6.0,2022-02-13,booking
U8c5492d08f33,H0541,5.0,2022-02-13,booking
Ua9e40e4f9bcb,H0466,6.0,2022-02-13,booking
Ubcbb7998700d,H0453,7.0,2022-02-13,booking
Ucaacb3bf5210,H0497,9.0,2022-02-13,booking
Ue6e3a62eed14,H0439,6.0,2022-02-13,booking
Ue83b093de198,H0014,2.0,2022-02-13,booking
Ufa7ec5265820,H0381,7.0,2022-02-13,booking
U487120a75126,H0518,10.0,2022-02-14,booking
U699916231e95,H0381,8.0,2022-02-14,booking
U788ad866add3,H0021,8.0,2022-02-14,booking
Ubb7caab74705,H0353,6.0,2022-02-14,booking
Ubc183ec39523,H0100,10.0,2022-02-14,booking
Uc43682ad0fad,H0353,1.0,2022-02-14,booking
Ucf5121b1dc7a,H0008,8.0,2022-02-14,booking
Udaf54ce29123,H0549,5.0,2022-02-14,booking
Ue585b310da8e,H0439,5.0,2022-02-14,booking
Ue8fb12d0d4f7,H0383,8.0,2022-02-14,ivivu
U16c2298dc0c0,H0183,10.0,2022-02-15,booking
U18c4cf0f7006,H0087,7.0,2022-02-15,booking
U1995d921a404,H0353,10.0,2022-02-15,booking
U1e1367252b82,H0506,8.8,2022-02-15,booking
U5e86558fc891,H0534,6.0,2022-02-15,ivivu
U8f9142984511,H0529,9.0,2022-02-15,booking
Ua1bf573610ca,H0479,10.0,2022-02-15,booking
Ua866dc69d643,H0518,9.0,2022-02-15,booking
Uc93fb3f1d81f,H0008,9.0,2022-02-15,booking
Uc9fc9f53967b,H0381,10.0,2022-02-15,booking
Udf8bc29e2f3f,H0437,7.0,2022-02-15,booking
Uf13534b7de0c,H0183,5.0,2022-02-15,booking
U2e205ede8815,H0332,5.0,2022-02-16,booking
U44d79d355bcc,H0509,8.5,2022-02-16,traveloka
U487120a75126,H0052,10.0,2022-02-16,booking
U70a66eaa31fe,H0329,5.6,2022-02-16,traveloka
U85ba6edcd969,H0183,7.0,2022-02-16,booking
U911f13f7a3da,H0064,8.5,2022-02-16,traveloka
Uad58dc17f807,H0434,9.1,2022-02-16,traveloka
Ub88006c8832f,H0087,6.0,2022-02-16,booking
Ubb7caab74705,H0466,10.0,2022-02-16,booking
Ubc183ec39523,H0176,4.0,2022-02-16,booking
Uc43682ad0fad,H0546,10.0,2022-02-16,booking
Ud530989c4184,H0181,9.4,2022-02-16,traveloka
Ue7f1e4451f00,H0463,9.0,2022-02-16,booking
U17df181ce620,H0391,8.0,2022-02-17,ivivu
U2d60ecff62f1,H0453,7.0,2022-02-17,booking
U3b1325c054a1,H0005,7.0,2022-02-17,booking
U42cfb242c8b6,H0424,6.0,2022-02-17,booking
U72d8f85b3fb4,H0102,9.0,2022-02-17,booking
U765d7c2c17e4,H0332,3.0,2022-02-17,booking
U9bbb7da08633,H0521,6.0,2022-02-17,traveloka
Uae7b7b729315,H0465,6.0,2022-02-17,booking
Ubaf19efa2146,H0008,10.0,2022-02-17,booking
Ubb7caab74705,H0204,9.0,2022-02-17,booking
Uc439ac066a38,H0332,6.0,2022-02-17,booking
Uf33e9d941313,H0333,10.0,2022-02-17,booking
Uf7f415104f4d,H0238,6.3,2022-02-17,traveloka
U145b7c3a0a48,H0546,7.0,2022-02-18,booking
U17df181ce620,H0551,5.8,2022-02-18,traveloka
U2b43a5075f23,H0439,2.0,2022-02-18,booking
U54b3fb36f496,H0095,9.0,2022-02-18,booking
U55ba0a35377a,H0087,5.0,2022-02-18,booking
U595041030b42,H0183,10.0,2022-02-18,booking
U63fd833b4a7c,H0200,7.0,2022-02-18,booking
U6a1ec282d822,H0295,10.0,2022-02-18,booking
U82a5ed2b4568,H0099,7.0,2022-02-18,booking
U8410b4c5aaeb,H0439,6.0,2022-02-18,booking
U9deb26de64b9,H0425,10.0,2022-02-18,ivivu
U9fd4159feb84,H0100,10.0,2022-02-18,booking
Uac56638d57ad,H0465,7.0,2022-02-18,booking
Ub0c950e637af,H0221,10.0,2022-02-18,ivivu
Ubc3d4815d683,H0183,10.0,2022-02-18,booking
Uc874bee1c545,H0410,6.0,2022-02-18,booking
Ucdf943c35278,H0003,4.8,2022-02-18,traveloka
Ucdf99a0cd2b0,H0346,6.9,2022-02-18,traveloka
Udabb94693f7e,H0032,9.4,2022-02-18,traveloka
Ue072af4ba9d2,H0100,7.0,2022-02-18,booking
Ufa7ec5265820,H0225,5.0,2022-02-18,booking
U025c0bdadae4,H0491,9.0,2022-02-19,booking
U1995d921a404,H0381,3.0,2022-02-19,booking
U2a41de998c22,H0213,7.0,2022-02-19,booking
U2a46e9aec727,H0128,9.0,2022-02-19,booking
U665904d21807,H0437,8.0,2022-02-19,booking
U72d8f85b3fb4,H0204,10.0,2022-02-19,booking
U764b50c0d940,H0095,10.0,2022-02-19,booking
U8451d80f9309,H0328,5.7,2022-02-19,traveloka
U8a4e7615c5ae,H0311,6.0,2022-02-19,booking
U8f5be3c70af3,H0529,8.0,2022-02-19,booking
Ua7fade60f152,H0521,9.7,2022-02-19,traveloka
Uac2a1af649a9,H0466,8.0,2022-02-19,booking
Uba61033902a3,H0541,6.0,2022-02-19,ivivu
Uc3188498b286,H0021,7.0,2022-02-19,booking
Ue92d4dfe6676,H0353,9.0,2022-02-19,booking
Ue999c336c5a8,H0437,7.0,2022-02-19,booking
U077e5d2d26c5,H0183,2.0,2022-02-20,ivivu
U14a568c69f46,H0100,6.0,2022-02-20,booking
U20bbe73c21d9,H0095,7.0,2022-02-20,booking
U43c9681df962,H0533,10.0,2022-02-20,booking
U44865709e101,H0128,7.0,2022-02-20,booking
U532cd44379b4,H0180,7.0,2022-02-20,booking
U5c13d56d6b33,H0100,8.0,2022-02-20,booking
Ubb7caab74705,H0102,7.0,2022-02-20,booking
Ubb7caab74705,H0378,3.0,2022-02-20,booking
Uc439ac066a38,H0100,8.0,2022-02-20,booking
Ucbdb5eac2b93,H0225,1.0,2022-02-20,booking
Ucf5121b1dc7a,H0381,9.0,2022-02-20,booking
Ue192dd23fb01,H0062,10.0,2022-02-20,ivivu
U00912b991d82,H0397,6.0,2022-02-21,booking
U025c0bdadae4,H0008,8.0,2022-02-21,booking
U139ccafd988c,H0381,7.0,2022-02-21,booking
U2671cfe46924,H0100,7.0,2022-02-21,booking
U80c3f2fb7fa6,H0546,7.0,2022-02-21,booking
U82a5ed2b4568,H0437,8.0,2022-02-21,booking
Ua866dc69d643,H0408,9.0,2022-02-21,booking
Ubaf19efa2146,H0355,9.0,2022-02-21,booking
Ubb7caab74705,H0538,5.0,2022-02-21,booking
Uc9fc9f53967b,H0183,9.0,2022-02-21,booking
Uc9fc9f53967b,H0400,6.0,2022-02-21,booking
Uf76a42d21a7d,H0158,3.0,2022-02-21,booking
Uf87323b22adb,H0214,6.0,2022-02-21,booking
U145b7c3a0a48,H0014,10.0,2022-02-22,booking
U17df181ce620,H0414,9.7,2022-02-22,traveloka
U3550151b709f,H0200,8.0,2022-02-22,booking
U42d2ad3dc9f1,H0551,10.0,2022-02-22,traveloka
U4a17bd6754c9,H0156,6.0,2022-02-22,booking
Ua866dc69d643,H0378,7.0,2022-02-22,booking
U1438dabba13c,H0014,10.0,2022-02-23,booking
U16765312e621,H0510,9.0,2022-02-23,booking
U16c2298dc0c0,H0225,5.0,2022-02-23,booking
U3b73576bfe3d,H0509,9.7,2022-02-23,traveloka
U5270248593a3,H0353,9.0,2022-02-23,booking
U5f093cee3fbd,H0128,9.0,2022-02-23,booking
U655646f09724,H0204,9.0,2022-02-23,booking
U76baea6966e0,H0220,9.0,2022-02-23,booking
U7852237f6302,H0449,9.0,2022-02-23,booking
Ucfb3e1a624bd,H0491,4.0,2022-02-23,booking
Udf8bc29e2f3f,H0437,10.0,2022-02-23,booking
Ue10e3eba52e7,H0072,10.0,2022-02-23,traveloka
U2a46e9aec727,H0295,7.0,2022-02-24,booking
U3b9fee761ece,H0529,8.0,2022-02-24,booking
U3c76d79f4a68,H0497,7.0,2022-02-24,booking
U5c0e1c267307,H0533,7.0,2022-02-24,booking
U5cfd6cb881e2,H0021,10.0,2022-02-24,booking
U68caf1241987,H0002,8.5,2022-02-24,traveloka
Ua866dc69d643,H0130,5.0,2022-02-24,booking
Uc439ac066a38,H0100,5.0,2022-02-24,booking
Uc77655397c4c,H0049,3.0,2022-02-24,booking
U0fa462fa5f5d,H0465,9.0,2022-02-25,booking
U1e1367252b82,H0078,10.0,2022-02-25,booking
U336a1c1b481a,H0218,1.0,2022-02-25,booking
U432769e35c6d,H0162,9.7,2022-02-25,traveloka
U578ebec7b0a4,H0225,8.8,2022-02-25,traveloka
U586bf32f0573,H0510,8.0,2022-02-25,booking
U5a350d7e7970,H0102,7.0,2022-02-25,booking
U5ab09b7c805b,H0204,9.0,2022-02-25,booking
U6ded66320656,H0518,6.0,2022-02-25,ivivu
U7066ca03abf2,H0394,8.5,2022-02-25,traveloka
U711bb4ab8631,H0506,7.0,2022-02-25,booking
U7536430e4ac2,H0506,10.0,2022-02-25,booking
U7d972287f3ea,H0333,7.0,2022-02-25,booking
U7fa613e5002e,H0156,8.0,2022-02-25,booking
U8b48f1abe5bb,H0437,7.0,2022-02-25,booking
U8b48f1abe5bb,H0498,10.0,2022-02-25,booking
U9b2aed7b3b91,H0160,6.4,2022-02-25,traveloka
Ua571a440c856,H0218,9.0,2022-02-25,booking
Ubb7caab74705,H0437,6.0,2022-02-25,booking
Ubb7caab74705,H0510,7.0,2022-02-25,booking
Ud10d15a9de32,H0087,9.0,2022-02-25,booking
Uea0e9e627e70,H0445,5.7,2022-02-25,traveloka
U05770f225dbd,H0262,9.4,2022-02-26,traveloka
U19591d01e048,H0485,6.0,2022-02-26,traveloka
U1abc95e84a31,H0225,5.0,2022-02-26,booking
U2a46e9aec727,H0463,9.0,2022-02-26,booking
U4d040b735cff,H0295,9.0,2022-02-26,booking
U5a7fc67f04c1,H0008,5.0,2022-02-26,booking
U5ab09b7c805b,H0204,6.0,2022-02-26,booking
U5e181805fc19,H0099,7.0,2022-02-26,booking
U72d8f85b3fb4,H0021,7.0,2022-02-26,booking
U764b50c0d940,H0410,7.0,2022-02-26,booking
U97111d292c1b,H0042,4.0,2022-02-26,booking
Ub0d6aeadc480,H0008,6.0,2022-02-26,booking
Ub0d6aeadc480,H0510,10.0,2022-02-26,booking
Ub5482f12212e,H0510,5.0,2022-02-26,booking
Ub88006c8832f,H0100,8.0,2022-02-26,booking
Uc9fc9f53967b,H0095,10.0,2022-02-26,booking
Ufe6ea18c1428,H0102,5.0,2022-02-26,booking
U3b9fee761ece,H0497,7.0,2022-02-27,booking
U4bf9a070771d,H0054,7.0,2022-02-27,booking
U6a1ec282d822,H0424,9.0,2022-02-27,booking
U72d8f85b3fb4,H0217,8.0,2022-02-27,booking
U793ac4ee017e,H0529,7.0,2022-02-27,booking
U8395824480bb,H0408,7.0,2022-02-27,booking
U86d6149ace93,H0465,7.0,2022-02-27,booking
Uab6f7ee36a34,H0452,10.0,2022-02-27,booking
Ub88006c8832f,H0021,9.0,2022-02-27,booking
Uc9fc9f53967b,H0225,6.0,2022-02-27,booking
Udcc35c827775,H0328,4.5,2022-02-27,traveloka
Ue5a661da18a9,H0311,10.0,2022-02-27,booking
U025c0bdadae4,H0295,10.0,2022-02-28,booking
U145b7c3a0a48,H0021,8.0,2022-02-28,booking
U43c9681df962,H0546,6.0,2022-02-28,booking
U63fd833b4a7c,H0200,7.0,2022-02-28,booking
U6833f959182e,H0025,7.0,2022-02-28,booking
U6c398e3cf613,H0028,9.0,2022-02-28,booking
U7369ea966365,H0204,8.0,2022-02-28,booking
U7728a38ead13,H0159,9.4,2022-02-28,traveloka
U7a37ffff8050,H0549,7.0,2022-02-28,booking
U82a5ed2b4568,H0200,7.0,2022-02-28,booking
U896ab7ee77eb,H0107,9.1,2022-02-28,traveloka
Ub6d929e837df,H0100,5.0,2022-02-28,booking
Ubb7caab74705,H0529,7.0,2022-02-28,booking
Ubb7caab74705,H0054,7.0,2022-02-28,booking
Ubc355ec68437,H0095,10.0,2022-02-28,booking
Ue97f83b9be53,H0380,6.0,2022-02-28,booking
Uf06e165e6693,H0130,5.0,2022-02-28,booking
U669eb3c21ce6,H0437,8.0,2022-03-01,booking
U686ae5f5394a,H0018,10.0,2022-03-01,booking
U82a5ed2b4568,H0008,10.0,2022-03-01,booking
U8baca280affb,H0102,7.0,2022-03-01,booking
U920e21611453,H0214,5.0,2022-03-01,booking
Uc2a8b6cccdb9,H0204,6.0,2022-03-01,ivivu
Uc5b4797ed000,H0437,6.0,2022-03-01,booking
Ue072af4ba9d2,H0049,3.0,2022-03-01,booking
Ue97a1b5e951e,H0506,8.0,2022-03-01,booking
U16c2298dc0c0,H0008,9.0,2022-03-02,booking
U2f00adf24263,H0207,8.0,2022-03-02,ivivu
U347fd46b546f,H0534,9.0,2022-03-02,booking
U6467eeaffd35,H0099,9.0,2022-03-02,booking
U7a37ffff8050,H0549,7.0,2022-03-02,booking
U82a5ed2b4568,H0534,8.0,2022-03-02,booking
U87778670d532,H0095,8.0,2022-03-02,booking
Ua015724eb5e3,H0465,10.0,2022-03-02,booking
Ua5b6616c4553,H0003,6.3,2022-03-02,traveloka
Ub0d6aeadc480,H0181,8.0,2022-03-02,booking
Ub316660cedb0,H0121,8.0,2022-03-02,ivivu
Ubdf82c85db49,H0397,9.0,2022-03-02,booking
Uc43682ad0fad,H0353,9.0,2022-03-02,booking
Uce0dcd5d8c2f,H0414,6.7,2022-03-02,traveloka
U145b7c3a0a48,H0098,7.0,2022-03-03,booking
U3d7f89cf8fe2,H0491,6.0,2022-03-03,ivivu
U5a7fc67f04c1,H0095,7.0,2022-03-03,booking
U6a1ec282d822,H0439,7.0,2022-03-03,booking
U73776e7162d8,H0363,9.0,2022-03-03,booking
U738be1cede18,H0225,8.0,2022-03-03,booking
U82a5ed2b4568,H0497,5.0,2022-03-03,booking
U854101f97141,H0204,6.0,2022-03-03,ivivu
Ubbac98b6abeb,H0089,5.0,2022-03-03,booking
Uc439ac066a38,H0089,7.0,2022-03-03,booking
Udd5f3bd618d5,H0353,10.0,2022-03-03,booking
Ueb306017301c,H0469,7.0,2022-03-03,booking
U3e5b22f6d6f1,H0353,9.0,2022-03-04,booking
U5a350d7e7970,H0487,8.0,2022-03-04,booking
U5a7fc67f04c1,H0089,10.0,2022-03-04,booking
U67a7763034cd,H0117,9.4,2022-03-04,traveloka
U686ae5f5394a,H0006,7.0,2022-03-04,booking
U8f9142984511,H0295,6.0,2022-03-04,booking
Ua571a440c856,H0311,7.0,2022-03-04,booking
Uae8735b5c0c9,H0200,10.0,2022-03-04,booking
Ubb7caab74705,H0363,9.0,2022-03-04,booking
Ubb7caab74705,H0466,7.0,2022-03-04,booking
Udcc35c827775,H0237,6.0,2022-03-04,ivivu
U5a350d7e7970,H0006,7.0,2022-03-05,booking
Uaa727adbce8f,H0362,6.0,2022-03-05,booking
Uab90ae8d578c,H0089,7.0,2022-03-05,booking
Uacd3c063a3d3,H0062,10.0,2022-03-05,ivivu
Uada8d4ecd8df,H0328,8.5,2022-03-05,traveloka
Uae8735b5c0c9,H0006,7.0,2022-03-05,booking
Ubaf19efa2146,H0102,10.0,2022-03-05,booking
Ue0a9d4a85ddd,H0087,9.0,2022-03-05,booking
Ue60b639c3514,H0214,8.0,2022-03-05,booking
U145b7c3a0a48,H0510,10.0,2022-03-06,booking
U14a568c69f46,H0098,10.0,2022-03-06,booking
U16765312e621,H0123,6.0,2022-03-06,booking
U23b273be31f8,H0363,8.0,2022-03-06,booking
U35cbfbbae045,H0099,7.0,2022-03-06,booking
U37a68bf35c44,H0155,7.0,2022-03-06,booking
U41cf5bcd9074,H0276,6.0,2022-03-06,ivivu
U43c9681df962,H0200,7.0,2022-03-06,booking
U5a350d7e7970,H0454,8.0,2022-03-06,booking
U665904d21807,H0363,7.0,2022-03-06,booking
U689d97330bf0,H0357,6.0,2022-03-06,ivivu
U6abc54e51970,H0374,10.0,2022-03-06,booking
U8c5492d08f33,H0397,9.0,2022-03-06,booking
U8f9142984511,H0534,7.0,2022-03-06,booking
U9e7aba31daa8,H0534,2.0,2022-03-06,ivivu
Ub2965a5ac31c,H0124,8.0,2022-03-06,ivivu
Uc9fc9f53967b,H0433,4.0,2022-03-06,booking
Ucbbbe88f608d,H0444,5.0,2022-03-06,booking
Ucc857b3a2a4c,H0277,6.0,2022-03-06,ivivu
Ud424d589520f,H0204,6.0,2022-03-06,ivivu
Ud8bbdfa70d81,H0098,5.0,2022-03-06,booking
Ue6e3a62eed14,H0444,10.0,2022-03-06,booking
U0386ef2d6039,H0085,9.7,2022-03-07,traveloka
U27449e96f394,H0121,10.0,2022-03-07,ivivu
U29135b987d42,H0454,6.1,2022-03-07,traveloka
U42d2ad3dc9f1,H0366,6.1,2022-03-07,traveloka
U45559e7581e5,H0120,7.0,2022-03-07,booking
U63fd833b4a7c,H0363,8.0,2022-03-07,booking
U699916231e95,H0363,7.0,2022-03-07,booking
U6a12bb4b8dab,H0453,9.0,2022-03-07,booking
U6a1ec282d822,H0463,7.0,2022-03-07,booking
U6a1ec282d822,H0510,1.0,2022-03-07,booking
U6fb7a9a00cb2,H0194,9.7,2022-03-07,traveloka
U77458e026990,H0510,7.0,2022-03-07,booking
U82a5ed2b4568,H0363,10.0,2022-03-07,booking
U82a5ed2b4568,H0194,9.0,2022-03-07,booking
Ub0d6aeadc480,H0095,7.0,2022-03-07,booking
Ub950bc275517,H0490,10.0,2022-03-07,booking
Ubb7caab74705,H0458,8.0,2022-03-07,booking
Uc9fc9f53967b,H0518,10.0,2022-03-07,booking
Uc9fc9f53967b,H0380,5.0,2022-03-07,booking
Ud4a2b5e7aea4,H0151,6.0,2022-03-07,ivivu
Ue6668cf2450e,H0378,9.0,2022-03-07,booking
Ueb306017301c,H0491,6.0,2022-03-07,booking
Ufa7ec5265820,H0439,5.0,2022-03-07,booking
Ufdaab3ec1fbc,H0213,9.0,2022-03-07,booking
U1525adc7b68a,H0458,9.0,2022-03-08,booking
U2725d973076b,H0532,5.9,2022-03-08,traveloka
U27e843cae0bf,H0337,7.0,2022-03-08,booking
U3026a6b89b3f,H0332,7.0,2022-03-08,booking
U37d5f63016d3,H0446,8.8,2022-03-08,traveloka
U399ba21c0376,H0463,7.0,2022-03-08,booking
U5a350d7e7970,H0120,10.0,2022-03-08,booking
U6a1ec282d822,H0510,10.0,2022-03-08,booking
U6a1ec282d822,H0014,5.0,2022-03-08,booking
U6a1ec282d822,H0454,4.0,2022-03-08,booking
Uae8735b5c0c9,H0362,6.0,2022-03-08,booking
Uae8735b5c0c9,H0491,7.0,2022-03-08,booking
Uc9fc9f53967b,H0123,7.0,2022-03-08,booking
Uff055de421e5,H0363,7.0,2022-03-08,booking
Uff4ef17356b7,H0084,10.0,2022-03-08,ivivu
U1525adc7b68a,H0008,8.0,2022-03-09,booking
U19e25ac801c7,H0147,9.4,2022-03-09,traveloka
U1fa27d79c050,H0551,6.4,2022-03-09,traveloka
U4229a718e5ca,H0555,8.0,2022-03-09,booking
U5a92b5babd1e,H0087,7.0,2022-03-09,booking
U62d11eae1efd,H0159,8.5,2022-03-09,traveloka
U686ae5f5394a,H0005,6.0,2022-03-09,booking
U6c14c35e029c,H0458,6.0,2022-03-09,booking
U85ba6edcd969,H0355,8.0,2022-03-09,booking
U8c5492d08f33,H0343,9.0,2022-03-09,booking
Ubb7caab74705,H0104,8.0,2022-03-09,booking
Ucaacb3bf5210,H0355,10.0,2022-03-09,booking
Ue0a9d4a85ddd,H0007,5.0,2022-03-09,booking
Ue1da982f5ad0,H0378,10.0,2022-03-09,booking
Ue6e3a62eed14,H0236,10.0,2022-03-09,booking
Ueff4fbda6737,H0018,9.0,2022-03-09,booking
U2da9f5f73328,H0295,6.0,2022-03-10,booking
U2dbebe26985f,H0373,6.2,2022-03-10,traveloka
U721f27459cc3,H0334,9.0,2022-03-10,traveloka
U7db867e5016c,H0098,10.0,2022-03-10,booking
U82a5ed2b4568,H0100,10.0,2022-03-10,booking
Ub4c4d593ee1d,H0042,5.0,2022-03-10,booking
Uc43682ad0fad,H0512,7.9,2022-03-10,booking
Ufd7dcfb532fb,H0327,10.0,2022-03-10,booking
U2a46e9aec727,H0090,8.0,2022-03-11,booking
U4a17bd6754c9,H0017,9.0,2022-03-11,booking
U55ba0a35377a,H0355,1.0,2022-03-11,booking
U55ba0a35377a,H0327,7.0,2022-03-11,booking
U665904d21807,H0098,7.0,2022-03-11,booking
U82a5ed2b4568,H0470,7.0,2022-03-11,booking
U8f9142984511,H0353,9.0,2022-03-11,booking
Uab90ae8d578c,H0089,8.0,2022-03-11,booking
Uc43682ad0fad,H0487,1.0,2022-03-11,booking
Ue1da982f5ad0,H0021,10.0,2022-03-11,booking
Uf87323b22adb,H0104,6.0,2022-03-11,booking
Ufcb9fe963e01,H0074,6.0,2022-03-11,traveloka
U065eace5e341,H0394,9.4,2022-03-12,traveloka
U15c5f8689a8c,H0205,8.0,2022-03-12,booking
U194aa6a15c7f,H0087,7.0,2022-03-12,booking
U6a1ec282d822,H0017,5.0,2022-03-12,booking
U82a5ed2b4568,H0439,3.0,2022-03-12,booking
U901a91381ede,H0182,9.4,2022-03-12,traveloka
Ubcb00aff0151,H0032,2.0,2022-03-12,booking
Uf7f415104f4d,H0232,6.0,2022-03-12,traveloka
U00912b991d82,H0014,10.0,2022-03-13,booking
U025c0bdadae4,H0095,10.0,2022-03-13,booking
U3c11962d8f48,H0454,6.0,2022-03-13,traveloka
U6a1ec282d822,H0398,5.0,2022-03-13,booking
U79a8eb85aee8,H0085,6.1,2022-03-13,traveloka
U82fffe81f716,H0514,7.0,2022-03-13,booking
U8f9142984511,H0439,7.0,2022-03-13,booking
Uc439ac066a38,H0156,10.0,2022-03-13,booking
Uf76a42d21a7d,H0008,9.0,2022-03-13,booking
U0fa462fa5f5d,H0089,6.0,2022-03-14,booking
U25c0081f57bd,H0181,1.0,2022-03-14,booking
U40554b4b3fb5,H0413,8.5,2022-03-14,traveloka
U5a350d7e7970,H0337,8.0,2022-03-14,booking
U7accefa53685,H0176,9.0,2022-03-14,booking
U9390dc3995ea,H0181,8.0,2022-03-14,booking
Ua5021307c5c3,H0099,7.0,2022-03-14,booking
Uc9fc9f53967b,H0213,6.0,2022-03-14,booking
Ue45f9f076137,H0535,8.8,2022-03-14,traveloka
Uf47f78105005,H0391,8.0,2022-03-14,ivivu
U118dc9ce1388,H0097,6.0,2022-03-15,traveloka
U38ab77a81ee7,H0003,6.2,2022-03-15,traveloka
U55146604819a,H0452,6.0,2022-03-15,ivivu
U6a1ec282d822,H0465,7.0,2022-03-15,booking
Uab90ae8d578c,H0353,9.0,2022-03-15,booking
Uab90ae8d578c,H0332,7.0,2022-03-15,booking
Uae8735b5c0c9,H0453,5.0,2022-03-15,booking
Ub88006c8832f,H0200,8.0,2022-03-15,booking
Ubc183ec39523,H0014,10.0,2022-03-15,booking
Uf29e9b0fd09a,H0499,5.7,2022-03-15,traveloka
Uf65a21ef5943,H0465,7.0,2022-03-15,booking
U16765312e621,H0204,5.0,2022-03-16,booking
U183b2b51dc01,H0077,7.0,2022-03-16,booking
U1a102edf1c69,H0218,7.0,2022-03-16,booking
U22ac3991d59e,H0366,5.8,2022-03-16,traveloka
U55ba0a35377a,H0049,5.0,2022-03-16,booking
U5a350d7e7970,H0204,1.0,2022-03-16,booking
U655646f09724,H0008,10.0,2022-03-16,booking
U72d8f85b3fb4,H0479,10.0,2022-03-16,booking
U90d34ac8c143,H0510,7.0,2022-03-16,booking
U93f049c54f78,H0158,7.0,2022-03-16,booking
U95ab3d2f165d,H0337,9.0,2022-03-16,booking
Ua638589d74df,H0541,10.0,2022-03-16,booking
Ub5056dd21bf3,H0496,6.9,2022-03-16,traveloka
Uc326bbec70af,H0337,9.0,2022-03-16,booking
Uc9fc9f53967b,H0119,7.0,2022-03-16,booking
Ue0a9d4a85ddd,H0099,7.0,2022-03-16,booking
U12fe4f821485,H0496,9.1,2022-03-17,traveloka
U1f3cc872afc7,H0541,7.0,2022-03-17,booking
U3c76d79f4a68,H0533,10.0,2022-03-17,booking
U4af0bb0852e8,H0018,10.0,2022-03-17,booking
U6156734cc45f,H0420,10.0,2022-03-17,ivivu
U81f572381c40,H0233,7.9,2022-03-17,traveloka
U82a5ed2b4568,H0225,7.0,2022-03-17,booking
U9afe192e8443,H0226,9.4,2022-03-17,traveloka
Ub481d269377a,H0059,9.4,2022-03-17,traveloka
Ubb7caab74705,H0534,7.0,2022-03-17,booking
Uc9b34cee2206,H0166,8.5,2022-03-17,traveloka
Ue045989ec9ca,H0398,10.0,2022-03-17,booking
U16c2298dc0c0,H0353,6.0,2022-03-18,booking
U1995d921a404,H0437,5.0,2022-03-18,booking
U1af12abe5019,H0330,10.0,2022-03-18,booking
U43c9681df962,H0200,9.0,2022-03-18,booking
U5a7fc67f04c1,H0089,7.0,2022-03-18,booking
U5f093cee3fbd,H0021,9.0,2022-03-18,booking
U66e5d6adf80d,H0119,8.0,2022-03-18,booking
U699916231e95,H0158,8.0,2022-03-18,booking
U6cf4271e5eab,H0331,5.9,2022-03-18,traveloka
U82a5ed2b4568,H0204,7.0,2022-03-18,booking
U83025f422717,H0126,4.0,2022-03-18,ivivu
Ua63cc81a8667,H0181,4.8,2022-03-18,traveloka
Ub7d6200320b5,H0414,6.0,2022-03-18,ivivu
Ud15adbdbba3d,H0021,7.0,2022-03-18,booking
Udf8bc29e2f3f,H0295,8.0,2022-03-18,booking
U0134b2eba4ce,H0446,9.7,2022-03-19,traveloka
U145b7c3a0a48,H0095,7.0,2022-03-19,booking
U145b7c3a0a48,H0089,7.0,2022-03-19,booking
U329f9481ce2e,H0445,5.9,2022-03-19,traveloka
U33e57fa34285,H0527,7.0,2022-03-19,ivivu
U36eae7b366ff,H0501,6.0,2022-03-19,ivivu
U4eb3352fff50,H0454,9.1,2022-03-19,traveloka
U724d97126aba,H0336,6.3,2022-03-19,traveloka
U82a5ed2b4568,H0546,7.0,2022-03-19,booking
U82a5ed2b4568,H0119,5.0,2022-03-19,booking
Ubb7caab74705,H0295,4.0,2022-03-19,booking
Uc9a95a63a1e7,H0463,7.0,2022-03-19,booking
Ucdf99a0cd2b0,H0366,10.0,2022-03-19,ivivu
Ud0e79e0a30b6,H0375,8.5,2022-03-19,traveloka
U16c2298dc0c0,H0428,10.0,2022-03-20,booking
U16c2298dc0c0,H0089,1.0,2022-03-20,booking
U1a102edf1c69,H0498,1.0,2022-03-20,booking
U3539d7caac3a,H0380,9.0,2022-03-20,booking
U51e843464940,H0283,10.0,2022-03-20,ivivu
U665904d21807,H0549,7.0,2022-03-20,booking
U766ff17d34ee,H0439,5.8,2022-03-20,traveloka
U82fffe81f716,H0032,10.0,2022-03-20,booking
Ua2ecd27013e2,H0353,9.0,2022-03-20,booking
Ua31497a82e03,H0330,9.0,2022-03-20,booking
Ub6449c27ea57,H0463,10.0,2022-03-20,booking
Ubb7caab74705,H0529,6.0,2022-03-20,booking
Ud5e96e33e932,H0549,8.0,2022-03-20,booking
Udae2989ea5fc,H0225,7.0,2022-03-20,booking
Udc7a244453d9,H0337,10.0,2022-03-20,booking
Ue0a9d4a85ddd,H0217,9.0,2022-03-20,booking
Ue83b093de198,H0218,7.0,2022-03-20,booking
U04ed72bb2045,H0162,9.4,2022-03-21,traveloka
U1e8c86016edc,H0180,10.0,2022-03-21,booking
U3512e56aac77,H0226,8.5,2022-03-21,traveloka
U4315c22ca5d9,H0274,10.0,2022-03-21,ivivu
U487120a75126,H0332,4.0,2022-03-21,booking
U6840254d67f2,H0437,10.0,2022-03-21,booking
Ua66dbe3d2ab9,H0551,10.0,2022-03-21,traveloka
Ub8e530aa081f,H0087,8.0,2022-03-21,booking
Ubcb00aff0151,H0381,9.0,2022-03-21,booking
Uc7110aaf2bea,H0397,7.0,2022-03-21,booking
Uce0dcd5d8c2f,H0272,8.7,2022-03-21,traveloka
Ue072af4ba9d2,H0018,7.0,2022-03-21,booking
Ue97f83b9be53,H0181,9.0,2022-03-21,booking
Uea979d60f31c,H0214,7.0,2022-03-21,booking
U1a102edf1c69,H0099,4.0,2022-03-22,booking
U281e32d55a14,H0159,4.5,2022-03-22,traveloka
U704c66009c2a,H0454,8.3,2022-03-22,traveloka
U82a5ed2b4568,H0021,5.0,2022-03-22,booking
Ubb7caab74705,H0463,7.0,2022-03-22,booking
Uc7110aaf2bea,H0087,9.0,2022-03-22,booking
Uc9fc9f53967b,H0487,9.0,2022-03-22,booking
Ueb7d263ab6a8,H0294,9.7,2022-03-22,traveloka
U0acf29f32f54,H0092,10.0,2022-03-23,ivivu
U10f8410ddd68,H0382,6.1,2022-03-23,traveloka
U2e6a8dee0b89,H0507,6.4,2022-03-23,traveloka
U70d1cb8e578b,H0469,10.0,2022-03-23,booking
Ub88006c8832f,H0534,9.0,2022-03-23,booking
U3b9fee761ece,H0337,7.0,2022-03-24,booking
U5575975c4fbb,H0143,10.0,2022-03-24,ivivu
U721f27459cc3,H0181,6.8,2022-03-24,traveloka
U9fa3a4b47269,H0005,4.0,2022-03-24,booking
Ubb7caab74705,H0179,10.0,2022-03-24,booking
Uc439ac066a38,H0487,9.0,2022-03-24,booking
Udd5f3bd618d5,H0179,7.0,2022-03-24,booking
Udedea8ae207e,H0439,7.0,2022-03-24,booking
U145b7c3a0a48,H0311,10.0,2022-03-25,booking
U25b26ec3e3bd,H0337,10.0,2022-03-25,booking
U404553184c9c,H0533,10.0,2022-03-25,booking
U44db5c3d1c90,H0048,10.0,2022-03-25,ivivu
U467daa13540d,H0225,2.0,2022-03-25,booking
U5a350d7e7970,H0181,9.0,2022-03-25,booking
U649edb966709,H0399,7.1,2022-03-25,traveloka
U82a5ed2b4568,H0095,10.0,2022-03-25,booking
Ua015724eb5e3,H0089,5.0,2022-03-25,booking
Uaed5cae2a789,H0089,7.0,2022-03-25,booking
Uaf787a152bdc,H0025,8.0,2022-03-25,booking
Ucaacb3bf5210,H0078,5.0,2022-03-25,booking
Uddd7c39d199f,H0286,6.0,2022-03-25,ivivu
Ue1da982f5ad0,H0214,7.0,2022-03-25,booking
Ue97f83b9be53,H0179,7.0,2022-03-25,booking
U066902799d4f,H0089,10.0,2022-03-26,booking
U1995d921a404,H0089,10.0,2022-03-26,booking
U2278f685b611,H0465,10.0,2022-03-26,booking
U25892271dcde,H0086,8.0,2022-03-26,ivivu
U39ea2ed74468,H0466,9.0,2022-03-26,booking
U42cfb242c8b6,H0470,6.0,2022-03-26,booking
U56bff9e45e7c,H0428,10.0,2022-03-26,booking
U6d1b0691aea2,H0437,7.0,2022-03-26,booking
U738be1cede18,H0397,8.0,2022-03-26,booking
U76baea6966e0,H0200,10.0,2022-03-26,booking
U9c2086af9bd6,H0062,8.0,2022-03-26,ivivu
Ua866dc69d643,H0008,10.0,2022-03-26,booking
Uaf75e144a993,H0414,8.5,2022-03-26,traveloka
Ub4c4d593ee1d,H0100,5.0,2022-03-26,booking
Uc5b4797ed000,H0220,7.0,2022-03-26,booking
Uc9fc9f53967b,H0014,7.0,2022-03-26,booking
Udf8bc29e2f3f,H0353,9.0,2022-03-26,booking
Uf3320b1036c9,H0311,9.4,2022-03-26,traveloka
U1c845b232496,H0454,5.1,2022-03-27,traveloka
U359bb245ce1e,H0072,8.5,2022-03-27,traveloka
U4eb06792ca37,H0008,10.0,2022-03-27,booking
U655646f09724,H0102,10.0,2022-03-27,booking
U766e53607f00,H0479,10.0,2022-03-27,booking
Ua866dc69d643,H0470,7.0,2022-03-27,booking
Ub9ac499b2887,H0521,9.7,2022-03-27,traveloka
Ucb8b0596da83,H0272,5.9,2022-03-27,traveloka
Ue045989ec9ca,H0225,6.0,2022-03-27,booking
Ue0a9d4a85ddd,H0463,7.0,2022-03-27,booking
Ufa22feb874de,H0204,2.0,2022-03-27,ivivu
U01f766fcf573,H0434,5.8,2022-03-28,traveloka
U0c5d38729571,H0017,10.0,2022-03-28,booking
U2f45ade47ddf,H0084,10.0,2022-03-28,ivivu
U83025f422717,H0144,6.0,2022-03-28,ivivu
Ue6e3a62eed14,H0463,8.0,2022-03-28,booking
U1453914ccca2,H0119,9.0,2022-03-29,booking
U1e1367252b82,H0487,9.0,2022-03-29,booking
U43c9681df962,H0311,5.0,2022-03-29,booking
U4af0bb0852e8,H0180,9.0,2022-03-29,booking
U788ad866add3,H0213,10.0,2022-03-29,booking
U83025f422717,H0516,5.9,2022-03-29,traveloka
Ua866dc69d643,H0437,10.0,2022-03-29,booking
Uae43a1c16f19,H0138,10.0,2022-03-29,ivivu
Ub6449c27ea57,H0381,1.0,2022-03-29,booking
Uc43682ad0fad,H0183,7.0,2022-03-29,booking
Uf87323b22adb,H0089,8.0,2022-03-29,booking
U0fc86b5333cf,H0232,6.1,2022-03-30,traveloka
U1e1367252b82,H0042,8.0,2022-03-30,booking
U4f9c9d791dba,H0324,9.4,2022-03-30,traveloka
U6156734cc45f,H0052,8.8,2022-03-30,traveloka
U6a1ec282d822,H0176,7.0,2022-03-30,booking
U732f3a697fa2,H0077,8.0,2022-03-30,booking
Uc3f6d00ba2fe,H0396,4.8,2022-03-30,traveloka
Ufb291e989b47,H0214,10.0,2022-03-30,booking
U16c2298dc0c0,H0128,9.0,2022-03-31,booking
U4ffac1142878,H0123,5.7,2022-03-31,traveloka
U6a1ec282d822,H0099,7.0,2022-03-31,booking
U6abc54e51970,H0014,10.0,2022-03-31,booking
Ua099655f939e,H0181,9.7,2022-03-31,traveloka
Ua571a440c856,H0176,8.0,2022-03-31,booking
Uc43682ad0fad,H0181,5.0,2022-03-31,booking
Uc7110aaf2bea,H0372,7.0,2022-03-31,booking
Udf8bc29e2f3f,H0063,10.0,2022-03-31,booking
U2278f685b611,H0021,9.0,2022-04-01,booking
U417ec976ff32,H0383,8.5,2022-04-01,traveloka
U82a5ed2b4568,H0021,10.0,2022-04-01,booking
Uc43682ad0fad,H0353,8.0,2022-04-01,booking
Ude72a47a21aa,H0437,6.0,2022-04-01,ivivu
U1e1367252b82,H0218,6.0,2022-04-02,booking
U31a7efbcda5b,H0557,6.4,2022-04-02,traveloka
U3c48b3c807ac,H0328,9.4,2022-04-02,traveloka
U43c9681df962,H0353,9.0,2022-04-02,booking
U462f6a8d1f38,H0128,6.0,2022-04-02,booking
U7cefaa2f8844,H0042,9.0,2022-04-02,booking
U82a5ed2b4568,H0087,7.0,2022-04-02,booking
U8b9dc50a0ebe,H0226,6.0,2022-04-02,traveloka
Uaeac2969d649,H0527,6.0,2022-04-02,ivivu
Ub5923814a325,H0466,10.0,2022-04-02,booking
Uc2eafeeb199a,H0549,7.0,2022-04-02,booking
Udd5f3bd618d5,H0397,8.0,2022-04-02,booking
Ue5dcde16e6d0,H0541,5.0,2022-04-02,booking
U196ac6595296,H0204,9.0,2022-04-03,booking
U665904d21807,H0381,8.0,2022-04-03,booking
U70bef0b66374,H0086,10.0,2022-04-03,ivivu
U8baca280affb,H0099,8.0,2022-04-03,booking
Ud08ab3eb6ab4,H0054,7.0,2022-04-03,booking
Udd5f3bd618d5,H0184,10.0,2022-04-03,booking
Uf33e9d941313,H0087,9.0,2022-04-03,booking
U14a568c69f46,H0520,10.0,2022-04-04,booking
U1739ee587858,H0101,5.1,2022-04-04,traveloka
U2278f685b611,H0089,7.0,2022-04-04,booking
U32e0d2d939ce,H0465,8.0,2022-04-04,booking
U36eadabb0727,H0443,5.0,2022-04-04,booking
U4a17bd6754c9,H0381,5.0,2022-04-04,booking
U4f030da4e983,H0159,5.4,2022-04-04,traveloka
U56bff9e45e7c,H0311,7.0,2022-04-04,booking
U764b50c0d940,H0183,7.0,2022-04-04,booking
U82a5ed2b4568,H0130,8.0,2022-04-04,booking
U8395824480bb,H0380,7.0,2022-04-04,booking
Ua866dc69d643,H0518,9.0,2022-04-04,booking
Ubb7caab74705,H0487,6.0,2022-04-04,booking
Uc13498c60607,H0098,10.0,2022-04-04,booking
Uc191fdef2606,H0018,10.0,2022-04-04,booking
Uc51d14530804,H0332,7.0,2022-04-04,booking
Uc8dc43d69701,H0089,10.0,2022-04-04,booking
Uc96e81eb3992,H0123,8.0,2022-04-04,booking
Uc9fc9f53967b,H0397,9.0,2022-04-04,booking
Ud1f668107994,H0130,7.0,2022-04-04,booking
Ud89b56bbe5d1,H0336,8.5,2022-04-04,traveloka
Ue0a9d4a85ddd,H0475,5.0,2022-04-04,booking
U145b7c3a0a48,H0362,8.0,2022-04-05,booking
U16c2298dc0c0,H0533,4.0,2022-04-05,booking
U2a46e9aec727,H0181,7.0,2022-04-05,booking
U32ab6dbdfd74,H0413,4.8,2022-04-05,traveloka
U70d1cb8e578b,H0112,7.0,2022-04-05,booking
U8c5492d08f33,H0018,10.0,2022-04-05,booking
U8e59b4a25280,H0042,10.0,2022-04-05,booking
U96b5facc6751,H0181,3.0,2022-04-05,booking
Ub2b3296bb884,H0445,6.4,2022-04-05,traveloka
Ucbbbe88f608d,H0437,9.0,2022-04-05,booking
Ucc162b3a847a,H0070,6.7,2022-04-05,traveloka
Ue072af4ba9d2,H0518,10.0,2022-04-05,booking
Ue0f16e914080,H0018,10.0,2022-04-05,booking
Uef35cb793711,H0101,9.7,2022-04-05,traveloka
U0aac2b9240ce,H0326,8.0,2022-04-06,ivivu
U15c5f8689a8c,H0054,9.0,2022-04-06,booking
U16c2298dc0c0,H0363,10.0,2022-04-06,booking
U17df181ce620,H0421,10.0,2022-04-06,ivivu
U1e1367252b82,H0089,5.0,2022-04-06,booking
U2a46e9aec727,H0098,8.0,2022-04-06,booking
U47b3eb76249c,H0458,8.0,2022-04-06,booking
U487120a75126,H0042,6.0,2022-04-06,booking
U4c7264a4a900,H0311,6.0,2022-04-06,ivivu
U5a350d7e7970,H0089,6.0,2022-04-06,booking
U638fcf5c5a68,H0336,8.5,2022-04-06,traveloka
U655646f09724,H0220,8.0,2022-04-06,booking
U6840254d67f2,H0123,7.0,2022-04-06,booking
U6f123f862e99,H0510,8.0,2022-04-06,booking
U7a37ffff8050,H0510,10.0,2022-04-06,booking
Ua277bd43da05,H0007,10.0,2022-04-06,booking
Ua8eef98df278,H0521,5.8,2022-04-06,traveloka
Uc439ac066a38,H0533,7.0,2022-04-06,booking
Uf4be570e2471,H0466,9.0,2022-04-06,booking
Ufd39325c7262,H0510,7.0,2022-04-06,booking
Ufe39176aa29f,H0518,7.0,2022-04-06,booking
U1170fa164ac5,H0181,10.0,2022-04-07,booking
U145b7c3a0a48,H0345,9.0,2022-04-07,booking
U14a568c69f46,H0008,5.0,2022-04-07,booking
U1995d921a404,H0018,2.5,2022-04-07,booking
U20c464b766f1,H0039,9.4,2022-04-07,traveloka
U4ceba8673ab5,H0161,7.0,2022-04-07,booking
U61419e49de12,H0018,1.0,2022-04-07,booking
U699916231e95,H0015,7.0,2022-04-07,booking
U89e44dddec44,H0159,6.0,2022-04-07,traveloka
U92f6329c9cb0,H0413,10.0,2022-04-07,traveloka
U93f4d7443b13,H0071,10.0,2022-04-07,booking
U981c154b057a,H0100,7.0,2022-04-07,booking
Ua5021307c5c3,H0214,8.0,2022-04-07,booking
Uaa727adbce8f,H0337,7.0,2022-04-07,booking
Uab90ae8d578c,H0327,8.0,2022-04-07,booking
Uc442f2456aa8,H0017,10.0,2022-04-07,booking
Uc7110aaf2bea,H0155,7.0,2022-04-07,booking
Uc9fc9f53967b,H0183,7.0,2022-04-07,booking
Ucaa5e34765c3,H0470,7.0,2022-04-07,booking
Ud87d13293d95,H0090,10.0,2022-04-07,booking
Ud8e73acc30df,H0028,7.0,2022-04-07,booking
U14a568c69f46,H0018,8.0,2022-04-08,booking
U183e30c6fc45,H0487,10.0,2022-04-08,booking
U2278f685b611,H0450,10.0,2022-04-08,booking
U2c817338d256,H0089,1.0,2022-04-08,booking
U4274368002ee,H0100,7.0,2022-04-08,booking
U44d3367471fb,H0490,7.0,2022-04-08,booking
U4ea8a37e64a4,H0193,6.0,2022-04-08,ivivu
U690790c60a09,H0302,6.0,2022-04-08,ivivu
U79329457d5cf,H0032,7.0,2022-04-08,booking
U82a5ed2b4568,H0220,7.0,2022-04-08,booking
U82a5ed2b4568,H0123,5.0,2022-04-08,booking
U8930bbe3d24b,H0100,5.0,2022-04-08,booking
U8b48f1abe5bb,H0541,5.0,2022-04-08,booking
U8c5492d08f33,H0005,9.0,2022-04-08,booking
U8ff39e5063c5,H0526,4.0,2022-04-08,ivivu
U9349f51b18ea,H0014,5.0,2022-04-08,booking
Ua9fee312a7b9,H0487,9.0,2022-04-08,booking
Ubb7caab74705,H0546,6.0,2022-04-08,booking
Uc50ee004d090,H0453,7.0,2022-04-08,booking
Uc7110aaf2bea,H0433,10.0,2022-04-08,booking
Uf2533c3e0101,H0167,10.0,2022-04-08,ivivu
U2d60ecff62f1,H0454,3.0,2022-04-09,booking
U541714479c48,H0018,5.0,2022-04-09,booking
U55ba0a35377a,H0450,9.0,2022-04-09,booking
U72d8f85b3fb4,H0229,7.0,2022-04-09,booking
U82a5ed2b4568,H0018,10.0,2022-04-09,booking
U994340c866bb,H0100,10.0,2022-04-09,booking
Uac3528b67127,H0555,9.0,2022-04-09,booking
Ub86a99167ce7,H0363,7.0,2022-04-09,booking
Uc96e81eb3992,H0433,2.0,2022-04-09,booking
Uc9fc9f53967b,H0363,6.0,2022-04-09,booking
Ud988f30458dc,H0100,10.0,2022-04-09,booking
U16c2298dc0c0,H0118,8.0,2022-04-10,booking
U72917f018009,H0182,9.4,2022-04-10,traveloka
U852d66b57dc1,H0085,6.0,2022-04-10,traveloka
U8c5492d08f33,H0355,9.0,2022-04-10,booking
Ua3948c917049,H0486,10.0,2022-04-10,booking
Ubb7caab74705,H0104,6.0,2022-04-10,booking
Ubcb00aff0151,H0180,8.0,2022-04-10,booking
Ue6e3a62eed14,H0104,10.0,2022-04-10,booking
Ueff4fbda6737,H0214,10.0,2022-04-10,booking
U4274368002ee,H0470,8.0,2022-04-11,booking
U5880b297a3ef,H0344,8.5,2022-04-11,traveloka
U77aea939ebed,H0391,8.0,2022-04-11,ivivu
U7accefa53685,H0089,9.0,2022-04-11,booking
U82a5ed2b4568,H0355,1.0,2022-04-11,booking
U966d27754fa5,H0337,8.0,2022-04-11,booking
Uab90ae8d578c,H0229,5.0,2022-04-11,booking
Uab90ae8d578c,H0412,9.0,2022-04-11,booking
Uae8735b5c0c9,H0538,9.0,2022-04-11,booking
Ub17fde99de31,H0391,10.0,2022-04-11,ivivu
Uc43682ad0fad,H0454,10.0,2022-04-11,booking
Ud120feca1262,H0311,6.6,2022-04-11,traveloka
Ue0a9d4a85ddd,H0349,7.0,2022-04-11,booking
Ue2f48808e81f,H0220,8.0,2022-04-11,booking
Ueb498d26423f,H0095,7.0,2022-04-11,booking
U2a41de998c22,H0089,6.0,2022-04-12,booking
U655646f09724,H0104,10.0,2022-04-12,booking
U700b1db1906a,H0329,9.7,2022-04-12,traveloka
U7fa613e5002e,H0100,6.0,2022-04-12,booking
U9f6ee79cc2bf,H0021,8.0,2022-04-12,booking
Ubc355ec68437,H0015,10.0,2022-04-12,booking
Ubc355ec68437,H0176,8.0,2022-04-12,booking
Uc2d7cbfea755,H0017,8.0,2022-04-12,booking
Ue63b2c1f9c8f,H0319,8.0,2022-04-12,ivivu
U0ec84e18aaa1,H0491,6.0,2022-04-13,ivivu
U16c2298dc0c0,H0533,10.0,2022-04-13,booking
U1e1367252b82,H0123,10.0,2022-04-13,booking
U1e1367252b82,H0018,10.0,2022-04-13,booking
U3380e8169ab8,H0064,9.7,2022-04-13,traveloka
U5c097d43587d,H0414,6.0,2022-04-13,ivivu
U8db602f86ee4,H0332,8.0,2022-04-13,booking
Uac2a1af649a9,H0102,8.0,2022-04-13,booking
Uc9fc9f53967b,H0398,9.0,2022-04-13,booking
Udedea8ae207e,H0330,9.0,2022-04-13,booking
Uf87323b22adb,H0220,8.0,2022-04-13,booking
U16c2298dc0c0,H0099,10.0,2022-04-14,booking
U1e1367252b82,H0491,10.0,2022-04-14,booking
U2278f685b611,H0214,4.0,2022-04-14,booking
U42ac0b2f3410,H0168,6.0,2022-04-14,ivivu
U5a350d7e7970,H0134,8.0,2022-04-14,booking
U6840254d67f2,H0332,3.0,2022-04-14,booking
U96a88823f3b2,H0499,6.4,2022-04-14,traveloka
Ua3948c917049,H0076,9.0,2022-04-14,booking
Ubb7caab74705,H0112,3.0,2022-04-14,booking
Ubc920c8d4fb2,H0437,1.0,2022-04-14,booking
Uc442f2456aa8,H0444,5.0,2022-04-14,booking
U15c5f8689a8c,H0353,10.0,2022-04-15,booking
U16c2298dc0c0,H0437,8.0,2022-04-15,booking
U1daec396cf2d,H0528,6.0,2022-04-15,ivivu
U2278f685b611,H0529,6.0,2022-04-15,booking
U75c72ace6b73,H0544,8.4,2022-04-15,traveloka
U9fd4159feb84,H0042,9.0,2022-04-15,booking
Ub5923814a325,H0098,9.0,2022-04-15,booking
Ubb7caab74705,H0089,8.0,2022-04-15,booking
Udf8bc29e2f3f,H0180,7.0,2022-04-15,booking
Ue072af4ba9d2,H0008,9.0,2022-04-15,booking
Ue83b093de198,H0204,4.0,2022-04-15,booking
Uea2a672773e1,H0412,10.0,2022-04-15,booking
Ufd13a4ffb056,H0204,7.0,2022-04-15,booking
Ufdcfa98886c6,H0492,8.5,2022-04-15,traveloka
U1e8c86016edc,H0400,7.0,2022-04-16,booking
U44865709e101,H0008,7.0,2022-04-16,booking
U69a34632522c,H0522,10.0,2022-04-16,ivivu
U7accefa53685,H0095,7.0,2022-04-16,booking
U8c5492d08f33,H0437,4.0,2022-04-16,booking
Ub394f564fb96,H0182,6.3,2022-04-16,traveloka
Ub6011b36f10f,H0179,7.0,2022-04-16,booking
Ubb7caab74705,H0311,8.0,2022-04-16,booking
Ubc183ec39523,H0355,3.0,2022-04-16,booking
Uc43682ad0fad,H0397,7.0,2022-04-16,booking
Uf76a42d21a7d,H0139,5.0,2022-04-16,booking
U145b7c3a0a48,H0204,9.0,2022-04-17,booking
U16c2298dc0c0,H0128,5.0,2022-04-17,booking
U1abc95e84a31,H0541,7.0,2022-04-17,booking
U40bb45d11a5c,H0425,9.0,2022-04-17,booking
U44865709e101,H0378,8.0,2022-04-17,booking
Ub88006c8832f,H0098,8.0,2022-04-17,booking
Uc43682ad0fad,H0220,10.0,2022-04-17,booking
Uc795dc54d631,H0382,6.4,2022-04-17,traveloka
Uce56986e7ae8,H0478,5.9,2022-04-17,traveloka
Ucf5121b1dc7a,H0176,9.0,2022-04-17,booking
U16c2298dc0c0,H0130,4.0,2022-04-18,booking
U1833e331127d,H0381,9.0,2022-04-18,booking
U2278f685b611,H0343,7.0,2022-04-18,booking
U615e1d084f80,H0232,6.0,2022-04-18,traveloka
U70d1cb8e578b,H0112,1.0,2022-04-18,booking
U8b48f1abe5bb,H0372,8.0,2022-04-18,booking
U9482b53a70de,H0232,6.0,2022-04-18,traveloka
U966d27754fa5,H0095,5.0,2022-04-18,booking
Ua7c58c1ee32b,H0130,8.0,2022-04-18,booking
Uae8735b5c0c9,H0510,7.0,2022-04-18,booking
Ub5923814a325,H0018,10.0,2022-04-18,booking
Uc5dcc5c853c5,H0541,8.0,2022-04-18,booking
Uef01a39b0abf,H0535,10.0,2022-04-18,traveloka
Uf05fd455a70d,H0238,6.9,2022-04-18,traveloka
Ufedd97aa2d3d,H0518,2.0,2022-04-18,booking
U00912b991d82,H0529,6.0,2022-04-19,booking
U652610b6e37a,H0082,6.0,2022-04-19,ivivu
U76baea6966e0,H0470,6.0,2022-04-19,booking
U7fa613e5002e,H0063,10.0,2022-04-19,booking
Uc60da11cfa6e,H0336,5.5,2022-04-19,traveloka
Ucaa5e34765c3,H0463,6.0,2022-04-19,booking
Ue22c0b76d430,H0463,8.0,2022-04-19,booking
Uf87323b22adb,H0332,6.0,2022-04-19,booking
U2203d6ff40ab,H0014,10.0,2022-04-20,booking
U548ffadcb380,H0514,7.0,2022-04-20,booking
U73a5a616dc53,H0426,9.7,2022-04-20,traveloka
U7852237f6302,H0353,7.0,2022-04-20,booking
U8d96d3652baa,H0112,9.0,2022-04-20,booking
Uab90ae8d578c,H0225,5.0,2022-04-20,booking
Ub8827712cb92,H0485,10.0,2022-04-20,traveloka
Ub8bab950a12f,H0147,6.1,2022-04-20,traveloka
Ud46d2cd071b9,H0262,6.2,2022-04-20,traveloka
Uf87323b22adb,H0095,7.0,2022-04-20,booking
U30d9e7012ca2,H0095,7.0,2022-04-21,booking
U6c398e3cf613,H0014,5.0,2022-04-21,booking
Uab90ae8d578c,H0355,9.0,2022-04-21,booking
Uaf787a152bdc,H0179,10.0,2022-04-21,booking
Uc7110aaf2bea,H0463,7.0,2022-04-21,booking
U025c0bdadae4,H0181,5.0,2022-04-22,booking
U34e71d9333c0,H0130,6.0,2022-04-22,booking
U54b3fb36f496,H0032,10.0,2022-04-22,booking
U61419e49de12,H0380,3.0,2022-04-22,booking
Ua3948c917049,H0179,5.0,2022-04-22,booking
Uab90ae8d578c,H0218,10.0,2022-04-22,booking
Uab90ae8d578c,H0439,10.0,2022-04-22,booking
Ub6449c27ea57,H0532,10.0,2022-04-22,booking
Ub86a99167ce7,H0100,10.0,2022-04-22,booking
Ubb7caab74705,H0042,1.0,2022-04-22,booking
Uc2d7cbfea755,H0184,7.0,2022-04-22,booking
Uc442f2456aa8,H0078,9.0,2022-04-22,booking
Uc7110aaf2bea,H0463,7.0,2022-04-22,booking
Uc9fc9f53967b,H0541,6.0,2022-04-22,booking
Ue6e3a62eed14,H0510,5.0,2022-04-22,booking
Ueff4fbda6737,H0439,6.0,2022-04-22,booking
Ufa7ec5265820,H0055,8.0,2022-04-22,booking
U0fa462fa5f5d,H0014,7.0,2022-04-23,booking
U1a102edf1c69,H0112,5.0,2022-04-23,booking
U2a46e9aec727,H0428,4.0,2022-04-23,booking
U42d2ad3dc9f1,H0526,6.0,2022-04-23,ivivu
U55ba0a35377a,H0102,10.0,2022-04-23,booking
U5e181805fc19,H0437,5.0,2022-04-23,booking
U80c3f2fb7fa6,H0007,8.0,2022-04-23,booking
U82a5ed2b4568,H0032,7.0,2022-04-23,booking
Ua1bf573610ca,H0363,8.0,2022-04-23,booking
Uc60da11cfa6e,H0516,6.4,2022-04-23,traveloka
Ud0d14803c3ee,H0008,9.0,2022-04-23,booking
U16c2298dc0c0,H0008,10.0,2022-04-24,booking
U16c2298dc0c0,H0506,3.0,2022-04-24,booking
U1892a13e68b1,H0551,9.1,2022-04-24,traveloka
U38ffe454160c,H0442,7.0,2022-04-24,booking
U5e181805fc19,H0363,7.0,2022-04-24,booking
U76baea6966e0,H0123,8.0,2022-04-24,booking
U9e2598ecdce1,H0380,9.0,2022-04-24,booking
Uaf828deb7257,H0204,6.0,2022-04-24,booking
Ub5923814a325,H0412,9.0,2022-04-24,booking
Ub88006c8832f,H0453,9.0,2022-04-24,booking
Uc1c323a9e511,H0112,6.0,2022-04-24,booking
Uc93fb3f1d81f,H0408,9.0,2022-04-24,booking
Ue0cc54a0978f,H0218,7.0,2022-04-24,booking
Ue1da982f5ad0,H0337,10.0,2022-04-24,booking
Ue916437b73ae,H0008,7.0,2022-04-24,booking
Uea2a672773e1,H0087,9.0,2022-04-24,booking
Ufb79f7cc4e47,H0134,5.0,2022-04-24,booking
U025c0bdadae4,H0155,10.0,2022-04-25,booking
U320fe1f80c5e,H0214,9.0,2022-04-25,booking
U3e5b22f6d6f1,H0021,7.0,2022-04-25,booking
U532cd44379b4,H0219,9.0,2022-04-25,booking
U5f1ab43ed9ad,H0005,7.0,2022-04-25,booking
U8b48f1abe5bb,H0454,6.0,2022-04-25,booking
U9f6ee79cc2bf,H0213,8.0,2022-04-25,booking
Ua571a440c856,H0311,7.0,2022-04-25,booking
Uaa727adbce8f,H0099,9.0,2022-04-25,booking
Uaf7990341ac9,H0378,9.0,2022-04-25,booking
Uc9fc9f53967b,H0470,7.0,2022-04-25,booking
Uc9fc9f53967b,H0510,4.0,2022-04-25,booking
Ufa7ec5265820,H0330,10.0,2022-04-25,booking
U32e0d2d939ce,H0345,5.0,2022-04-26,booking
U69e1c8782100,H0518,7.0,2022-04-26,booking
U6a1ec282d822,H0437,9.0,2022-04-26,booking
U738be1cede18,H0005,7.0,2022-04-26,booking
U8a4e7615c5ae,H0546,9.0,2022-04-26,booking
U8db602f86ee4,H0381,6.0,2022-04-26,booking
U9deb26de64b9,H0105,9.7,2022-04-26,traveloka
U9ea158110822,H0433,9.7,2022-04-26,traveloka
Ua866dc69d643,H0225,1.0,2022-04-26,booking
Ua866dc69d643,H0220,7.0,2022-04-26,booking
Uac90c9ea82e2,H0098,7.0,2022-04-26,booking
Ub6449c27ea57,H0498,9.0,2022-04-26,booking
Uc9fc9f53967b,H0089,3.0,2022-04-26,booking
Udedea8ae207e,H0112,7.0,2022-04-26,booking
U196ac6595296,H0098,6.0,2022-04-27,booking
U487120a75126,H0506,5.0,2022-04-27,booking
U63fd833b4a7c,H0214,7.0,2022-04-27,booking
U793ac4ee017e,H0017,5.0,2022-04-27,booking
U82a5ed2b4568,H0014,10.0,2022-04-27,booking
U93f049c54f78,H0518,6.0,2022-04-27,booking
U9fcf0f2937ec,H0337,6.0,2022-04-27,booking
U9fe454801c09,H0408,6.0,2022-04-27,traveloka
Ua866dc69d643,H0353,8.0,2022-04-27,booking
Uc9fc9f53967b,H0087,10.0,2022-04-27,booking
Ud060e42f88b8,H0222,10.0,2022-04-27,booking
Ue072af4ba9d2,H0007,6.0,2022-04-27,booking
Ue488b537d786,H0158,6.0,2022-04-27,booking
U4ec1d8a1dbf1,H0345,7.0,2022-04-28,booking
U5a7fc67f04c1,H0397,6.0,2022-04-28,booking
U8274349d59cf,H0558,5.4,2022-04-28,traveloka
U82f103385c33,H0352,9.0,2022-04-28,booking
U9f6ee79cc2bf,H0337,7.0,2022-04-28,booking
Uaf787a152bdc,H0112,2.0,2022-04-28,booking
Ucaacb3bf5210,H0217,10.0,2022-04-28,booking
Uf13534b7de0c,H0100,7.0,2022-04-28,booking
U268285c9e3eb,H0456,7.0,2022-04-29,traveloka
U392227e99234,H0315,8.8,2022-04-29,traveloka
U462f6a8d1f38,H0463,9.0,2022-04-29,booking
U487120a75126,H0510,5.0,2022-04-29,booking
U4a17bd6754c9,H0155,6.0,2022-04-29,booking
U5e181805fc19,H0437,5.0,2022-04-29,booking
U635677f0faf5,H0171,6.0,2022-04-29,ivivu
U6840254d67f2,H0006,7.0,2022-04-29,booking
U715cb84cb681,H0540,6.0,2022-04-29,traveloka
U793ac4ee017e,H0363,5.0,2022-04-29,booking
U7a1c550b7ef4,H0534,10.0,2022-04-29,booking
U8c5492d08f33,H0123,9.0,2022-04-29,booking
Ub0d6aeadc480,H0439,8.0,2022-04-29,booking
Ubb7caab74705,H0158,6.0,2022-04-29,booking
Uc7110aaf2bea,H0363,5.0,2022-04-29,booking
U029e374ae4de,H0430,9.4,2022-04-30,traveloka
U0fa462fa5f5d,H0345,3.0,2022-04-30,booking
U145b7c3a0a48,H0529,6.0,2022-04-30,booking
U1e8c86016edc,H0214,9.0,2022-04-30,booking
U2a82e5a47801,H0439,10.0,2022-04-30,traveloka
U347fd46b546f,H0021,7.0,2022-04-30,booking
U43c9681df962,H0475,10.0,2022-04-30,booking
U72d8f85b3fb4,H0463,8.0,2022-04-30,booking
U8ffb84f64d16,H0391,10.0,2022-04-30,ivivu
U9c1863cf7f5f,H0510,7.0,2022-04-30,booking
U9ed9047bc788,H0394,6.0,2022-04-30,ivivu
Ub79a6134d359,H0272,8.5,2022-04-30,traveloka
Uc43682ad0fad,H0204,7.0,2022-04-30,booking
U145b7c3a0a48,H0332,7.0,2022-05-01,booking
U1b13fe0a5738,H0316,6.0,2022-05-01,ivivu
U4229a718e5ca,H0005,7.0,2022-05-01,booking
U8d4bd1051993,H0064,9.1,2022-05-01,traveloka
U920e21611453,H0100,6.0,2022-05-01,booking
U920e21611453,H0470,9.0,2022-05-01,booking
Ue488b537d786,H0100,6.0,2022-05-01,booking
U02d561763f22,H0089,8.5,2022-05-02,traveloka
U1abc95e84a31,H0330,10.0,2022-05-02,booking
U281e32d55a14,H0501,6.0,2022-05-02,ivivu
U4229a718e5ca,H0533,7.0,2022-05-02,booking
U462f6a8d1f38,H0214,8.0,2022-05-02,booking
U4a17bd6754c9,H0119,8.0,2022-05-02,booking
U570db3d9faee,H0509,6.0,2022-05-02,traveloka
U5a350d7e7970,H0428,10.0,2022-05-02,booking
U64ad022c243a,H0439,7.0,2022-05-02,booking
U686ae5f5394a,H0225,8.0,2022-05-02,booking
U699916231e95,H0042,4.0,2022-05-02,booking
U699916231e95,H0008,8.0,2022-05-02,booking
U90532eb1d076,H0546,8.0,2022-05-02,booking
U9912838720fd,H0378,10.0,2022-05-02,booking
Ucaacb3bf5210,H0021,10.0,2022-05-02,booking
Ud988f30458dc,H0176,10.0,2022-05-02,booking
Ue916437b73ae,H0005,8.0,2022-05-02,booking
Ufc480b012971,H0210,6.0,2022-05-02,ivivu
U2a46e9aec727,H0397,7.0,2022-05-03,booking
U3b9fee761ece,H0032,7.0,2022-05-03,booking
U6a1ec282d822,H0008,7.0,2022-05-03,booking
U7fa613e5002e,H0549,7.0,2022-05-03,booking
Ua866dc69d643,H0532,6.0,2022-05-03,booking
Ubb073a21f6c4,H0493,9.0,2022-05-03,booking
Ue045989ec9ca,H0021,5.0,2022-05-03,booking
Ufb79f7cc4e47,H0214,6.0,2022-05-03,booking
U1e1367252b82,H0176,6.0,2022-05-04,booking
U2278f685b611,H0510,6.0,2022-05-04,booking
U2a46e9aec727,H0220,8.0,2022-05-04,booking
U52a7b605988b,H0089,9.0,2022-05-04,booking
U6a1ec282d822,H0214,7.0,2022-05-04,booking
U6f123f862e99,H0200,10.0,2022-05-04,booking
U70d1cb8e578b,H0123,8.0,2022-05-04,booking
U7fa613e5002e,H0155,5.0,2022-05-04,booking
U9f6ee79cc2bf,H0099,7.0,2022-05-04,booking
Ua9e40e4f9bcb,H0130,9.0,2022-05-04,booking
Uc75194e97fac,H0029,6.0,2022-05-04,ivivu
Ud92e83ee5753,H0226,6.0,2022-05-04,traveloka
Ue97f83b9be53,H0089,7.0,2022-05-04,booking
U0c5d38729571,H0311,6.0,2022-05-05,booking
U16c2298dc0c0,H0095,7.0,2022-05-05,booking
U2278f685b611,H0225,7.0,2022-05-05,booking
U43c9681df962,H0024,5.0,2022-05-05,booking
U44829adfd0d9,H0107,6.1,2022-05-05,traveloka
U5a350d7e7970,H0089,8.0,2022-05-05,booking
U665904d21807,H0220,5.0,2022-05-05,booking
U7a1c550b7ef4,H0529,5.0,2022-05-05,booking
U9189e655db34,H0225,7.0,2022-05-05,booking
Ua927b88a12d6,H0412,9.1,2022-05-05,traveloka
Uac2a1af649a9,H0311,9.0,2022-05-05,booking
Uae8735b5c0c9,H0021,5.0,2022-05-05,booking
Ubb7caab74705,H0089,6.2,2022-05-05,booking
Uc0e0d30efc68,H0076,9.0,2022-05-05,booking
Uc5b4797ed000,H0236,6.0,2022-05-05,booking
Ud08684828b30,H0463,7.0,2022-05-05,booking
Udbfafa67f99b,H0054,5.0,2022-05-05,booking
U139ccafd988c,H0120,7.0,2022-05-06,booking
U1525adc7b68a,H0238,10.0,2022-05-06,booking
U2107c01de8c1,H0391,10.0,2022-05-06,ivivu
U2278f685b611,H0179,1.0,2022-05-06,booking
U28172820ff33,H0518,6.0,2022-05-06,ivivu
U30ab7763e8d6,H0520,10.0,2022-05-06,booking
U399a5ae4658d,H0051,6.4,2022-05-06,traveloka
U4bb19bfb7ae8,H0009,5.7,2022-05-06,traveloka
U4c2602b8aa98,H0130,6.0,2022-05-06,booking
U6840254d67f2,H0487,5.0,2022-05-06,booking
U7f6c9cd1a5f4,H0204,5.0,2022-05-06,booking
U82a5ed2b4568,H0098,6.0,2022-05-06,booking
Uac8fa35c35a0,H0369,8.0,2022-05-06,ivivu
Uac8fa35c35a0,H0391,8.0,2022-05-06,ivivu
Uac8fa35c35a0,H0418,10.0,2022-05-06,ivivu
Ub3877f7102ac,H0372,10.0,2022-05-06,booking
Ubb7caab74705,H0332,5.0,2022-05-06,booking
Uc43682ad0fad,H0018,1.0,2022-05-06,booking
Udb8bee3945c1,H0510,8.0,2022-05-06,booking
Udedea8ae207e,H0028,8.0,2022-05-06,booking
Ue045989ec9ca,H0102,7.0,2022-05-06,booking
Ue09baac80581,H0521,6.0,2022-05-06,traveloka
Ue0a9d4a85ddd,H0459,9.0,2022-05-06,booking
Uf71884536399,H0316,6.0,2022-05-06,ivivu
U183e30c6fc45,H0102,3.0,2022-05-07,booking
U2a591ce65eed,H0119,5.0,2022-05-07,booking
U2b29bdcb9473,H0527,4.0,2022-05-07,ivivu
U4952ea70ec77,H0529,6.0,2022-05-07,booking
U595041030b42,H0089,9.0,2022-05-07,booking
U5f897289f4b8,H0363,10.0,2022-05-07,booking
U6a1ec282d822,H0123,7.0,2022-05-07,booking
U7038329f5ad6,H0015,7.0,2022-05-07,booking
U713b344dfbd7,H0486,6.0,2022-05-07,booking
U797f4e7e1f00,H0425,8.0,2022-05-07,ivivu
U9189e655db34,H0090,9.0,2022-05-07,booking
U9285c06d1fa3,H0345,8.0,2022-05-07,booking
U966d27754fa5,H0200,6.0,2022-05-07,booking
Uac69db03f4c6,H0437,6.0,2022-05-07,booking
Ubb7caab74705,H0510,9.0,2022-05-07,booking
Uc8dc43d69701,H0465,6.0,2022-05-07,booking
Ud2070cabc715,H0221,6.0,2022-05-07,ivivu
Ud891e317ebe9,H0463,5.0,2022-05-07,booking
Udd5f3bd618d5,H0095,10.0,2022-05-07,booking
Ue37fc091b0b3,H0311,6.0,2022-05-07,ivivu
Ue40bfa5b2588,H0126,6.0,2022-05-07,ivivu
U16c2298dc0c0,H0225,9.0,2022-05-08,booking
U3b9fee761ece,H0123,9.0,2022-05-08,booking
U4274368002ee,H0018,7.0,2022-05-08,booking
U449cf9a2532c,H0316,6.0,2022-05-08,ivivu
U487120a75126,H0024,10.0,2022-05-08,booking
U64d540d2c17d,H0123,8.0,2022-05-08,booking
U80c3f2fb7fa6,H0015,5.0,2022-05-08,booking
Uab90ae8d578c,H0352,7.0,2022-05-08,booking
Ub0d6aeadc480,H0112,7.0,2022-05-08,booking
Uc2eafeeb199a,H0181,7.0,2022-05-08,booking
Ue97f83b9be53,H0112,7.0,2022-05-08,booking
Uf097013a4ef0,H0347,5.8,2022-05-08,traveloka
U14a568c69f46,H0007,6.0,2022-05-09,booking
U2b43a5075f23,H0470,10.0,2022-05-09,booking
U3550151b709f,H0503,9.0,2022-05-09,booking
U5a350d7e7970,H0363,10.0,2022-05-09,booking
U5f897289f4b8,H0184,6.0,2022-05-09,booking
U61419e49de12,H0229,8.0,2022-05-09,booking
U713b344dfbd7,H0433,10.0,2022-05-09,booking
U7369ea966365,H0008,7.0,2022-05-09,booking
U7cd997f32f2d,H0378,10.0,2022-05-09,booking
U7fa613e5002e,H0181,7.0,2022-05-09,booking
Ua571a440c856,H0158,9.0,2022-05-09,booking
Ucf6509d1a494,H0035,10.0,2022-05-09,ivivu
Ud04c303a34f1,H0433,10.0,2022-05-09,booking
Ud04c303a34f1,H0021,10.0,2022-05-09,booking
Ue0a9d4a85ddd,H0327,10.0,2022-05-09,booking
U16c2298dc0c0,H0104,10.0,2022-05-10,booking
U1e1367252b82,H0238,6.0,2022-05-10,booking
U68b521cac0b8,H0355,7.0,2022-05-10,booking
U6b2b8a29a8fd,H0237,8.0,2022-05-10,ivivu
U894404028a81,H0491,10.0,2022-05-10,booking
U9f0f66ada76d,H0112,7.0,2022-05-10,booking
Ub6449c27ea57,H0104,10.0,2022-05-10,booking
Ubaf19efa2146,H0380,9.0,2022-05-10,booking
Uc9fc9f53967b,H0184,9.0,2022-05-10,booking
Ud31580178d1c,H0249,6.4,2022-05-10,traveloka
Ue6cbe6e7fd09,H0052,6.0,2022-05-10,traveloka
Ue83b093de198,H0017,10.0,2022-05-10,booking
Ueb3cc80804fb,H0129,6.0,2022-05-10,ivivu
Uf6fbf6ae2046,H0032,5.9,2022-05-10,traveloka
Uffb70e2b3dc7,H0162,10.0,2022-05-10,traveloka
U23b273be31f8,H0019,6.0,2022-05-11,booking
U50f523b549c4,H0087,7.0,2022-05-11,booking
U7e84d2c4369b,H0021,9.0,2022-05-11,booking
U8ec865b99789,H0401,8.0,2022-05-11,ivivu
Ub43120e929b4,H0112,6.0,2022-05-11,booking
Ub76b66cd6c5d,H0112,8.0,2022-05-11,booking
Ue971d89a94dd,H0042,5.0,2022-05-11,booking
Uf5555fbec366,H0018,4.0,2022-05-11,booking
U08231d43b48a,H0065,5.9,2022-05-12,traveloka
U3550151b709f,H0104,8.0,2022-05-12,booking
U57dd8f4e431c,H0089,10.0,2022-05-12,booking
U904c96f7a98e,H0376,9.7,2022-05-12,traveloka
Ua02bf2535906,H0510,9.0,2022-05-12,booking
Uc7110aaf2bea,H0089,5.0,2022-05-12,booking
Uc9fc9f53967b,H0533,4.0,2022-05-12,booking
Ud1dc2ee6ae70,H0381,9.0,2022-05-12,booking
Uea3c62e209ed,H0015,8.0,2022-05-12,booking
Uea3c62e209ed,H0095,10.0,2022-05-12,booking
Uf87323b22adb,H0489,7.0,2022-05-12,booking
U0fbe8c0065c2,H0465,8.0,2022-05-13,ivivu
U3c76d79f4a68,H0120,7.0,2022-05-13,booking
U7cefaa2f8844,H0465,8.0,2022-05-13,booking
U82a5ed2b4568,H0214,8.0,2022-05-13,booking
Ua5eaa75c7bb5,H0463,10.0,2022-05-13,booking
Ub0d6aeadc480,H0515,9.0,2022-05-13,booking
Ub602883c7537,H0236,10.0,2022-05-13,booking
Uc439ac066a38,H0017,10.0,2022-05-13,booking
Uc442f2456aa8,H0123,7.0,2022-05-13,booking
Uc874bee1c545,H0529,7.0,2022-05-13,booking
Uf7b7d282da79,H0089,9.0,2022-05-13,booking
Uf93dd9d08466,H0400,7.0,2022-05-13,booking
U16c2298dc0c0,H0098,6.0,2022-05-14,booking
U16c2298dc0c0,H0119,7.0,2022-05-14,booking
U1995d921a404,H0183,8.0,2022-05-14,booking
U4a68c5812e6d,H0516,6.2,2022-05-14,traveloka
U594642be1492,H0295,5.0,2022-05-14,booking
U5a350d7e7970,H0337,10.0,2022-05-14,booking
U6833f66b6951,H0499,8.5,2022-05-14,traveloka
U69131c469d37,H0369,10.0,2022-05-14,ivivu
U6a1ec282d822,H0130,7.0,2022-05-14,booking
U6ee8629c8a1a,H0408,7.0,2022-05-14,booking
U8651d0b9c9d9,H0311,10.0,2022-05-14,booking
Ubb7caab74705,H0295,1.0,2022-05-14,booking
Ubbcc4677cef1,H0181,1.0,2022-05-14,booking
Uc3f2e99ffde9,H0232,6.4,2022-05-14,traveloka
Udcc35c827775,H0150,8.0,2022-05-14,ivivu
Ue045989ec9ca,H0479,8.0,2022-05-14,booking
Ue66a150c6643,H0491,9.0,2022-05-14,booking
Uf680aead23d1,H0204,6.0,2022-05-14,ivivu
Uf76a42d21a7d,H0349,7.0,2022-05-14,booking
U1833e331127d,H0555,6.0,2022-05-15,booking
U4eb582977959,H0394,6.1,2022-05-15,traveloka
U5a350d7e7970,H0463,7.0,2022-05-15,booking
U686ae5f5394a,H0032,10.0,2022-05-15,booking
U9862a015bb5c,H0058,10.0,2022-05-15,ivivu
Uc43682ad0fad,H0510,7.0,2022-05-15,booking
Uc9fc9f53967b,H0100,8.0,2022-05-15,booking
Ue0a9d4a85ddd,H0076,10.0,2022-05-15,booking
U085b581727a8,H0111,8.5,2022-05-16,traveloka
U16c2298dc0c0,H0100,6.0,2022-05-16,booking
U1f877d328192,H0062,8.0,2022-05-16,ivivu
U3b9fee761ece,H0089,7.0,2022-05-16,booking
U45559e7581e5,H0156,1.0,2022-05-16,booking
U462f6a8d1f38,H0529,8.0,2022-05-16,booking
U462f6a8d1f38,H0311,10.0,2022-05-16,booking
U53d5b72b66fc,H0408,6.1,2022-05-16,traveloka
U5b8a55e7db79,H0496,6.0,2022-05-16,traveloka
U63d64a5d0aca,H0434,9.7,2022-05-16,traveloka
U71ed9980023e,H0213,10.0,2022-05-16,booking
U79fb45623a36,H0018,10.0,2022-05-16,booking
U82a5ed2b4568,H0333,9.0,2022-05-16,booking
Ua5021307c5c3,H0155,7.0,2022-05-16,booking
Ub8ddfcf4c8b5,H0046,10.0,2022-05-16,ivivu
Udf79a190145f,H0048,8.0,2022-05-16,ivivu
Udf8bc29e2f3f,H0161,6.0,2022-05-16,booking
U16c2298dc0c0,H0333,7.0,2022-05-17,booking
U2278f685b611,H0491,9.0,2022-05-17,booking
U376431240693,H0007,9.0,2022-05-17,booking
U487120a75126,H0076,7.0,2022-05-17,booking
U5ac26d8e8009,H0425,6.0,2022-05-17,traveloka
U7fa613e5002e,H0018,10.0,2022-05-17,booking
U8f9142984511,H0380,10.0,2022-05-17,booking
U920e21611453,H0007,3.0,2022-05-17,booking
Ua866dc69d643,H0546,8.0,2022-05-17,booking
Uae8735b5c0c9,H0397,5.0,2022-05-17,booking
Ubb7caab74705,H0487,7.0,2022-05-17,booking
Ud46d2cd071b9,H0126,8.5,2022-05-17,traveloka
Uf795d29d9dc7,H0238,6.0,2022-05-17,traveloka
U04db0ca8ff2b,H0425,6.0,2022-05-18,traveloka
U183e30c6fc45,H0098,7.0,2022-05-18,booking
U2a46e9aec727,H0546,10.0,2022-05-18,booking
U73c567dddfad,H0328,6.1,2022-05-18,traveloka
U82a5ed2b4568,H0007,8.0,2022-05-18,booking
U875fda3b0c8f,H0529,6.7,2022-05-18,traveloka
U896ab7ee77eb,H0529,6.0,2022-05-18,traveloka
U988438443009,H0168,6.0,2022-05-18,ivivu
Ua866dc69d643,H0491,10.0,2022-05-18,booking
Uae43a1c16f19,H0465,10.0,2022-05-18,traveloka
Ub048a26d26fc,H0021,4.0,2022-05-18,booking
Uc43682ad0fad,H0181,10.0,2022-05-18,booking
Udf8bc29e2f3f,H0425,7.0,2022-05-18,booking
Ue0a9d4a85ddd,H0363,8.0,2022-05-18,booking
Ue1cc6f76306b,H0479,7.0,2022-05-18,booking
Ueff4fbda6737,H0008,9.0,2022-05-18,booking
Uf76a42d21a7d,H0337,8.0,2022-05-18,booking
Uf76a42d21a7d,H0089,9.0,2022-05-18,booking
Uf910cfcea493,H0007,9.0,2022-05-18,booking
U2fed37e26d72,H0179,5.0,2022-05-19,booking
U32e0d2d939ce,H0408,8.0,2022-05-19,booking
U3e89a9feeb87,H0335,9.4,2022-05-19,traveloka
U5270248593a3,H0214,4.0,2022-05-19,booking
U6a1ec282d822,H0155,9.0,2022-05-19,booking
U7369ea966365,H0311,9.0,2022-05-19,booking
U869b0d58c850,H0232,7.1,2022-05-19,traveloka
U8b48f1abe5bb,H0510,10.0,2022-05-19,booking
Ua3948c917049,H0089,10.0,2022-05-19,booking
Ub5923814a325,H0349,7.0,2022-05-19,booking
Ubb7caab74705,H0123,5.0,2022-05-19,booking
Ubb7caab74705,H0089,7.5,2022-05-19,booking
Ubc183ec39523,H0529,7.0,2022-05-19,booking
Uf7fe7eebccba,H0066,4.0,2022-05-19,ivivu
U04db0ca8ff2b,H0272,6.0,2022-05-20,traveloka
U28608c9427b7,H0200,7.0,2022-05-20,booking
U2a46e9aec727,H0008,7.0,2022-05-20,booking
U5695b29e6029,H0399,10.0,2022-05-20,ivivu
U5f093cee3fbd,H0345,7.0,2022-05-20,booking
U75c66d251994,H0398,9.0,2022-05-20,booking
U7fa613e5002e,H0546,7.0,2022-05-20,booking
U82a5ed2b4568,H0220,2.0,2022-05-20,booking
U82a5ed2b4568,H0214,10.0,2022-05-20,booking
U8f9142984511,H0355,8.0,2022-05-20,booking
U9a75c84cd8a5,H0053,10.0,2022-05-20,ivivu
Uac4057d02e3a,H0126,9.7,2022-05-20,traveloka
Ub86a99167ce7,H0487,7.0,2022-05-20,booking
Ue65c8cd9a182,H0218,10.0,2022-05-20,booking
Ue65c8cd9a182,H0510,8.0,2022-05-20,booking
Ueb8c81d120ba,H0397,9.0,2022-05-20,booking
Uedb506d443dc,H0425,9.7,2022-05-20,traveloka
Uf0c36f9790c3,H0072,9.1,2022-05-20,traveloka
U1995d921a404,H0010,7.0,2022-05-21,booking
U1be8249aa405,H0143,8.0,2022-05-21,ivivu
U3bbbb95f5787,H0032,7.0,2022-05-21,booking
U42d2ad3dc9f1,H0038,10.0,2022-05-21,ivivu
U4fd77ed6f4aa,H0159,9.4,2022-05-21,traveloka
U5ac26d8e8009,H0439,10.0,2022-05-21,traveloka
U732f3a697fa2,H0332,2.0,2022-05-21,booking
U8c5492d08f33,H0102,7.0,2022-05-21,booking
U8c5492d08f33,H0218,9.0,2022-05-21,booking
Ua2c11a072e7e,H0226,6.0,2022-05-21,ivivu
Uab90ae8d578c,H0355,5.0,2022-05-21,booking
Uc439ac066a38,H0458,7.0,2022-05-21,booking
Ucb6c2f0e9149,H0007,5.0,2022-05-21,booking
Ud10d15a9de32,H0311,7.0,2022-05-21,booking
Uea979d60f31c,H0214,10.0,2022-05-21,booking
Uef00d716717a,H0501,6.0,2022-05-21,ivivu
Uef35cb793711,H0518,6.0,2022-05-21,ivivu
Uf910cfcea493,H0487,9.0,2022-05-21,booking
U44865709e101,H0453,7.0,2022-05-22,booking
U4a17bd6754c9,H0017,8.0,2022-05-22,booking
U788ad866add3,H0218,10.0,2022-05-22,booking
U82a5ed2b4568,H0243,10.0,2022-05-22,booking
U8410b4c5aaeb,H0437,6.0,2022-05-22,booking
U85ba6edcd969,H0017,7.0,2022-05-22,booking
U86718e9be95e,H0380,8.0,2022-05-22,booking
U8c5492d08f33,H0005,4.0,2022-05-22,booking
Ua5eaa75c7bb5,H0378,10.0,2022-05-22,booking
Ua5f3536b4182,H0071,10.0,2022-05-22,booking
Uac8fa35c35a0,H0518,10.0,2022-05-22,ivivu
Uc692c08eb958,H0355,9.0,2022-05-22,booking
Uc874bee1c545,H0087,10.0,2022-05-22,booking
U137afc6553e1,H0408,10.0,2022-05-23,booking
U1e1367252b82,H0200,10.0,2022-05-23,booking
U30d9e7012ca2,H0095,7.0,2022-05-23,booking
U4689370335dc,H0269,10.0,2022-05-23,ivivu
U4fb20949dbbd,H0221,8.0,2022-05-23,ivivu
U50a024c39e9b,H0038,8.0,2022-05-23,ivivu
U5c13d56d6b33,H0100,8.0,2022-05-23,booking
U70d1cb8e578b,H0378,5.0,2022-05-23,booking
U7cd997f32f2d,H0095,7.0,2022-05-23,booking
U82a5ed2b4568,H0355,10.0,2022-05-23,booking
U9fcf0f2937ec,H0327,10.0,2022-05-23,booking
U9fcf0f2937ec,H0345,6.0,2022-05-23,booking
Ua497ac61f801,H0445,6.0,2022-05-23,traveloka
Ub051030fc5a2,H0077,7.0,2022-05-23,booking
Ub3e58e9b80a6,H0453,9.0,2022-05-23,booking
Uc9fc9f53967b,H0532,7.0,2022-05-23,booking
Ucf67cd3dedf6,H0176,5.0,2022-05-23,booking
Udedea8ae207e,H0018,10.0,2022-05-23,booking
Ue1ea6170d5ed,H0184,9.0,2022-05-23,booking
Ue29f69035ce9,H0540,6.8,2022-05-23,traveloka
U487120a75126,H0541,9.0,2022-05-24,booking
U6488e148e9ee,H0397,7.0,2022-05-24,booking
U82a5ed2b4568,H0529,8.0,2022-05-24,booking
U82a5ed2b4568,H0032,5.0,2022-05-24,booking
U84fa495553ca,H0123,8.5,2022-05-24,traveloka
U8a9249e70bb4,H0509,9.1,2022-05-24,traveloka
U91a75ec67989,H0204,6.0,2022-05-24,ivivu
U9fd4159feb84,H0497,9.0,2022-05-24,booking
Ub6449c27ea57,H0222,10.0,2022-05-24,booking
Ucaacb3bf5210,H0077,7.0,2022-05-24,booking
Ud7998ca42c68,H0204,6.0,2022-05-24,ivivu
Ud891e317ebe9,H0100,9.0,2022-05-24,booking
U14a568c69f46,H0225,8.0,2022-05-25,booking
U16c2298dc0c0,H0100,7.0,2022-05-25,booking
U17f051ca25d4,H0072,9.7,2022-05-25,traveloka
U25c0081f57bd,H0018,7.0,2022-05-25,booking
U3a779f973456,H0072,8.5,2022-05-25,traveloka
U3bbbb95f5787,H0063,10.0,2022-05-25,booking
U4a17bd6754c9,H0008,9.0,2022-05-25,booking
U50f523b549c4,H0425,10.0,2022-05-25,booking
U5a7fc67f04c1,H0345,1.0,2022-05-25,booking
U5fdfa19a7ebe,H0486,9.0,2022-05-25,booking
U61c40f989660,H0178,6.0,2022-05-25,traveloka
U6611b610413a,H0162,10.0,2022-05-25,traveloka
U72ecc4663d6e,H0549,8.0,2022-05-25,booking
U80c3f2fb7fa6,H0378,9.0,2022-05-25,booking
Ua3d26ae90a33,H0318,6.0,2022-05-25,ivivu
Ub0c950e637af,H0168,4.0,2022-05-25,ivivu
Uc43682ad0fad,H0397,6.0,2022-05-25,booking
Uc874bee1c545,H0363,6.0,2022-05-25,booking
Uc9fc9f53967b,H0479,7.0,2022-05-25,booking
Uc9fc9f53967b,H0459,3.0,2022-05-25,booking
Uea7e8fa3ccdd,H0523,6.9,2022-05-25,traveloka
Uf33e9d941313,H0378,8.0,2022-05-25,booking
U6ee8629c8a1a,H0345,7.0,2022-05-26,booking
U8e0b565ecb3d,H0151,10.0,2022-05-26,ivivu
U8f9142984511,H0179,9.0,2022-05-26,booking
U90d34ac8c143,H0200,10.0,2022-05-26,booking
Ua5eaa75c7bb5,H0378,7.0,2022-05-26,booking
Ubb7caab74705,H0010,10.0,2022-05-26,booking
Ubc2e9eda4566,H0146,6.0,2022-05-26,ivivu
Ubd35de4909a3,H0506,9.0,2022-05-26,booking
Ud3be660c226a,H0531,2.0,2022-05-26,ivivu
Ue01c56fe92d0,H0439,8.0,2022-05-26,booking
Ue5af6f221e43,H0525,7.0,2022-05-26,booking
Uea979d60f31c,H0214,5.0,2022-05-26,booking
Uf63390c90cb7,H0107,9.3,2022-05-26,traveloka
U18c4cf0f7006,H0437,5.0,2022-05-27,booking
U1995d921a404,H0330,8.0,2022-05-27,booking
U1e1367252b82,H0018,10.0,2022-05-27,booking
U251b3aef296e,H0555,10.0,2022-05-27,booking
U27449e96f394,H0203,10.0,2022-05-27,ivivu
U2a41de998c22,H0089,5.0,2022-05-27,booking
U2e41a4dff303,H0514,8.0,2022-05-27,booking
U33543e34eb90,H0087,4.0,2022-05-27,booking
U6156734cc45f,H0209,8.0,2022-05-27,ivivu
U72d8f85b3fb4,H0005,10.0,2022-05-27,booking
U8f8b90971d60,H0100,4.0,2022-05-27,booking
Uc7110aaf2bea,H0183,10.0,2022-05-27,booking
Ue83b093de198,H0032,10.0,2022-05-27,booking
U0d18bbe17a89,H0328,9.4,2022-05-28,traveloka
U137afc6553e1,H0408,10.0,2022-05-28,booking
U14a568c69f46,H0345,10.0,2022-05-28,booking
U16c2298dc0c0,H0095,8.0,2022-05-28,booking
U3cb8be179425,H0534,10.0,2022-05-28,ivivu
U56f8cc32cb0a,H0524,6.0,2022-05-28,ivivu
U655646f09724,H0529,5.0,2022-05-28,booking
U6a1ec282d822,H0100,8.0,2022-05-28,booking
U944fad6b49be,H0126,6.4,2022-05-28,traveloka
U95b6b7ac0bf1,H0535,9.7,2022-05-28,traveloka
Ua015724eb5e3,H0437,9.0,2022-05-28,booking
Uc439ac066a38,H0123,3.0,2022-05-28,booking
Ucf67cd3dedf6,H0179,3.0,2022-05-28,booking
Ud9416acbcb15,H0369,10.0,2022-05-28,ivivu
Udf8bc29e2f3f,H0410,10.0,2022-05-28,booking
Ue0a9d4a85ddd,H0428,9.0,2022-05-28,booking
Uf4be570e2471,H0407,5.0,2022-05-28,booking
Uff055de421e5,H0459,10.0,2022-05-28,booking
U092b87ae70a1,H0491,8.0,2022-05-29,ivivu
U1e1367252b82,H0437,6.0,2022-05-29,booking
U2a46e9aec727,H0161,10.0,2022-05-29,booking
U5a350d7e7970,H0363,7.0,2022-05-29,booking
U6156734cc45f,H0221,10.0,2022-05-29,ivivu
U713ce33c66d1,H0311,6.0,2022-05-29,ivivu
Ua866dc69d643,H0353,8.0,2022-05-29,booking
Ub234ca1110b0,H0053,6.0,2022-05-29,ivivu
Ud04c303a34f1,H0437,9.0,2022-05-29,booking
Udd5f3bd618d5,H0487,10.0,2022-05-29,booking
Udf8bc29e2f3f,H0023,7.1,2022-05-29,booking
Ue6cbe6e7fd09,H0208,8.0,2022-05-29,ivivu
Ufc4930b91ce1,H0204,2.0,2022-05-29,ivivu
U16c2298dc0c0,H0510,1.0,2022-05-30,booking
U3111f2fd160c,H0514,7.0,2022-05-30,booking
U36eae7b366ff,H0079,8.0,2022-05-30,ivivu
U399ba21c0376,H0089,8.0,2022-05-30,booking
U5a350d7e7970,H0078,8.0,2022-05-30,booking
U6abc54e51970,H0204,10.0,2022-05-30,booking
Ubb7caab74705,H0200,7.0,2022-05-30,booking
Uc9fc9f53967b,H0533,5.0,2022-05-30,booking
Ucaa5e34765c3,H0123,8.0,2022-05-30,booking
Udd5f3bd618d5,H0095,9.0,2022-05-30,booking
Ue1da982f5ad0,H0459,5.0,2022-05-30,booking
Ueb608ccf6373,H0042,8.0,2022-05-30,booking
U2308ebf5d869,H0478,6.0,2022-05-31,traveloka
U3b9fee761ece,H0475,7.0,2022-05-31,booking
U3c76d79f4a68,H0200,8.0,2022-05-31,booking
U42d2ad3dc9f1,H0308,6.0,2022-05-31,ivivu
U45559e7581e5,H0204,9.0,2022-05-31,booking
U487120a75126,H0181,10.0,2022-05-31,booking
U665904d21807,H0353,9.0,2022-05-31,booking
U72fc237831f0,H0311,6.3,2022-05-31,traveloka
U93f049c54f78,H0378,10.0,2022-05-31,booking
Ub602883c7537,H0112,9.0,2022-05-31,booking
Ub86a99167ce7,H0204,8.0,2022-05-31,booking
Uc0e0d30efc68,H0463,5.0,2022-05-31,booking
Uc93fb3f1d81f,H0023,7.0,2022-05-31,booking
Ucf67cd3dedf6,H0213,7.0,2022-05-31,booking
Ud64bd1c41dd0,H0048,8.0,2022-05-31,ivivu
Udd5f3bd618d5,H0510,10.0,2022-05-31,booking
Uefbb73f4b585,H0119,10.0,2022-05-31,booking
Uf87323b22adb,H0490,10.0,2022-05-31,booking
Uff055de421e5,H0220,8.0,2022-05-31,booking
U8f05ace07a58,H0499,9.7,2022-06-01,traveloka
Uc439ac066a38,H0332,5.0,2022-06-01,booking
Ue5649c7b0679,H0241,7.0,2022-06-01,ivivu
U0026a5c5c215,H0396,9.7,2022-06-02,traveloka
U16c2298dc0c0,H0311,9.0,2022-06-02,booking
U194aa6a15c7f,H0463,8.0,2022-06-02,booking
U211f568323fa,H0159,6.0,2022-06-02,traveloka
U2a46e9aec727,H0095,9.0,2022-06-02,booking
U36110e9db212,H0002,9.7,2022-06-02,traveloka
U671042eb9f83,H0028,8.0,2022-06-02,booking
U6a1ec282d822,H0353,8.0,2022-06-02,booking
U6abc54e51970,H0442,10.0,2022-06-02,booking
U6f123f862e99,H0463,8.0,2022-06-02,booking
U7a37ffff8050,H0017,8.0,2022-06-02,booking
U8af0750df4d5,H0460,2.0,2022-06-02,ivivu
Ua3948c917049,H0529,5.0,2022-06-02,booking
Uae8735b5c0c9,H0529,4.0,2022-06-02,booking
Ub5482f12212e,H0533,10.0,2022-06-02,booking
Ub88006c8832f,H0541,3.0,2022-06-02,booking
Uba1c8ca6b899,H0541,5.0,2022-06-02,booking
Ud63b58b9306e,H0165,5.0,2022-06-02,booking
U1e8c86016edc,H0412,10.0,2022-06-03,booking
U2a46e9aec727,H0444,10.0,2022-06-03,booking
U3ccd50eaa389,H0214,3.0,2022-06-03,booking
U686ae5f5394a,H0437,8.0,2022-06-03,booking
U6ee8629c8a1a,H0332,6.0,2022-06-03,booking
U8b48f1abe5bb,H0353,5.0,2022-06-03,booking
Ua4fc3bc59f71,H0089,9.0,2022-06-03,booking
Ub34f1a02868d,H0366,7.0,2022-06-03,ivivu
Ub4b34cd1f492,H0269,6.0,2022-06-03,ivivu
Uc43682ad0fad,H0204,4.0,2022-06-03,booking
Uea979d60f31c,H0014,10.0,2022-06-03,booking
U45559e7581e5,H0475,5.0,2022-06-04,booking
U61114f2b2ec1,H0003,9.0,2022-06-04,traveloka
U6f123f862e99,H0021,9.0,2022-06-04,booking
U7a37ffff8050,H0408,7.0,2022-06-04,booking
U80c3f2fb7fa6,H0355,7.0,2022-06-04,booking
U9b66ae35bfc5,H0398,9.0,2022-06-04,booking
Uab90ae8d578c,H0010,7.0,2022-06-04,booking
Uaf787a152bdc,H0532,1.0,2022-06-04,booking
Ubb7caab74705,H0018,5.0,2022-06-04,booking
Ubc183ec39523,H0510,9.0,2022-06-04,booking
Uc8dc43d69701,H0089,8.0,2022-06-04,booking
Ucaca4b01d177,H0143,8.0,2022-06-04,ivivu
Ue1ea6170d5ed,H0490,7.0,2022-06-04,booking
U25c0081f57bd,H0487,7.0,2022-06-05,booking
U27e892f81db5,H0531,2.0,2022-06-05,ivivu
U3550151b709f,H0181,9.0,2022-06-05,booking
U45760b3aed79,H0383,9.4,2022-06-05,traveloka
U6a5c997e0a0d,H0456,8.5,2022-06-05,traveloka
Ue0a9d4a85ddd,H0005,10.0,2022-06-05,booking
Ue0a9d4a85ddd,H0018,10.0,2022-06-05,booking
U04c765a3ca33,H0446,5.1,2022-06-06,traveloka
U16c2298dc0c0,H0155,8.0,2022-06-06,booking
U4abb495a175f,H0323,6.0,2022-06-06,ivivu
U5c13d56d6b33,H0538,5.0,2022-06-06,booking
U5f6c9c2b05cd,H0167,6.0,2022-06-06,ivivu
U6a1ec282d822,H0102,4.0,2022-06-06,booking
U7f5e5253ae0f,H0035,10.0,2022-06-06,ivivu
Ua9fee312a7b9,H0089,7.0,2022-06-06,booking
Ubc183ec39523,H0337,10.0,2022-06-06,booking
Uc5b4797ed000,H0410,9.0,2022-06-06,booking
Uc93fb3f1d81f,H0123,9.0,2022-06-06,booking
Ucaacb3bf5210,H0345,5.0,2022-06-06,booking
Ud988f30458dc,H0529,7.0,2022-06-06,booking
Uda31672106d9,H0532,8.0,2022-06-06,ivivu
Ue0a9d4a85ddd,H0378,7.0,2022-06-06,booking
Ue488b537d786,H0541,1.0,2022-06-06,booking
Ue83ec3f3052f,H0491,6.0,2022-06-06,ivivu
Uf2533c3e0101,H0274,8.0,2022-06-06,ivivu
U14a568c69f46,H0008,10.0,2022-06-07,booking
U14a568c69f46,H0112,6.0,2022-06-07,booking
U16c2298dc0c0,H0089,7.0,2022-06-07,booking
U1995d921a404,H0363,6.0,2022-06-07,booking
U25c0081f57bd,H0205,8.0,2022-06-07,booking
U4e338e8e455c,H0221,6.0,2022-06-07,ivivu
U55ba0a35377a,H0529,7.0,2022-06-07,booking
U595041030b42,H0362,1.0,2022-06-07,booking
U61d20d21d022,H0021,10.0,2022-06-07,booking
U6f123f862e99,H0181,8.0,2022-06-07,booking
U764b50c0d940,H0183,5.0,2022-06-07,booking
U788ad866add3,H0220,7.0,2022-06-07,booking
U82a5ed2b4568,H0510,9.0,2022-06-07,booking
U82a92949cbb5,H0123,6.0,2022-06-07,booking
Ua9e40e4f9bcb,H0007,6.0,2022-06-07,booking
Ub4c4d593ee1d,H0112,6.0,2022-06-07,booking
Ub8e530aa081f,H0433,1.0,2022-06-07,booking
Uc43682ad0fad,H0555,8.0,2022-06-07,booking
Uc7110aaf2bea,H0470,3.0,2022-06-07,booking
Uc7110aaf2bea,H0098,10.0,2022-06-07,booking
Ud10d15a9de32,H0112,1.0,2022-06-07,booking
Ue072af4ba9d2,H0155,9.0,2022-06-07,booking
Uee2da1243ddb,H0090,6.0,2022-06-07,booking
Uf5aabc5593b9,H0032,9.0,2022-06-07,booking
U1b1fa14a8944,H0217,10.0,2022-06-08,booking
U2a46e9aec727,H0028,5.0,2022-06-08,booking
U4cd0dc77cecb,H0090,9.0,2022-06-08,booking
U55ba0a35377a,H0214,5.0,2022-06-08,booking
U5a350d7e7970,H0332,6.0,2022-06-08,booking
U5baf7d954c58,H0487,10.0,2022-06-08,booking
U655646f09724,H0332,4.0,2022-06-08,booking
U669eb3c21ce6,H0491,7.0,2022-06-08,booking
U788ad866add3,H0042,9.0,2022-06-08,booking
U992c374ff957,H0353,5.0,2022-06-08,booking
Uaa8bd266a542,H0315,8.5,2022-06-08,traveloka
Uac2a1af649a9,H0355,10.0,2022-06-08,booking
Ubb7caab74705,H0541,5.0,2022-06-08,booking
Ubc183ec39523,H0353,3.0,2022-06-08,booking
Uea3c62e209ed,H0087,7.0,2022-06-08,booking
Uf76a42d21a7d,H0439,3.0,2022-06-08,booking
U145b7c3a0a48,H0102,6.0,2022-06-09,booking
U17df181ce620,H0285,10.0,2022-06-09,ivivu
U1e1367252b82,H0098,7.0,2022-06-09,booking
U43c9681df962,H0497,9.0,2022-06-09,booking
U9f6ee79cc2bf,H0112,1.0,2022-06-09,booking
U9fd4159feb84,H0343,6.0,2022-06-09,booking
Ua5eaa75c7bb5,H0104,6.0,2022-06-09,booking
Uab90ae8d578c,H0172,10.0,2022-06-09,booking
Ubb7caab74705,H0087,7.0,2022-06-09,booking
Ucf5121b1dc7a,H0546,7.0,2022-06-09,booking
Ucf67cd3dedf6,H0123,1.0,2022-06-09,booking
Ud1482684ee2a,H0166,8.1,2022-06-09,traveloka
Ue488b537d786,H0337,8.0,2022-06-09,booking
Uf4be570e2471,H0475,5.0,2022-06-09,booking
Uf87323b22adb,H0077,10.0,2022-06-09,booking
U16c2298dc0c0,H0019,7.0,2022-06-10,booking
U3b28a17d74a3,H0487,5.4,2022-06-10,traveloka
U4028d4ac9ce8,H0280,5.9,2022-06-10,traveloka
U56bff9e45e7c,H0128,6.0,2022-06-10,booking
U79756a6f0309,H0126,5.9,2022-06-10,traveloka
U9189e655db34,H0015,10.0,2022-06-10,booking
Ucef080d30a25,H0102,10.0,2022-06-10,booking
Uef00d716717a,H0044,8.0,2022-06-10,ivivu
U86f44d5630b5,H0107,9.4,2022-06-11,traveloka
Ua3ed799272fd,H0311,7.0,2022-06-11,booking
Ua66dbe3d2ab9,H0507,6.2,2022-06-11,traveloka
Ubb7caab74705,H0005,7.0,2022-06-11,booking
Ufb6fa5c6cdc5,H0316,6.0,2022-06-11,ivivu
U0f0bd263af5d,H0204,6.0,2022-06-12,ivivu
U16765312e621,H0015,8.0,2022-06-12,booking
U487120a75126,H0225,5.0,2022-06-12,booking
U97111d292c1b,H0353,7.0,2022-06-12,booking
Ub4c4d593ee1d,H0337,8.0,2022-06-12,booking
Ub4c4d593ee1d,H0381,9.0,2022-06-12,booking
Ucf13a53ef46c,H0104,10.0,2022-06-12,booking
U16c2298dc0c0,H0529,7.0,2022-06-13,booking
U1c2026e1bac0,H0345,7.0,2022-06-13,booking
U25f27fd3a38c,H0521,6.0,2022-06-13,traveloka
U26a90dcbcda8,H0272,6.6,2022-06-13,traveloka
U2d76b396a3e1,H0439,6.6,2022-06-13,traveloka
U2fd871c01736,H0062,8.0,2022-06-13,ivivu
U3390df25df49,H0261,6.0,2022-06-13,ivivu
U3b9fee761ece,H0204,8.0,2022-06-13,booking
U60ea2b2c8a89,H0446,6.8,2022-06-13,traveloka
U6156734cc45f,H0326,8.0,2022-06-13,ivivu
U631b667417d8,H0452,7.0,2022-06-13,booking
U82a5ed2b4568,H0032,9.0,2022-06-13,booking
U8b48f1abe5bb,H0345,7.0,2022-06-13,booking
U8c2276ce4973,H0555,7.0,2022-06-13,booking
Ua665d1c07125,H0053,8.0,2022-06-13,ivivu
Ubb7caab74705,H0095,1.0,2022-06-13,booking
Uc43682ad0fad,H0042,8.0,2022-06-13,booking
Uea979d60f31c,H0337,1.0,2022-06-13,booking
Uf7b7d282da79,H0362,9.0,2022-06-13,booking
U066902799d4f,H0491,6.0,2022-06-14,booking
U0a0666ad7653,H0021,9.0,2022-06-14,booking
U16c2298dc0c0,H0332,8.0,2022-06-14,booking
U23414e7ae8eb,H0203,10.0,2022-06-14,ivivu
U56a84e4dc50b,H0397,9.0,2022-06-14,booking
U5c13d56d6b33,H0100,10.0,2022-06-14,booking
U665904d21807,H0100,8.0,2022-06-14,booking
U9340939bd5a5,H0446,9.1,2022-06-14,traveloka
Ua9e839da5ce1,H0261,6.0,2022-06-14,ivivu
Uae8735b5c0c9,H0408,7.0,2022-06-14,booking
Udc9b8f79bf57,H0102,10.0,2022-06-14,booking
Ue5e56d129c85,H0451,8.0,2022-06-14,ivivu
U07f4c99ed407,H0328,6.5,2022-06-15,traveloka
U0fa462fa5f5d,H0437,8.0,2022-06-15,booking
U2db1cd47452b,H0181,4.0,2022-06-15,booking
U4a17bd6754c9,H0408,9.0,2022-06-15,booking
U6f123f862e99,H0351,9.0,2022-06-15,booking
U7369ea966365,H0408,6.0,2022-06-15,booking
U80c3f2fb7fa6,H0100,8.0,2022-06-15,booking
U8b48f1abe5bb,H0487,5.0,2022-06-15,booking
U9556a9d9bd34,H0454,6.0,2022-06-15,traveloka
Ua84311240102,H0380,7.0,2022-06-15,booking
Uab90ae8d578c,H0332,5.0,2022-06-15,booking
Uc43682ad0fad,H0555,5.0,2022-06-15,booking
Ueff4fbda6737,H0100,7.0,2022-06-15,booking
U1500a9267556,H0123,4.0,2022-06-16,booking
U175df1ad395f,H0123,8.5,2022-06-16,traveloka
U175f0aeef2ac,H0210,10.0,2022-06-16,ivivu
U2b43a5075f23,H0089,6.0,2022-06-16,booking
U5a350d7e7970,H0183,10.0,2022-06-16,booking
U6840254d67f2,H0183,7.0,2022-06-16,booking
U6a1ec282d822,H0311,8.0,2022-06-16,booking
U6a1ec282d822,H0510,5.0,2022-06-16,booking
U735348d54b53,H0523,6.0,2022-06-16,ivivu
U7369ea966365,H0397,10.0,2022-06-16,booking
U7ac7fb3cefb9,H0210,8.0,2022-06-16,ivivu
U7cf2ad9e6204,H0477,6.0,2022-06-16,ivivu
U7dd00d5213dc,H0221,8.0,2022-06-16,ivivu
U8288379442e9,H0114,8.0,2022-06-16,ivivu
U846da8b2a753,H0162,8.5,2022-06-16,traveloka
U9e2c3d69855d,H0181,8.0,2022-06-16,booking
Uab90ae8d578c,H0089,8.0,2022-06-16,booking
Uc43682ad0fad,H0205,7.0,2022-06-16,booking
Ucc7b7b67f2d9,H0550,9.7,2022-06-16,traveloka
Udcc35c827775,H0058,10.0,2022-06-16,ivivu
Ueef6d0dab6d7,H0126,7.3,2022-06-16,traveloka
Uf658217e4b82,H0007,10.0,2022-06-16,booking
Uf76a42d21a7d,H0463,10.0,2022-06-16,booking
Ufae774471004,H0317,8.0,2022-06-16,ivivu
U16c2298dc0c0,H0490,7.0,2022-06-17,booking
U1995d921a404,H0463,9.0,2022-06-17,booking
U1abe1c666639,H0007,1.0,2022-06-17,booking
U28ac756f7b1e,H0182,9.1,2022-06-17,traveloka
U298955b00384,H0045,8.0,2022-06-17,ivivu
U2a46e9aec727,H0181,1.0,2022-06-17,booking
U42d2ad3dc9f1,H0523,6.0,2022-06-17,ivivu
U665904d21807,H0102,9.0,2022-06-17,booking
U740d2dc9b485,H0463,8.0,2022-06-17,booking
U7c00bcdd5697,H0510,9.0,2022-06-17,booking
U7eb7f1ed361a,H0515,6.0,2022-06-17,booking
U83025f422717,H0274,8.0,2022-06-17,ivivu
U8c5492d08f33,H0112,8.0,2022-06-17,booking
Ub5923814a325,H0465,9.0,2022-06-17,booking
Ubb7caab74705,H0052,10.0,2022-06-17,booking
Ubb7caab74705,H0010,1.0,2022-06-17,booking
Ubc355ec68437,H0463,6.0,2022-06-17,booking
Uc442f2456aa8,H0222,6.0,2022-06-17,booking
Ucb8b0596da83,H0324,8.5,2022-06-17,traveloka
Ud10d15a9de32,H0214,7.0,2022-06-17,booking
Udf8bc29e2f3f,H0353,8.0,2022-06-17,booking
Udf8bc29e2f3f,H0425,7.0,2022-06-17,booking
Ue83b093de198,H0353,10.0,2022-06-17,booking
Ue83b093de198,H0518,6.0,2022-06-17,booking
Ueff4fbda6737,H0214,1.0,2022-06-17,booking
U057e6c0f7d96,H0328,6.3,2022-06-18,traveloka
U2b9a383adb01,H0172,10.0,2022-06-18,booking
U5a350d7e7970,H0015,10.0,2022-06-18,booking
U6ff2a3262fc5,H0048,10.0,2022-06-18,ivivu
U73f1a0472869,H0096,10.0,2022-06-18,booking
U82a5ed2b4568,H0520,6.0,2022-06-18,booking
U84fe3011362b,H0418,8.0,2022-06-18,ivivu
Ua3ed799272fd,H0337,4.0,2022-06-18,booking
Uab90ae8d578c,H0408,8.0,2022-06-18,booking
Uae8735b5c0c9,H0355,5.0,2022-06-18,booking
Ub94e73415c6a,H0130,7.0,2022-06-18,booking
Uc2eafeeb199a,H0008,7.0,2022-06-18,booking
Ue488b537d786,H0077,5.0,2022-06-18,booking
Ue831822cb31a,H0032,8.5,2022-06-18,traveloka
Uf910cfcea493,H0433,7.0,2022-06-18,booking
U08d9193957ec,H0401,10.0,2022-06-19,ivivu
U1453914ccca2,H0021,1.0,2022-06-19,booking
U3550151b709f,H0220,10.0,2022-06-19,booking
U412f7a287472,H0516,10.0,2022-06-19,traveloka
U5d8edaba2962,H0529,8.0,2022-06-19,booking
U76baea6966e0,H0311,8.0,2022-06-19,booking
U97fe8cf42689,H0454,8.0,2022-06-19,booking
Ua7dd7ebf24fa,H0089,9.0,2022-06-19,booking
Ua866dc69d643,H0397,7.0,2022-06-19,booking
Ub0d6aeadc480,H0475,8.0,2022-06-19,booking
Ub4c4d593ee1d,H0515,7.0,2022-06-19,booking
Ub5482f12212e,H0214,9.0,2022-06-19,booking
Ubf83d81558dc,H0437,10.0,2022-06-19,ivivu
Uc77655397c4c,H0123,9.0,2022-06-19,booking
Uc9fc9f53967b,H0123,6.0,2022-06-19,booking
Udd5f3bd618d5,H0018,5.0,2022-06-19,booking
Ue0a9d4a85ddd,H0181,5.0,2022-06-19,booking
Uf13534b7de0c,H0337,8.0,2022-06-19,booking
Uf4773b1ac214,H0216,6.0,2022-06-19,traveloka
Ufe63b9d127ab,H0014,4.0,2022-06-19,booking
U33543e34eb90,H0087,7.0,2022-06-20,booking
U3b2056e9662c,H0345,7.0,2022-06-20,booking
U4a5c37819ffb,H0294,6.4,2022-06-20,traveloka
U66ec00312175,H0391,8.0,2022-06-20,ivivu
U6abc54e51970,H0032,8.0,2022-06-20,booking
U767d12f08131,H0155,10.0,2022-06-20,booking
U82fffe81f716,H0311,5.0,2022-06-20,booking
U8b48f1abe5bb,H0087,10.0,2022-06-20,booking
U8be4af507f44,H0155,10.0,2022-06-20,ivivu
U8f8b90971d60,H0089,9.0,2022-06-20,booking
U8f9142984511,H0541,9.0,2022-06-20,booking
U97193b503741,H0181,6.0,2022-06-20,booking
Ua866dc69d643,H0453,7.0,2022-06-20,booking
Ua8af45104f16,H0315,9.1,2022-06-20,traveloka
Ub3a8fc63d8e9,H0230,10.0,2022-06-20,traveloka
Ub80e9c104cb2,H0181,8.0,2022-06-20,booking
Ub86a99167ce7,H0337,9.0,2022-06-20,booking
Uc9fc9f53967b,H0176,7.0,2022-06-20,booking
Uc9fc9f53967b,H0018,7.0,2022-06-20,booking
Ucbbfc9e4cea6,H0465,10.0,2022-06-20,traveloka
Uce615eff48b5,H0221,6.0,2022-06-20,ivivu
Ucf5121b1dc7a,H0437,7.0,2022-06-20,booking
Ud89b56bbe5d1,H0283,8.0,2022-06-20,ivivu
Uea979d60f31c,H0181,6.0,2022-06-20,booking
Ufe39176aa29f,H0128,9.0,2022-06-20,booking
U1500a9267556,H0363,10.0,2022-06-21,booking
U320fe1f80c5e,H0380,6.0,2022-06-21,booking
U3a3fa99e447b,H0249,8.8,2022-06-21,traveloka
U595041030b42,H0353,7.0,2022-06-21,booking
U5e181805fc19,H0337,7.0,2022-06-21,booking
U6a1ec282d822,H0337,6.0,2022-06-21,booking
U6a1ec282d822,H0378,8.0,2022-06-21,booking
U72d8f85b3fb4,H0112,9.0,2022-06-21,booking
U82a5ed2b4568,H0007,1.0,2022-06-21,booking
U85ba6edcd969,H0532,9.0,2022-06-21,booking
Ua11a5c4b8957,H0529,6.3,2022-06-21,traveloka
Uab90ae8d578c,H0345,3.0,2022-06-21,booking
Uae43a1c16f19,H0204,6.0,2022-06-21,ivivu
Ub4c4d593ee1d,H0463,8.0,2022-06-21,booking
Uc43682ad0fad,H0510,9.0,2022-06-21,booking
Uc439ac066a38,H0181,5.0,2022-06-21,booking
Udd5f3bd618d5,H0225,8.0,2022-06-21,booking
Ude91c73dae42,H0166,6.4,2022-06-21,traveloka
U14c8c871f4d4,H0032,7.0,2022-06-22,booking
U1e1367252b82,H0181,1.0,2022-06-22,booking
U3b9fee761ece,H0098,7.0,2022-06-22,booking
U487120a75126,H0018,5.0,2022-06-22,booking
U5e181805fc19,H0363,10.0,2022-06-22,booking
U6328d48a6ee4,H0009,6.1,2022-06-22,traveloka
U63daf62e3a4e,H0051,9.7,2022-06-22,traveloka
U655646f09724,H0362,9.0,2022-06-22,booking
U655646f09724,H0475,7.0,2022-06-22,booking
U82a5ed2b4568,H0123,7.0,2022-06-22,booking
U8f9142984511,H0005,4.0,2022-06-22,booking
Uac87ad887d56,H0018,10.0,2022-06-22,booking
Ub5de39fe5205,H0345,9.0,2022-06-22,booking
Ub86a99167ce7,H0181,5.0,2022-06-22,booking
Ubb7caab74705,H0428,7.0,2022-06-22,booking
Uc43682ad0fad,H0112,6.0,2022-06-22,booking
Ud4eb70c2c3be,H0448,6.0,2022-06-22,traveloka
Ue045989ec9ca,H0487,8.0,2022-06-22,booking
Uf57a18241370,H0168,4.0,2022-06-22,ivivu
U16c2298dc0c0,H0181,1.0,2022-06-23,booking
U1abc95e84a31,H0490,10.0,2022-06-23,booking
U2d60ecff62f1,H0181,10.0,2022-06-23,booking
U3998549d8c13,H0112,7.0,2022-06-23,booking
U3d5ccc6b1274,H0427,6.0,2022-06-23,traveloka
U487120a75126,H0214,6.0,2022-06-23,booking
U562ba3409bd5,H0075,6.3,2022-06-23,traveloka
U595041030b42,H0015,10.0,2022-06-23,booking
U6a1ec282d822,H0225,5.0,2022-06-23,booking
U6b37eede54c7,H0535,10.0,2022-06-23,traveloka
U6deb99c8859b,H0507,6.0,2022-06-23,traveloka
U7a901bdced04,H0359,8.0,2022-06-23,ivivu
U7da3976a5a84,H0041,10.0,2022-06-23,traveloka
U82a5ed2b4568,H0363,10.0,2022-06-23,booking
U82a5ed2b4568,H0007,5.0,2022-06-23,booking
U8f9142984511,H0204,10.0,2022-06-23,booking
Ua571a440c856,H0023,10.0,2022-06-23,booking
Uab90ae8d578c,H0541,9.0,2022-06-23,booking
Uab90ae8d578c,H0363,7.0,2022-06-23,booking
Ub602883c7537,H0555,5.0,2022-06-23,booking
Ub8ad54b89952,H0123,7.0,2022-06-23,booking
Ue456e9f398af,H0465,5.0,2022-06-23,booking
Uf03f03d59d47,H0479,6.0,2022-06-23,booking
Ufe6ea18c1428,H0410,10.0,2022-06-23,booking
U1525adc7b68a,H0332,8.0,2022-06-24,booking
U16c2298dc0c0,H0100,8.0,2022-06-24,booking
U16c2298dc0c0,H0332,9.0,2022-06-24,booking
U1e1367252b82,H0102,10.0,2022-06-24,booking
U3550151b709f,H0023,4.0,2022-06-24,booking
U5a350d7e7970,H0021,10.0,2022-06-24,booking
U74c883b958ca,H0337,7.0,2022-06-24,booking
U80c3f2fb7fa6,H0487,10.0,2022-06-24,booking
Uc04b04250c9f,H0245,6.0,2022-06-24,ivivu
Uc9fc9f53967b,H0007,5.0,2022-06-24,booking
Ucaa5e34765c3,H0490,5.0,2022-06-24,booking
Ue1c19203c0eb,H0522,6.0,2022-06-24,ivivu
Uf2533c3e0101,H0242,10.0,2022-06-24,ivivu
Uf87323b22adb,H0549,7.0,2022-06-24,booking
U025c0bdadae4,H0437,5.0,2022-06-25,booking
U0edc017b5f5c,H0099,10.0,2022-06-25,booking
U3085b05b05f6,H0523,9.1,2022-06-25,traveloka
U30ab7763e8d6,H0487,3.0,2022-06-25,booking
U333cbe12a305,H0557,8.5,2022-06-25,traveloka
U3ad0dda9e2e2,H0396,5.9,2022-06-25,traveloka
U556c64cb7de3,H0510,1.0,2022-06-25,booking
U70d1cb8e578b,H0343,8.0,2022-06-25,booking
U804ca08923a0,H0214,4.0,2022-06-25,booking
U8f9142984511,H0123,3.0,2022-06-25,booking
U9482b53a70de,H0421,6.0,2022-06-25,ivivu
Uac87ad887d56,H0018,10.0,2022-06-25,booking
Ubb7caab74705,H0119,7.0,2022-06-25,booking
Ucacd20bff9a2,H0523,6.0,2022-06-25,ivivu
Ud87d13293d95,H0018,10.0,2022-06-25,booking
U1500a9267556,H0353,7.0,2022-06-26,booking
U25c0081f57bd,H0353,8.0,2022-06-26,booking
U2d60ecff62f1,H0327,10.0,2022-06-26,booking
U2dc6c78fa5ff,H0521,8.8,2022-06-26,traveloka
U487120a75126,H0015,10.0,2022-06-26,booking
U51fed0b5c9aa,H0354,2.0,2022-06-26,ivivu
U5a7fc67f04c1,H0128,9.0,2022-06-26,booking
U74600dd5c947,H0397,8.0,2022-06-26,booking
U7a37ffff8050,H0214,1.0,2022-06-26,booking
U8b48f1abe5bb,H0017,1.0,2022-06-26,booking
U8e28f8a9ae0a,H0210,6.0,2022-06-26,ivivu
U8f8b90971d60,H0089,10.0,2022-06-26,booking
Ub602883c7537,H0541,10.0,2022-06-26,booking
Ud56b9d60f8d5,H0353,8.0,2022-06-26,booking
Ue0a9d4a85ddd,H0006,6.0,2022-06-26,booking
Uf87323b22adb,H0032,9.0,2022-06-26,booking
Ufd39325c7262,H0015,10.0,2022-06-26,booking
U226811cb5edd,H0154,8.0,2022-06-27,ivivu
U24eb447b7385,H0269,7.0,2022-06-27,ivivu
U3550151b709f,H0102,4.0,2022-06-27,booking
U4229a718e5ca,H0475,9.0,2022-06-27,booking
U63a655335258,H0490,5.0,2022-06-27,booking
U732f3a697fa2,H0437,8.0,2022-06-27,booking
U8f9142984511,H0095,7.0,2022-06-27,booking
U9d4391ec7cfe,H0537,10.0,2022-06-27,ivivu
Ua099655f939e,H0221,6.0,2022-06-27,ivivu
Ua43bed44c3dd,H0496,5.4,2022-06-27,traveloka
Uae8735b5c0c9,H0510,7.0,2022-06-27,booking
Uc43682ad0fad,H0454,5.0,2022-06-27,booking
Ud060e42f88b8,H0514,5.0,2022-06-27,booking
Ue045989ec9ca,H0487,7.0,2022-06-27,booking
Uea3c62e209ed,H0181,10.0,2022-06-27,booking
Uf2a33ffd2ea4,H0204,6.0,2022-06-27,ivivu
Uf57a18241370,H0062,8.0,2022-06-27,ivivu
Uf76a42d21a7d,H0006,9.0,2022-06-27,booking
Ufcfc9414448d,H0225,6.6,2022-06-27,traveloka
U025c0bdadae4,H0295,6.0,2022-06-28,booking
U16c2298dc0c0,H0510,10.0,2022-06-28,booking
U17f4a6102459,H0269,7.0,2022-06-28,ivivu
U187ae8a93789,H0454,7.0,2022-06-28,booking
U2a7352b8ec32,H0523,6.0,2022-06-28,ivivu
U3b9fee761ece,H0465,7.0,2022-06-28,booking
U445ec0715ad3,H0535,9.4,2022-06-28,traveloka
U4463f32331ee,H0042,8.0,2022-06-28,booking
U462f6a8d1f38,H0458,7.0,2022-06-28,booking
U4cd0dc77cecb,H0533,5.0,2022-06-28,booking
U82a5ed2b4568,H0214,8.0,2022-06-28,booking
Ua866dc69d643,H0089,6.0,2022-06-28,booking
Ua9fee312a7b9,H0213,10.0,2022-06-28,booking
Ud08ab3eb6ab4,H0439,7.0,2022-06-28,booking
Ud941aea99c16,H0044,6.0,2022-06-28,ivivu
Ue65c8cd9a182,H0457,7.0,2022-06-28,booking
Ue6e3a62eed14,H0123,8.0,2022-06-28,booking
U078477765ef9,H0233,4.0,2022-06-29,ivivu
U16c2298dc0c0,H0332,7.0,2022-06-29,booking
U2d6dcf0577fa,H0123,8.0,2022-06-29,ivivu
U3b9fee761ece,H0450,10.0,2022-06-29,booking
U487120a75126,H0098,10.0,2022-06-29,booking
U5a350d7e7970,H0161,10.0,2022-06-29,booking
U655646f09724,H0078,5.0,2022-06-29,booking
U6abc54e51970,H0479,7.0,2022-06-29,booking
U6c7b7b60e609,H0467,8.3,2022-06-29,traveloka
U82a5ed2b4568,H0112,10.0,2022-06-29,booking
Ua866dc69d643,H0554,6.0,2022-06-29,booking
Ub316660cedb0,H0282,6.0,2022-06-29,ivivu
Ubaf19efa2146,H0112,1.0,2022-06-29,booking
Ubb7caab74705,H0007,9.0,2022-06-29,booking
Ubbcc4677cef1,H0214,8.0,2022-06-29,booking
Ud89e0bf314e5,H0290,10.0,2022-06-29,traveloka
Ue0a9d4a85ddd,H0123,7.0,2022-06-29,booking
Uf2a33ffd2ea4,H0414,10.0,2022-06-29,ivivu
Uf910cfcea493,H0042,8.0,2022-06-29,booking
U145b7c3a0a48,H0217,9.0,2022-06-30,booking
U18d62fae59d8,H0457,6.0,2022-06-30,booking
U1bec8816abef,H0272,8.0,2022-06-30,ivivu
U1e84baf9b7e4,H0518,6.0,2022-06-30,ivivu
U22ffbe331430,H0294,9.1,2022-06-30,traveloka
U595041030b42,H0089,8.0,2022-06-30,booking
U77246c85020e,H0208,6.0,2022-06-30,ivivu
U8410b4c5aaeb,H0099,10.0,2022-06-30,booking
U96ea00ecc288,H0005,7.0,2022-06-30,booking
Ua2ecd27013e2,H0529,9.0,2022-06-30,booking
Ub5923814a325,H0225,8.0,2022-06-30,booking
Ubf2b5faa456a,H0414,8.5,2022-06-30,traveloka
Ud10d15a9de32,H0007,5.0,2022-06-30,booking
Ude70caebe08e,H0107,6.4,2022-06-30,traveloka
Udf8bc29e2f3f,H0204,10.0,2022-06-30,booking
Uf2513108da8d,H0453,10.0,2022-06-30,booking
U2278f685b611,H0362,7.0,2022-07-01,booking
U30d9e7012ca2,H0200,7.0,2022-07-01,booking
U43c9681df962,H0311,9.0,2022-07-01,booking
U4e0b8690eb0a,H0391,6.0,2022-07-01,ivivu
U7db0f5c9d80d,H0544,8.5,2022-07-01,traveloka
U8a4f000b9100,H0262,10.0,2022-07-01,traveloka
U966d27754fa5,H0100,9.0,2022-07-01,booking
Ub94e73415c6a,H0381,5.0,2022-07-01,booking
Ud54aa580f69b,H0114,10.0,2022-07-01,ivivu
U025c0bdadae4,H0054,7.0,2022-07-02,booking
U1453914ccca2,H0214,8.0,2022-07-02,booking
U14e32b41137d,H0368,4.0,2022-07-02,ivivu
U2203d6ff40ab,H0067,5.0,2022-07-02,booking
U22c4784bac29,H0183,5.0,2022-07-02,booking
U4e493a7f2684,H0159,5.7,2022-07-02,traveloka
U55ba0a35377a,H0223,9.0,2022-07-02,booking
U5a350d7e7970,H0463,9.0,2022-07-02,booking
U6abc54e51970,H0218,6.0,2022-07-02,booking
U70b8579f29d6,H0412,9.4,2022-07-02,traveloka
Ubc183ec39523,H0381,7.0,2022-07-02,booking
Uc9fc9f53967b,H0465,8.0,2022-07-02,booking
Ue072af4ba9d2,H0156,9.0,2022-07-02,booking
Uf910cfcea493,H0183,6.0,2022-07-02,booking
U252b703e3535,H0521,6.3,2022-07-03,traveloka
U70d1cb8e578b,H0089,4.0,2022-07-03,booking
U788ad866add3,H0100,9.0,2022-07-03,booking
U8e65646fac3b,H0463,6.0,2022-07-03,booking
Ue045989ec9ca,H0330,10.0,2022-07-03,booking
U16c2298dc0c0,H0017,5.0,2022-07-04,booking
U1995d921a404,H0518,1.0,2022-07-04,booking
U44865709e101,H0100,9.0,2022-07-04,booking
U665904d21807,H0204,6.0,2022-07-04,booking
U6840254d67f2,H0102,10.0,2022-07-04,booking
U7369ea966365,H0176,7.0,2022-07-04,booking
U7fa613e5002e,H0381,9.0,2022-07-04,booking
U82a5ed2b4568,H0100,9.0,2022-07-04,booking
U82a92949cbb5,H0089,4.0,2022-07-04,booking
U861e875a3ae8,H0204,6.0,2022-07-04,ivivu
U96ea00ecc288,H0181,8.0,2022-07-04,booking
Uaa727adbce8f,H0176,10.0,2022-07-04,booking
Ub0d6aeadc480,H0014,10.0,2022-07-04,booking
Ue072af4ba9d2,H0008,7.0,2022-07-04,booking
U0d5c9b21d722,H0002,9.4,2022-07-05,traveloka
U145b7c3a0a48,H0123,7.1,2022-07-05,booking
U150b27aa5d9e,H0147,6.0,2022-07-05,traveloka
U1bac8a91d17f,H0510,8.0,2022-07-05,booking
U42d2ad3dc9f1,H0401,10.0,2022-07-05,ivivu
U461aa62a6da6,H0311,6.0,2022-07-05,ivivu
U5a350d7e7970,H0032,8.0,2022-07-05,booking
U68f435bcb37d,H0446,6.5,2022-07-05,traveloka
U82a5ed2b4568,H0008,9.0,2022-07-05,booking
Ub0d6aeadc480,H0353,8.0,2022-07-05,booking
Ub7fd7623f8b1,H0355,6.0,2022-07-05,booking
Uc43682ad0fad,H0425,9.0,2022-07-05,booking
Uc7110aaf2bea,H0549,9.0,2022-07-05,booking
Ud337acc90f71,H0461,8.5,2022-07-05,traveloka
U1bac8a91d17f,H0123,4.0,2022-07-06,booking
U1bae2481fbd2,H0458,9.0,2022-07-06,booking
U25c0081f57bd,H0514,10.0,2022-07-06,booking
U32e0d2d939ce,H0410,1.0,2022-07-06,booking
U396e6e5dd83d,H0048,8.0,2022-07-06,ivivu
U655646f09724,H0155,10.0,2022-07-06,booking
U6aed57bcf821,H0530,6.0,2022-07-06,ivivu
U8f9142984511,H0119,7.0,2022-07-06,booking
Ua1f05a2575e2,H0331,6.1,2022-07-06,traveloka
Ua8a1269428a1,H0408,10.0,2022-07-06,booking
Uae8735b5c0c9,H0363,9.0,2022-07-06,booking
Ub5923814a325,H0172,7.0,2022-07-06,booking
Ub5923814a325,H0433,2.0,2022-07-06,booking
Ub950bc275517,H0100,8.0,2022-07-06,booking
Uba1c8ca6b899,H0155,7.0,2022-07-06,booking
Ud08f50778b2e,H0334,6.0,2022-07-06,traveloka
Udcfd4e156031,H0437,1.0,2022-07-06,booking
Ue0a9d4a85ddd,H0490,10.0,2022-07-06,booking
Uf4be570e2471,H0487,8.0,2022-07-06,booking
U16d1832959c1,H0376,5.5,2022-07-07,traveloka
U16d3a719a36b,H0409,8.0,2022-07-07,ivivu
U2278f685b611,H0510,8.0,2022-07-07,booking
U3c76d79f4a68,H0078,8.0,2022-07-07,booking
U5a350d7e7970,H0090,8.0,2022-07-07,booking
U5a350d7e7970,H0378,8.0,2022-07-07,booking
U6121d00b28fa,H0399,6.0,2022-07-07,ivivu
U8c5492d08f33,H0454,1.0,2022-07-07,booking
Uba671f3c5456,H0294,9.7,2022-07-07,traveloka
Uc439ac066a38,H0453,8.0,2022-07-07,booking
Uc9fc9f53967b,H0179,10.0,2022-07-07,booking
Ud043fdb4c2fe,H0105,9.7,2022-07-07,traveloka
Ud108ab697fa5,H0516,6.0,2022-07-07,traveloka
Ue6e3a62eed14,H0353,5.0,2022-07-07,booking
Uff055de421e5,H0463,9.0,2022-07-07,booking
U138eb8032454,H0478,8.5,2022-07-08,traveloka
U1bac8a91d17f,H0453,9.0,2022-07-08,booking
U20a788dd2dc9,H0383,9.7,2022-07-08,traveloka
U210975ccc06d,H0336,6.0,2022-07-08,traveloka
U704fe371a675,H0181,8.0,2022-07-08,booking
U764b50c0d940,H0487,10.0,2022-07-08,booking
U8c5492d08f33,H0353,9.0,2022-07-08,booking
U920e21611453,H0128,7.0,2022-07-08,booking
U99f7a5646634,H0002,8.7,2022-07-08,traveloka
Ubb7caab74705,H0214,6.0,2022-07-08,booking
Uc7110aaf2bea,H0452,7.0,2022-07-08,booking
Uc94b5429322d,H0112,5.0,2022-07-08,booking
Ue3b5c3f8ed97,H0168,6.0,2022-07-08,ivivu
Ue83b093de198,H0032,10.0,2022-07-08,booking
Uee80897c5223,H0123,6.0,2022-07-08,ivivu
Uf13534b7de0c,H0433,3.0,2022-07-08,booking
U15c5f8689a8c,H0463,6.0,2022-07-09,booking
U176f426b0156,H0176,5.0,2022-07-09,booking
U1995d921a404,H0505,9.0,2022-07-09,booking
U2d2f17b90276,H0454,9.7,2022-07-09,traveloka
U462f6a8d1f38,H0452,8.0,2022-07-09,booking
U5f49f8d0ea4b,H0146,10.0,2022-07-09,ivivu
U6058695c187f,H0238,8.5,2022-07-09,traveloka
U655646f09724,H0018,10.0,2022-07-09,booking
U6840254d67f2,H0353,1.0,2022-07-09,booking
U699916231e95,H0018,9.0,2022-07-09,booking
U6a1ec282d822,H0099,10.0,2022-07-09,booking
Ub9b47eb4aca4,H0555,8.0,2022-07-09,booking
Ucf5121b1dc7a,H0345,10.0,2022-07-09,booking
Udcd7545e9dfa,H0100,2.0,2022-07-09,booking
Udd5f3bd618d5,H0311,9.0,2022-07-09,booking
Udf8bc29e2f3f,H0412,9.0,2022-07-09,booking
Uf4eae3ed338d,H0351,5.0,2022-07-09,booking
Uface7c852c4e,H0349,9.0,2022-07-09,booking
U1a572323c22a,H0181,5.7,2022-07-10,traveloka
U65add53a08b6,H0143,8.0,2022-07-10,ivivu
U721f27459cc3,H0272,9.7,2022-07-10,traveloka
U72d8f85b3fb4,H0437,1.0,2022-07-10,booking
U7e04fcfee5da,H0123,6.0,2022-07-10,traveloka
Uab90ae8d578c,H0089,9.0,2022-07-10,booking
Uaf21d4f2f20a,H0461,8.5,2022-07-10,traveloka
Ub051030fc5a2,H0469,5.0,2022-07-10,booking
Ub86a99167ce7,H0295,7.0,2022-07-10,booking
Ubfe01768a29f,H0523,6.0,2022-07-10,ivivu
Uc43682ad0fad,H0104,10.0,2022-07-10,booking
Ucf7cfde375ee,H0437,6.0,2022-07-10,ivivu
Udc7a244453d9,H0549,9.0,2022-07-10,booking
Udf8bc29e2f3f,H0100,5.0,2022-07-10,booking
Ufabffce179b9,H0162,6.0,2022-07-10,ivivu
U1a102edf1c69,H0378,8.0,2022-07-11,booking
U45559e7581e5,H0102,9.0,2022-07-11,booking
U5a7fc67f04c1,H0095,5.0,2022-07-11,booking
U6f123f862e99,H0089,8.0,2022-07-11,booking
U838e0080a716,H0331,8.5,2022-07-11,traveloka
Ub0f28e85a076,H0246,6.0,2022-07-11,ivivu
Ub345a5765edf,H0238,6.5,2022-07-11,traveloka
Ud8e73acc30df,H0454,10.0,2022-07-11,booking
U0bf078e3c313,H0510,9.4,2022-07-12,traveloka
U595041030b42,H0353,6.0,2022-07-12,booking
U61419e49de12,H0295,7.0,2022-07-12,booking
U7462426d9739,H0294,9.1,2022-07-12,traveloka
U82f103385c33,H0295,9.0,2022-07-12,booking
Uc50ee004d090,H0489,9.0,2022-07-12,booking
Uf34c3a4a9986,H0095,10.0,2022-07-12,booking
U0651420019f7,H0123,10.0,2022-07-13,ivivu
U0acf29f32f54,H0523,6.0,2022-07-13,ivivu
U16c2298dc0c0,H0236,8.0,2022-07-13,booking
U32e0d2d939ce,H0352,5.0,2022-07-13,booking
U50f523b549c4,H0006,8.0,2022-07-13,booking
U5f8b11c1890d,H0439,9.7,2022-07-13,traveloka
U74c114c6b433,H0089,8.5,2022-07-13,traveloka
U7a37ffff8050,H0005,9.0,2022-07-13,booking
Ua4e7b244b5ae,H0337,4.0,2022-07-13,booking
Uab90ae8d578c,H0238,9.0,2022-07-13,booking
Ub602883c7537,H0006,10.0,2022-07-13,booking
Ubaf19efa2146,H0181,8.0,2022-07-13,booking
Uc2eafeeb199a,H0071,9.0,2022-07-13,booking
Uc2eafeeb199a,H0381,10.0,2022-07-13,booking
Uc43682ad0fad,H0090,8.0,2022-07-13,booking
Uc43682ad0fad,H0538,9.0,2022-07-13,booking
Ud1ab80a63680,H0123,9.0,2022-07-13,booking
Ud988f30458dc,H0023,7.0,2022-07-13,booking
Udf8bc29e2f3f,H0541,6.0,2022-07-13,booking
Ue488b537d786,H0353,5.0,2022-07-13,booking
Ue5af6f221e43,H0018,7.0,2022-07-13,booking
U01a6fd87e89b,H0089,8.0,2022-07-14,booking
U13b75cde6e99,H0168,6.0,2022-07-14,ivivu
U16c2298dc0c0,H0100,8.0,2022-07-14,booking
U6be42fc14ef3,H0550,5.8,2022-07-14,traveloka
U72d8f85b3fb4,H0010,5.0,2022-07-14,booking
U7369ea966365,H0015,7.0,2022-07-14,booking
U90d34ac8c143,H0181,8.0,2022-07-14,booking
U918ff62a0613,H0175,6.4,2022-07-14,traveloka
U95ab3d2f165d,H0179,6.0,2022-07-14,booking
U9828fc7022d4,H0527,6.0,2022-07-14,ivivu
Ua866dc69d643,H0015,10.0,2022-07-14,booking
Uaa727adbce8f,H0095,8.0,2022-07-14,booking
Uab90ae8d578c,H0023,5.0,2022-07-14,booking
Ubb7caab74705,H0525,10.0,2022-07-14,booking
Ud8e73acc30df,H0100,6.0,2022-07-14,booking
Ue1ea6170d5ed,H0095,10.0,2022-07-14,booking
Ue6ea9d1485ba,H0555,8.0,2022-07-14,booking
Uea979d60f31c,H0463,7.0,2022-07-14,booking
Uf257fe00b73b,H0002,8.5,2022-07-14,traveloka
Uf78c9851cf80,H0102,8.0,2022-07-14,booking
U14a568c69f46,H0225,2.0,2022-07-15,booking
U16c2298dc0c0,H0549,8.0,2022-07-15,booking
U3550151b709f,H0220,9.0,2022-07-15,booking
U50f523b549c4,H0095,8.0,2022-07-15,booking
U5a350d7e7970,H0090,10.0,2022-07-15,booking
U655646f09724,H0139,5.0,2022-07-15,booking
U72d8f85b3fb4,H0470,5.0,2022-07-15,booking
U7f6c9cd1a5f4,H0112,4.0,2022-07-15,booking
U82a5ed2b4568,H0099,8.0,2022-07-15,booking
Ua3a340e09934,H0136,5.4,2022-07-15,traveloka
Ub5923814a325,H0032,9.0,2022-07-15,booking
Uc9fc9f53967b,H0021,4.0,2022-07-15,booking
Ucaacb3bf5210,H0498,9.0,2022-07-15,booking
Ue1ea6170d5ed,H0234,6.0,2022-07-15,booking
Ue585b310da8e,H0095,10.0,2022-07-15,booking
U15c5f8689a8c,H0100,9.0,2022-07-16,booking
U6a0af3110d59,H0439,10.0,2022-07-16,booking
U6a1ec282d822,H0089,8.0,2022-07-16,booking
U7f1d82df196e,H0383,8.0,2022-07-16,ivivu
U953c4bde60c5,H0424,9.0,2022-07-16,booking
Ubc355ec68437,H0204,7.0,2022-07-16,booking
Uc5b4797ed000,H0181,6.0,2022-07-16,booking
Uc9fc9f53967b,H0010,9.0,2022-07-16,booking
Ucaa5e34765c3,H0067,7.0,2022-07-16,booking
Ucf5121b1dc7a,H0021,5.0,2022-07-16,booking
Udcd7545e9dfa,H0181,1.0,2022-07-16,booking
Ue1ea6170d5ed,H0021,6.0,2022-07-16,booking
Ue488b537d786,H0378,7.0,2022-07-16,booking
U025c0bdadae4,H0518,9.0,2022-07-17,booking
U0cbf53e2730b,H0439,10.0,2022-07-17,booking
U1453914ccca2,H0353,3.0,2022-07-17,booking
U145b7c3a0a48,H0089,10.0,2022-07-17,booking
U1500a9267556,H0397,10.0,2022-07-17,booking
U184d5346e663,H0366,9.0,2022-07-17,traveloka
U20bbe73c21d9,H0490,10.0,2022-07-17,booking
U4229a718e5ca,H0021,7.0,2022-07-17,booking
U50f523b549c4,H0077,5.0,2022-07-17,booking
U55ba0a35377a,H0100,4.0,2022-07-17,booking
U833d0c162c1c,H0166,4.8,2022-07-17,traveloka
U86718e9be95e,H0214,6.0,2022-07-17,booking
Uac8fa35c35a0,H0326,7.0,2022-07-17,ivivu
Uae8735b5c0c9,H0181,9.0,2022-07-17,booking
Ubb7caab74705,H0466,5.0,2022-07-17,booking
Ubb7caab74705,H0437,3.0,2022-07-17,booking
Uc5b4797ed000,H0437,8.0,2022-07-17,booking
Uc7110aaf2bea,H0397,10.0,2022-07-17,booking
Uc874bee1c545,H0028,8.0,2022-07-17,booking
Udcd7545e9dfa,H0214,9.0,2022-07-17,booking
U025c0bdadae4,H0353,8.0,2022-07-18,booking
U34ce30ea79f2,H0136,7.9,2022-07-18,traveloka
U487120a75126,H0311,5.0,2022-07-18,booking
U63fd833b4a7c,H0008,6.0,2022-07-18,booking
U66c899d5eaa0,H0070,6.0,2022-07-18,traveloka
U6a1ec282d822,H0089,10.0,2022-07-18,booking
U6a1ec282d822,H0007,10.0,2022-07-18,booking
U6dbb4301b696,H0361,6.0,2022-07-18,ivivu
U6f123f862e99,H0172,10.0,2022-07-18,booking
Ub8e530aa081f,H0042,4.0,2022-07-18,booking
Uc3b70a90991a,H0112,4.0,2022-07-18,booking
Uc5b4797ed000,H0490,8.0,2022-07-18,booking
Ue1ea6170d5ed,H0102,9.0,2022-07-18,booking
Uf7f73302c612,H0175,5.4,2022-07-18,traveloka
Ufe39176aa29f,H0120,5.0,2022-07-18,booking
U0f12987ecd86,H0446,9.7,2022-07-19,traveloka
U145b7c3a0a48,H0112,10.0,2022-07-19,booking
U14a568c69f46,H0123,7.0,2022-07-19,booking
U16c2298dc0c0,H0225,5.0,2022-07-19,booking
U16c2298dc0c0,H0470,5.0,2022-07-19,booking
U183e30c6fc45,H0337,7.0,2022-07-19,booking
U43c9681df962,H0028,7.0,2022-07-19,booking
U467daa13540d,H0505,7.0,2022-07-19,booking
U55ba0a35377a,H0362,6.0,2022-07-19,booking
U788ad866add3,H0397,9.0,2022-07-19,booking
U966d27754fa5,H0200,7.0,2022-07-19,booking
U97111d292c1b,H0515,9.0,2022-07-19,booking
Ua3b9950df989,H0028,10.0,2022-07-19,booking
Ua5bb41e90053,H0519,6.0,2022-07-19,traveloka
Uada44920f035,H0528,6.0,2022-07-19,ivivu
Ub5923814a325,H0172,7.0,2022-07-19,booking
Ubb7caab74705,H0437,1.0,2022-07-19,booking
Uc43682ad0fad,H0510,10.0,2022-07-19,booking
Uc43682ad0fad,H0463,9.0,2022-07-19,booking
Uc58069ce9da2,H0095,7.0,2022-07-19,booking
Uc5b4797ed000,H0089,8.0,2022-07-19,booking
Ue359c9824d1c,H0311,8.1,2022-07-19,traveloka
Uf5aabc5593b9,H0458,6.0,2022-07-19,booking
Uf75aeb4283b6,H0272,8.5,2022-07-19,traveloka
Uf87323b22adb,H0363,9.0,2022-07-19,booking
U16c2298dc0c0,H0184,5.0,2022-07-20,booking
U16c2298dc0c0,H0529,7.0,2022-07-20,booking
U1e1367252b82,H0491,10.0,2022-07-20,booking
U467daa13540d,H0510,9.0,2022-07-20,booking
U4a17bd6754c9,H0181,6.0,2022-07-20,booking
U4ca44a2c942b,H0181,6.0,2022-07-20,booking
U5bd982b408f8,H0311,6.0,2022-07-20,ivivu
U70171d98e5f7,H0557,8.8,2022-07-20,traveloka
U7accefa53685,H0453,9.0,2022-07-20,booking
U7e84d2c4369b,H0183,5.0,2022-07-20,booking
U99e209fbf737,H0378,10.0,2022-07-20,booking
Ub950bc275517,H0015,9.0,2022-07-20,booking
Uc43682ad0fad,H0089,7.0,2022-07-20,booking
Uc7b3f03e9a32,H0089,7.0,2022-07-20,booking
Ucf5121b1dc7a,H0554,9.0,2022-07-20,booking
Uf4be570e2471,H0061,10.0,2022-07-20,booking
U06eb563d68b6,H0437,4.0,2022-07-21,booking
U16765312e621,H0362,7.0,2022-07-21,booking
U16c2298dc0c0,H0042,7.0,2022-07-21,booking
U1995d921a404,H0100,10.0,2022-07-21,booking
U4ca44a2c942b,H0534,6.0,2022-07-21,booking
U595041030b42,H0007,5.0,2022-07-21,booking
U8c5492d08f33,H0220,7.0,2022-07-21,booking
U8f9142984511,H0340,5.0,2022-07-21,booking
U9483cad81e0d,H0089,5.0,2022-07-21,booking
Uabec9f08f97e,H0226,6.2,2022-07-21,traveloka
Uc43682ad0fad,H0181,5.0,2022-07-21,booking
Uc88d504bf695,H0324,9.7,2022-07-21,traveloka
Ud0be7050242b,H0521,4.8,2022-07-21,traveloka
Udde3baa7a884,H0285,8.0,2022-07-21,ivivu
Ue65c8cd9a182,H0200,7.0,2022-07-21,booking
Uf87323b22adb,H0087,8.0,2022-07-21,booking
Uf90679e139cf,H0353,7.0,2022-07-21,booking
U0d60fbb480a1,H0491,8.0,2022-07-22,ivivu
U18c4cf0f7006,H0017,10.0,2022-07-22,booking
U1e1367252b82,H0442,7.0,2022-07-22,booking
U3162c927fbd8,H0245,8.0,2022-07-22,ivivu
U487120a75126,H0363,6.0,2022-07-22,booking
U595041030b42,H0497,7.0,2022-07-22,booking
U6a1ec282d822,H0433,2.0,2022-07-22,booking
U8b48f1abe5bb,H0454,7.0,2022-07-22,booking
Uaf787a152bdc,H0532,9.0,2022-07-22,booking
Uc9fc9f53967b,H0027,10.0,2022-07-22,booking
Ue072af4ba9d2,H0179,10.0,2022-07-22,booking
U1abc95e84a31,H0102,1.0,2022-07-23,booking
U4c2602b8aa98,H0181,9.0,2022-07-23,booking
U6a1ec282d822,H0112,3.0,2022-07-23,booking
U82a5ed2b4568,H0363,6.0,2022-07-23,booking
U82a5ed2b4568,H0032,7.0,2022-07-23,booking
U8b48f1abe5bb,H0123,8.0,2022-07-23,booking
Ua763553c4c49,H0437,7.0,2022-07-23,booking
Uac2a1af649a9,H0100,9.0,2022-07-23,booking
Ub86a99167ce7,H0332,3.0,2022-07-23,booking
Ub950bc275517,H0546,9.0,2022-07-23,booking
Uc43682ad0fad,H0443,10.0,2022-07-23,booking
Ud87d13293d95,H0007,7.0,2022-07-23,booking
Ud8e73acc30df,H0112,1.0,2022-07-23,booking
Ue1ea6170d5ed,H0100,7.0,2022-07-23,booking
Uf13534b7de0c,H0433,4.0,2022-07-23,booking
Uf4be570e2471,H0099,5.0,2022-07-23,booking
U1d36bf4bd101,H0126,9.1,2022-07-24,traveloka
U3764c8b068fc,H0527,2.0,2022-07-24,ivivu
U61419e49de12,H0433,3.0,2022-07-24,booking
U6205a33fa06b,H0285,6.0,2022-07-24,ivivu
U82a92949cbb5,H0529,10.0,2022-07-24,booking
Ua571a440c856,H0078,7.0,2022-07-24,booking
Uae8735b5c0c9,H0007,6.0,2022-07-24,booking
Uae8735b5c0c9,H0515,10.0,2022-07-24,booking
Ubb7caab74705,H0490,10.0,2022-07-24,booking
Uc5b4797ed000,H0236,8.0,2022-07-24,booking
Ud670f62dee04,H0159,6.0,2022-07-24,traveloka
Udd5f3bd618d5,H0032,3.0,2022-07-24,booking
Ue0a9d4a85ddd,H0529,7.0,2022-07-24,booking
Uea3c62e209ed,H0181,6.0,2022-07-24,booking
Uea3c62e209ed,H0350,7.0,2022-07-24,booking
Uf7d87661276d,H0505,7.0,2022-07-24,booking
Ufa547aa5929f,H0114,10.0,2022-07-24,traveloka
U0fa462fa5f5d,H0518,7.0,2022-07-25,booking
U16c2298dc0c0,H0095,9.0,2022-07-25,booking
U30a46b055d64,H0438,6.0,2022-07-25,ivivu
U374fbb55ef14,H0089,9.0,2022-07-25,booking
U4227c54a773d,H0344,6.5,2022-07-25,traveloka
U50f523b549c4,H0351,7.0,2022-07-25,booking
U7827c6e93da2,H0376,8.5,2022-07-25,traveloka
U7a37ffff8050,H0510,8.0,2022-07-25,booking
U7a65efe33d9e,H0008,8.0,2022-07-25,booking
U80c3f2fb7fa6,H0220,10.0,2022-07-25,booking
U838540038b5f,H0018,10.0,2022-07-25,booking
Ua571a440c856,H0200,6.0,2022-07-25,booking
Ua5f1ca176dcd,H0015,5.0,2022-07-25,booking
Ub6449c27ea57,H0015,7.0,2022-07-25,booking
Uc874bee1c545,H0100,7.0,2022-07-25,booking
Uc9fc9f53967b,H0021,4.0,2022-07-25,booking
U000915babe05,H0080,10.0,2022-07-26,ivivu
U16c2298dc0c0,H0008,7.0,2022-07-26,booking
U18440a6c0bec,H0414,4.0,2022-07-26,ivivu
U1f3cc872afc7,H0005,1.0,2022-07-26,booking
U487120a75126,H0437,8.0,2022-07-26,booking
U579d3f95e20b,H0514,7.0,2022-07-26,booking
U6a1ec282d822,H0363,8.0,2022-07-26,booking
U70d1cb8e578b,H0350,6.0,2022-07-26,booking
U764b50c0d940,H0100,1.0,2022-07-26,booking
U7a37ffff8050,H0028,5.0,2022-07-26,booking
U837970da48ee,H0045,10.0,2022-07-26,ivivu
U8c5492d08f33,H0089,8.0,2022-07-26,booking
U8c5492d08f33,H0514,10.0,2022-07-26,booking
Ua866dc69d643,H0532,9.0,2022-07-26,booking
Uabec9f08f97e,H0496,5.7,2022-07-26,traveloka
Ubb7caab74705,H0089,5.0,2022-07-26,booking
Uc2eafeeb199a,H0090,5.0,2022-07-26,booking
Ue488b537d786,H0398,10.0,2022-07-26,booking
Ufe39176aa29f,H0161,9.0,2022-07-26,booking
U0ced996809e9,H0541,10.0,2022-07-27,booking
U1945bdccea23,H0160,8.5,2022-07-27,traveloka
U2203d6ff40ab,H0225,5.0,2022-07-27,booking
U3b9fee761ece,H0123,9.0,2022-07-27,booking
U50f523b549c4,H0018,7.0,2022-07-27,booking
U55ba0a35377a,H0032,7.0,2022-07-27,booking
U5c13d56d6b33,H0015,10.0,2022-07-27,booking
U6a1ec282d822,H0015,10.0,2022-07-27,booking
U9189e655db34,H0183,8.0,2022-07-27,booking
U9fd4159feb84,H0005,6.0,2022-07-27,booking
Ub602883c7537,H0333,10.0,2022-07-27,booking
Ubaf19efa2146,H0098,9.0,2022-07-27,booking
Uc9fc9f53967b,H0120,7.0,2022-07-27,booking
Uf76a42d21a7d,H0450,10.0,2022-07-27,booking
Uf7b7d282da79,H0181,7.0,2022-07-27,booking
Uf87323b22adb,H0453,10.0,2022-07-27,booking
U0be304f70979,H0032,10.0,2022-07-28,booking
U1abe1c666639,H0555,7.0,2022-07-28,booking
U2bf0dae94c8b,H0210,8.0,2022-07-28,ivivu
U4c2602b8aa98,H0439,7.0,2022-07-28,booking
U4ceba8673ab5,H0179,9.0,2022-07-28,booking
U4da22644e9d5,H0383,6.0,2022-07-28,ivivu
U5a350d7e7970,H0458,5.0,2022-07-28,booking
U5f093cee3fbd,H0102,1.0,2022-07-28,booking
U7038329f5ad6,H0353,9.0,2022-07-28,booking
U73776e7162d8,H0032,8.0,2022-07-28,booking
U82a5ed2b4568,H0089,10.0,2022-07-28,booking
Ua866dc69d643,H0172,7.0,2022-07-28,booking
Ua9fee312a7b9,H0087,3.0,2022-07-28,booking
Ub88006c8832f,H0453,9.0,2022-07-28,booking
Ubb7caab74705,H0112,1.0,2022-07-28,booking
Uc2eafeeb199a,H0363,6.0,2022-07-28,booking
Uc77655397c4c,H0156,5.0,2022-07-28,booking
Ud1dc2ee6ae70,H0433,6.0,2022-07-28,booking
Uefeb808df0da,H0062,7.0,2022-07-28,ivivu
U039ad88eae73,H0070,9.4,2022-07-29,traveloka
U0c5d38729571,H0506,6.0,2022-07-29,booking
U16c2298dc0c0,H0021,10.0,2022-07-29,booking
U3b9fee761ece,H0028,9.0,2022-07-29,booking
U61d97d143881,H0295,6.0,2022-07-29,booking
U6a1ec282d822,H0555,10.0,2022-07-29,booking
U7a1c550b7ef4,H0123,7.0,2022-07-29,booking
U876a3a557e3f,H0425,10.0,2022-07-29,booking
U8c288bb268b1,H0439,8.8,2022-07-29,traveloka
U9ed7a0b494e1,H0183,7.0,2022-07-29,booking
Ua571a440c856,H0205,7.0,2022-07-29,booking
Ubaf19efa2146,H0200,8.0,2022-07-29,booking
Uc8dc43d69701,H0311,7.0,2022-07-29,booking
Uc9fc9f53967b,H0213,5.0,2022-07-29,booking
Ud3331afbb2ee,H0261,8.0,2022-07-29,ivivu
Ue0a9d4a85ddd,H0459,6.0,2022-07-29,booking
Ue0cc54a0978f,H0007,5.0,2022-07-29,booking
Uf76a42d21a7d,H0408,7.0,2022-07-29,booking
Uf76a42d21a7d,H0183,5.0,2022-07-29,booking
Uf7b7d282da79,H0089,7.0,2022-07-29,booking
U086c4612b288,H0095,10.0,2022-07-30,booking
U16c2298dc0c0,H0078,7.0,2022-07-30,booking
U487120a75126,H0089,10.0,2022-07-30,booking
U7accefa53685,H0505,9.0,2022-07-30,booking
U82a5ed2b4568,H0425,10.0,2022-07-30,booking
U85131b81ced8,H0121,8.0,2022-07-30,ivivu
U97111d292c1b,H0123,7.0,2022-07-30,booking
U97111d292c1b,H0327,7.0,2022-07-30,booking
Ubb7caab74705,H0349,2.0,2022-07-30,booking
Ubb7caab74705,H0533,5.0,2022-07-30,booking
Uc5c108aa168a,H0532,10.0,2022-07-30,booking
Uc9fc9f53967b,H0490,5.0,2022-07-30,booking
Ud10d15a9de32,H0098,10.0,2022-07-30,booking
Udc7f6b75ac9e,H0159,8.5,2022-07-30,traveloka
U55ba0a35377a,H0023,5.0,2022-07-31,booking
U669eb3c21ce6,H0439,5.0,2022-07-31,booking
U6a1ec282d822,H0015,10.0,2022-07-31,booking
U6ee8629c8a1a,H0437,6.0,2022-07-31,booking
U770d4e8b77bb,H0008,3.0,2022-07-31,booking
U7a347e6a9ed8,H0036,6.0,2022-07-31,ivivu
U7c576fde4e96,H0555,6.0,2022-07-31,ivivu
U85ba6edcd969,H0363,7.0,2022-07-31,booking
U8c5492d08f33,H0010,2.0,2022-07-31,booking
Ub76b66cd6c5d,H0337,8.0,2022-07-31,booking
Uc7110aaf2bea,H0214,5.0,2022-07-31,booking
Ud5e4230ce41d,H0408,10.0,2022-07-31,traveloka
U09e80571fd89,H0521,6.0,2022-08-01,traveloka
U6f123f862e99,H0042,5.0,2022-08-01,booking
U8015f73bab56,H0394,8.5,2022-08-01,traveloka
Ua571a440c856,H0014,9.0,2022-08-01,booking
Ubb7caab74705,H0005,7.0,2022-08-01,booking
Ubc183ec39523,H0176,10.0,2022-08-01,booking
Uea979d60f31c,H0087,9.0,2022-08-01,booking
U16c2298dc0c0,H0014,10.0,2022-08-02,booking
U2278f685b611,H0378,5.0,2022-08-02,booking
U39af4126c61b,H0107,6.0,2022-08-02,traveloka
U665904d21807,H0130,6.0,2022-08-02,booking
U6a1ec282d822,H0102,4.0,2022-08-02,booking
U76baea6966e0,H0025,9.0,2022-08-02,booking
U79e998325d13,H0320,10.0,2022-08-02,ivivu
U82a5ed2b4568,H0217,9.0,2022-08-02,booking
Uac8fa35c35a0,H0491,8.0,2022-08-02,ivivu
Ubc355ec68437,H0490,8.0,2022-08-02,booking
Uc43682ad0fad,H0213,10.0,2022-08-02,booking
Uc43682ad0fad,H0158,1.0,2022-08-02,booking
Uc9fc9f53967b,H0549,7.0,2022-08-02,booking
Uda2d5477dbd7,H0547,5.8,2022-08-02,traveloka
Uf910cfcea493,H0475,7.0,2022-08-02,booking
U145b7c3a0a48,H0353,4.0,2022-08-03,booking
U14a568c69f46,H0017,10.0,2022-08-03,booking
U19591d01e048,H0414,9.7,2022-08-03,traveloka
U4a17bd6754c9,H0518,8.0,2022-08-03,booking
U5fc2677022d4,H0221,10.0,2022-08-03,ivivu
U608950c9b06d,H0005,7.0,2022-08-03,booking
U664d8a4e8ad9,H0085,6.0,2022-08-03,traveloka
U665904d21807,H0156,6.0,2022-08-03,booking
U6a1ec282d822,H0095,6.0,2022-08-03,booking
U8c5492d08f33,H0158,9.0,2022-08-03,booking
Uafc61897ea53,H0272,9.4,2022-08-03,traveloka
Ufea52d0cea40,H0147,6.0,2022-08-03,traveloka
U1abc95e84a31,H0099,7.0,2022-08-04,booking
U42d2ad3dc9f1,H0002,9.7,2022-08-04,traveloka
U42d2ad3dc9f1,H0209,8.0,2022-08-04,ivivu
U55ba0a35377a,H0077,9.0,2022-08-04,booking
U55ba0a35377a,H0130,4.0,2022-08-04,booking
U5f1ab43ed9ad,H0225,6.0,2022-08-04,booking
U82a5ed2b4568,H0200,4.0,2022-08-04,booking
Uc874bee1c545,H0130,8.0,2022-08-04,booking
Ue5c15927a83e,H0003,6.2,2022-08-04,traveloka
Uf3ec055b9988,H0099,10.0,2022-08-04,booking
U16c2298dc0c0,H0102,8.0,2022-08-05,booking
U23b273be31f8,H0295,9.0,2022-08-05,booking
U72d8f85b3fb4,H0454,7.0,2022-08-05,booking
U76baea6966e0,H0098,7.0,2022-08-05,booking
U8f9142984511,H0204,6.0,2022-08-05,booking
Ua3ed799272fd,H0181,7.0,2022-08-05,booking
Uae8735b5c0c9,H0089,7.0,2022-08-05,booking
Ubb7caab74705,H0089,10.0,2022-08-05,booking
Ubb7caab74705,H0442,5.0,2022-08-05,booking
Uc7110aaf2bea,H0454,1.0,2022-08-05,booking
Udf8bc29e2f3f,H0181,8.0,2022-08-05,booking
Ue045989ec9ca,H0078,5.0,2022-08-05,booking
Ue4a146a7dd7d,H0531,8.0,2022-08-05,ivivu
U027a7ee573ea,H0420,6.0,2022-08-06,ivivu
U0c024ce09c1a,H0516,6.2,2022-08-06,traveloka
U0fa462fa5f5d,H0181,9.0,2022-08-06,booking
U1a102edf1c69,H0510,5.0,2022-08-06,booking
U32133f20ba3c,H0143,8.0,2022-08-06,ivivu
U39d7ab6c0340,H0391,8.0,2022-08-06,ivivu
U4f939cd0c13f,H0213,9.0,2022-08-06,booking
U5863bd418f0c,H0311,6.0,2022-08-06,ivivu
U67a7763034cd,H0044,10.0,2022-08-06,ivivu
U6a1ec282d822,H0497,1.0,2022-08-06,booking
U6e17ee296068,H0213,5.0,2022-08-06,booking
U8c5492d08f33,H0225,1.0,2022-08-06,booking
U8f9142984511,H0425,9.0,2022-08-06,booking
Ub35cf3399c86,H0373,5.5,2022-08-06,traveloka
Ubb7caab74705,H0181,10.0,2022-08-06,booking
Uc2eafeeb199a,H0184,5.0,2022-08-06,booking
Uc43682ad0fad,H0123,3.0,2022-08-06,booking
Uc43682ad0fad,H0181,9.0,2022-08-06,booking
Ue2f04e975d07,H0213,7.0,2022-08-06,booking
U316aaf259322,H0439,7.0,2022-08-07,booking
U3d180759792d,H0454,6.0,2022-08-07,traveloka
U42ec8afe915c,H0538,7.0,2022-08-07,booking
U45a6240a71be,H0144,6.0,2022-08-07,ivivu
U54aa123a8ccb,H0120,8.0,2022-08-07,booking
U8ffa08b1d4d5,H0095,10.0,2022-08-07,booking
U96ea00ecc288,H0217,9.0,2022-08-07,booking
Uae8735b5c0c9,H0032,10.0,2022-08-07,booking
Ubb7caab74705,H0458,8.0,2022-08-07,booking
Uc43682ad0fad,H0491,10.0,2022-08-07,booking
U025c0bdadae4,H0005,10.0,2022-08-08,booking
U4a1c74045fd9,H0527,8.0,2022-08-08,ivivu
U6840254d67f2,H0408,9.0,2022-08-08,booking
U710bc0d62545,H0042,5.0,2022-08-08,booking
U7cd997f32f2d,H0433,10.0,2022-08-08,booking
Ud2c890760f83,H0452,8.0,2022-08-08,booking
Ue0a9d4a85ddd,H0089,10.0,2022-08-08,booking
U1995d921a404,H0355,10.0,2022-08-09,booking
U2a46e9aec727,H0425,9.0,2022-08-09,booking
U44865709e101,H0089,10.0,2022-08-09,booking
U5e181805fc19,H0520,10.0,2022-08-09,booking
Ua2e1fdf4564e,H0362,6.0,2022-08-09,booking
Ub0d6aeadc480,H0450,9.0,2022-08-09,booking
Ub3e58e9b80a6,H0176,10.0,2022-08-09,booking
Uc7110aaf2bea,H0439,7.0,2022-08-09,booking
Uc7110aaf2bea,H0019,7.0,2022-08-09,booking
Ud060e42f88b8,H0181,6.0,2022-08-09,booking
Ud4f582d70e3e,H0497,10.0,2022-08-09,booking
Ue863642ca441,H0521,8.5,2022-08-09,traveloka
Uecb118f05a6c,H0328,9.4,2022-08-09,traveloka
U145b7c3a0a48,H0378,9.0,2022-08-10,booking
U55ba0a35377a,H0217,10.0,2022-08-10,booking
U5fc2677022d4,H0376,8.0,2022-08-10,ivivu
U7225666d1e11,H0210,10.0,2022-08-10,ivivu
U9a634f731637,H0261,8.0,2022-08-10,ivivu
Ucde2bf747260,H0385,9.4,2022-08-10,traveloka
Udd5f3bd618d5,H0532,10.0,2022-08-10,booking
Ue72b0e74f700,H0405,6.0,2022-08-10,ivivu
U16c2298dc0c0,H0311,8.0,2022-08-11,booking
U467daa13540d,H0340,8.0,2022-08-11,booking
U487120a75126,H0353,7.0,2022-08-11,booking
U55ba0a35377a,H0078,1.0,2022-08-11,booking
U66f15f547651,H0329,9.4,2022-08-11,traveloka
U68f2e9707e6b,H0353,7.0,2022-08-11,booking
U6a1ec282d822,H0453,9.0,2022-08-11,booking
U94d112c3c9fc,H0019,5.0,2022-08-11,booking
Uaa727adbce8f,H0349,10.0,2022-08-11,booking
Uae43a1c16f19,H0422,10.0,2022-08-11,ivivu
Uc43682ad0fad,H0005,9.0,2022-08-11,booking
Ue6e3a62eed14,H0437,9.0,2022-08-11,booking
Uea979d60f31c,H0095,5.0,2022-08-11,booking
Uf82d4292e949,H0272,9.7,2022-08-11,traveloka
U0d4ba8afc777,H0272,9.4,2022-08-12,traveloka
U16c2298dc0c0,H0437,10.0,2022-08-12,booking
U4ee23d63141b,H0337,8.0,2022-08-12,booking
U57dd8f4e431c,H0089,10.0,2022-08-12,booking
U75b53fe51bd0,H0471,7.0,2022-08-12,ivivu
Ue34ab5e428a8,H0064,8.4,2022-08-12,traveloka
Ue488b537d786,H0459,8.0,2022-08-12,booking
Ue83b093de198,H0015,4.0,2022-08-12,booking
U16c2298dc0c0,H0433,10.0,2022-08-13,booking
U1c770e4f370d,H0439,8.5,2022-08-13,traveloka
U3bbbb95f5787,H0397,9.0,2022-08-13,booking
U5f093cee3fbd,H0433,5.0,2022-08-13,booking
U79ff29ac3acf,H0526,6.0,2022-08-13,ivivu
U82fffe81f716,H0102,7.0,2022-08-13,booking
U8baca280affb,H0465,10.0,2022-08-13,booking
Udd5f3bd618d5,H0380,10.0,2022-08-13,booking
Uf78c9851cf80,H0470,9.0,2022-08-13,booking
U0c5d38729571,H0005,7.0,2022-08-14,booking
U1500a9267556,H0089,7.0,2022-08-14,booking
U16c2298dc0c0,H0112,8.0,2022-08-14,booking
U1df00184876e,H0482,10.0,2022-08-14,ivivu
U2acf33f8f732,H0422,10.0,2022-08-14,ivivu
U2b43a5075f23,H0015,10.0,2022-08-14,booking
U2b43a5075f23,H0450,10.0,2022-08-14,booking
U30d9e7012ca2,H0546,7.0,2022-08-14,booking
U51409affa44d,H0521,9.4,2022-08-14,traveloka
U59624e41f47d,H0332,5.0,2022-08-14,booking
U62b4d4ddbe86,H0507,8.5,2022-08-14,traveloka
U7fa613e5002e,H0487,10.0,2022-08-14,booking
U80c3f2fb7fa6,H0028,8.0,2022-08-14,booking
U8c5492d08f33,H0510,9.0,2022-08-14,booking
Ubb7caab74705,H0028,5.0,2022-08-14,booking
Ud120bec0599f,H0380,7.0,2022-08-14,booking
Ud8bb5d9104cc,H0112,7.0,2022-08-14,booking
Ue991b70a8fac,H0215,8.5,2022-08-14,traveloka
Uf76a42d21a7d,H0192,10.0,2022-08-14,booking
U086c4612b288,H0095,10.0,2022-08-15,booking
U0fa462fa5f5d,H0498,7.0,2022-08-15,booking
U42cfb242c8b6,H0398,9.0,2022-08-15,booking
U50f523b549c4,H0433,6.0,2022-08-15,booking
U5132d32de349,H0001,6.3,2022-08-15,traveloka
U6abbb1b893d7,H0506,1.0,2022-08-15,booking
U6abc54e51970,H0463,8.0,2022-08-15,booking
U786d25f51a29,H0126,6.0,2022-08-15,ivivu
U82a5ed2b4568,H0095,9.0,2022-08-15,booking
U89484627633e,H0123,6.0,2022-08-15,ivivu
Ua9fee312a7b9,H0295,7.0,2022-08-15,booking
Ubc183ec39523,H0332,5.0,2022-08-15,booking
Ucaacb3bf5210,H0490,9.0,2022-08-15,booking
U0934c5ee91a3,H0529,8.0,2022-08-16,booking
U1b9aba67387a,H0111,9.7,2022-08-16,traveloka
U2b43a5075f23,H0466,8.0,2022-08-16,booking
U429a8fa84072,H0450,8.0,2022-08-16,booking
U55ba0a35377a,H0181,5.0,2022-08-16,booking
U5a350d7e7970,H0487,9.0,2022-08-16,booking
Ua2ecd27013e2,H0443,10.0,2022-08-16,booking
Ua866dc69d643,H0005,7.0,2022-08-16,booking
Uab90ae8d578c,H0123,8.0,2022-08-16,booking
Uab90ae8d578c,H0238,8.0,2022-08-16,booking
Uab90ae8d578c,H0236,7.0,2022-08-16,booking
Uc439ac066a38,H0378,8.0,2022-08-16,booking
Uc93fb3f1d81f,H0529,7.0,2022-08-16,booking
Uc9fc9f53967b,H0363,2.0,2022-08-16,booking
Udd5f3bd618d5,H0098,10.0,2022-08-16,booking
Uf76a42d21a7d,H0355,9.0,2022-08-16,booking
U14a568c69f46,H0238,8.0,2022-08-17,booking
U4a17bd6754c9,H0546,5.0,2022-08-17,booking
U541714479c48,H0095,7.0,2022-08-17,booking
U55ba0a35377a,H0176,10.0,2022-08-17,booking
U5a350d7e7970,H0238,7.0,2022-08-17,booking
U6a9b72dfd27b,H0465,3.0,2022-08-17,booking
U7fd3bc4d05ff,H0181,3.0,2022-08-17,booking
U82a5ed2b4568,H0353,4.0,2022-08-17,booking
U966d27754fa5,H0176,8.0,2022-08-17,booking
Ua5eaa75c7bb5,H0021,7.0,2022-08-17,booking
Ua866dc69d643,H0475,10.0,2022-08-17,booking
Uc9fc9f53967b,H0018,4.0,2022-08-17,booking
Uf1728e3722cb,H0370,6.0,2022-08-17,traveloka
Uf910cfcea493,H0497,7.0,2022-08-17,booking
U145b7c3a0a48,H0546,9.0,2022-08-18,booking
U16c2298dc0c0,H0433,9.0,2022-08-18,booking
U17f4a6102459,H0117,6.2,2022-08-18,traveloka
U532cd44379b4,H0337,5.0,2022-08-18,booking
U595041030b42,H0514,7.0,2022-08-18,booking
U635677f0faf5,H0211,8.0,2022-08-18,ivivu
U63fd833b4a7c,H0529,7.0,2022-08-18,booking
U69f48f10c848,H0008,10.0,2022-08-18,booking
U6a1ec282d822,H0475,7.0,2022-08-18,booking
U6a1ec282d822,H0123,5.0,2022-08-18,booking
U8b48f1abe5bb,H0095,7.0,2022-08-18,booking
U93f049c54f78,H0491,10.0,2022-08-18,booking
Ubb7caab74705,H0497,10.0,2022-08-18,booking
Ue83b093de198,H0089,7.0,2022-08-18,booking
Ueff4fbda6737,H0095,9.0,2022-08-18,booking
Uf06d008e4810,H0066,8.0,2022-08-18,ivivu
Ufb63e2a972c8,H0262,9.7,2022-08-18,traveloka
U0fa462fa5f5d,H0225,8.0,2022-08-19,booking
U15c5f8689a8c,H0433,10.0,2022-08-19,booking
U1b13fe0a5738,H0523,4.0,2022-08-19,ivivu
U21614a870e47,H0007,6.0,2022-08-19,booking
U3e5b22f6d6f1,H0363,6.0,2022-08-19,booking
U49ec90b8dc57,H0102,9.0,2022-08-19,booking
U4a0d6ef4323f,H0434,9.7,2022-08-19,traveloka
U4d040b735cff,H0055,10.0,2022-08-19,booking
U4f2b1d7a2adb,H0446,8.2,2022-08-19,traveloka
U70d1cb8e578b,H0123,10.0,2022-08-19,booking
U7fba53a74812,H0551,6.1,2022-08-19,traveloka
U875db4b1b994,H0117,5.8,2022-08-19,traveloka
Ua35ccc074c18,H0391,8.0,2022-08-19,ivivu
Ua866dc69d643,H0019,10.0,2022-08-19,booking
Ua866dc69d643,H0100,7.0,2022-08-19,booking
Uac2a1af649a9,H0450,9.0,2022-08-19,booking
Ud10d15a9de32,H0089,9.0,2022-08-19,booking
U68f81bd3ed73,H0191,5.4,2022-08-20,traveloka
U6deb99c8859b,H0032,8.5,2022-08-20,traveloka
U71583bf54cdd,H0323,10.0,2022-08-20,ivivu
U775331d54b2b,H0369,10.0,2022-08-20,ivivu
U7cd997f32f2d,H0018,10.0,2022-08-20,booking
U9912838720fd,H0546,9.0,2022-08-20,booking
U9fcf0f2937ec,H0061,8.0,2022-08-20,booking
Ua84311240102,H0333,9.0,2022-08-20,booking
Uab90ae8d578c,H0021,10.0,2022-08-20,booking
Ub0d6aeadc480,H0450,10.0,2022-08-20,booking
Ub5923814a325,H0433,7.0,2022-08-20,booking
Ubb7caab74705,H0100,9.0,2022-08-20,booking
Uc969ed135af8,H0505,5.0,2022-08-20,booking
Ue97f83b9be53,H0529,7.0,2022-08-20,booking
Uf90679e139cf,H0518,9.0,2022-08-20,booking
U183e30c6fc45,H0433,7.0,2022-08-21,booking
U1995d921a404,H0433,4.0,2022-08-21,booking
U1e1367252b82,H0087,7.0,2022-08-21,booking
U487120a75126,H0176,7.0,2022-08-21,booking
U5a350d7e7970,H0238,6.0,2022-08-21,booking
U731e03f7bebb,H0298,10.0,2022-08-21,ivivu
U7a1c550b7ef4,H0510,9.0,2022-08-21,booking
Ua866dc69d643,H0214,3.0,2022-08-21,booking
Ua866dc69d643,H0433,10.0,2022-08-21,booking
Uab90ae8d578c,H0172,10.0,2022-08-21,booking
Ubb7caab74705,H0090,10.0,2022-08-21,booking
Ubbebb11980fb,H0369,6.0,2022-08-21,ivivu
Ue7bdd3f962c9,H0450,7.0,2022-08-21,booking
U0c024ce09c1a,H0523,9.7,2022-08-22,traveloka
U0c024ce09c1a,H0150,10.0,2022-08-22,ivivu
U0fa462fa5f5d,H0032,9.0,2022-08-22,booking
U624acdc24d34,H0454,6.3,2022-08-22,traveloka
U62a8b888837d,H0478,6.4,2022-08-22,traveloka
U6d1910fdb029,H0238,9.7,2022-08-22,traveloka
U7536430e4ac2,H0437,5.0,2022-08-22,booking
U7dee0d3e4c84,H0363,7.0,2022-08-22,booking
U8ffa08b1d4d5,H0095,10.0,2022-08-22,booking
U9189e655db34,H0450,5.0,2022-08-22,booking
Ua0f2ca55fb26,H0521,8.5,2022-08-22,traveloka
Ud3cfecf9cc58,H0396,6.0,2022-08-22,traveloka
Ud8bb5d9104cc,H0007,7.0,2022-08-22,booking
Ue456e9f398af,H0337,5.0,2022-08-22,booking
Ueb608ccf6373,H0225,5.0,2022-08-22,booking
Uef35cb793711,H0328,9.4,2022-08-22,traveloka
Uf87323b22adb,H0015,6.0,2022-08-22,booking
U16c2298dc0c0,H0450,9.0,2022-08-23,booking
U1bac8a91d17f,H0437,9.0,2022-08-23,booking
U1c06cd8569c3,H0467,9.7,2022-08-23,traveloka
U487120a75126,H0225,6.0,2022-08-23,booking
U487120a75126,H0204,1.0,2022-08-23,booking
U63fd833b4a7c,H0018,3.0,2022-08-23,booking
U6840254d67f2,H0497,9.0,2022-08-23,booking
U6abc54e51970,H0123,8.0,2022-08-23,booking
U7cd997f32f2d,H0021,10.0,2022-08-23,booking
U833d0c162c1c,H0394,9.7,2022-08-23,traveloka
U8f9142984511,H0439,8.0,2022-08-23,booking
U95ab3d2f165d,H0200,6.0,2022-08-23,booking
Ua888291c135f,H0363,6.0,2022-08-23,booking
Uab90ae8d578c,H0437,10.0,2022-08-23,booking
Uab90ae8d578c,H0042,10.0,2022-08-23,booking
Uadeeb211ce0a,H0100,7.0,2022-08-23,booking
Uc8718210e202,H0285,8.0,2022-08-23,ivivu
Ucd4bd21fa9dc,H0437,10.0,2022-08-23,ivivu
Ud63b58b9306e,H0214,5.0,2022-08-23,booking
Ueb306017301c,H0490,1.0,2022-08-23,booking
Uef35cb793711,H0354,4.0,2022-08-23,ivivu
Uefc6351e837f,H0526,6.0,2022-08-23,ivivu
U145b7c3a0a48,H0505,9.0,2022-08-24,booking
U183e30c6fc45,H0100,5.0,2022-08-24,booking
U1b13fe0a5738,H0527,4.0,2022-08-24,ivivu
U1e1367252b82,H0398,3.0,2022-08-24,booking
U50ff75a5449e,H0015,9.0,2022-08-24,booking
U59f2f10d9f78,H0064,6.2,2022-08-24,traveloka
U80c3f2fb7fa6,H0337,7.0,2022-08-24,booking
U86d6149ace93,H0337,8.0,2022-08-24,booking
U8c5492d08f33,H0042,7.0,2022-08-24,booking
Uab90ae8d578c,H0120,7.0,2022-08-24,booking
Ub5923814a325,H0454,6.0,2022-08-24,booking
Ub86a99167ce7,H0349,7.0,2022-08-24,booking
Ubb7caab74705,H0475,7.0,2022-08-24,booking
Uc43682ad0fad,H0439,9.0,2022-08-24,booking
Uc5b4797ed000,H0194,10.0,2022-08-24,booking
Uc8861b11ea75,H0298,6.0,2022-08-24,ivivu
Ue65c8cd9a182,H0225,5.0,2022-08-24,booking
Uf76a42d21a7d,H0453,7.0,2022-08-24,booking
U145b7c3a0a48,H0466,7.0,2022-08-25,booking
U16c2298dc0c0,H0491,7.0,2022-08-25,booking
U196ac6595296,H0454,1.0,2022-08-25,booking
U3464a0d2f111,H0159,9.1,2022-08-25,traveloka
U3550151b709f,H0363,10.0,2022-08-25,booking
U37a68bf35c44,H0397,10.0,2022-08-25,booking
U42ec8afe915c,H0181,7.0,2022-08-25,booking
U7c87f9b4f2ed,H0089,8.0,2022-08-25,booking
U82a5ed2b4568,H0555,7.0,2022-08-25,booking
U8e2faea279b6,H0510,7.0,2022-08-25,booking
Ub43120e929b4,H0433,7.0,2022-08-25,booking
Ub86a99167ce7,H0094,10.0,2022-08-25,booking
Uc7bc2d959144,H0499,6.7,2022-08-25,traveloka
Ud0e1ef692623,H0353,6.0,2022-08-25,booking
U034274381dfa,H0439,7.0,2022-08-26,ivivu
U18c4cf0f7006,H0506,9.0,2022-08-26,booking
U2278f685b611,H0120,7.0,2022-08-26,booking
U2d60ecff62f1,H0433,10.0,2022-08-26,booking
U46bf3227d63d,H0100,9.0,2022-08-26,booking
U49ea5dbd27c5,H0518,6.0,2022-08-26,ivivu
U4ceba8673ab5,H0487,10.0,2022-08-26,booking
U55ba0a35377a,H0181,7.0,2022-08-26,booking
U5a7fc67f04c1,H0015,10.0,2022-08-26,booking
U735348d54b53,H0101,8.5,2022-08-26,traveloka
U788ad866add3,H0505,7.0,2022-08-26,booking
U7a37ffff8050,H0514,5.0,2022-08-26,booking
U81f572381c40,H0035,10.0,2022-08-26,ivivu
U82a5ed2b4568,H0008,8.0,2022-08-26,booking
U82f103385c33,H0433,9.0,2022-08-26,booking
Ub5923814a325,H0100,1.0,2022-08-26,booking
Ueb306017301c,H0181,9.0,2022-08-26,booking
Uf4be570e2471,H0214,5.0,2022-08-26,booking
Ufb9ddf9901ea,H0100,8.0,2022-08-26,booking
U14a568c69f46,H0123,6.0,2022-08-27,booking
U16765312e621,H0119,9.0,2022-08-27,booking
U1e1367252b82,H0463,8.0,2022-08-27,booking
U2204416dfb34,H0236,6.0,2022-08-27,booking
U27e843cae0bf,H0073,10.0,2022-08-27,booking
U41bd7ee4f79a,H0304,8.3,2022-08-27,traveloka
U44d3367471fb,H0490,7.0,2022-08-27,booking
U5adcf722acb1,H0089,7.0,2022-08-27,booking
U655646f09724,H0089,8.0,2022-08-27,booking
U6a1ec282d822,H0028,7.0,2022-08-27,booking
U6f123f862e99,H0100,5.0,2022-08-27,booking
Ua571a440c856,H0123,8.0,2022-08-27,booking
Uae8735b5c0c9,H0475,10.0,2022-08-27,booking
Ub5482f12212e,H0100,10.0,2022-08-27,booking
Ub76b66cd6c5d,H0453,9.0,2022-08-27,booking
Uc5c108aa168a,H0433,5.0,2022-08-27,booking
Uea979d60f31c,H0454,9.0,2022-08-27,booking
Uf76a42d21a7d,H0112,5.0,2022-08-27,booking
Uf7f415104f4d,H0445,6.2,2022-08-27,traveloka
U05b4576a8de9,H0112,7.0,2022-08-28,booking
U16c2298dc0c0,H0437,4.0,2022-08-28,booking
U1abc95e84a31,H0098,10.0,2022-08-28,booking
U2203d6ff40ab,H0181,4.0,2022-08-28,booking
U4a17bd6754c9,H0100,9.0,2022-08-28,booking
U57dd8f4e431c,H0021,10.0,2022-08-28,booking
U5bf07b92dce5,H0272,9.7,2022-08-28,traveloka
U5f7fbe274a74,H0285,10.0,2022-08-28,ivivu
U6156734cc45f,H0126,6.0,2022-08-28,ivivu
U82a5ed2b4568,H0327,10.0,2022-08-28,booking
U920e21611453,H0345,6.0,2022-08-28,booking
U9deb26de64b9,H0311,6.0,2022-08-28,traveloka
Ua571a440c856,H0018,10.0,2022-08-28,booking
Uc9fc9f53967b,H0238,3.0,2022-08-28,booking
Udce438badae5,H0385,8.5,2022-08-28,traveloka
Udf8bc29e2f3f,H0078,7.0,2022-08-28,booking
Ue0394cde49c9,H0376,10.0,2022-08-28,ivivu
Ue0f16e914080,H0487,7.0,2022-08-28,booking
Uea3c62e209ed,H0120,8.0,2022-08-28,booking
U3ccd50eaa389,H0353,7.0,2022-08-29,booking
U4e21866b058b,H0214,4.0,2022-08-29,booking
U72d8f85b3fb4,H0098,1.0,2022-08-29,booking
U788ad866add3,H0505,7.0,2022-08-29,booking
U82a5ed2b4568,H0176,10.0,2022-08-29,booking
U86718e9be95e,H0555,9.0,2022-08-29,booking
U8c5492d08f33,H0095,9.0,2022-08-29,booking
U8c5492d08f33,H0439,8.0,2022-08-29,booking
U981c154b057a,H0433,3.0,2022-08-29,booking
Ua866dc69d643,H0032,6.0,2022-08-29,booking
Uab90ae8d578c,H0104,10.0,2022-08-29,booking
Udd5f3bd618d5,H0128,6.0,2022-08-29,booking
Ue4e5946fd6d7,H0383,5.7,2022-08-29,traveloka
U16c2298dc0c0,H0225,5.0,2022-08-30,booking
U2679ff957dd4,H0002,8.7,2022-08-30,traveloka
U373fef02f052,H0294,5.8,2022-08-30,traveloka
U63f7a0e45132,H0232,6.0,2022-08-30,traveloka
U82a5ed2b4568,H0018,10.0,2022-08-30,booking
U8451d80f9309,H0181,8.5,2022-08-30,traveloka
U85ba6edcd969,H0311,6.0,2022-08-30,booking
U89046be944cf,H0401,6.0,2022-08-30,ivivu
Uabec9f08f97e,H0126,6.2,2022-08-30,traveloka
Ub5482f12212e,H0019,6.0,2022-08-30,booking
Uc439ac066a38,H0181,7.0,2022-08-30,booking
Uc442f2456aa8,H0378,1.0,2022-08-30,booking
Uc5b4797ed000,H0433,10.0,2022-08-30,booking
Ucef080d30a25,H0225,7.0,2022-08-30,booking
Ue0a9d4a85ddd,H0123,3.0,2022-08-30,booking
Uf13534b7de0c,H0454,9.0,2022-08-30,booking
U07e2cbd58237,H0191,6.0,2022-08-31,ivivu
U09f9ecad7969,H0485,6.0,2022-08-31,traveloka
U16c2298dc0c0,H0491,7.0,2022-08-31,booking
U312fdd02a168,H0480,6.0,2022-08-31,ivivu
U486bb3ea3c06,H0478,10.0,2022-08-31,traveloka
U5c13d56d6b33,H0008,5.0,2022-08-31,booking
U6a1ec282d822,H0018,10.0,2022-08-31,booking
U771d660093c3,H0092,9.7,2022-08-31,traveloka
U7cd997f32f2d,H0019,10.0,2022-08-31,booking
U8c5492d08f33,H0128,5.0,2022-08-31,booking
Uac8fa35c35a0,H0452,8.0,2022-08-31,ivivu
Uae8735b5c0c9,H0533,5.0,2022-08-31,booking
Uaffb72b40093,H0146,8.0,2022-08-31,ivivu
Ubb7caab74705,H0220,5.0,2022-08-31,booking
Uc1d1c9e323c4,H0437,6.0,2022-08-31,ivivu
Uc6a8d15c5be4,H0274,10.0,2022-08-31,ivivu
Uc9fc9f53967b,H0437,8.0,2022-08-31,booking
Uca9f64b81e12,H0136,6.0,2022-08-31,ivivu
Ud10d15a9de32,H0330,5.0,2022-08-31,booking
Ue488b537d786,H0176,6.0,2022-08-31,booking
Ueb21ec29eceb,H0261,10.0,2022-08-31,ivivu
Uf57a18241370,H0162,6.0,2022-08-31,ivivu
Uf97c676ecfad,H0032,7.0,2022-08-31,booking
Uff33e26be9cb,H0453,10.0,2022-08-31,booking
U72064078642b,H0439,5.8,2022-09-01,traveloka
U9fcb9271d596,H0181,8.5,2022-09-01,traveloka
Ub8e530aa081f,H0017,10.0,2022-09-01,booking
U11977b5d79c5,H0380,10.0,2022-09-02,booking
U2a46e9aec727,H0194,5.0,2022-09-02,booking
U665904d21807,H0381,10.0,2022-09-02,booking
U6abc54e51970,H0311,10.0,2022-09-02,booking
U759fe2a1dd5a,H0516,8.8,2022-09-02,traveloka
U8f9142984511,H0510,7.0,2022-09-02,booking
Uae8735b5c0c9,H0181,7.0,2022-09-02,booking
Uc439ac066a38,H0466,7.0,2022-09-02,booking
Ue6e3a62eed14,H0008,5.0,2022-09-02,booking
Ue83b093de198,H0100,10.0,2022-09-02,booking
Ue83b093de198,H0353,9.0,2022-09-02,booking
U078477765ef9,H0433,6.0,2022-09-03,traveloka
U0e9278c1ba88,H0532,6.0,2022-09-03,traveloka
U30d9e7012ca2,H0546,7.0,2022-09-03,booking
U33543e34eb90,H0453,10.0,2022-09-03,booking
U38323133860e,H0304,5.5,2022-09-03,traveloka
U82a5ed2b4568,H0197,10.0,2022-09-03,booking
U16c2298dc0c0,H0214,4.0,2022-09-04,booking
U412f7a287472,H0518,6.0,2022-09-04,ivivu
U462f6a8d1f38,H0089,9.0,2022-09-04,booking
U50f523b549c4,H0378,5.0,2022-09-04,booking
U608950c9b06d,H0355,10.0,2022-09-04,booking
U6a1ec282d822,H0514,9.0,2022-09-04,booking
U72d8f85b3fb4,H0181,5.0,2022-09-04,booking
U7accefa53685,H0398,7.0,2022-09-04,booking
U80c3f2fb7fa6,H0218,6.0,2022-09-04,booking
U8410b4c5aaeb,H0332,6.0,2022-09-04,booking
Ua66dbe3d2ab9,H0471,10.0,2022-09-04,ivivu
Uab90ae8d578c,H0350,8.0,2022-09-04,booking
Ub4fa1bcf456b,H0126,6.0,2022-09-04,ivivu
Uc9fc9f53967b,H0112,9.0,2022-09-04,booking
U0181498a183b,H0225,8.0,2022-09-05,booking
U214377c39f3f,H0311,6.0,2022-09-05,booking
U2278f685b611,H0311,7.0,2022-09-05,booking
U27fd95eede44,H0413,8.5,2022-09-05,traveloka
U2db1cd47452b,H0220,6.0,2022-09-05,booking
U61888fa1bdbc,H0408,8.5,2022-09-05,traveloka
U7852237f6302,H0099,10.0,2022-09-05,booking
U8f9142984511,H0378,10.0,2022-09-05,booking
Ub602883c7537,H0165,8.0,2022-09-05,booking
Ucaacb3bf5210,H0333,7.0,2022-09-05,booking
Udcd7545e9dfa,H0183,7.0,2022-09-05,booking
Ue83b093de198,H0408,9.0,2022-09-05,booking
Uf910cfcea493,H0205,5.0,2022-09-05,booking
U256a78f1d8cd,H0444,5.0,2022-09-06,booking
U25c0081f57bd,H0437,7.0,2022-09-06,booking
U665904d21807,H0181,9.0,2022-09-06,booking
U80c3f2fb7fa6,H0453,3.0,2022-09-06,booking
U8410b4c5aaeb,H0089,10.0,2022-09-06,booking
Ua66dbe3d2ab9,H0375,8.8,2022-09-06,traveloka
Uc43682ad0fad,H0332,8.0,2022-09-06,booking
Uc9fc9f53967b,H0532,7.0,2022-09-06,booking
Ucaa5e34765c3,H0236,7.0,2022-09-06,booking
Uf41d314a29e7,H0123,8.0,2022-09-06,booking
U04f0af87d62b,H0510,1.0,2022-09-07,booking
U16c2298dc0c0,H0015,6.0,2022-09-07,booking
U3fec90ba95e1,H0042,10.0,2022-09-07,booking
U63fd833b4a7c,H0353,1.0,2022-09-07,booking
U6840254d67f2,H0475,7.0,2022-09-07,booking
U6a1ec282d822,H0181,5.0,2022-09-07,booking
U82a5ed2b4568,H0095,6.0,2022-09-07,booking
U920e21611453,H0089,9.0,2022-09-07,booking
Uac8fa35c35a0,H0311,6.0,2022-09-07,ivivu
Ub3e58e9b80a6,H0337,7.0,2022-09-07,booking
Ubb7caab74705,H0158,6.0,2022-09-07,booking
Uc5b4797ed000,H0183,9.0,2022-09-07,booking
Uc7110aaf2bea,H0433,10.0,2022-09-07,booking
Udd5f3bd618d5,H0397,8.0,2022-09-07,booking
Udedea8ae207e,H0311,4.0,2022-09-07,booking
Ue6e3a62eed14,H0016,1.0,2022-09-07,booking
Ue97a1b5e951e,H0078,10.0,2022-09-07,booking
Ued55a66a7e9c,H0136,6.2,2022-09-07,traveloka
Uf13534b7de0c,H0433,3.0,2022-09-07,booking
Ufb9ddf9901ea,H0100,7.0,2022-09-07,booking
U2b43a5075f23,H0019,10.0,2022-09-08,booking
U3c0f5d3d320b,H0225,8.5,2022-09-08,traveloka
U655646f09724,H0437,5.0,2022-09-08,booking
U721f27459cc3,H0143,6.0,2022-09-08,ivivu
U7a37ffff8050,H0353,3.0,2022-09-08,booking
U7cd997f32f2d,H0019,10.0,2022-09-08,booking
U93f049c54f78,H0378,7.0,2022-09-08,booking
U9e2c3d69855d,H0008,10.0,2022-09-08,booking
Ub5482f12212e,H0332,5.0,2022-09-08,booking
Ub76b66cd6c5d,H0453,8.0,2022-09-08,booking
Ub86a99167ce7,H0533,7.0,2022-09-08,booking
Uc7110aaf2bea,H0010,7.0,2022-09-08,booking
Uc77655397c4c,H0104,10.0,2022-09-08,booking
Ue045989ec9ca,H0340,7.0,2022-09-08,booking
Ue5ce4f9e7b6e,H0425,8.0,2022-09-08,booking
U025c0bdadae4,H0454,9.0,2022-09-09,booking
U145b7c3a0a48,H0225,7.0,2022-09-09,booking
U1500a9267556,H0295,8.0,2022-09-09,booking
U71f4da10c5ed,H0369,8.0,2022-09-09,ivivu
U7225666d1e11,H0482,6.0,2022-09-09,ivivu
U724fab2dc208,H0098,6.0,2022-09-09,booking
Ud04c303a34f1,H0017,10.0,2022-09-09,booking
Ud63b58b9306e,H0018,9.0,2022-09-09,booking
Udcd7545e9dfa,H0172,7.0,2022-09-09,booking
Udcd7545e9dfa,H0100,9.0,2022-09-09,booking
Uf14e11c8e36c,H0161,9.0,2022-09-09,booking
U16c2298dc0c0,H0010,5.0,2022-09-10,booking
U183e30c6fc45,H0018,10.0,2022-09-10,booking
U1b75ad9e4757,H0162,9.4,2022-09-10,traveloka
U23b273be31f8,H0102,6.0,2022-09-10,booking
U532cd44379b4,H0017,10.0,2022-09-10,booking
U6a1ec282d822,H0100,9.0,2022-09-10,booking
U6c0d899bb479,H0334,9.4,2022-09-10,traveloka
U72d8f85b3fb4,H0437,1.0,2022-09-10,booking
U82a92949cbb5,H0104,8.0,2022-09-10,booking
U145b7c3a0a48,H0010,9.0,2022-09-11,booking
U183e30c6fc45,H0112,7.0,2022-09-11,booking
U4c2602b8aa98,H0295,9.0,2022-09-11,booking
U6a1ec282d822,H0330,1.0,2022-09-11,booking
U8c652fa98cba,H0159,6.6,2022-09-11,traveloka
Ubb7caab74705,H0353,9.0,2022-09-11,booking
Uc43682ad0fad,H0008,5.0,2022-09-11,booking
Uf4be570e2471,H0450,6.0,2022-09-11,booking
Uf90679e139cf,H0437,7.0,2022-09-11,booking
U046912319d9e,H0344,10.0,2022-09-12,traveloka
U4c7264a4a900,H0107,9.0,2022-09-12,traveloka
U63fd833b4a7c,H0089,7.0,2022-09-12,booking
U65ea7d5895a0,H0147,9.7,2022-09-12,traveloka
U82a5ed2b4568,H0214,5.0,2022-09-12,booking
Ua2ecd27013e2,H0337,10.0,2022-09-12,booking
Ubb7caab74705,H0018,7.0,2022-09-12,booking
Uf4e8ae00ad63,H0262,10.0,2022-09-12,traveloka
U0eb565e91eca,H0337,10.0,2022-09-13,booking
U145b7c3a0a48,H0112,7.0,2022-09-13,booking
U18edb7633989,H0334,5.1,2022-09-13,traveloka
U2203d6ff40ab,H0353,5.0,2022-09-13,booking
U4274368002ee,H0454,10.0,2022-09-13,booking
U5e181805fc19,H0089,5.0,2022-09-13,booking
U628f16e7c883,H0529,8.5,2022-09-13,traveloka
U7852237f6302,H0408,10.0,2022-09-13,booking
U8d143142b4a1,H0089,7.0,2022-09-13,booking
Ua5021307c5c3,H0433,1.0,2022-09-13,booking
Uae8735b5c0c9,H0355,7.0,2022-09-13,booking
Ubfd50727292f,H0554,10.0,2022-09-13,booking
Uc7110aaf2bea,H0018,10.0,2022-09-13,booking
Uc8ee27e33cbb,H0452,6.3,2022-09-13,traveloka
Ue0a9d4a85ddd,H0089,8.0,2022-09-13,booking
Ue0a9d4a85ddd,H0510,7.0,2022-09-13,booking
Ueb306017301c,H0015,7.0,2022-09-13,booking
U2278f685b611,H0345,7.0,2022-09-14,booking
U343c152e7bc4,H0542,5.5,2022-09-14,traveloka
U44865709e101,H0493,10.0,2022-09-14,booking
U61d97d143881,H0042,5.0,2022-09-14,booking
U7369ea966365,H0102,10.0,2022-09-14,booking
U76baea6966e0,H0183,7.0,2022-09-14,booking
U793ac4ee017e,H0337,10.0,2022-09-14,booking
U8930bbe3d24b,H0555,10.0,2022-09-14,booking
U8b48f1abe5bb,H0225,6.0,2022-09-14,booking
U8f63947e0498,H0480,6.0,2022-09-14,ivivu
Ua5701c8c3318,H0399,6.0,2022-09-14,traveloka
Ub6449c27ea57,H0008,9.0,2022-09-14,booking
Uc9fc9f53967b,H0021,8.0,2022-09-14,booking
Uc9fc9f53967b,H0220,10.0,2022-09-14,booking
Ud04c303a34f1,H0546,6.0,2022-09-14,booking
Ud10d15a9de32,H0005,9.0,2022-09-14,booking
U1995d921a404,H0378,5.0,2022-09-15,booking
U5f897289f4b8,H0454,8.0,2022-09-15,booking
U652610b6e37a,H0437,6.0,2022-09-15,ivivu
U6a1ec282d822,H0100,5.0,2022-09-15,booking
U6b59af603ede,H0439,6.0,2022-09-15,ivivu
U6c398e3cf613,H0475,6.0,2022-09-15,booking
U7038329f5ad6,H0465,7.0,2022-09-15,booking
U72d8f85b3fb4,H0032,9.0,2022-09-15,booking
U72d8f85b3fb4,H0491,8.0,2022-09-15,booking
U80c39feb8af7,H0555,10.0,2022-09-15,booking
Ubb7caab74705,H0090,5.0,2022-09-15,booking
Ubb7caab74705,H0337,6.0,2022-09-15,booking
Ud891e317ebe9,H0225,10.0,2022-09-15,booking
Ue488b537d786,H0184,10.0,2022-09-15,booking
Uf921cef5ef45,H0397,8.0,2022-09-15,booking
U441bcdc710f3,H0532,6.0,2022-09-16,ivivu
U82a5ed2b4568,H0176,5.0,2022-09-16,booking
Ubcb00aff0151,H0123,8.0,2022-09-16,booking
Uc0779e4f95e6,H0335,9.1,2022-09-16,traveloka
Uc9fc9f53967b,H0442,10.0,2022-09-16,booking
Ucaf52ae1fdca,H0516,8.4,2022-09-16,traveloka
Ue0a9d4a85ddd,H0123,7.0,2022-09-16,booking
U145b7c3a0a48,H0332,10.0,2022-09-17,booking
U2a46e9aec727,H0408,10.0,2022-09-17,booking
U3bf64d659bac,H0496,8.8,2022-09-17,traveloka
U3ffb0d309c68,H0485,7.2,2022-09-17,traveloka
U6a1ec282d822,H0380,8.0,2022-09-17,booking
U6da300b0493a,H0111,9.4,2022-09-17,traveloka
U82a5ed2b4568,H0433,9.0,2022-09-17,booking
Ubb7caab74705,H0487,4.0,2022-09-17,booking
Uc43682ad0fad,H0089,8.0,2022-09-17,booking
Ucb6c2f0e9149,H0089,8.0,2022-09-17,booking
U27e843cae0bf,H0433,6.0,2022-09-18,booking
U2fed37e26d72,H0327,9.0,2022-09-18,booking
U467daa13540d,H0102,3.0,2022-09-18,booking
U55ba0a35377a,H0017,10.0,2022-09-18,booking
U731e03f7bebb,H0485,8.7,2022-09-18,traveloka
U8c5492d08f33,H0021,1.0,2022-09-18,booking
U8eef2facf093,H0394,9.0,2022-09-18,traveloka
Ub0d6aeadc480,H0010,9.0,2022-09-18,booking
Uba1c8ca6b899,H0007,5.0,2022-09-18,booking
Ubb7caab74705,H0450,6.0,2022-09-18,booking
Uc9fc9f53967b,H0043,9.0,2022-09-18,booking
Ud04c303a34f1,H0229,8.0,2022-09-18,booking
Ud891e317ebe9,H0433,10.0,2022-09-18,booking
Ue0a9d4a85ddd,H0340,7.0,2022-09-18,booking
U0fa462fa5f5d,H0398,9.0,2022-09-19,booking
U1500a9267556,H0493,7.0,2022-09-19,booking
U1abe1c666639,H0439,7.0,2022-09-19,booking
U462f6a8d1f38,H0104,10.0,2022-09-19,booking
U70d1cb8e578b,H0078,10.0,2022-09-19,booking
U82a5ed2b4568,H0229,4.0,2022-09-19,booking
U8930bbe3d24b,H0353,7.0,2022-09-19,booking
Ua02bf2535906,H0104,5.0,2022-09-19,booking
Ub88006c8832f,H0236,2.0,2022-09-19,booking
Ubb7caab74705,H0112,1.0,2022-09-19,booking
Uc3f2e99ffde9,H0491,6.0,2022-09-19,ivivu
Uc96e81eb3992,H0433,10.0,2022-09-19,booking
Ud04c303a34f1,H0204,6.0,2022-09-19,booking
Uea979d60f31c,H0112,4.0,2022-09-19,booking
U16c2298dc0c0,H0123,8.0,2022-09-20,booking
U1e8c86016edc,H0095,7.0,2022-09-20,booking
U31c232649e36,H0463,9.0,2022-09-20,booking
U3b9fee761ece,H0463,10.0,2022-09-20,booking
U556c64cb7de3,H0337,8.0,2022-09-20,booking
Uc9fc9f53967b,H0100,1.0,2022-09-20,booking
U16c2298dc0c0,H0100,10.0,2022-09-21,booking
U1995d921a404,H0454,7.0,2022-09-21,booking
U27e843cae0bf,H0505,9.0,2022-09-21,booking
U2a46e9aec727,H0363,8.0,2022-09-21,booking
U50f523b549c4,H0337,10.0,2022-09-21,booking
U6f123f862e99,H0220,9.0,2022-09-21,booking
U82a5ed2b4568,H0220,7.0,2022-09-21,booking
Uc9fc9f53967b,H0078,6.0,2022-09-21,booking
Uc9fc9f53967b,H0433,10.0,2022-09-21,booking
Ud10d15a9de32,H0457,10.0,2022-09-21,booking
Ud2201eafa8dd,H0439,4.8,2022-09-21,traveloka
Udcd7545e9dfa,H0529,7.0,2022-09-21,booking
Ue0a9d4a85ddd,H0181,4.0,2022-09-21,booking
U15eb5c54487f,H0098,10.0,2022-09-22,booking
U3998549d8c13,H0112,7.0,2022-09-22,booking
U3b7b69f57fc7,H0102,5.0,2022-09-22,booking
U52eab0d5372a,H0181,9.0,2022-09-22,booking
U5e181805fc19,H0214,10.0,2022-09-22,booking
U82a5ed2b4568,H0089,9.0,2022-09-22,booking
Ua22cfc33ee1c,H0487,8.0,2022-09-22,booking
Ua97268bdc1bc,H0439,6.0,2022-09-22,ivivu
Uace43164285f,H0327,8.0,2022-09-22,booking
Ube1ed5d2dd22,H0100,5.0,2022-09-22,booking
Uc66cf248b324,H0196,6.0,2022-09-22,traveloka
Ue5c15927a83e,H0297,6.0,2022-09-22,ivivu
Uf57a18241370,H0439,4.0,2022-09-22,ivivu
Ufd6c27265ce2,H0107,6.4,2022-09-22,traveloka
U03289cb10645,H0363,10.0,2022-09-23,booking
U5a7fc67f04c1,H0515,5.0,2022-09-23,booking
U6a1ec282d822,H0465,3.0,2022-09-23,booking
U6ca802f0c7c9,H0068,8.5,2022-09-23,traveloka
U82a5ed2b4568,H0015,7.0,2022-09-23,booking
U8c5492d08f33,H0176,10.0,2022-09-23,booking
Uac8fa35c35a0,H0335,9.1,2022-09-23,traveloka
Uae8735b5c0c9,H0095,9.0,2022-09-23,booking
Uc7110aaf2bea,H0181,8.0,2022-09-23,booking
Udd5f3bd618d5,H0042,6.0,2022-09-23,booking
Ue1ea6170d5ed,H0487,9.0,2022-09-23,booking
U1dd5ada543e8,H0412,9.0,2022-09-24,booking
U208249a1e610,H0425,9.7,2022-09-24,traveloka
U3550151b709f,H0100,10.0,2022-09-24,booking
U3bbbb95f5787,H0549,7.0,2022-09-24,booking
U487120a75126,H0337,5.0,2022-09-24,booking
U4a17bd6754c9,H0123,6.0,2022-09-24,booking
U61419e49de12,H0112,7.0,2022-09-24,booking
U6156734cc45f,H0122,6.0,2022-09-24,traveloka
U6a1ec282d822,H0006,10.0,2022-09-24,booking
U820ab8fad907,H0163,4.0,2022-09-24,ivivu
U827f5302c7f3,H0069,10.0,2022-09-24,ivivu
U82a5ed2b4568,H0337,7.0,2022-09-24,booking
U87956b005dad,H0519,6.0,2022-09-24,traveloka
U955a30bb425c,H0127,6.0,2022-09-24,ivivu
U982e9d6e4de3,H0090,5.0,2022-09-24,booking
Ub86a99167ce7,H0098,6.0,2022-09-24,booking
Ub88006c8832f,H0433,10.0,2022-09-24,booking
Ud5e96e33e932,H0176,5.0,2022-09-24,booking
Ud624b787dd1b,H0337,8.0,2022-09-24,booking
Ueff4fbda6737,H0184,7.0,2022-09-24,booking
U16765312e621,H0450,7.0,2022-09-25,booking
U1833e331127d,H0311,8.0,2022-09-25,booking
U467314c6110f,H0535,8.5,2022-09-25,traveloka
U54b6474cad14,H0521,6.0,2022-09-25,traveloka
U63fd833b4a7c,H0165,3.0,2022-09-25,booking
U6840254d67f2,H0181,8.0,2022-09-25,booking
U699916231e95,H0465,10.0,2022-09-25,booking
U6a1ec282d822,H0353,5.0,2022-09-25,booking
U965f700e78e4,H0551,9.1,2022-09-25,traveloka
Ua638589d74df,H0433,10.0,2022-09-25,booking
Uae44f1dc84a6,H0215,6.1,2022-09-25,traveloka
Ub3e58e9b80a6,H0089,6.0,2022-09-25,booking
Ub5482f12212e,H0018,7.0,2022-09-25,booking
Ucaacb3bf5210,H0120,7.0,2022-09-25,booking
Ud8e73acc30df,H0352,5.0,2022-09-25,booking
Ue1cc6f76306b,H0491,9.0,2022-09-25,booking
Ue83b093de198,H0363,7.0,2022-09-25,booking
Uea3c62e209ed,H0112,7.0,2022-09-25,booking
U16c2298dc0c0,H0378,6.0,2022-09-26,booking
U1e2de4df6090,H0382,6.8,2022-09-26,traveloka
U3ffb0d309c68,H0523,10.0,2022-09-26,traveloka
U55ba0a35377a,H0155,5.0,2022-09-26,booking
U57dd8f4e431c,H0439,7.0,2022-09-26,booking
U6a1ec282d822,H0505,10.0,2022-09-26,booking
U6de5669fd1c7,H0229,10.0,2022-09-26,booking
U6ee8629c8a1a,H0214,6.0,2022-09-26,booking
U82a5ed2b4568,H0327,1.0,2022-09-26,booking
Uc9fc9f53967b,H0433,10.0,2022-09-26,booking
Ue072af4ba9d2,H0225,10.0,2022-09-26,booking
Ufb79f7cc4e47,H0180,10.0,2022-09-26,booking
U3c76d79f4a68,H0220,10.0,2022-09-27,booking
U462f6a8d1f38,H0112,4.0,2022-09-27,booking
U54b3fb36f496,H0450,6.0,2022-09-27,booking
U56510087b0c8,H0015,5.0,2022-09-27,booking
U63fd833b4a7c,H0165,3.0,2022-09-27,booking
U6f123f862e99,H0100,5.0,2022-09-27,booking
U82a5ed2b4568,H0397,7.0,2022-09-27,booking
Ua13beaf5eea0,H0284,8.0,2022-09-27,ivivu
Ua866dc69d643,H0454,3.0,2022-09-27,booking
Uaefae8325e3b,H0519,5.4,2022-09-27,traveloka
Ubb7caab74705,H0470,5.0,2022-09-27,booking
Ubb7caab74705,H0425,6.0,2022-09-27,booking
Uc43682ad0fad,H0021,8.0,2022-09-27,booking
Ue971d89a94dd,H0015,8.0,2022-09-27,booking
U6a1ec282d822,H0454,9.0,2022-09-28,booking
U6f123f862e99,H0120,7.0,2022-09-28,booking
U82a5ed2b4568,H0337,5.0,2022-09-28,booking
U8c5492d08f33,H0549,7.0,2022-09-28,booking
U925f435f790c,H0551,6.0,2022-09-28,traveloka
Ua763553c4c49,H0018,4.0,2022-09-28,booking
Ub86a99167ce7,H0021,10.0,2022-09-28,booking
Uc71a969b1cf6,H0126,5.5,2022-09-28,traveloka
Ucaacb3bf5210,H0095,10.0,2022-09-28,booking
Ufed5dc71a91e,H0353,5.0,2022-09-28,booking
U02089ebb7c08,H0105,6.4,2022-09-29,traveloka
U5a350d7e7970,H0498,7.0,2022-09-29,booking
U68f2e9707e6b,H0505,10.0,2022-09-29,booking
U86718e9be95e,H0100,8.0,2022-09-29,booking
Uae43a1c16f19,H0133,10.0,2022-09-29,ivivu
Uae8735b5c0c9,H0518,10.0,2022-09-29,booking
Ub6ed3a88c77b,H0363,6.0,2022-09-29,booking
Ubb7caab74705,H0089,7.0,2022-09-29,booking
Ubff2d44784eb,H0485,6.0,2022-09-29,traveloka
Uc43682ad0fad,H0505,1.0,2022-09-29,booking
Ue83b093de198,H0123,10.0,2022-09-29,booking
U09af28c81a40,H0450,9.0,2022-09-30,booking
U1262fa7ef9c7,H0527,10.0,2022-09-30,ivivu
U145b7c3a0a48,H0337,7.0,2022-09-30,booking
U1f3cc872afc7,H0378,8.0,2022-09-30,booking
U25c0081f57bd,H0112,7.0,2022-09-30,booking
U2db1cd47452b,H0505,7.0,2022-09-30,booking
U33543e34eb90,H0450,10.0,2022-09-30,booking
U8b65b691f46d,H0135,4.0,2022-09-30,ivivu
Ua658a77a8860,H0450,9.0,2022-09-30,booking
Ua866dc69d643,H0510,10.0,2022-09-30,booking
Ua90f5abdf891,H0538,9.0,2022-09-30,booking
Ubb7caab74705,H0397,8.0,2022-09-30,booking
Uc439ac066a38,H0363,10.0,2022-09-30,booking
Uc5e49136f43e,H0155,5.0,2022-09-30,booking
Ueee056869799,H0535,9.1,2022-09-30,traveloka
U26da48c79947,H0162,9.7,2022-10-01,traveloka
U7e3179f1422d,H0551,4.8,2022-10-01,traveloka
U82a5ed2b4568,H0437,7.0,2022-10-01,booking
U82a92949cbb5,H0444,10.0,2022-10-01,booking
Ua3948c917049,H0311,6.0,2022-10-01,booking
U0fa462fa5f5d,H0381,7.0,2022-10-02,booking
U373fef02f052,H0304,9.7,2022-10-02,traveloka
U459052bc1431,H0143,10.0,2022-10-02,ivivu
U4ca44a2c942b,H0515,9.0,2022-10-02,booking
U4d80696349f3,H0087,10.0,2022-10-02,booking
U55ba0a35377a,H0100,10.0,2022-10-02,booking
U57dd8f4e431c,H0362,8.0,2022-10-02,booking
U6abc54e51970,H0437,10.0,2022-10-02,booking
U8b48f1abe5bb,H0183,1.0,2022-10-02,booking
U8c5492d08f33,H0541,8.0,2022-10-02,booking
U951672d946e9,H0343,3.0,2022-10-02,booking
Uab90ae8d578c,H0095,10.0,2022-10-02,booking
Uab90ae8d578c,H0449,9.0,2022-10-02,booking
Ubc183ec39523,H0510,9.0,2022-10-02,booking
Uc7110aaf2bea,H0506,5.0,2022-10-02,booking
Uc9fc9f53967b,H0518,10.0,2022-10-02,booking
Uf2a33ffd2ea4,H0232,6.0,2022-10-02,traveloka
Uf7b7d282da79,H0099,10.0,2022-10-02,booking
Ufb21f42af658,H0087,8.0,2022-10-02,booking
Ufd13a4ffb056,H0518,10.0,2022-10-02,booking
U16c2298dc0c0,H0042,5.0,2022-10-03,booking
U302579df95dd,H0315,8.5,2022-10-03,traveloka
U6466924addf9,H0439,1.0,2022-10-03,booking
U82a5ed2b4568,H0099,7.0,2022-10-03,booking
Ucde2315c70c8,H0147,6.3,2022-10-03,traveloka
Ue0a9d4a85ddd,H0362,7.0,2022-10-03,booking
U25c0081f57bd,H0008,7.0,2022-10-04,booking
U4b06e17abf0b,H0487,6.0,2022-10-04,booking
U55ba0a35377a,H0181,7.0,2022-10-04,booking
U55ba0a35377a,H0337,10.0,2022-10-04,booking
U7cd997f32f2d,H0362,8.0,2022-10-04,booking
U8c2426a99a7b,H0434,9.0,2022-10-04,traveloka
Ua2ecd27013e2,H0400,5.0,2022-10-04,booking
Ubb7caab74705,H0532,5.0,2022-10-04,booking
Ubb7caab74705,H0546,7.0,2022-10-04,booking
Ubf772538baf0,H0017,10.0,2022-10-04,booking
Ue3cae257a7a2,H0404,5.9,2022-10-04,traveloka
U3550151b709f,H0214,9.0,2022-10-05,booking
U6840254d67f2,H0077,10.0,2022-10-05,booking
U6f123f862e99,H0529,7.0,2022-10-05,booking
U7accefa53685,H0042,10.0,2022-10-05,booking
U80c39feb8af7,H0200,9.0,2022-10-05,booking
U848af09f6de3,H0181,7.0,2022-10-05,booking
U967df8ac0929,H0101,6.6,2022-10-05,traveloka
U9f6ee79cc2bf,H0032,8.0,2022-10-05,booking
Uba1c8ca6b899,H0120,7.0,2022-10-05,booking
Ubcb00aff0151,H0017,7.0,2022-10-05,booking
Uc874bee1c545,H0032,5.0,2022-10-05,booking
Ud337acc90f71,H0551,5.5,2022-10-05,traveloka
Ud83e61daa288,H0127,10.0,2022-10-05,ivivu
Udcc35c827775,H0062,10.0,2022-10-05,ivivu
Udd5f3bd618d5,H0510,6.0,2022-10-05,booking
Ufed5dc71a91e,H0363,9.0,2022-10-05,booking
U145b7c3a0a48,H0017,10.0,2022-10-06,booking
U1995d921a404,H0090,10.0,2022-10-06,booking
U20c464b766f1,H0335,8.5,2022-10-06,traveloka
U50f523b549c4,H0218,9.0,2022-10-06,booking
U55ba0a35377a,H0007,10.0,2022-10-06,booking
U5a7fc67f04c1,H0214,6.0,2022-10-06,booking
U6275c52c2c39,H0018,7.5,2022-10-06,booking
U7cd997f32f2d,H0534,8.0,2022-10-06,booking
U82a5ed2b4568,H0018,5.0,2022-10-06,booking
U84526afd6fae,H0525,8.0,2022-10-06,ivivu
Ua571a440c856,H0490,7.0,2022-10-06,booking
Uab90ae8d578c,H0437,7.0,2022-10-06,booking
Ub5482f12212e,H0119,7.0,2022-10-06,booking
Ubc183ec39523,H0529,5.0,2022-10-06,booking
Uc7110aaf2bea,H0510,8.0,2022-10-06,booking
Uc9fc9f53967b,H0181,6.0,2022-10-06,booking
Ue072af4ba9d2,H0518,5.0,2022-10-06,booking
Uf37924d654de,H0087,10.0,2022-10-06,booking
U025c0bdadae4,H0458,5.0,2022-10-07,booking
U072e897f50c5,H0437,9.0,2022-10-07,booking
U3b9fee761ece,H0439,5.0,2022-10-07,booking
U56cfc8fab4b5,H0487,5.0,2022-10-07,booking
Ua838f1da04b3,H0210,8.0,2022-10-07,ivivu
Uab90ae8d578c,H0487,7.0,2022-10-07,booking
Ub16e24f6e466,H0369,8.0,2022-10-07,ivivu
Ubb7caab74705,H0466,5.0,2022-10-07,booking
Ubb7caab74705,H0007,1.0,2022-10-07,booking
Ube1ed5d2dd22,H0095,10.0,2022-10-07,booking
Ucbe185aff366,H0467,4.8,2022-10-07,traveloka
Ucf89a5e785b5,H0349,6.1,2022-10-07,traveloka
Ue6e3a62eed14,H0021,8.0,2022-10-07,booking
Ueff4fbda6737,H0363,5.0,2022-10-07,booking
Uf2a33ffd2ea4,H0523,6.0,2022-10-07,ivivu
U05b07d028ee4,H0522,6.0,2022-10-08,ivivu
U1bac8a91d17f,H0337,4.0,2022-10-08,booking
U23b273be31f8,H0100,10.0,2022-10-08,booking
U31b43befbc57,H0238,9.7,2022-10-08,traveloka
U32e0d2d939ce,H0155,6.0,2022-10-08,booking
U399ba21c0376,H0021,4.0,2022-10-08,booking
U3da8bb46e96b,H0465,7.3,2022-10-08,traveloka
U4c7264a4a900,H0221,6.0,2022-10-08,ivivu
U595041030b42,H0123,7.0,2022-10-08,booking
U6d810709d4d6,H0397,9.0,2022-10-08,booking
U82a5ed2b4568,H0028,7.0,2022-10-08,booking
Uab90ae8d578c,H0181,5.0,2022-10-08,booking
Ubb7caab74705,H0439,4.0,2022-10-08,booking
Ue072af4ba9d2,H0018,4.0,2022-10-08,booking
Uf50e013c8797,H0156,7.0,2022-10-08,booking
Uf87323b22adb,H0397,5.0,2022-10-08,booking
U147e1eb2139b,H0437,6.0,2022-10-09,ivivu
U1e84baf9b7e4,H0523,6.0,2022-10-09,ivivu
U2725d973076b,H0336,6.0,2022-10-09,traveloka
U32e0d2d939ce,H0397,7.0,2022-10-09,booking
U6a1ec282d822,H0327,8.0,2022-10-09,booking
U7e9c84e7704b,H0465,6.1,2022-10-09,traveloka
Ua1152fb59a58,H0221,4.0,2022-10-09,ivivu
Uaa3f25305c96,H0056,10.0,2022-10-09,ivivu
Uae43a1c16f19,H0534,4.0,2022-10-09,ivivu
Ub0d6aeadc480,H0100,7.0,2022-10-09,booking
Ubb7caab74705,H0104,7.0,2022-10-09,booking
Udcd7545e9dfa,H0505,10.0,2022-10-09,booking
Ue83b093de198,H0042,6.0,2022-10-09,booking
Ue97f83b9be53,H0229,8.0,2022-10-09,booking
Uf33e9d941313,H0100,6.0,2022-10-09,booking
U595041030b42,H0549,5.0,2022-10-10,booking
U644f8e49a4ad,H0394,6.0,2022-10-10,traveloka
Ubb7caab74705,H0112,2.0,2022-10-10,booking
Uc9fc9f53967b,H0546,9.0,2022-10-10,booking
U4a17bd6754c9,H0032,9.0,2022-10-11,booking
U595041030b42,H0017,6.0,2022-10-11,booking
U5aebf4da3f4d,H0087,10.0,2022-10-11,booking
U665904d21807,H0470,5.0,2022-10-11,booking
U72d8f85b3fb4,H0090,5.0,2022-10-11,booking
U7bc87ddfa9ba,H0487,1.0,2022-10-11,booking
U8c5492d08f33,H0214,10.0,2022-10-11,booking
Ubb7caab74705,H0181,5.0,2022-10-11,booking
Ucb6c2f0e9149,H0181,7.0,2022-10-11,booking
Ue1ea6170d5ed,H0295,6.0,2022-10-11,booking
Ueb306017301c,H0295,7.0,2022-10-11,booking
Uf910cfcea493,H0102,9.0,2022-10-11,booking
U358042d4503c,H0336,4.5,2022-10-12,traveloka
U6a1ec282d822,H0112,1.0,2022-10-12,booking
Ubb7caab74705,H0019,8.0,2022-10-12,booking
Ud67004025c0b,H0191,6.0,2022-10-12,ivivu
U85ba6edcd969,H0018,10.0,2022-10-13,booking
U96ea00ecc288,H0089,6.0,2022-10-13,booking
Ua1e713bafacd,H0018,10.0,2022-10-13,booking
Ubb7caab74705,H0225,6.0,2022-10-13,booking
Udf8bc29e2f3f,H0098,9.0,2022-10-13,booking
Ue011bf99dade,H0032,8.5,2022-10-13,traveloka
U1abe1c666639,H0470,10.0,2022-10-14,booking
U1e8c86016edc,H0505,10.0,2022-10-14,booking
U2278f685b611,H0104,10.0,2022-10-14,booking
U81c3e2de074d,H0401,6.0,2022-10-14,ivivu
U82a5ed2b4568,H0019,9.0,2022-10-14,booking
U8c5492d08f33,H0112,7.0,2022-10-14,booking
Ua6541bf69b96,H0311,6.9,2022-10-14,traveloka
Uc439ac066a38,H0172,9.0,2022-10-14,booking
Ue0f16e914080,H0450,6.0,2022-10-14,booking
U45559e7581e5,H0015,10.0,2022-10-15,booking
U71f4da10c5ed,H0394,6.1,2022-10-15,traveloka
U82a5ed2b4568,H0112,2.0,2022-10-15,booking
U920e21611453,H0454,8.0,2022-10-15,booking
Uae43a1c16f19,H0157,8.0,2022-10-15,ivivu
Uc9fc9f53967b,H0008,9.0,2022-10-15,booking
U0c1a0cbe75e7,H0544,6.3,2022-10-16,traveloka
U2cd4bb5cf158,H0413,8.8,2022-10-16,traveloka
U445ca29f91c1,H0418,8.0,2022-10-16,ivivu
U6abc54e51970,H0089,7.0,2022-10-16,booking
Ua866dc69d643,H0004,10.0,2022-10-16,booking
Ub73c5e67c3be,H0262,9.7,2022-10-16,traveloka
Uc43682ad0fad,H0018,10.0,2022-10-16,booking
Uc439ac066a38,H0089,5.0,2022-10-16,booking
U2278f685b611,H0454,10.0,2022-10-17,booking
U29cf5dd35598,H0394,9.3,2022-10-17,traveloka
U304876b80aa4,H0397,6.0,2022-10-17,booking
U39af99bbca59,H0281,9.7,2022-10-17,traveloka
U467daa13540d,H0104,9.0,2022-10-17,booking
U487120a75126,H0332,7.0,2022-10-17,booking
U655646f09724,H0112,8.0,2022-10-17,booking
U68b521cac0b8,H0355,8.0,2022-10-17,booking
U6a1ec282d822,H0380,10.0,2022-10-17,booking
U9666d5aa39a0,H0461,5.8,2022-10-17,traveloka
Ua9e40e4f9bcb,H0090,5.0,2022-10-17,booking
Uaf349b705604,H0491,10.0,2022-10-17,ivivu
Uf90679e139cf,H0515,1.0,2022-10-17,booking
U1500a9267556,H0017,9.0,2022-10-18,booking
U16c2298dc0c0,H0032,5.0,2022-10-18,booking
U179f4e1cbc07,H0439,6.0,2022-10-18,ivivu
U1a102edf1c69,H0510,10.0,2022-10-18,booking
U7a1c550b7ef4,H0021,7.0,2022-10-18,booking
Ua015724eb5e3,H0555,10.0,2022-10-18,booking
Ubb7caab74705,H0015,5.0,2022-10-18,booking
Ue4a146a7dd7d,H0204,6.0,2022-10-18,ivivu
U029648d7832f,H0162,6.0,2022-10-19,ivivu
U1ca431bab7e4,H0526,8.0,2022-10-19,ivivu
U2328b14d66c7,H0534,6.0,2022-10-19,ivivu
U3b9fee761ece,H0225,7.0,2022-10-19,booking
U5a92b5babd1e,H0555,5.0,2022-10-19,booking
U6abc54e51970,H0549,9.0,2022-10-19,booking
Ub573e03e9332,H0434,5.8,2022-10-19,traveloka
Udd5f3bd618d5,H0104,10.0,2022-10-19,booking
Udf8bc29e2f3f,H0112,7.0,2022-10-19,booking
Ue42aa939704b,H0162,6.0,2022-10-19,ivivu
Uee1ba71acd46,H0112,7.0,2022-10-19,booking
U2278f685b611,H0200,7.0,2022-10-20,booking
U399ba21c0376,H0089,10.0,2022-10-20,booking
U548a4fc44d57,H0052,10.0,2022-10-20,traveloka
U595041030b42,H0311,8.0,2022-10-20,booking
U66e5d6adf80d,H0112,7.0,2022-10-20,booking
U82a92949cbb5,H0018,10.0,2022-10-20,booking
Ub5923814a325,H0311,7.0,2022-10-20,booking
Ub62a8ac8c4ac,H0353,10.0,2022-10-20,booking
Uf36b36bf542b,H0311,6.0,2022-10-20,ivivu
U162c29e5dcaa,H0316,6.0,2022-10-21,ivivu
U1bae2481fbd2,H0104,9.0,2022-10-21,booking
U555ce6a3afaf,H0232,6.1,2022-10-21,traveloka
Uaa554c2ea1ca,H0337,8.0,2022-10-21,booking
Uab90ae8d578c,H0238,9.0,2022-10-21,booking
Ubb7caab74705,H0073,1.0,2022-10-21,booking
Ubb7caab74705,H0104,9.0,2022-10-21,booking
Uc874bee1c545,H0155,9.0,2022-10-21,booking
U4c4407532f7b,H0232,5.8,2022-10-22,traveloka
U6840254d67f2,H0353,7.0,2022-10-22,booking
U82a5ed2b4568,H0089,9.0,2022-10-22,booking
U97111d292c1b,H0100,6.0,2022-10-22,booking
Uc9fc9f53967b,H0469,10.0,2022-10-22,booking
Udcc35c827775,H0541,8.0,2022-10-22,ivivu
Ue0a9d4a85ddd,H0214,8.0,2022-10-22,booking
Ue3a32ac7565d,H0018,10.0,2022-10-22,booking
Uefe39009fffe,H0002,8.5,2022-10-22,traveloka
U487120a75126,H0408,9.0,2022-10-23,booking
U4a17bd6754c9,H0433,5.0,2022-10-23,booking
Ua015724eb5e3,H0330,1.0,2022-10-23,booking
Ub4c4d593ee1d,H0095,10.0,2022-10-23,booking
Ub86a99167ce7,H0533,10.0,2022-10-23,booking
Uc94b5429322d,H0458,10.0,2022-10-23,booking
Udd5f3bd618d5,H0238,6.0,2022-10-23,booking
U0fe4de0dce00,H0295,10.0,2022-10-24,booking
U39613c0a65c3,H0176,6.0,2022-10-24,booking
U487120a75126,H0529,7.0,2022-10-24,booking
U63fd833b4a7c,H0353,6.0,2022-10-24,booking
Ube1489778e3f,H0408,7.0,2022-10-24,traveloka
Uf910cfcea493,H0450,5.0,2022-10-24,booking
U16c2298dc0c0,H0090,9.0,2022-10-25,booking
U1e1367252b82,H0018,10.0,2022-10-25,booking
U30a7412ed686,H0384,8.5,2022-10-25,traveloka
U42cfb242c8b6,H0332,5.0,2022-10-25,booking
U43c9681df962,H0546,6.0,2022-10-25,booking
U732f3a697fa2,H0454,10.0,2022-10-25,booking
U82a5ed2b4568,H0015,3.0,2022-10-25,booking
U97ae69365fbb,H0147,4.0,2022-10-25,ivivu
Ubb7caab74705,H0098,7.0,2022-10-25,booking
Uc9fc9f53967b,H0337,9.0,2022-10-25,booking
Uca32aec396e6,H0457,8.0,2022-10-25,booking
Ue1ea6170d5ed,H0506,3.0,2022-10-25,booking
Ueb306017301c,H0217,7.0,2022-10-25,booking
U586bf32f0573,H0454,6.0,2022-10-26,booking
U68f2e9707e6b,H0337,7.0,2022-10-26,booking
U6dbb4301b696,H0225,6.0,2022-10-26,traveloka
U920e21611453,H0470,7.0,2022-10-26,booking
U9226fb5e4490,H0485,8.5,2022-10-26,traveloka
U9a45ca7f25d6,H0542,6.1,2022-10-26,traveloka
Ubb7caab74705,H0090,5.0,2022-10-26,booking
Udf8bc29e2f3f,H0104,9.0,2022-10-26,booking
Uf76a42d21a7d,H0087,7.0,2022-10-26,booking
U2a46e9aec727,H0089,8.0,2022-10-27,booking
U5a350d7e7970,H0008,7.0,2022-10-27,booking
U6840254d67f2,H0487,7.0,2022-10-27,booking
U7dd00d5213dc,H0425,10.0,2022-10-27,ivivu
U82a5ed2b4568,H0104,9.0,2022-10-27,booking
Ua5d196ed4683,H0549,8.0,2022-10-27,booking
Ub5cc24d2d541,H0413,5.7,2022-10-27,traveloka
Uc2d7cbfea755,H0098,7.0,2022-10-27,booking
Ud1bef89cfded,H0232,4.8,2022-10-27,traveloka
Ue072af4ba9d2,H0176,5.0,2022-10-27,booking
Uffdf97aed865,H0492,5.7,2022-10-27,traveloka
U655646f09724,H0032,9.0,2022-10-28,booking
U764b50c0d940,H0213,10.0,2022-10-28,booking
U91c80d2d0c46,H0497,7.0,2022-10-28,booking
Uc94b5429322d,H0090,6.0,2022-10-28,booking
Ue0a9d4a85ddd,H0463,9.0,2022-10-28,booking
U1b75ad9e4757,H0159,10.0,2022-10-29,traveloka
U1e1367252b82,H0353,5.0,2022-10-29,booking
U2278f685b611,H0487,10.0,2022-10-29,booking
U3355249abf3d,H0411,6.0,2022-10-29,traveloka
U6feec134d8e2,H0414,10.0,2022-10-29,traveloka
Uae43a1c16f19,H0439,6.4,2022-10-29,traveloka
Ubb7caab74705,H0018,10.0,2022-10-29,booking
Uc442b13b5b3c,H0399,7.0,2022-10-29,traveloka
Ucfb3e1a624bd,H0089,10.0,2022-10-29,booking
Ue072af4ba9d2,H0454,9.0,2022-10-29,booking
U2278f685b611,H0295,7.0,2022-10-30,booking
U4cfdd9d4bbf5,H0100,10.0,2022-10-30,booking
U966d27754fa5,H0311,8.0,2022-10-30,booking
Ue72614cf6bd2,H0355,10.0,2022-10-30,booking
U15c5f8689a8c,H0337,6.0,2022-10-31,booking
U786ee6595891,H0159,8.2,2022-10-31,traveloka
Uab90ae8d578c,H0454,7.0,2022-10-31,booking
Ube1ed5d2dd22,H0099,7.0,2022-10-31,booking
Ue83b093de198,H0450,7.0,2022-10-31,booking
Uf910cfcea493,H0229,7.0,2022-10-31,booking
U1abe1c666639,H0183,9.0,2022-11-01,booking
U5a92b5babd1e,H0444,5.0,2022-11-01,booking
U6a1ec282d822,H0214,5.0,2022-11-01,booking
Ua866dc69d643,H0453,9.0,2022-11-01,booking
Uaf787a152bdc,H0176,7.0,2022-11-01,booking
Ub603a56db2be,H0178,8.6,2022-11-01,traveloka
Ubc0ff720775b,H0162,6.0,2022-11-01,ivivu
Uf4486ec832f6,H0433,5.5,2022-11-01,traveloka
Ufe2bf0ec8d4f,H0100,8.0,2022-11-01,booking
U31b43befbc57,H0105,7.0,2022-11-02,traveloka
U487120a75126,H0466,8.0,2022-11-02,booking
U48aa7c89ecdb,H0210,6.0,2022-11-02,ivivu
U5f1ab43ed9ad,H0510,7.0,2022-11-02,booking
U6058695c187f,H0414,6.0,2022-11-02,ivivu
U7f9993debb85,H0349,5.0,2022-11-02,booking
U82a5ed2b4568,H0466,8.0,2022-11-02,booking
U8c5492d08f33,H0183,7.0,2022-11-02,booking
Uaa554c2ea1ca,H0008,8.0,2022-11-02,booking
Uac96ca25dbd4,H0437,5.0,2022-11-02,booking
Uc43682ad0fad,H0200,8.0,2022-11-02,booking
Uda75ce37e45d,H0329,6.5,2022-11-02,traveloka
U36daacc4cfc9,H0412,5.2,2022-11-03,traveloka
U4bb0e8d4d923,H0107,5.6,2022-11-03,traveloka
U586bf32f0573,H0214,7.0,2022-11-03,booking
U595041030b42,H0470,6.0,2022-11-03,booking
U5e181805fc19,H0465,8.0,2022-11-03,booking
U5e181805fc19,H0510,6.0,2022-11-03,booking
U852d66b57dc1,H0193,6.0,2022-11-03,ivivu
Ua22e05539eaf,H0334,5.5,2022-11-03,traveloka
Ub5923814a325,H0397,9.0,2022-11-03,booking
Ub7cfe9feea12,H0434,4.8,2022-11-03,traveloka
Ubd35de4909a3,H0238,9.0,2022-11-03,booking
Uc5b4797ed000,H0183,9.0,2022-11-03,booking
Uc70b41686098,H0313,8.0,2022-11-03,ivivu
Ud988f30458dc,H0381,10.0,2022-11-03,booking
Ue0a9d4a85ddd,H0491,2.0,2022-11-03,booking
Uea8fe78ef2a3,H0334,8.8,2022-11-03,traveloka
U0d0bbf3853cd,H0147,6.5,2022-11-04,traveloka
U1a102edf1c69,H0351,8.0,2022-11-04,booking
U1e8c86016edc,H0439,7.0,2022-11-04,booking
U44865709e101,H0350,10.0,2022-11-04,booking
U595041030b42,H0008,6.0,2022-11-04,booking
U7650c2391f61,H0143,6.0,2022-11-04,ivivu
U8395824480bb,H0470,6.0,2022-11-04,booking
Ua2ecd27013e2,H0541,7.0,2022-11-04,booking
Uab90ae8d578c,H0055,8.0,2022-11-04,booking
Ub76b66cd6c5d,H0533,9.0,2022-11-04,booking
Ue045989ec9ca,H0506,6.0,2022-11-04,booking
Ue65c8cd9a182,H0475,8.0,2022-11-04,booking
U104afab47afa,H0291,6.0,2022-11-05,ivivu
U15c5f8689a8c,H0021,10.0,2022-11-05,booking
U1e1367252b82,H0087,6.0,2022-11-05,booking
U1f3cc872afc7,H0078,4.0,2022-11-05,booking
U4ceba8673ab5,H0181,5.0,2022-11-05,booking
U5e181805fc19,H0028,6.0,2022-11-05,booking
U63fd833b4a7c,H0213,5.0,2022-11-05,booking
U6a1ec282d822,H0222,7.0,2022-11-05,booking
U764b50c0d940,H0095,9.0,2022-11-05,booking
U82f31218929d,H0072,9.4,2022-11-05,traveloka
U85843fd62686,H0215,9.4,2022-11-05,traveloka
Ua87ce2c33e76,H0100,5.0,2022-11-05,booking
Uae8735b5c0c9,H0487,7.0,2022-11-05,booking
Uc2179258c267,H0065,9.7,2022-11-05,traveloka
Uc43682ad0fad,H0510,7.0,2022-11-05,booking
Udd5f3bd618d5,H0055,7.0,2022-11-05,booking
Ue0a9d4a85ddd,H0007,1.0,2022-11-05,booking
U16c2298dc0c0,H0015,10.0,2022-11-06,booking
U16c2298dc0c0,H0007,6.0,2022-11-06,booking
U2f20b5c949e5,H0535,6.0,2022-11-06,traveloka
U3550151b709f,H0098,8.0,2022-11-06,booking
U3e3bd17d8e77,H0162,9.7,2022-11-06,traveloka
U771f19bee66b,H0146,4.0,2022-11-06,ivivu
U82a5ed2b4568,H0023,5.0,2022-11-06,booking
U8c5492d08f33,H0008,7.0,2022-11-06,booking
Uab90ae8d578c,H0355,10.0,2022-11-06,booking
Uc43682ad0fad,H0333,6.0,2022-11-06,booking
Uc5b4797ed000,H0353,4.0,2022-11-06,booking
Uc9fc9f53967b,H0100,5.0,2022-11-06,booking
Ue0a9d4a85ddd,H0439,9.0,2022-11-06,booking
Uea979d60f31c,H0397,8.0,2022-11-06,booking
Uee7d4674c70d,H0123,7.0,2022-11-06,booking
Uf13534b7de0c,H0510,7.0,2022-11-06,booking
Ufdaab3ec1fbc,H0204,8.0,2022-11-06,booking
U0cbf53e2730b,H0120,5.0,2022-11-07,booking
U2c2fb929dfaf,H0466,7.0,2022-11-07,booking
U3998549d8c13,H0236,8.0,2022-11-07,booking
U50f523b549c4,H0181,6.0,2022-11-07,booking
U605178658432,H0221,8.0,2022-11-07,ivivu
U65e38472edba,H0265,7.0,2022-11-07,ivivu
U66f15f547651,H0159,5.7,2022-11-07,traveloka
U6abc54e51970,H0017,10.0,2022-11-07,booking
U72d8f85b3fb4,H0555,8.0,2022-11-07,booking
U8f9142984511,H0353,8.0,2022-11-07,booking
U9025aad34ef8,H0535,9.4,2022-11-07,traveloka
Ua2ecd27013e2,H0332,7.0,2022-11-07,booking
Uae8735b5c0c9,H0450,4.0,2022-11-07,booking
Ub051030fc5a2,H0017,7.0,2022-11-07,booking
Ub4eefd2ca553,H0437,7.0,2022-11-07,booking
Ubb7caab74705,H0128,8.0,2022-11-07,booking
Uc439ac066a38,H0225,8.0,2022-11-07,booking
Uc439ac066a38,H0353,4.0,2022-11-07,booking
Uc5b4797ed000,H0378,8.0,2022-11-07,booking
Ud891e317ebe9,H0100,5.0,2022-11-07,booking
Ud9da077e9300,H0478,6.2,2022-11-07,traveloka
Ue045989ec9ca,H0130,8.0,2022-11-07,booking
Uff8e610a9191,H0320,8.0,2022-11-07,ivivu
U025c0bdadae4,H0454,8.0,2022-11-08,booking
U09897514a3e1,H0433,10.0,2022-11-08,booking
U0c5d38729571,H0353,7.0,2022-11-08,booking
U151cf0af91fa,H0414,4.0,2022-11-08,ivivu
U1abc95e84a31,H0098,10.0,2022-11-08,booking
U2d60ecff62f1,H0433,10.0,2022-11-08,booking
U3b9fee761ece,H0546,9.0,2022-11-08,booking
U462f6a8d1f38,H0176,7.0,2022-11-08,booking
U55ba0a35377a,H0433,9.0,2022-11-08,booking
U5e181805fc19,H0204,7.0,2022-11-08,booking
U793943266179,H0465,1.0,2022-11-08,booking
U8ffa08b1d4d5,H0089,7.0,2022-11-08,booking
Ua3c711e3ef56,H0517,10.0,2022-11-08,ivivu
Ua82367a87ebd,H0104,4.0,2022-11-08,booking
Ub52474362828,H0319,10.0,2022-11-08,ivivu
Ub88006c8832f,H0213,7.0,2022-11-08,booking
Ucef080d30a25,H0015,9.0,2022-11-08,booking
Ud5e96e33e932,H0100,9.0,2022-11-08,booking
Udf8bc29e2f3f,H0238,6.0,2022-11-08,booking
Ue65c8cd9a182,H0397,7.0,2022-11-08,booking
U05d92b16aa97,H0525,10.0,2022-11-09,booking
U1995d921a404,H0184,7.0,2022-11-09,booking
U2d60ecff62f1,H0089,6.0,2022-11-09,booking
U66beeff923d8,H0041,10.0,2022-11-09,traveloka
U7dd00d5213dc,H0221,10.0,2022-11-09,ivivu
U8b48f1abe5bb,H0017,6.0,2022-11-09,booking
Ucffc7f9d75a7,H0485,8.8,2022-11-09,traveloka
Ufb79f7cc4e47,H0176,7.0,2022-11-09,booking
U0a8863ce22e3,H0100,6.0,2022-11-10,booking
U16765312e621,H0295,1.0,2022-11-10,booking
U93c5ea8f4cab,H0087,10.0,2022-11-10,booking
Ub5923814a325,H0352,8.0,2022-11-10,booking
Ud194582fc8f2,H0544,6.0,2022-11-10,ivivu
Ue99afa8b170a,H0015,10.0,2022-11-10,booking
Ueb608ccf6373,H0018,6.0,2022-11-10,booking
Uff760b9f9e05,H0175,9.7,2022-11-10,traveloka
U145b7c3a0a48,H0555,9.0,2022-11-11,booking
U170a29f03833,H0042,7.0,2022-11-11,booking
U4488b238daa6,H0304,6.0,2022-11-11,traveloka
U84a857b82cbe,H0489,10.0,2022-11-11,booking
Ud1482684ee2a,H0181,6.0,2022-11-11,traveloka
Ud710eaa169cb,H0070,5.4,2022-11-11,traveloka
U15c5f8689a8c,H0017,10.0,2022-11-12,booking
U4c82f4cbf527,H0532,10.0,2022-11-12,traveloka
U5c13d56d6b33,H0010,7.0,2022-11-12,booking
U6c4f32e0a73c,H0450,10.0,2022-11-12,booking
U85a528c2c7b5,H0485,6.0,2022-11-12,traveloka
U9d3627c81172,H0437,8.0,2022-11-12,ivivu
Uc349f2ce9069,H0370,6.2,2022-11-12,traveloka
Uc43682ad0fad,H0014,6.0,2022-11-12,booking
Ud87d13293d95,H0181,3.0,2022-11-12,booking
Uf457a1d637b0,H0112,7.0,2022-11-12,booking
U1c012596ee8f,H0507,5.5,2022-11-13,traveloka
U3aecb5e9f0a0,H0002,5.8,2022-11-13,traveloka
U51fed0b5c9aa,H0336,5.8,2022-11-13,traveloka
U6a1ec282d822,H0225,10.0,2022-11-13,booking
U85ba6edcd969,H0015,8.0,2022-11-13,booking
U89b73d14eaf9,H0516,9.1,2022-11-13,traveloka
U9deb26de64b9,H0542,4.8,2022-11-13,traveloka
Ub316660cedb0,H0166,9.4,2022-11-13,traveloka
Ue0a9d4a85ddd,H0018,5.0,2022-11-13,booking
Uf7b7d282da79,H0295,8.0,2022-11-13,booking
U16765312e621,H0333,9.0,2022-11-14,booking
U18d74d9dd4c9,H0539,9.7,2022-11-14,traveloka
U3b9fee761ece,H0021,6.0,2022-11-14,booking
U4dc6d9ec5d3e,H0089,6.0,2022-11-14,booking
U52eab0d5372a,H0337,10.0,2022-11-14,booking
U788ad866add3,H0311,6.0,2022-11-14,booking
U82a5ed2b4568,H0005,5.0,2022-11-14,booking
Uab90ae8d578c,H0353,10.0,2022-11-14,booking
Ub0988e0a0e81,H0324,9.7,2022-11-14,traveloka
U1426f60ce274,H0018,5.0,2022-11-15,booking
U14a568c69f46,H0407,10.0,2022-11-15,booking
U399ba21c0376,H0220,8.0,2022-11-15,booking
U711a43ca2464,H0166,6.1,2022-11-15,traveloka
U80c3f2fb7fa6,H0015,7.0,2022-11-15,booking
U82a5ed2b4568,H0089,10.0,2022-11-15,booking
U8f9142984511,H0450,5.0,2022-11-15,booking
Ua55fecfb11a3,H0242,7.0,2022-11-15,ivivu
Ua866dc69d643,H0489,10.0,2022-11-15,booking
Ub88006c8832f,H0475,10.0,2022-11-15,booking
Ue3d9f7ae6a17,H0001,6.0,2022-11-15,traveloka
Ue7f61c56d368,H0095,4.0,2022-11-15,booking
Ueff4fbda6737,H0095,7.0,2022-11-15,booking
Ueff4fbda6737,H0549,1.0,2022-11-15,booking
U18c4cf0f7006,H0018,10.0,2022-11-16,booking
U2278f685b611,H0181,10.0,2022-11-16,booking
U30a7412ed686,H0311,10.0,2022-11-16,traveloka
U62643e9a2fea,H0496,6.0,2022-11-16,traveloka
U764b50c0d940,H0363,9.0,2022-11-16,booking
U82a5ed2b4568,H0104,10.0,2022-11-16,booking
U88add228a4b8,H0394,6.7,2022-11-16,traveloka
Ub5923814a325,H0015,10.0,2022-11-16,booking
Ub86a99167ce7,H0337,1.0,2022-11-16,booking
Uc43682ad0fad,H0555,5.0,2022-11-16,booking
Udd5f3bd618d5,H0015,10.0,2022-11-16,booking
Ue878cd9b395e,H0521,8.5,2022-11-16,traveloka
Uea979d60f31c,H0090,9.0,2022-11-16,booking
Ueef6d0dab6d7,H0225,8.5,2022-11-16,traveloka
Ufae36b547bb4,H0015,8.0,2022-11-16,booking
Ufb79f7cc4e47,H0450,10.0,2022-11-16,booking
U2278f685b611,H0408,10.0,2022-11-17,booking
U6a1ec282d822,H0100,6.0,2022-11-17,booking
Ua8d7a791da63,H0126,9.4,2022-11-17,traveloka
Ub5923814a325,H0200,8.0,2022-11-17,booking
Ubc48ab73e07d,H0126,6.0,2022-11-17,traveloka
Ud31580178d1c,H0485,10.0,2022-11-17,traveloka
Uf76a42d21a7d,H0006,9.0,2022-11-17,booking
U133b06b001b6,H0272,9.7,2022-11-18,traveloka
U4ceba8673ab5,H0104,8.0,2022-11-18,booking
U5d1ffe1b3d6c,H0221,8.0,2022-11-18,ivivu
U6f123f862e99,H0214,8.0,2022-11-18,booking
U7852237f6302,H0453,5.0,2022-11-18,booking
U9912838720fd,H0213,7.0,2022-11-18,booking
Uae8735b5c0c9,H0327,10.0,2022-11-18,booking
Ube1ed5d2dd22,H0102,10.0,2022-11-18,booking
Uf910cfcea493,H0437,10.0,2022-11-18,booking
U3b9fee761ece,H0019,6.0,2022-11-19,booking
U462f6a8d1f38,H0353,8.0,2022-11-19,booking
U50f523b549c4,H0087,7.0,2022-11-19,booking
U9c7571420735,H0166,9.4,2022-11-19,traveloka
Ubb7caab74705,H0017,6.0,2022-11-19,booking
Uc9fc9f53967b,H0374,10.0,2022-11-19,booking
U54990160f0ee,H0085,8.8,2022-11-20,traveloka
U595041030b42,H0018,3.0,2022-11-20,booking
U5e181805fc19,H0487,1.0,2022-11-20,booking
U764b50c0d940,H0104,10.0,2022-11-20,booking
Ub051030fc5a2,H0104,9.0,2022-11-20,booking
Ude4a6f8aefd1,H0210,10.0,2022-11-20,ivivu
Uf76a42d21a7d,H0104,9.0,2022-11-20,booking
U581d746c947b,H0162,9.4,2022-11-21,traveloka
U6a1ec282d822,H0104,10.0,2022-11-21,booking
Ua43f9a341663,H0394,5.6,2022-11-21,traveloka
Ua9fee312a7b9,H0205,4.0,2022-11-21,booking
Uaaf96af61bbc,H0412,6.6,2022-11-21,traveloka
Ub86a99167ce7,H0089,8.0,2022-11-21,booking
Uf06d008e4810,H0509,6.0,2022-11-21,traveloka
U2a46e9aec727,H0018,3.0,2022-11-22,booking
U82a5ed2b4568,H0355,1.0,2022-11-22,booking
Uc43682ad0fad,H0355,1.0,2022-11-22,booking
U1ca431bab7e4,H0346,9.7,2022-11-23,traveloka
U3c76d79f4a68,H0217,7.0,2022-11-23,booking
U7b2904937311,H0111,5.4,2022-11-23,traveloka
U7df7795168b3,H0136,4.8,2022-11-23,traveloka
Ua85443871ee2,H0008,5.0,2022-11-23,booking
Uc442f2456aa8,H0487,10.0,2022-11-23,booking
Ue999c336c5a8,H0217,7.0,2022-11-23,booking
U0506189499bf,H0521,6.0,2022-11-24,traveloka
U16c2298dc0c0,H0332,4.0,2022-11-24,booking
U576bc7f66061,H0521,9.7,2022-11-24,traveloka
U5a350d7e7970,H0353,7.0,2022-11-24,booking
U665904d21807,H0497,9.0,2022-11-24,booking
U793ac4ee017e,H0104,9.0,2022-11-24,booking
Ue863642ca441,H0452,6.2,2022-11-24,traveloka
Uf910cfcea493,H0555,7.0,2022-11-24,booking
Ufb80a7176506,H0147,8.5,2022-11-24,traveloka
U16c2298dc0c0,H0213,9.0,2022-11-25,booking
U1abc95e84a31,H0362,10.0,2022-11-25,booking
U3bbbb95f5787,H0089,7.0,2022-11-25,booking
U43c9681df962,H0439,7.0,2022-11-25,booking
U4a17bd6754c9,H0184,7.0,2022-11-25,booking
U90ce5774e4d9,H0051,8.5,2022-11-25,traveloka
Ua2ecd27013e2,H0439,10.0,2022-11-25,booking
Ua3948c917049,H0236,10.0,2022-11-25,booking
Ua7beaa8dc6a5,H0414,6.0,2022-11-25,traveloka
Ub88006c8832f,H0112,10.0,2022-11-25,booking
Uc171a66fc2e3,H0304,5.2,2022-11-25,traveloka
Uc3dff739585d,H0539,8.5,2022-11-25,traveloka
Ud62add1cdaf4,H0074,8.5,2022-11-25,traveloka
U16d37168cadd,H0549,9.0,2022-11-26,booking
U2a46e9aec727,H0381,9.0,2022-11-26,booking
U2f92d6528a2a,H0555,4.0,2022-11-26,ivivu
U5a350d7e7970,H0213,7.0,2022-11-26,booking
U72ecc4663d6e,H0220,5.0,2022-11-26,booking
U771d660093c3,H0489,8.0,2022-11-26,ivivu
U82a5ed2b4568,H0487,1.0,2022-11-26,booking
Uad736c7dffac,H0439,10.0,2022-11-26,traveloka
Ubb9386fc4d95,H0535,8.5,2022-11-26,traveloka
Ucaca4b01d177,H0521,6.0,2022-11-26,traveloka
Ud39d1962835b,H0369,10.0,2022-11-26,ivivu
Ue0a9d4a85ddd,H0100,8.0,2022-11-26,booking
U0320c28009ad,H0159,6.0,2022-11-27,traveloka
U82a5ed2b4568,H0181,7.0,2022-11-27,booking
U8b48f1abe5bb,H0487,1.0,2022-11-27,booking
U2926c2cc5ce6,H0159,5.5,2022-11-28,traveloka
U370d83df6948,H0414,9.7,2022-11-28,traveloka
U4ca44a2c942b,H0100,8.0,2022-11-28,booking
U82a5ed2b4568,H0355,1.0,2022-11-28,booking
U8f9142984511,H0060,10.0,2022-11-28,booking
Uc2eafeeb199a,H0332,5.0,2022-11-28,booking
U13c77d79081f,H0408,6.1,2022-11-29,traveloka
U556c64cb7de3,H0217,6.0,2022-11-29,booking
U68906e798382,H0328,5.7,2022-11-29,traveloka
U82a5ed2b4568,H0217,7.0,2022-11-29,booking
Uac8fa35c35a0,H0534,6.0,2022-11-29,ivivu
Uc9036fb3b40d,H0544,6.0,2022-11-29,ivivu
Ucc2b71498db9,H0147,8.5,2022-11-29,traveloka
U065eace5e341,H0523,6.6,2022-11-30,traveloka
U6840254d67f2,H0042,7.0,2022-11-30,booking
U7817b86d6e20,H0324,10.0,2022-11-30,traveloka
U7fa613e5002e,H0089,6.0,2022-11-30,booking
Ub8a6d849445c,H0175,6.0,2022-11-30,traveloka
Uc439ac066a38,H0104,6.0,2022-11-30,booking
U025c0bdadae4,H0214,9.0,2022-12-01,booking
U42cfb242c8b6,H0439,8.0,2022-12-01,booking
U42d2ad3dc9f1,H0426,6.3,2022-12-01,traveloka
U588d88d1a417,H0372,10.0,2022-12-01,booking
Ud931e6b42045,H0195,9.7,2022-12-01,traveloka
Udf8bc29e2f3f,H0042,5.0,2022-12-01,booking
U025c0bdadae4,H0497,7.0,2022-12-02,booking
U1995d921a404,H0470,7.0,2022-12-02,booking
U281e32d55a14,H0044,6.0,2022-12-02,ivivu
U4cd0dc77cecb,H0437,7.0,2022-12-02,booking
U699916231e95,H0546,2.0,2022-12-02,booking
U71e861a0cef5,H0552,7.0,2022-12-02,booking
U9ab71a5f98dd,H0461,8.5,2022-12-02,traveloka
Ubb7caab74705,H0378,5.0,2022-12-02,booking
Ud5e96e33e932,H0021,7.0,2022-12-02,booking
Ue0a9d4a85ddd,H0410,10.0,2022-12-02,booking
Ufb79f7cc4e47,H0204,9.0,2022-12-02,booking
U0c5d38729571,H0089,5.0,2022-12-03,booking
U16c2298dc0c0,H0089,9.0,2022-12-03,booking
U1f86dbabb30d,H0437,9.0,2022-12-03,booking
U64ca28ff9a5e,H0369,8.0,2022-12-03,ivivu
U788ad866add3,H0181,7.0,2022-12-03,booking
Ua284d3828333,H0214,10.0,2022-12-03,booking
Ua866dc69d643,H0465,7.0,2022-12-03,booking
Ub6449c27ea57,H0042,10.0,2022-12-03,booking
Uc7c55ccae33e,H0072,6.0,2022-12-03,traveloka
U025c0bdadae4,H0487,9.0,2022-12-04,booking
U1e1367252b82,H0112,3.0,2022-12-04,booking
U3439dafbc58c,H0532,10.0,2022-12-04,traveloka
U5a350d7e7970,H0181,8.0,2022-12-04,booking
U655646f09724,H0181,9.0,2022-12-04,booking
U77458e026990,H0102,9.0,2022-12-04,booking
U7a37ffff8050,H0098,6.0,2022-12-04,booking
U8c5492d08f33,H0214,10.0,2022-12-04,booking
Uc43682ad0fad,H0397,5.0,2022-12-04,booking
Uc91564966663,H0064,8.5,2022-12-04,traveloka
Uea2a672773e1,H0087,9.0,2022-12-04,booking
U1abc95e84a31,H0021,7.0,2022-12-05,booking
U4c5119237df0,H0032,6.1,2022-12-05,traveloka
U5f21782dec79,H0232,5.9,2022-12-05,traveloka
U7a37ffff8050,H0453,7.0,2022-12-05,booking
U82a5ed2b4568,H0018,9.0,2022-12-05,booking
U82f103385c33,H0021,7.0,2022-12-05,booking
U8db602f86ee4,H0095,7.0,2022-12-05,booking
Ub5923814a325,H0018,10.0,2022-12-05,booking
Ue8c90175e139,H0458,7.0,2022-12-05,booking
U071855043229,H0351,8.0,2022-12-06,booking
U0fa462fa5f5d,H0353,9.0,2022-12-06,booking
U173ba1e7ebe4,H0391,10.0,2022-12-06,ivivu
U1995d921a404,H0015,10.0,2022-12-06,booking
U2c6aef2d311f,H0317,6.0,2022-12-06,ivivu
U655646f09724,H0437,7.0,2022-12-06,booking
U665904d21807,H0353,5.0,2022-12-06,booking
U6a1ec282d822,H0380,7.0,2022-12-06,booking
U72d8f85b3fb4,H0102,9.0,2022-12-06,booking
U740d2dc9b485,H0100,10.0,2022-12-06,booking
U80c3f2fb7fa6,H0102,5.0,2022-12-06,booking
U82a5ed2b4568,H0514,6.0,2022-12-06,booking
U8c5492d08f33,H0439,10.0,2022-12-06,booking
Ubb7caab74705,H0433,10.0,2022-12-06,booking
Ubb7caab74705,H0100,5.0,2022-12-06,booking
Uc02a6dfd7270,H0353,7.0,2022-12-06,booking
Ucb8ef724795d,H0506,7.0,2022-12-06,booking
Ud558b1b9095f,H0478,6.3,2022-12-06,traveloka
Udd5f3bd618d5,H0363,8.0,2022-12-06,booking
Udd5f3bd618d5,H0425,9.0,2022-12-06,booking
Ue0a9d4a85ddd,H0337,8.0,2022-12-06,booking
Uf7ac97d17e02,H0040,10.0,2022-12-06,ivivu
U15c7bdf0c189,H0221,10.0,2022-12-07,ivivu
U15f877747813,H0147,8.7,2022-12-07,traveloka
U16c2298dc0c0,H0018,4.0,2022-12-07,booking
U16c2298dc0c0,H0007,10.0,2022-12-07,booking
U16c2298dc0c0,H0541,6.0,2022-12-07,booking
U17df181ce620,H0123,5.4,2022-12-07,traveloka
U2278f685b611,H0049,10.0,2022-12-07,booking
U2d60ecff62f1,H0353,10.0,2022-12-07,booking
U3b9fee761ece,H0532,7.0,2022-12-07,booking
U4a22d2d5a040,H0414,9.1,2022-12-07,traveloka
U4ffb61f4fb34,H0383,10.0,2022-12-07,ivivu
U655646f09724,H0343,7.0,2022-12-07,booking
U6f123f862e99,H0100,1.0,2022-12-07,booking
U8c5492d08f33,H0236,7.0,2022-12-07,booking
U8f8b90971d60,H0214,10.0,2022-12-07,booking
U90d34ac8c143,H0433,8.0,2022-12-07,booking
U96824edc21b8,H0032,10.0,2022-12-07,booking
U9deb26de64b9,H0062,8.0,2022-12-07,ivivu
Ub04d995ae3b4,H0221,8.0,2022-12-07,ivivu
Ub234ca1110b0,H0451,8.0,2022-12-07,ivivu
Ubb7caab74705,H0112,7.0,2022-12-07,booking
Ud7527e2dfc4f,H0159,6.0,2022-12-07,traveloka
Uf2dddbf25fe6,H0337,1.0,2022-12-07,booking
U09af28c81a40,H0032,10.0,2022-12-08,booking
U2db1cd47452b,H0179,6.0,2022-12-08,booking
U3b9fee761ece,H0454,1.0,2022-12-08,booking
U49b5c070edc6,H0546,8.0,2022-12-08,booking
U55ba0a35377a,H0518,7.0,2022-12-08,booking
U9f6ee79cc2bf,H0487,8.0,2022-12-08,booking
Uae8735b5c0c9,H0487,8.0,2022-12-08,booking
Uba06f88dce0f,H0413,6.0,2022-12-08,ivivu
Ubb7caab74705,H0238,1.0,2022-12-08,booking
Ubb7caab74705,H0024,7.0,2022-12-08,booking
Ube15ac31a6cd,H0249,8.5,2022-12-08,traveloka
Uc93fb3f1d81f,H0010,9.0,2022-12-08,booking
Ud63b58b9306e,H0214,7.0,2022-12-08,booking
Ueee8dd81a7a1,H0439,6.5,2022-12-08,traveloka
U14a568c69f46,H0332,10.0,2022-12-09,booking
U26da48c79947,H0143,10.0,2022-12-09,ivivu
U31d8a09c3fcd,H0290,6.2,2022-12-09,traveloka
U35657dedbe6a,H0089,10.0,2022-12-09,booking
U44865709e101,H0220,10.0,2022-12-09,booking
U7852237f6302,H0217,6.0,2022-12-09,booking
U82a5ed2b4568,H0493,9.0,2022-12-09,booking
U85ba6edcd969,H0466,10.0,2022-12-09,booking
U920e21611453,H0104,7.0,2022-12-09,booking
U966d27754fa5,H0554,7.0,2022-12-09,booking
U9fcf0f2937ec,H0021,7.0,2022-12-09,booking
Uae43a1c16f19,H0411,6.0,2022-12-09,traveloka
Uae8735b5c0c9,H0123,9.0,2022-12-09,booking
Ub316660cedb0,H0383,9.7,2022-12-09,traveloka
Ub4c4d593ee1d,H0095,10.0,2022-12-09,booking
Ub86a99167ce7,H0433,10.0,2022-12-09,booking
Ubb4e197d0713,H0181,8.5,2022-12-09,traveloka
Uc43682ad0fad,H0487,6.0,2022-12-09,booking
Udf8bc29e2f3f,H0102,3.0,2022-12-09,booking
Ufdaab3ec1fbc,H0018,10.0,2022-12-09,booking
U09dad69d1552,H0521,6.2,2022-12-10,traveloka
U12d26ed90cb2,H0461,9.6,2022-12-10,traveloka
U2a9949ddd01c,H0111,7.8,2022-12-10,traveloka
U7d45f6b9e69e,H0304,6.5,2022-12-10,traveloka
U7d972287f3ea,H0017,7.0,2022-12-10,booking
U89393600af52,H0283,10.0,2022-12-10,ivivu
U903475ca8f76,H0414,10.0,2022-12-10,traveloka
U91dcb965b2e9,H0002,6.0,2022-12-10,traveloka
U942b6057c387,H0478,9.4,2022-12-10,traveloka
Uc5b4797ed000,H0112,7.0,2022-12-10,booking
Ue2f04e975d07,H0021,10.0,2022-12-10,booking
U1d39c48d3743,H0516,9.4,2022-12-11,traveloka
U4028e7b0d477,H0126,6.0,2022-12-11,traveloka
U58514bfe520f,H0499,5.8,2022-12-11,traveloka
U789a3cc02a75,H0394,6.0,2022-12-11,ivivu
U909d2578d8f0,H0265,6.0,2022-12-11,ivivu
Uc9fc9f53967b,H0555,7.0,2022-12-11,booking
Ud4e85d6f5a08,H0220,9.0,2022-12-11,booking
Ud8233dd114da,H0376,10.0,2022-12-11,traveloka
Ue1ea6170d5ed,H0337,5.0,2022-12-11,booking
U145b7c3a0a48,H0104,10.0,2022-12-12,booking
U43c9681df962,H0104,5.0,2022-12-12,booking
U5f8aeb79c7a1,H0434,6.0,2022-12-12,traveloka
U6840254d67f2,H0453,7.0,2022-12-12,booking
U6ccbcfc7dc8a,H0098,10.0,2022-12-12,booking
U7d5ac7d9303e,H0315,9.7,2022-12-12,traveloka
U8182cc7382bf,H0399,9.4,2022-12-12,traveloka
U82a5ed2b4568,H0362,10.0,2022-12-12,booking
Ub2d6c89d11d7,H0454,9.1,2022-12-12,traveloka
Uc96e81eb3992,H0204,9.0,2022-12-12,booking
Ue83b093de198,H0139,9.0,2022-12-12,booking
U2247eb2ec783,H0159,5.3,2022-12-13,traveloka
U699916231e95,H0019,10.0,2022-12-13,booking
U8f9142984511,H0353,8.0,2022-12-13,booking
Uab90ae8d578c,H0078,10.0,2022-12-13,booking
Uc7da0a02bfc5,H0534,6.0,2022-12-13,traveloka
Ud08ab3eb6ab4,H0008,7.0,2022-12-13,booking
U5a350d7e7970,H0439,5.0,2022-12-14,booking
U60ea2b2c8a89,H0041,10.0,2022-12-14,traveloka
U6a1ec282d822,H0021,10.0,2022-12-14,booking
U704c66009c2a,H0465,5.7,2022-12-14,traveloka
U711949868bf2,H0182,9.1,2022-12-14,traveloka
U764b50c0d940,H0295,7.0,2022-12-14,booking
U91df3e8eda52,H0521,5.5,2022-12-14,traveloka
Ub88006c8832f,H0015,7.0,2022-12-14,booking
Uc5850cffbf0c,H0456,6.1,2022-12-14,traveloka
U379664cde19c,H0019,7.0,2022-12-15,booking
U3c76d79f4a68,H0295,7.0,2022-12-15,booking
U6f285070ca43,H0232,7.8,2022-12-15,traveloka
U83025f422717,H0117,9.7,2022-12-15,traveloka
U8395824480bb,H0311,9.0,2022-12-15,booking
U5e181805fc19,H0089,10.0,2022-12-16,booking
U18c4cf0f7006,H0104,4.0,2022-12-17,booking
U194aa6a15c7f,H0005,8.0,2022-12-17,booking
U3bbbb95f5787,H0089,7.0,2022-12-17,booking
U7c26570964a8,H0007,9.0,2022-12-17,booking
U85ba6edcd969,H0454,6.0,2022-12-17,booking
U91a97365a166,H0544,6.0,2022-12-17,ivivu
Ub3e58e9b80a6,H0015,6.0,2022-12-17,booking
Ub76b66cd6c5d,H0311,9.0,2022-12-17,booking
Uc5b4797ed000,H0332,7.0,2022-12-17,booking
Ue045989ec9ca,H0104,9.0,2022-12-17,booking
U0fa462fa5f5d,H0018,8.0,2022-12-18,booking
U7c87f9b4f2ed,H0225,9.0,2022-12-18,booking
Ua0d1244ab8d7,H0414,8.5,2022-12-18,traveloka
Uc2eafeeb199a,H0015,10.0,2022-12-18,booking
Ue6da0b82bd40,H0112,5.0,2022-12-18,booking
U1b75ad9e4757,H0551,10.0,2022-12-19,traveloka
U5f897289f4b8,H0017,5.0,2022-12-19,booking
U6296d3139ee1,H0272,5.1,2022-12-19,traveloka
U6a1ec282d822,H0181,10.0,2022-12-19,booking
Ubb073a21f6c4,H0015,10.0,2022-12-19,booking
Uc9fc9f53967b,H0183,7.0,2022-12-19,booking
Uccf5f6a4e28f,H0178,5.4,2022-12-19,traveloka
Ud8d8092c8fe8,H0261,10.0,2022-12-19,ivivu
Udd5f3bd618d5,H0194,4.0,2022-12-19,booking
Ue3c65ff1d49a,H0087,8.0,2022-12-19,booking
Ue991b70a8fac,H0256,6.0,2022-12-19,ivivu
U084da7a10681,H0337,5.0,2022-12-20,booking
U145b7c3a0a48,H0505,10.0,2022-12-20,booking
U2a41de998c22,H0229,5.0,2022-12-20,booking
U2a46e9aec727,H0007,9.0,2022-12-20,booking
Uc45f123ee4e0,H0516,9.7,2022-12-20,traveloka
U3512e56aac77,H0182,9.4,2022-12-21,traveloka
U3550151b709f,H0087,6.0,2022-12-21,booking
U6a1ec282d822,H0194,10.0,2022-12-21,booking
U72d8f85b3fb4,H0032,10.0,2022-12-21,booking
U86d6149ace93,H0330,1.0,2022-12-21,booking
Ud10d15a9de32,H0118,8.0,2022-12-21,booking
Ueff4fbda6737,H0100,10.0,2022-12-21,booking
Ufddb855ecddd,H0516,8.5,2022-12-21,traveloka
U2003a060dad6,H0104,7.0,2022-12-22,booking
U462f6a8d1f38,H0100,4.0,2022-12-22,booking
U467daa13540d,H0021,7.0,2022-12-22,booking
U554d8dfac7e1,H0523,2.0,2022-12-22,ivivu
U6156734cc45f,H0401,6.0,2022-12-22,ivivu
U699916231e95,H0475,10.0,2022-12-22,booking
U79ee7d890c1a,H0478,9.7,2022-12-22,traveloka
U84a857b82cbe,H0019,7.0,2022-12-22,booking
Uc6771580f728,H0089,10.0,2022-12-22,booking
Ucf2666038316,H0232,8.8,2022-12-22,traveloka
U00912b991d82,H0032,7.0,2022-12-23,booking
U16c2298dc0c0,H0095,5.0,2022-12-23,booking
U42cfb242c8b6,H0505,10.0,2022-12-23,booking
U5026b37f955a,H0017,2.0,2022-12-23,booking
U5f1ab43ed9ad,H0019,10.0,2022-12-23,booking
U63fd833b4a7c,H0505,10.0,2022-12-23,booking
Uab90ae8d578c,H0104,8.0,2022-12-23,booking
Ubb7caab74705,H0450,7.0,2022-12-23,booking
Ucaacb3bf5210,H0234,8.0,2022-12-23,booking
Uf87323b22adb,H0089,10.0,2022-12-23,booking
U2db1cd47452b,H0497,10.0,2022-12-24,booking
U2e4834670a9f,H0354,6.0,2022-12-24,ivivu
U396e6e5dd83d,H0237,6.0,2022-12-24,ivivu
U3c76d79f4a68,H0104,5.0,2022-12-24,booking
U5695b29e6029,H0293,6.0,2022-12-24,ivivu
U699916231e95,H0008,7.0,2022-12-24,booking
U6a1ec282d822,H0194,10.0,2022-12-24,booking
U82a5ed2b4568,H0220,8.0,2022-12-24,booking
U8c5492d08f33,H0397,5.0,2022-12-24,booking
Ubc183ec39523,H0104,9.0,2022-12-24,booking
Uc439ac066a38,H0042,9.0,2022-12-25,booking
U0e9278c1ba88,H0182,9.7,2022-12-26,traveloka
U44865709e101,H0021,10.0,2022-12-26,booking
U4c2602b8aa98,H0229,8.0,2022-12-26,booking
U559b469e2e5f,H0378,2.0,2022-12-26,booking
U655646f09724,H0181,6.0,2022-12-26,booking
U76baea6966e0,H0353,8.0,2022-12-26,booking
Uc43682ad0fad,H0181,7.0,2022-12-26,booking
Uc7110aaf2bea,H0017,3.0,2022-12-26,booking
Ue1da982f5ad0,H0010,7.0,2022-12-26,booking
Uef35cb793711,H0496,8.5,2022-12-26,traveloka
Uf90679e139cf,H0398,5.0,2022-12-26,booking
U137afc6553e1,H0408,10.0,2022-12-27,booking
U370d4185d5ef,H0529,8.5,2022-12-27,traveloka
U393554de653c,H0162,6.0,2022-12-27,ivivu
U495f49452406,H0399,6.6,2022-12-27,traveloka
U8c5492d08f33,H0330,7.0,2022-12-27,booking
Ubaf19efa2146,H0090,7.0,2022-12-27,booking
Uc43682ad0fad,H0016,10.0,2022-12-27,booking
Ue4582a9c407e,H0214,9.0,2022-12-27,booking
U18edb7633989,H0159,4.5,2022-12-28,traveloka
U228d1960e6ea,H0521,8.5,2022-12-28,traveloka
U29cf5dd35598,H0439,6.1,2022-12-28,traveloka
U7843fcd94cb1,H0412,5.2,2022-12-28,traveloka
U8b48f1abe5bb,H0011,10.0,2022-12-28,booking
U8c5492d08f33,H0019,8.0,2022-12-28,booking
U966d27754fa5,H0505,5.0,2022-12-28,booking
Ua5701c8c3318,H0331,8.8,2022-12-28,traveloka
Uc2eafeeb199a,H0018,6.0,2022-12-28,booking
Uc7110aaf2bea,H0102,10.0,2022-12-28,booking
Ud1bfb7ef8013,H0205,5.0,2022-12-28,booking
Ud9664ffa876f,H0115,9.7,2022-12-28,traveloka
Ud97435c31b78,H0401,10.0,2022-12-28,ivivu
Ue0cc54a0978f,H0018,7.0,2022-12-28,booking
Ueff4fbda6737,H0181,9.0,2022-12-28,booking
Uff055de421e5,H0104,10.0,2022-12-28,booking
U8117ed5b11a0,H0182,6.3,2022-12-29,traveloka
U869d32477404,H0236,8.0,2022-12-29,booking
U8c6300a8adc8,H0181,6.0,2022-12-29,traveloka
Udcd7545e9dfa,H0505,7.0,2022-12-29,booking
Uf57a18241370,H0396,6.0,2022-12-29,traveloka
U1e84baf9b7e4,H0135,6.0,2022-12-30,ivivu
U8d4bd1051993,H0324,9.7,2022-12-30,traveloka
Ua074ab7dddd7,H0136,9.7,2022-12-30,traveloka
Uc7110aaf2bea,H0018,2.0,2022-12-30,booking
Ue6e3a62eed14,H0104,8.0,2022-12-30,booking
Uf33e9d941313,H0104,7.0,2022-12-30,booking
U18c4cf0f7006,H0295,7.0,2022-12-31,booking
U25c062dae966,H0455,8.0,2022-12-31,ivivu
U406835ad0efc,H0507,6.3,2022-12-31,traveloka
Ua96b9d80fdce,H0465,10.0,2022-12-31,booking
Ub602883c7537,H0104,9.0,2022-12-31,booking
Uc43682ad0fad,H0021,7.0,2022-12-31,booking
Uf134cc1b74f8,H0521,9.1,2022-12-31,traveloka
Uf76a42d21a7d,H0018,10.0,2022-12-31,booking
U139ccafd988c,H0021,1.0,2023-01-01,booking
U1500a9267556,H0466,7.0,2023-01-01,booking
U462f6a8d1f38,H0017,10.0,2023-01-01,booking
U5a350d7e7970,H0381,5.0,2023-01-01,booking
U6a1ec282d822,H0510,10.0,2023-01-01,booking
U767d12f08131,H0018,10.0,2023-01-01,booking
U82a5ed2b4568,H0353,5.0,2023-01-01,booking
U82a5ed2b4568,H0463,10.0,2023-01-01,booking
U8c5492d08f33,H0333,6.0,2023-01-01,booking
Ucdf511ec9744,H0178,6.2,2023-01-01,traveloka
Ud10d15a9de32,H0466,6.0,2023-01-01,booking
Udcd7545e9dfa,H0479,8.0,2023-01-01,booking
Ue6da0b82bd40,H0011,5.0,2023-01-01,booking
U1e8c86016edc,H0534,6.0,2023-01-02,booking
U373fef02f052,H0419,9.1,2023-01-02,traveloka
U411502192921,H0425,10.0,2023-01-02,ivivu
U4274368002ee,H0205,8.0,2023-01-02,booking
U556c64cb7de3,H0098,10.0,2023-01-02,booking
U55ba0a35377a,H0104,4.0,2023-01-02,booking
U69a34632522c,H0425,9.7,2023-01-02,traveloka
U8a4e7615c5ae,H0172,10.0,2023-01-02,booking
Ua4ed23e2afdb,H0344,9.4,2023-01-02,traveloka
Udd5f3bd618d5,H0352,7.0,2023-01-02,booking
Uf50e013c8797,H0104,9.0,2023-01-02,booking
Uf7b7d282da79,H0100,7.0,2023-01-02,booking
U35657dedbe6a,H0019,10.0,2023-01-03,booking
U4c2602b8aa98,H0089,9.0,2023-01-03,booking
U532cd44379b4,H0355,9.0,2023-01-03,booking
U57358533527a,H0015,10.0,2023-01-03,booking
U85ecbf55333f,H0225,9.7,2023-01-03,traveloka
U8f8b90971d60,H0032,8.0,2023-01-03,booking
U93201326194e,H0103,4.5,2023-01-03,traveloka
Ua866dc69d643,H0333,6.0,2023-01-03,booking
Uc8dc43d69701,H0205,7.0,2023-01-03,booking
Ud0e79e0a30b6,H0383,6.1,2023-01-03,traveloka
Ue072af4ba9d2,H0008,8.0,2023-01-03,booking
Ue1ea6170d5ed,H0005,9.0,2023-01-03,booking
U0fa462fa5f5d,H0179,9.0,2023-01-04,booking
U42d2ad3dc9f1,H0523,6.0,2023-01-04,ivivu
U652610b6e37a,H0523,10.0,2023-01-04,ivivu
U7aff7d8d6210,H0101,5.7,2023-01-04,traveloka
U7cd997f32f2d,H0353,7.0,2023-01-04,booking
Ua11146458de1,H0535,9.4,2023-01-04,traveloka
Ua5021307c5c3,H0104,1.0,2023-01-04,booking
Ub1b45d49e4bd,H0205,7.0,2023-01-04,booking
Ub80e9c104cb2,H0433,9.0,2023-01-04,booking
Ubb7caab74705,H0102,7.0,2023-01-04,booking
Ube1ed5d2dd22,H0010,8.0,2023-01-04,booking
Ubf772538baf0,H0100,10.0,2023-01-04,booking
Ucf5121b1dc7a,H0104,10.0,2023-01-04,booking
U145b7c3a0a48,H0104,7.0,2023-01-05,booking
U16c2298dc0c0,H0345,10.0,2023-01-05,booking
U1995d921a404,H0104,6.0,2023-01-05,booking
U1e1367252b82,H0220,7.0,2023-01-05,booking
U2581e9245deb,H0079,10.0,2023-01-05,traveloka
U2db1cd47452b,H0104,7.0,2023-01-05,booking
U3ebc97da7f8f,H0085,10.0,2023-01-05,traveloka
U420c2f96af55,H0379,6.0,2023-01-05,ivivu
U42d2ad3dc9f1,H0135,10.0,2023-01-05,ivivu
U462f6a8d1f38,H0104,10.0,2023-01-05,booking
U487120a75126,H0546,9.0,2023-01-05,booking
U8c5492d08f33,H0489,5.0,2023-01-05,booking
Ub5923814a325,H0015,7.0,2023-01-05,booking
Ube1ed5d2dd22,H0183,9.0,2023-01-05,booking
Uc9fc9f53967b,H0218,5.0,2023-01-05,booking
Ud891e317ebe9,H0333,6.0,2023-01-05,booking
Ue43952ae1d70,H0127,6.0,2023-01-05,ivivu
Uf910cfcea493,H0112,8.0,2023-01-05,booking
U025c0bdadae4,H0200,7.0,2023-01-06,booking
U1abe1c666639,H0220,5.0,2023-01-06,booking
U33556333f660,H0450,6.0,2023-01-06,booking
U41609b557fbf,H0337,1.0,2023-01-06,booking
U516f1c0eafb9,H0343,6.0,2023-01-06,ivivu
U532cd44379b4,H0214,10.0,2023-01-06,booking
U7038329f5ad6,H0437,1.0,2023-01-06,booking
U710d12364c74,H0231,6.0,2023-01-06,ivivu
U82a5ed2b4568,H0220,9.0,2023-01-06,booking
U999eb09dc064,H0100,9.0,2023-01-06,booking
Ua02bf2535906,H0371,10.0,2023-01-06,booking
Ue1ea6170d5ed,H0214,3.0,2023-01-06,booking
U16c2298dc0c0,H0433,10.0,2023-01-07,booking
U43c9681df962,H0345,10.0,2023-01-07,booking
U4ca44a2c942b,H0408,9.0,2023-01-07,booking
U595041030b42,H0378,9.0,2023-01-07,booking
U5d38d9e913d5,H0461,8.5,2023-01-07,traveloka
U5fed7ec81c9f,H0551,7.0,2023-01-07,traveloka
U6840254d67f2,H0372,9.0,2023-01-07,booking
U6f123f862e99,H0213,6.0,2023-01-07,booking
U70d1cb8e578b,H0489,8.0,2023-01-07,booking
U82a5ed2b4568,H0371,4.0,2023-01-07,booking
Ua3948c917049,H0433,10.0,2023-01-07,booking
Uc43682ad0fad,H0337,9.0,2023-01-07,booking
Uc874bee1c545,H0505,6.0,2023-01-07,booking
Ud5e96e33e932,H0229,2.0,2023-01-07,booking
Udd5f3bd618d5,H0412,8.0,2023-01-07,booking
Ue072af4ba9d2,H0439,7.0,2023-01-07,booking
Uf90679e139cf,H0458,9.0,2023-01-07,booking
U3733ea9800b2,H0132,8.0,2023-01-08,ivivu
U43c95fe5c9bf,H0430,9.7,2023-01-08,traveloka
U43c9681df962,H0104,8.0,2023-01-08,booking
U4dc6d9ec5d3e,H0425,7.0,2023-01-08,booking
U4ec3d7f8f838,H0249,8.5,2023-01-08,traveloka
U57dd8f4e431c,H0015,10.0,2023-01-08,booking
U595041030b42,H0007,7.0,2023-01-08,booking
U82a92949cbb5,H0120,7.0,2023-01-08,booking
Uae8735b5c0c9,H0021,7.0,2023-01-08,booking
Ub1e6b67d41e7,H0072,8.5,2023-01-08,traveloka
Ub4c4d593ee1d,H0011,4.0,2023-01-08,booking
Ub878236cfb84,H0104,8.0,2023-01-08,booking
Ubb7caab74705,H0327,6.0,2023-01-08,booking
Ubb7caab74705,H0005,1.0,2023-01-08,booking
Ubb7caab74705,H0487,1.0,2023-01-08,booking
Uc7110aaf2bea,H0229,5.0,2023-01-08,booking
Udd5f3bd618d5,H0015,7.0,2023-01-08,booking
U0c5d38729571,H0525,8.0,2023-01-09,booking
U254f3cd04d94,H0221,8.0,2023-01-09,ivivu
U2f45ade47ddf,H0467,9.0,2023-01-09,traveloka
U3b9fee761ece,H0450,8.0,2023-01-09,booking
U55550b4d1eb2,H0225,9.4,2023-01-09,traveloka
U6156734cc45f,H0147,6.0,2023-01-09,ivivu
U820ab8fad907,H0389,8.0,2023-01-09,ivivu
U82a5ed2b4568,H0458,10.0,2023-01-09,booking
U955bffb7a221,H0336,8.7,2023-01-09,traveloka
Ub8e530aa081f,H0090,10.0,2023-01-09,booking
Uc2179258c267,H0147,6.0,2023-01-09,ivivu
Ue1ea6170d5ed,H0102,9.0,2023-01-09,booking
Ued577aafe6e5,H0120,5.0,2023-01-09,booking
Ueff4fbda6737,H0214,10.0,2023-01-09,booking
U0d364a15d2f0,H0446,6.1,2023-01-10,traveloka
Ube59dcf51c25,H0521,8.8,2023-01-11,traveloka
Ud00b60c5cd69,H0454,6.1,2023-01-11,traveloka
Ub17fde99de31,H0166,8.5,2023-01-12,traveloka
U183e30c6fc45,H0021,5.0,2023-01-13,booking
U29edaff5fe0b,H0454,9.0,2023-01-13,booking
U489fa6449cb3,H0417,6.1,2023-01-13,traveloka
U549f9cb5be05,H0005,10.0,2023-01-13,booking
U6a1ec282d822,H0363,8.0,2023-01-13,booking
Ua866dc69d643,H0349,9.0,2023-01-13,booking
Uac87ad887d56,H0011,4.0,2023-01-13,booking
Ub9c02033a718,H0104,8.0,2023-01-13,booking
Ubd35de4909a3,H0089,10.0,2023-01-13,booking
Ud10d15a9de32,H0120,10.0,2023-01-13,booking
Ud354e808199b,H0478,9.7,2023-01-13,traveloka
Ud876b6b7140c,H0011,8.0,2023-01-13,booking
Udd5f3bd618d5,H0128,10.0,2023-01-13,booking
Uea3c62e209ed,H0327,7.0,2023-01-13,booking
Uf13534b7de0c,H0352,6.0,2023-01-13,booking
U00bb4ab9c35b,H0249,9.4,2023-01-14,traveloka
U14a568c69f46,H0450,5.0,2023-01-14,booking
U183e30c6fc45,H0172,7.0,2023-01-14,booking
U1abc95e84a31,H0449,10.0,2023-01-14,booking
U2203d6ff40ab,H0015,6.0,2023-01-14,booking
U595041030b42,H0021,8.0,2023-01-14,booking
U90d48d8c5f16,H0492,6.1,2023-01-14,traveloka
Uaf9c80bed7dd,H0551,9.1,2023-01-14,traveloka
Ub5482f12212e,H0454,7.0,2023-01-14,booking
Uf76a42d21a7d,H0475,10.0,2023-01-14,booking
U09918e5bb419,H0370,8.5,2023-01-15,traveloka
U1500a9267556,H0104,4.0,2023-01-15,booking
U1dadd4486fd7,H0311,5.5,2023-01-15,traveloka
U5e181805fc19,H0378,6.0,2023-01-15,booking
U6a1ec282d822,H0518,9.0,2023-01-15,booking
U6fb7a9a00cb2,H0294,5.1,2023-01-15,traveloka
Ua571a440c856,H0444,8.0,2023-01-15,booking
Ub30f95bf9085,H0335,9.7,2023-01-15,traveloka
Ub4c4d593ee1d,H0104,9.0,2023-01-15,booking
Ub5923814a325,H0505,8.0,2023-01-15,booking
Ub86a99167ce7,H0011,1.0,2023-01-15,booking
Ub8e530aa081f,H0090,7.0,2023-01-15,booking
Ubb7caab74705,H0450,7.0,2023-01-15,booking
Uc43682ad0fad,H0475,7.0,2023-01-15,booking
Uc7110aaf2bea,H0337,4.0,2023-01-15,booking
Uc9fc9f53967b,H0533,7.0,2023-01-15,booking
Ue43952ae1d70,H0408,9.7,2023-01-15,traveloka
Ue6ea9d1485ba,H0453,8.0,2023-01-15,booking
Uf064e8900bd9,H0104,9.0,2023-01-15,booking
Uf912436ba503,H0505,7.0,2023-01-15,booking
U487120a75126,H0130,9.0,2023-01-16,booking
U4cd0dc77cecb,H0529,10.0,2023-01-16,booking
U58419144cf64,H0376,8.5,2023-01-16,traveloka
U6a1ec282d822,H0130,8.0,2023-01-16,booking
U828c49df5fa3,H0551,6.2,2023-01-16,traveloka
U85ba6edcd969,H0505,6.0,2023-01-16,booking
U8c5492d08f33,H0363,10.0,2023-01-16,booking
U8f8b90971d60,H0032,10.0,2023-01-16,booking
U9390dc3995ea,H0555,7.0,2023-01-16,booking
U9deb26de64b9,H0085,9.1,2023-01-16,traveloka
Ubb7caab74705,H0089,4.0,2023-01-16,booking
Ubb7caab74705,H0506,6.0,2023-01-16,booking
Ubb7caab74705,H0205,6.0,2023-01-16,booking
Uc18c0094d52f,H0032,10.0,2023-01-16,booking
Uc5b4797ed000,H0011,2.0,2023-01-16,booking
Ueff4fbda6737,H0378,8.0,2023-01-16,booking
U16c2298dc0c0,H0498,9.0,2023-01-17,booking
U6840254d67f2,H0089,8.0,2023-01-17,booking
U93afe53a8f32,H0005,4.0,2023-01-17,booking
U9fd4159feb84,H0352,7.0,2023-01-17,booking
Ue6da0b82bd40,H0011,4.0,2023-01-17,booking
Ue916437b73ae,H0229,7.0,2023-01-17,booking
Ueb306017301c,H0505,8.0,2023-01-17,booking
Ufb21e2b33a79,H0337,8.0,2023-01-17,booking
U19ce3ef4ed0f,H0551,5.4,2023-01-18,traveloka
U1e1367252b82,H0525,7.0,2023-01-18,booking
U248f91b5d65e,H0100,1.0,2023-01-18,booking
U2725d973076b,H0113,8.5,2023-01-18,traveloka
U2a46e9aec727,H0454,6.0,2023-01-18,booking
U82a5ed2b4568,H0104,4.0,2023-01-18,booking
U96ea00ecc288,H0094,10.0,2023-01-18,booking
U9cd4ccdaf107,H0478,9.4,2023-01-18,traveloka
Uadc563a772f8,H0115,9.7,2023-01-18,traveloka
Ub76b66cd6c5d,H0229,7.0,2023-01-18,booking
Ub88006c8832f,H0180,5.0,2023-01-18,booking
Uca1ddbfb1414,H0021,8.0,2023-01-18,booking
Ud060e42f88b8,H0489,6.0,2023-01-18,booking
Ud891e317ebe9,H0475,8.0,2023-01-18,booking
Ueb731d6640c0,H0467,9.1,2023-01-18,traveloka
Uf03b50f8d7b6,H0015,10.0,2023-01-18,booking
U16c2298dc0c0,H0450,7.0,2023-01-19,booking
U487120a75126,H0089,8.0,2023-01-19,booking
U6a1ec282d822,H0295,6.0,2023-01-19,booking
U82a5ed2b4568,H0087,5.0,2023-01-19,booking
Ua866dc69d643,H0028,8.0,2023-01-19,booking
Ubb7caab74705,H0095,8.0,2023-01-19,booking
Uc442f2456aa8,H0120,10.0,2023-01-19,booking
Uc8a2f92ea016,H0304,6.0,2023-01-19,traveloka
Uc985de1b2f69,H0412,6.1,2023-01-19,traveloka
Ucbbbe88f608d,H0104,5.0,2023-01-19,booking
Uea979d60f31c,H0205,2.0,2023-01-19,booking
U214377c39f3f,H0295,9.0,2023-01-20,booking
U543864ce1555,H0200,8.0,2023-01-20,booking
U5c13d56d6b33,H0078,1.0,2023-01-20,booking
U63fd833b4a7c,H0089,5.0,2023-01-20,booking
U6a1ec282d822,H0330,7.0,2023-01-20,booking
U6c398e3cf613,H0505,9.0,2023-01-20,booking
Ub753b7cc8a75,H0463,4.0,2023-01-20,booking
Ubb7caab74705,H0454,9.0,2023-01-20,booking
Uc5b4797ed000,H0437,8.0,2023-01-20,booking
Ue072af4ba9d2,H0505,8.0,2023-01-20,booking
Uf13534b7de0c,H0491,8.0,2023-01-20,booking
U1d1be2fc3008,H0381,10.0,2023-01-21,booking
U1e1367252b82,H0011,10.0,2023-01-21,booking
U665904d21807,H0505,5.0,2023-01-21,booking
U87b13fd666e5,H0204,4.0,2023-01-21,ivivu
U8c990acd323a,H0032,6.0,2023-01-21,traveloka
U8ffa08b1d4d5,H0008,7.0,2023-01-21,booking
Ua5701c8c3318,H0394,6.4,2023-01-21,traveloka
Ud060e42f88b8,H0011,8.0,2023-01-21,booking
U183e30c6fc45,H0505,9.0,2023-01-22,booking
U2a46e9aec727,H0078,9.0,2023-01-22,booking
U36d5a2e35c5d,H0180,5.0,2023-01-22,booking
U4ceba8673ab5,H0337,10.0,2023-01-22,booking
U7369ea966365,H0100,7.0,2023-01-22,booking
U82a5ed2b4568,H0220,9.0,2023-01-22,booking
Uaa727adbce8f,H0437,1.0,2023-01-22,booking
Uae8735b5c0c9,H0011,4.0,2023-01-22,booking
Ub16e24f6e466,H0142,10.0,2023-01-22,ivivu
Ubb7caab74705,H0089,8.0,2023-01-22,booking
Ud10d15a9de32,H0018,7.0,2023-01-22,booking
Ud63b58b9306e,H0015,3.0,2023-01-22,booking
Ueb306017301c,H0470,10.0,2023-01-22,booking
U0fa462fa5f5d,H0437,7.0,2023-01-23,booking
U15f5fd12aab5,H0439,6.0,2023-01-23,traveloka
U1bac8a91d17f,H0011,8.0,2023-01-23,booking
U45287e8b5d81,H0005,5.0,2023-01-23,booking
U6a1ec282d822,H0353,7.0,2023-01-23,booking
U9f72ec0f67ed,H0126,6.0,2023-01-23,ivivu
Ua3a393ce88e2,H0095,7.0,2023-01-23,booking
Ua5eaa75c7bb5,H0089,10.0,2023-01-23,booking
Ua8c17c9749a0,H0311,5.7,2023-01-23,traveloka
Ubb7caab74705,H0213,9.0,2023-01-23,booking
Ubb7caab74705,H0333,7.0,2023-01-23,booking
Uefc6351e837f,H0034,8.0,2023-01-23,ivivu
Ufcfd481c9e65,H0369,8.0,2023-01-23,ivivu
U16c2298dc0c0,H0407,10.0,2023-01-24,booking
U16c2298dc0c0,H0505,5.0,2023-01-24,booking
U1f877d328192,H0146,6.0,2023-01-24,ivivu
U2e3a2fde4b2b,H0017,1.0,2023-01-24,booking
U4345e2662c0f,H0549,7.0,2023-01-24,booking
U4ca44a2c942b,H0021,10.0,2023-01-24,booking
U556c64cb7de3,H0023,6.0,2023-01-24,booking
U560ac8dfc02b,H0231,8.0,2023-01-24,ivivu
U63fd833b4a7c,H0489,10.0,2023-01-24,booking
U665904d21807,H0089,7.0,2023-01-24,booking
U82e021cb777b,H0544,6.0,2023-01-24,ivivu
U84746dba57b7,H0008,7.0,2023-01-24,booking
U8be4af507f44,H0323,6.0,2023-01-24,ivivu
U903475ca8f76,H0523,9.7,2023-01-24,traveloka
Ua571a440c856,H0555,5.0,2023-01-24,booking
Uae43a1c16f19,H0477,6.0,2023-01-24,ivivu
Ubc355ec68437,H0332,1.0,2023-01-24,booking
Ubdff5e945e21,H0369,10.0,2023-01-24,traveloka
Uc439ac066a38,H0007,8.0,2023-01-24,booking
Ueb608ccf6373,H0378,8.0,2023-01-24,booking
U078477765ef9,H0300,6.0,2023-01-25,ivivu
U3026a6b89b3f,H0333,9.0,2023-01-25,booking
U5a350d7e7970,H0090,5.0,2023-01-25,booking
U6156734cc45f,H0215,8.2,2023-01-25,traveloka
U6dd3f4dfc9a7,H0376,6.0,2023-01-25,traveloka
U764b50c0d940,H0123,9.0,2023-01-25,booking
U82a5ed2b4568,H0217,7.0,2023-01-25,booking
Ua866dc69d643,H0021,6.0,2023-01-25,booking
Uae8735b5c0c9,H0123,8.0,2023-01-25,booking
Uaf787a152bdc,H0018,3.0,2023-01-25,booking
Ub5381698a554,H0002,8.3,2023-01-25,traveloka
Ub5482f12212e,H0491,9.0,2023-01-25,booking
Ud76db5567401,H0541,10.0,2023-01-25,ivivu
Ue09a71696079,H0183,4.0,2023-01-25,ivivu
Ue43952ae1d70,H0489,8.0,2023-01-25,ivivu
U23b273be31f8,H0400,8.0,2023-01-26,booking
U25c0081f57bd,H0007,9.0,2023-01-26,booking
U577306d16590,H0289,6.0,2023-01-26,ivivu
U75706c38b126,H0439,6.0,2023-01-26,booking
U7b6811c604e4,H0343,9.0,2023-01-26,booking
U7f3bb55f24e1,H0023,4.0,2023-01-26,booking
U9fd4159feb84,H0506,6.0,2023-01-26,booking
Ubb7caab74705,H0194,6.0,2023-01-26,booking
Uc439ac066a38,H0555,9.0,2023-01-26,booking
Ue456e9f398af,H0353,6.0,2023-01-26,booking
U532cd44379b4,H0439,5.0,2023-01-27,booking
U570db3d9faee,H0366,9.3,2023-01-27,traveloka
U64d33d3a4667,H0147,2.0,2023-01-27,ivivu
U673e94d5d99c,H0126,6.0,2023-01-27,ivivu
U767d12f08131,H0400,9.0,2023-01-27,booking
U7a1c550b7ef4,H0425,1.0,2023-01-27,booking
U8f9142984511,H0087,7.0,2023-01-27,booking
Ua0ac4c7e532a,H0194,8.0,2023-01-27,ivivu
Ua866dc69d643,H0234,9.0,2023-01-27,booking
Uaa03b73ad39d,H0304,6.0,2023-01-27,traveloka
Ube5006e6dd5d,H0232,9.7,2023-01-27,traveloka
Uc9fc9f53967b,H0104,5.0,2023-01-27,booking
Uff055de421e5,H0007,6.0,2023-01-27,booking
U145b7c3a0a48,H0330,1.0,2023-01-28,booking
U16c2298dc0c0,H0017,6.0,2023-01-28,booking
U16c2298dc0c0,H0007,6.0,2023-01-28,booking
U5b0e82e16e16,H0353,5.0,2023-01-28,booking
U6a1ec282d822,H0510,9.0,2023-01-28,booking
U9f8b5e9a5529,H0482,6.0,2023-01-28,ivivu
Ua2ecd27013e2,H0453,8.0,2023-01-28,booking
Ub76b66cd6c5d,H0008,7.0,2023-01-28,booking
Uba1c8ca6b899,H0479,7.0,2023-01-28,booking
Uc439ac066a38,H0120,10.0,2023-01-28,booking
Uc9fc9f53967b,H0479,7.0,2023-01-28,booking
Ucaa5e34765c3,H0223,10.0,2023-01-28,booking
Ud8c565beb2f2,H0123,9.4,2023-01-28,traveloka
Ueb608ccf6373,H0453,9.0,2023-01-28,booking
Uf33e9d941313,H0007,9.0,2023-01-28,booking
U16c2298dc0c0,H0118,9.0,2023-01-29,booking
U1bac8a91d17f,H0018,7.0,2023-01-29,booking
U2278f685b611,H0019,5.0,2023-01-29,booking
U2278f685b611,H0104,10.0,2023-01-29,booking
U393ecdc79e4a,H0175,6.2,2023-01-29,traveloka
U42d2ad3dc9f1,H0489,10.0,2023-01-29,ivivu
U487120a75126,H0505,7.0,2023-01-29,booking
U5f5ac2d8102d,H0104,4.0,2023-01-29,booking
U6f123f862e99,H0172,7.0,2023-01-29,booking
U76baea6966e0,H0183,5.0,2023-01-29,booking
U97c093b257a9,H0007,9.0,2023-01-29,booking
Uaf787a152bdc,H0076,6.0,2023-01-29,booking
Ub5482f12212e,H0353,4.0,2023-01-29,booking
Ue0a9d4a85ddd,H0095,7.0,2023-01-29,booking
Ue6e3a62eed14,H0465,10.0,2023-01-29,booking
Ueff4fbda6737,H0089,7.0,2023-01-29,booking
Ufed5dc71a91e,H0311,10.0,2023-01-29,booking
U378cd94f1fee,H0507,6.0,2023-01-30,traveloka
U4e52d3bcac9a,H0454,8.0,2023-01-30,booking
U57b6c29bae79,H0003,9.4,2023-01-30,traveloka
U6ee8629c8a1a,H0027,8.0,2023-01-30,booking
U82a5ed2b4568,H0090,4.0,2023-01-30,booking
U82a92949cbb5,H0194,6.0,2023-01-30,booking
U86718e9be95e,H0008,7.0,2023-01-30,booking
U8ffa08b1d4d5,H0180,5.0,2023-01-30,booking
U92bfe7b5d821,H0064,6.7,2023-01-30,traveloka
U9553fe234bce,H0453,4.0,2023-01-30,booking
Ub5923814a325,H0470,10.0,2023-01-30,booking
Ub6449c27ea57,H0021,6.0,2023-01-30,booking
Ubb7caab74705,H0236,2.0,2023-01-30,booking
Uc43682ad0fad,H0104,7.0,2023-01-30,booking
Uc9fc9f53967b,H0090,9.0,2023-01-30,booking
Uf5a89f1f2e90,H0454,6.2,2023-01-30,traveloka
Ufb79f7cc4e47,H0200,5.0,2023-01-30,booking
U183e30c6fc45,H0453,8.0,2023-01-31,booking
U594642be1492,H0433,2.0,2023-01-31,booking
U595041030b42,H0458,9.0,2023-01-31,booking
U738be1cede18,H0104,9.0,2023-01-31,booking
Uafd0d13a7305,H0011,8.0,2023-01-31,booking
Ub5923814a325,H0353,6.0,2023-01-31,booking
Ud10d15a9de32,H0529,8.0,2023-01-31,booking
Ue1cc6f76306b,H0332,9.0,2023-01-31,booking
Uee4f26c75417,H0344,9.4,2023-01-31,traveloka
Uf3aab74a1fc6,H0016,3.0,2023-01-31,booking
U1e1367252b82,H0016,10.0,2023-02-01,booking
U32a9efc21f9a,H0232,9.7,2023-02-01,traveloka
U34abcbc24fdd,H0521,9.1,2023-02-01,traveloka
U467daa13540d,H0229,7.0,2023-02-01,booking
U5098dae28505,H0303,6.0,2023-02-01,ivivu
U6840254d67f2,H0200,4.0,2023-02-01,booking
U68583a36035a,H0544,8.8,2023-02-01,traveloka
U6a1ec282d822,H0007,8.0,2023-02-01,booking
U6f123f862e99,H0089,10.0,2023-02-01,booking
U861e875a3ae8,H0336,8.4,2023-02-01,traveloka
Uc439ac066a38,H0493,7.0,2023-02-01,booking
Uc7110aaf2bea,H0327,1.0,2023-02-01,booking
U16c2298dc0c0,H0090,9.0,2023-02-02,booking
U49ec90b8dc57,H0220,10.0,2023-02-02,booking
U54ef9a821b81,H0196,6.7,2023-02-02,traveloka
U6f123f862e99,H0555,7.0,2023-02-02,booking
U7f6c9cd1a5f4,H0021,9.0,2023-02-02,booking
U82a5ed2b4568,H0353,5.0,2023-02-02,booking
U82a5ed2b4568,H0345,1.0,2023-02-02,booking
Ua8af7b0248b1,H0089,9.0,2023-02-02,booking
Uc60da11cfa6e,H0232,8.5,2023-02-02,traveloka
Uc9fc9f53967b,H0119,9.0,2023-02-02,booking
Uda42d5acf171,H0439,6.0,2023-02-02,ivivu
Udd5f3bd618d5,H0100,8.0,2023-02-02,booking
Ue0cc54a0978f,H0238,10.0,2023-02-02,booking
Uec2c8a25868a,H0011,1.0,2023-02-02,booking
U1e1198a822a7,H0328,5.6,2023-02-03,traveloka
U2a46e9aec727,H0214,10.0,2023-02-03,booking
U3700d13caaff,H0085,9.4,2023-02-03,traveloka
U4f030da4e983,H0147,6.0,2023-02-03,traveloka
U5a350d7e7970,H0214,9.0,2023-02-03,booking
U665904d21807,H0095,9.0,2023-02-03,booking
U6a5d8915594a,H0126,8.5,2023-02-03,traveloka
U76baea6966e0,H0015,10.0,2023-02-03,booking
U8b82440b553a,H0439,6.5,2023-02-03,traveloka
Uaf787a152bdc,H0463,9.0,2023-02-03,booking
Ub5482f12212e,H0412,7.0,2023-02-03,booking
Uc43682ad0fad,H0010,10.0,2023-02-03,booking
Uc874bee1c545,H0337,7.0,2023-02-03,booking
Uf34c3a4a9986,H0102,10.0,2023-02-03,booking
Uf910cfcea493,H0021,2.0,2023-02-03,booking
Uffedf40e21d4,H0214,8.0,2023-02-03,booking
U6a1ec282d822,H0428,9.0,2023-02-04,booking
U920e21611453,H0498,10.0,2023-02-04,booking
U9eeb2ec45140,H0018,7.0,2023-02-04,booking
U0c5d38729571,H0412,1.0,2023-02-05,booking
U145b7c3a0a48,H0428,6.0,2023-02-05,booking
U23b273be31f8,H0052,6.0,2023-02-05,booking
U2db1cd47452b,H0104,10.0,2023-02-05,booking
U3026a6b89b3f,H0214,7.0,2023-02-05,booking
U324ea11aa67c,H0482,6.0,2023-02-05,ivivu
U43c9681df962,H0229,9.0,2023-02-05,booking
U49ea5dbd27c5,H0101,8.5,2023-02-05,traveloka
U5b0e82e16e16,H0112,9.0,2023-02-05,booking
U63761b40353f,H0056,10.0,2023-02-05,ivivu
U6a1ec282d822,H0023,1.0,2023-02-05,booking
U7fa613e5002e,H0505,8.0,2023-02-05,booking
U82a5ed2b4568,H0007,7.0,2023-02-05,booking
U82a5ed2b4568,H0450,10.0,2023-02-05,booking
U920e21611453,H0179,1.0,2023-02-05,booking
Uab90ae8d578c,H0112,7.0,2023-02-05,booking
Uc9fc9f53967b,H0515,6.0,2023-02-05,booking
Ucc857b3a2a4c,H0048,10.0,2023-02-05,ivivu
Udaf85412889c,H0521,9.4,2023-02-05,traveloka
Uf86ed583b96e,H0105,9.7,2023-02-05,traveloka
U2129a7c604b0,H0104,10.0,2023-02-06,booking
U55ba0a35377a,H0378,10.0,2023-02-06,booking
U6a1ec282d822,H0470,9.0,2023-02-06,booking
U82a5ed2b4568,H0381,8.0,2023-02-06,booking
U836c2ffe8ec7,H0433,6.2,2023-02-06,traveloka
U903475ca8f76,H0526,10.0,2023-02-06,ivivu
U97111d292c1b,H0130,9.0,2023-02-06,booking
Uac87ad887d56,H0023,1.0,2023-02-06,booking
Ubb7caab74705,H0018,5.0,2023-02-06,booking
Ubb7caab74705,H0011,8.0,2023-02-06,booking
Ubb7caab74705,H0100,8.0,2023-02-06,booking
Uc9fc9f53967b,H0017,9.0,2023-02-06,booking
Ud060e42f88b8,H0381,10.0,2023-02-06,booking
Ud10d15a9de32,H0014,6.0,2023-02-06,booking
Udd0a70976b41,H0377,6.0,2023-02-06,ivivu
Ue0cc54a0978f,H0015,6.0,2023-02-06,booking
Uf4414fd8aa57,H0485,10.0,2023-02-06,traveloka
U14a568c69f46,H0533,10.0,2023-02-07,booking
U1abc95e84a31,H0358,7.0,2023-02-07,booking
U2278f685b611,H0378,9.0,2023-02-07,booking
U235b141657b6,H0439,10.0,2023-02-07,traveloka
U3051da21b76a,H0340,5.0,2023-02-07,booking
U30d9e7012ca2,H0529,7.0,2023-02-07,booking
U30d9e7012ca2,H0332,3.0,2023-02-07,booking
U487120a75126,H0123,9.0,2023-02-07,booking
U55ac14867903,H0489,9.0,2023-02-07,booking
U64705b4fa768,H0354,6.0,2023-02-07,ivivu
U6840254d67f2,H0014,6.0,2023-02-07,booking
U699916231e95,H0489,10.0,2023-02-07,booking
U80c39feb8af7,H0505,9.0,2023-02-07,booking
Ub2612262ddcf,H0381,2.0,2023-02-07,booking
Ub86a99167ce7,H0371,5.0,2023-02-07,booking
Ubb7caab74705,H0089,7.0,2023-02-07,booking
Ubefc23f5b535,H0226,5.9,2023-02-07,traveloka
Uc3188498b286,H0311,3.0,2023-02-07,booking
Uc3d7b957d182,H0104,4.0,2023-02-07,booking
Uc77655397c4c,H0005,5.0,2023-02-07,booking
Ud1482684ee2a,H0454,9.7,2023-02-07,traveloka
Ue0f16e914080,H0123,5.0,2023-02-07,booking
Uea979d60f31c,H0229,5.0,2023-02-07,booking
U23b273be31f8,H0217,10.0,2023-02-08,booking
U3550151b709f,H0021,5.0,2023-02-08,booking
U3550151b709f,H0220,10.0,2023-02-08,booking
U6b37bc00d260,H0487,6.3,2023-02-08,traveloka
U8f8b90971d60,H0505,10.0,2023-02-08,booking
U8f9142984511,H0489,8.0,2023-02-08,booking
Ua5eaa75c7bb5,H0337,7.0,2023-02-08,booking
Ubb7caab74705,H0089,9.0,2023-02-08,booking
Ue0a9d4a85ddd,H0371,6.0,2023-02-08,booking
Ue6e3a62eed14,H0089,8.0,2023-02-08,booking
Uf6b65781c5e0,H0489,1.0,2023-02-08,booking
Uf9c48e0d550a,H0232,9.7,2023-02-08,traveloka
U3b9fee761ece,H0512,10.0,2023-02-09,booking
U3b9fee761ece,H0104,7.0,2023-02-09,booking
U55ba0a35377a,H0100,1.0,2023-02-09,booking
U6648a6402526,H0495,8.5,2023-02-09,traveloka
U793db086dd7a,H0203,10.0,2023-02-09,ivivu
U920e21611453,H0514,10.0,2023-02-09,booking
Ub6449c27ea57,H0100,10.0,2023-02-09,booking
Ud17afb0d33ca,H0334,4.5,2023-02-09,traveloka
Ue0a9d4a85ddd,H0089,7.0,2023-02-09,booking
U02cf03d6a240,H0399,6.0,2023-02-10,traveloka
Ud3abda75b960,H0499,5.1,2023-02-11,traveloka
U433e117fe3c6,H0382,5.1,2023-02-12,traveloka
U025c0bdadae4,H0505,10.0,2023-02-13,booking
U6a1ec282d822,H0015,10.0,2023-02-13,booking
U76baea6966e0,H0406,10.0,2023-02-13,booking
U8a4e7615c5ae,H0453,9.0,2023-02-13,booking
Ubb7caab74705,H0398,5.0,2023-02-13,booking
Ud10d15a9de32,H0087,9.0,2023-02-13,booking
Ue6e3a62eed14,H0073,10.0,2023-02-13,booking
U0fa462fa5f5d,H0337,3.0,2023-02-14,booking
U349a641cff1b,H0430,9.7,2023-02-14,traveloka
U370d83df6948,H0434,9.1,2023-02-14,traveloka
U6a1ec282d822,H0104,1.0,2023-02-14,booking
U8a4e7615c5ae,H0549,6.0,2023-02-14,booking
U966d27754fa5,H0011,4.0,2023-02-14,booking
Ua866dc69d643,H0439,4.0,2023-02-14,booking
Ua9fee312a7b9,H0505,7.0,2023-02-14,booking
Ub0d6aeadc480,H0510,10.0,2023-02-14,booking
Uc9fc9f53967b,H0014,10.0,2023-02-14,booking
Ucb8b0596da83,H0376,6.0,2023-02-14,ivivu
Ud63b58b9306e,H0487,9.0,2023-02-14,booking
Ueff4fbda6737,H0015,7.0,2023-02-14,booking
U014ab4ef41fa,H0107,9.4,2023-02-15,traveloka
U0cbf53e2730b,H0450,8.0,2023-02-15,booking
U0fa462fa5f5d,H0104,1.0,2023-02-15,booking
U0fa462fa5f5d,H0015,8.0,2023-02-15,booking
U145b7c3a0a48,H0229,5.0,2023-02-15,booking
U145b7c3a0a48,H0090,4.0,2023-02-15,booking
U1738a961cd40,H0541,4.0,2023-02-15,booking
U55ba0a35377a,H0490,7.0,2023-02-15,booking
U80949c95d7e3,H0159,7.5,2023-02-15,traveloka
U9ff379d1366f,H0021,7.0,2023-02-15,booking
Uabec9f08f97e,H0518,6.0,2023-02-15,ivivu
Uade6b912060b,H0326,10.0,2023-02-15,ivivu
Ucd32b3ef7515,H0090,7.0,2023-02-15,booking
Ue6421d0ffd27,H0454,9.7,2023-02-15,traveloka
Ueff4fbda6737,H0450,10.0,2023-02-15,booking
Ueff4fbda6737,H0100,6.0,2023-02-15,booking
Ufc007f5fa489,H0369,9.4,2023-02-15,traveloka
U098f9babc306,H0232,10.0,2023-02-16,traveloka
U0c5d38729571,H0005,10.0,2023-02-16,booking
U39b4764ba603,H0411,6.8,2023-02-16,traveloka
U43c9681df962,H0225,1.0,2023-02-16,booking
U44865709e101,H0437,5.0,2023-02-16,booking
U6abc54e51970,H0533,7.0,2023-02-16,booking
U8b6d3a22b02c,H0290,5.4,2023-02-16,traveloka
U976daebf77ac,H0353,5.0,2023-02-16,booking
U988438443009,H0181,9.1,2023-02-16,traveloka
Uae8735b5c0c9,H0555,9.0,2023-02-16,booking
Uae8735b5c0c9,H0505,10.0,2023-02-16,booking
Ud10d15a9de32,H0089,8.0,2023-02-16,booking
Udd5f3bd618d5,H0014,10.0,2023-02-16,booking
Udd5f3bd618d5,H0205,10.0,2023-02-16,booking
U16765312e621,H0214,1.0,2023-02-17,booking
U3e89a9feeb87,H0311,8.5,2023-02-17,traveloka
U448be36a08f3,H0450,9.0,2023-02-17,booking
U630b7b2512ab,H0111,8.5,2023-02-17,traveloka
U644f8e49a4ad,H0292,6.0,2023-02-17,ivivu
U655646f09724,H0458,9.0,2023-02-17,booking
U6dbcc99eac01,H0381,7.0,2023-02-17,booking
U73776e7162d8,H0095,9.0,2023-02-17,booking
U8117ed5b11a0,H0478,6.3,2023-02-17,traveloka
U8395824480bb,H0505,1.0,2023-02-17,booking
Ua277bd43da05,H0220,9.0,2023-02-17,booking
Ua5021307c5c3,H0021,7.0,2023-02-17,booking
Ua5b4185401d3,H0130,8.0,2023-02-17,booking
Ubf772538baf0,H0437,5.0,2023-02-17,booking
Uc5b4797ed000,H0214,7.0,2023-02-17,booking
Ud043fdb4c2fe,H0525,4.0,2023-02-17,ivivu
Uf1a694ca86cc,H0542,10.0,2023-02-17,traveloka
U34191914b85b,H0439,6.0,2023-02-18,ivivu
U3af647666c18,H0533,9.0,2023-02-18,booking
U764b50c0d940,H0412,7.0,2023-02-18,booking
U7d4ce64d5367,H0529,6.0,2023-02-18,traveloka
U8b48f1abe5bb,H0015,6.0,2023-02-18,booking
U8c5492d08f33,H0100,6.0,2023-02-18,booking
U93f049c54f78,H0015,10.0,2023-02-18,booking
Uc5b4797ed000,H0529,9.0,2023-02-18,booking
Ud04da2db17bb,H0238,6.5,2023-02-18,traveloka
Udedea8ae207e,H0015,8.0,2023-02-18,booking
Ue072af4ba9d2,H0381,7.0,2023-02-18,booking
U0708fcf5da48,H0510,9.7,2023-02-19,traveloka
U44865709e101,H0021,6.0,2023-02-19,booking
U4558266492a4,H0159,8.5,2023-02-19,traveloka
U45ed84ceb2ea,H0232,5.6,2023-02-19,traveloka
U467daa13540d,H0340,8.0,2023-02-19,booking
Ub86a99167ce7,H0005,5.0,2023-02-19,booking
Uc874bee1c545,H0011,7.0,2023-02-19,booking
Uc96e81eb3992,H0505,1.0,2023-02-19,booking
Ud08ab3eb6ab4,H0439,3.0,2023-02-19,booking
Udd5f3bd618d5,H0015,10.0,2023-02-19,booking
Ue072af4ba9d2,H0450,1.0,2023-02-19,booking
Ue52695cb9dc6,H0547,5.8,2023-02-19,traveloka
Ue65c8cd9a182,H0529,9.0,2023-02-19,booking
Uf78c9851cf80,H0229,8.0,2023-02-19,booking
U0f0011066a5b,H0221,10.0,2023-02-20,ivivu
U44865709e101,H0032,5.0,2023-02-20,booking
U4c2602b8aa98,H0332,8.0,2023-02-20,booking
U655646f09724,H0487,10.0,2023-02-20,booking
U6a1ec282d822,H0104,1.0,2023-02-20,booking
U7827c6e93da2,H0216,6.0,2023-02-20,traveloka
U82a5ed2b4568,H0119,10.0,2023-02-20,booking
U93a7b3172364,H0465,8.5,2023-02-20,traveloka
Ua277bd43da05,H0019,7.0,2023-02-20,booking
Ub602883c7537,H0014,10.0,2023-02-20,booking
Uc9fc9f53967b,H0100,5.0,2023-02-20,booking
Ue2f04e975d07,H0011,10.0,2023-02-20,booking
U195f1090f481,H0505,10.0,2023-02-21,booking
U196ac6595296,H0407,10.0,2023-02-21,booking
U2203d6ff40ab,H0087,8.0,2023-02-21,booking
U3ccd50eaa389,H0018,10.0,2023-02-21,booking
U72ecc4663d6e,H0104,9.0,2023-02-21,booking
U82a5ed2b4568,H0104,4.0,2023-02-21,booking
U95b940c6d47a,H0439,10.0,2023-02-21,booking
U9eeb2ec45140,H0437,8.0,2023-02-21,booking
Ua05623ab5ac2,H0094,10.0,2023-02-21,booking
Uab90ae8d578c,H0089,7.0,2023-02-21,booking
Ub602883c7537,H0439,8.0,2023-02-21,booking
Ubb7caab74705,H0090,6.0,2023-02-21,booking
Ud46e986dc6bc,H0232,5.4,2023-02-21,traveloka
Ud63b58b9306e,H0505,7.0,2023-02-21,booking
Uf83345790d63,H0147,6.5,2023-02-21,traveloka
U16c2298dc0c0,H0450,7.0,2023-02-22,booking
U594642be1492,H0220,7.0,2023-02-22,booking
U6840254d67f2,H0555,10.0,2023-02-22,booking
U87ac7dfc46dd,H0499,9.7,2023-02-22,traveloka
U8c5492d08f33,H0090,10.0,2023-02-22,booking
U8f9142984511,H0018,10.0,2023-02-22,booking
U97111d292c1b,H0355,9.0,2023-02-22,booking
Ub048a26d26fc,H0019,7.0,2023-02-22,booking
Ub27b7224f7c1,H0336,6.0,2023-02-22,traveloka
Uc9fc9f53967b,H0311,8.0,2023-02-22,booking
Ueb7766641703,H0181,6.1,2023-02-22,traveloka
Ufaef53ff7b60,H0450,10.0,2023-02-22,booking
U0582b7c54472,H0496,6.0,2023-02-23,traveloka
U15c5f8689a8c,H0214,9.0,2023-02-23,booking
U404553184c9c,H0021,8.0,2023-02-23,booking
U541714479c48,H0487,1.0,2023-02-23,booking
U82a5ed2b4568,H0234,6.0,2023-02-23,booking
U9f6ee79cc2bf,H0011,1.0,2023-02-23,booking
Ub051030fc5a2,H0470,10.0,2023-02-23,booking
Ubb7caab74705,H0119,8.0,2023-02-23,booking
Uc3130dfe7f82,H0336,5.2,2023-02-23,traveloka
Uc7110aaf2bea,H0100,8.0,2023-02-23,booking
Uc9fc9f53967b,H0439,2.0,2023-02-23,booking
Udd5f3bd618d5,H0176,4.0,2023-02-23,booking
Ue0a9d4a85ddd,H0181,8.0,2023-02-23,booking
Uea3c62e209ed,H0214,9.0,2023-02-23,booking
Uf7b7d282da79,H0090,9.0,2023-02-23,booking
U1e5ae8bbd81c,H0007,8.0,2023-02-24,booking
U35657dedbe6a,H0089,9.0,2023-02-24,booking
U699916231e95,H0205,4.0,2023-02-24,booking
U76baea6966e0,H0104,5.0,2023-02-24,booking
U8a2b22842fc4,H0215,5.7,2023-02-24,traveloka
Ub051030fc5a2,H0018,10.0,2023-02-24,booking
Ubc183ec39523,H0525,10.0,2023-02-24,booking
Uc5b4797ed000,H0214,5.0,2023-02-24,booking
Uc874bee1c545,H0363,6.0,2023-02-24,booking
Ud5e96e33e932,H0090,9.0,2023-02-24,booking
Ud7a57f6da5ba,H0516,4.8,2023-02-24,traveloka
Udbfafa67f99b,H0042,7.0,2023-02-24,booking
Uf33e9d941313,H0104,5.0,2023-02-24,booking
U1d1be2fc3008,H0032,5.0,2023-02-25,booking
U55ba0a35377a,H0378,10.0,2023-02-25,booking
U595041030b42,H0100,5.0,2023-02-25,booking
U6a1ec282d822,H0104,10.0,2023-02-25,booking
U6a1ec282d822,H0295,7.0,2023-02-25,booking
U6abc54e51970,H0439,4.0,2023-02-25,booking
Ub4c4d593ee1d,H0089,5.0,2023-02-25,booking
Ubaf19efa2146,H0104,8.0,2023-02-25,booking
Uc439ac066a38,H0450,4.0,2023-02-25,booking
Udedea8ae207e,H0450,9.0,2023-02-25,booking
U145b7c3a0a48,H0214,4.0,2023-02-26,booking
U53264d7d0621,H0311,9.4,2023-02-26,traveloka
U55ba0a35377a,H0453,7.0,2023-02-26,booking
U5a350d7e7970,H0533,10.0,2023-02-26,booking
U655646f09724,H0156,7.0,2023-02-26,booking
U732f3a697fa2,H0042,8.0,2023-02-26,booking
U7fe8087ddd4e,H0531,4.0,2023-02-26,ivivu
U82a5ed2b4568,H0353,8.0,2023-02-26,booking
U96ea00ecc288,H0179,10.0,2023-02-26,booking
Uaa727adbce8f,H0087,7.0,2023-02-26,booking
Uac8fa35c35a0,H0114,9.4,2023-02-26,traveloka
Uae43a1c16f19,H0218,5.2,2023-02-26,traveloka
Uc43682ad0fad,H0180,5.0,2023-02-26,booking
Uc9fc9f53967b,H0021,8.0,2023-02-26,booking
Udf8bc29e2f3f,H0397,6.0,2023-02-26,booking
Ue488b537d786,H0450,10.0,2023-02-26,booking
Uea979d60f31c,H0172,5.0,2023-02-26,booking
Ueb608ccf6373,H0018,10.0,2023-02-26,booking
U025c0bdadae4,H0353,8.0,2023-02-27,booking
U1500a9267556,H0412,4.0,2023-02-27,booking
U1dd6d71920b2,H0126,5.1,2023-02-27,traveloka
U2204416dfb34,H0454,1.0,2023-02-27,booking
U2d28b4f542ed,H0119,10.0,2023-02-27,booking
U3e5b22f6d6f1,H0204,7.0,2023-02-27,booking
U5a350d7e7970,H0021,8.0,2023-02-27,booking
U8b48f1abe5bb,H0005,1.0,2023-02-27,booking
U97111d292c1b,H0205,10.0,2023-02-27,booking
Ubf3324d9737b,H0246,10.0,2023-02-27,ivivu
Uc6bcffae4588,H0159,4.9,2023-02-27,traveloka
Ud10d15a9de32,H0541,4.0,2023-02-27,booking
Ue0a9d4a85ddd,H0437,10.0,2023-02-27,booking
U0fa462fa5f5d,H0453,8.0,2023-02-28,booking
U145b7c3a0a48,H0220,4.0,2023-02-28,booking
U2278f685b611,H0008,9.0,2023-02-28,booking
U5a7fc67f04c1,H0104,6.0,2023-02-28,booking
U5f093cee3fbd,H0380,1.0,2023-02-28,booking
U6666bb6f5cff,H0551,9.4,2023-02-28,traveloka
U6a1ec282d822,H0505,9.0,2023-02-28,booking
U6de895f281a6,H0380,9.7,2023-02-28,traveloka
U6f123f862e99,H0119,10.0,2023-02-28,booking
Ub4fa1bcf456b,H0499,6.1,2023-02-28,traveloka
Uc43682ad0fad,H0015,10.0,2023-02-28,booking
Ue0a9d4a85ddd,H0555,7.0,2023-02-28,booking
U214377c39f3f,H0158,10.0,2023-03-01,booking
U2278f685b611,H0506,10.0,2023-03-01,booking
U595041030b42,H0200,9.0,2023-03-01,booking
U655646f09724,H0541,8.0,2023-03-01,booking
U665904d21807,H0525,10.0,2023-03-01,booking
Ub76b66cd6c5d,H0214,8.0,2023-03-01,booking
Ubd35de4909a3,H0007,9.0,2023-03-01,booking
Uc439ac066a38,H0454,7.0,2023-03-01,booking
Uc439ac066a38,H0505,8.0,2023-03-01,booking
Uc874bee1c545,H0555,6.0,2023-03-01,booking
Ucb057c27db96,H0017,9.0,2023-03-01,booking
Ud060e42f88b8,H0489,6.0,2023-03-01,booking
Ud6e8af5b890c,H0412,6.6,2023-03-01,traveloka
Ue97f83b9be53,H0104,10.0,2023-03-01,booking
U16765312e621,H0104,6.0,2023-03-02,booking
U3dc361a57c66,H0028,7.0,2023-03-02,booking
U6a1ec282d822,H0090,7.0,2023-03-02,booking
U6ae04cbdf07b,H0299,6.0,2023-03-02,ivivu
U6f123f862e99,H0355,9.0,2023-03-02,booking
U8a4e7615c5ae,H0337,10.0,2023-03-02,booking
Ua1bf573610ca,H0005,7.0,2023-03-02,booking
Uae43a1c16f19,H0529,6.0,2023-03-02,traveloka
U2a46e9aec727,H0353,9.0,2023-03-03,booking
U8c5492d08f33,H0119,10.0,2023-03-03,booking
U903475ca8f76,H0232,9.7,2023-03-03,traveloka
Uc5e39c791491,H0191,6.0,2023-03-03,traveloka
Udd5f3bd618d5,H0355,9.0,2023-03-03,booking
Ue83b093de198,H0213,7.0,2023-03-03,booking
Uf6ef0a458d40,H0205,10.0,2023-03-03,booking
U16c2298dc0c0,H0505,9.0,2023-03-04,booking
U16c2298dc0c0,H0337,5.0,2023-03-04,booking
U18e5baae52c2,H0069,10.0,2023-03-04,ivivu
U2f467def7314,H0465,10.0,2023-03-04,traveloka
U4bce5acae065,H0388,10.0,2023-03-04,ivivu
U5bce383abf41,H0117,6.0,2023-03-04,traveloka
U82a5ed2b4568,H0095,6.0,2023-03-04,booking
Uaedc850ad647,H0019,8.0,2023-03-04,booking
Ub86a99167ce7,H0087,5.0,2023-03-04,booking
Ubb7caab74705,H0337,5.0,2023-03-04,booking
Ue072af4ba9d2,H0028,5.0,2023-03-04,booking
Ueeac4568cd2b,H0360,10.0,2023-03-04,ivivu
U14a568c69f46,H0023,3.0,2023-03-05,booking
U16c2298dc0c0,H0024,7.0,2023-03-05,booking
U577306d16590,H0086,8.0,2023-03-05,ivivu
U595041030b42,H0332,2.0,2023-03-05,booking
U5a350d7e7970,H0371,5.0,2023-03-05,booking
U5a7bd83a9142,H0114,10.0,2023-03-05,traveloka
U70d1cb8e578b,H0450,6.0,2023-03-05,booking
U767d12f08131,H0225,4.0,2023-03-05,booking
Uef9212f1267c,H0369,10.0,2023-03-05,ivivu
Uf82d4292e949,H0221,10.0,2023-03-05,ivivu
Uf9ff1adb4569,H0478,4.8,2023-03-05,traveloka
U025c0bdadae4,H0350,10.0,2023-03-06,booking
U066902799d4f,H0007,5.0,2023-03-06,booking
U145b7c3a0a48,H0217,6.0,2023-03-06,booking
U16c2298dc0c0,H0510,8.0,2023-03-06,booking
U462f6a8d1f38,H0407,8.0,2023-03-06,booking
U4fa6173d7ec7,H0334,8.5,2023-03-06,traveloka
U55ba0a35377a,H0019,10.0,2023-03-06,booking
U595041030b42,H0489,8.0,2023-03-06,booking
U5fc2677022d4,H0455,6.0,2023-03-06,ivivu
U6ee8629c8a1a,H0505,7.0,2023-03-06,booking
U788ad866add3,H0007,7.0,2023-03-06,booking
U80c3f2fb7fa6,H0179,8.0,2023-03-06,booking
U8f9142984511,H0500,10.0,2023-03-06,booking
Ua866dc69d643,H0027,4.0,2023-03-06,booking
Ub94e73415c6a,H0023,6.0,2023-03-06,booking
Ubb7caab74705,H0015,4.0,2023-03-06,booking
Uc2d7cbfea755,H0529,9.0,2023-03-06,booking
Uc9fc9f53967b,H0340,8.0,2023-03-06,booking
Ud1dc2ee6ae70,H0311,8.0,2023-03-06,booking
Ue488b537d786,H0014,10.0,2023-03-06,booking
Ueb608ccf6373,H0018,3.0,2023-03-06,booking
Uf13534b7de0c,H0437,4.0,2023-03-06,booking
U145b7c3a0a48,H0433,1.0,2023-03-07,booking
U1abc95e84a31,H0510,7.0,2023-03-07,booking
U3b9fee761ece,H0363,7.0,2023-03-07,booking
U4274368002ee,H0104,9.0,2023-03-07,booking
U487120a75126,H0090,5.0,2023-03-07,booking
U55ba0a35377a,H0176,10.0,2023-03-07,booking
U5dfb47d804ee,H0193,10.0,2023-03-07,ivivu
U5e851c1d3f23,H0001,5.7,2023-03-07,traveloka
U6260572c5298,H0045,10.0,2023-03-07,ivivu
U80c3f2fb7fa6,H0234,10.0,2023-03-07,booking
U8c5492d08f33,H0500,7.0,2023-03-07,booking
U9e82de2250f2,H0369,6.0,2023-03-07,ivivu
Ua3948c917049,H0340,7.0,2023-03-07,booking
Uc43682ad0fad,H0337,5.0,2023-03-07,booking
Ue0cc54a0978f,H0352,7.0,2023-03-07,booking
Ue83b093de198,H0505,8.0,2023-03-07,booking
Uf7f415104f4d,H0039,10.0,2023-03-07,traveloka
Uf910cfcea493,H0123,9.0,2023-03-07,booking
Ufae774471004,H0126,8.8,2023-03-07,traveloka
Ufe39176aa29f,H0337,6.0,2023-03-07,booking
U7d2f6e1fefaa,H0069,10.0,2023-03-08,ivivu
U8c5492d08f33,H0078,10.0,2023-03-08,booking
Uc9fc9f53967b,H0104,8.0,2023-03-08,booking
Ucb8b0596da83,H0536,6.0,2023-03-08,ivivu
Ud7126cafcfb6,H0179,9.0,2023-03-08,booking
Uef33b7ce4bfa,H0168,6.0,2023-03-08,ivivu
Uef4b13dc12d0,H0196,6.7,2023-03-08,traveloka
U53c2920d487d,H0221,8.0,2023-03-09,ivivu
U5f7e26d1d44a,H0226,9.1,2023-03-09,traveloka
U74a3202d2805,H0346,4.5,2023-03-09,traveloka
U7852237f6302,H0450,3.0,2023-03-09,booking
U8b083c71d4e2,H0389,10.0,2023-03-09,ivivu
U8f9142984511,H0010,8.0,2023-03-09,booking
Uae43a1c16f19,H0221,6.0,2023-03-09,ivivu
Uc43682ad0fad,H0007,10.0,2023-03-09,booking
Uc940dbc9c331,H0369,10.0,2023-03-09,ivivu
Ube241b2fcb84,H0478,8.5,2023-03-10,traveloka
Uea42332e9ae7,H0195,9.7,2023-03-10,traveloka
Ube383f9c0c31,H0294,9.4,2023-03-11,traveloka
U4a252fda66ca,H0107,5.7,2023-03-12,traveloka
U1d39c48d3743,H0422,10.0,2023-03-13,ivivu
U20cff7650f08,H0408,9.1,2023-03-13,traveloka
U378854496877,H0433,6.2,2023-03-13,traveloka
U4274368002ee,H0337,4.0,2023-03-13,booking
U4a17bd6754c9,H0397,7.0,2023-03-13,booking
U532cd44379b4,H0433,9.0,2023-03-13,booking
U5a350d7e7970,H0311,8.0,2023-03-13,booking
Uac2a1af649a9,H0104,7.0,2023-03-13,booking
Uae8735b5c0c9,H0018,3.0,2023-03-13,booking
Ubb7caab74705,H0094,6.0,2023-03-13,booking
Uc439ac066a38,H0018,10.0,2023-03-13,booking
U025c0bdadae4,H0099,10.0,2023-03-14,booking
U078477765ef9,H0147,9.4,2023-03-14,traveloka
U4ae307b7e274,H0294,10.0,2023-03-14,traveloka
U56bff9e45e7c,H0437,4.0,2023-03-14,booking
U5a350d7e7970,H0015,6.0,2023-03-14,booking
U6abc54e51970,H0532,8.0,2023-03-14,booking
U7536430e4ac2,H0015,7.0,2023-03-14,booking
U77bb7c65599a,H0337,10.0,2023-03-14,booking
U8f9142984511,H0397,8.0,2023-03-14,booking
U8ffa08b1d4d5,H0011,7.0,2023-03-14,booking
Ua866dc69d643,H0214,3.0,2023-03-14,booking
Uab90ae8d578c,H0104,10.0,2023-03-14,booking
Uc1654243b4e5,H0159,6.0,2023-03-14,traveloka
Uc43682ad0fad,H0089,9.0,2023-03-14,booking
Ue0a8a900cb7b,H0097,8.5,2023-03-14,traveloka
Uea2a672773e1,H0295,8.0,2023-03-14,booking
Ueff4fbda6737,H0123,10.0,2023-03-14,booking
U09af28c81a40,H0018,10.0,2023-03-15,booking
U25c0081f57bd,H0090,8.0,2023-03-15,booking
U532cd44379b4,H0439,10.0,2023-03-15,booking
U6840254d67f2,H0333,6.0,2023-03-15,booking
U6a1ec282d822,H0104,7.0,2023-03-15,booking
U7cd997f32f2d,H0214,6.0,2023-03-15,booking
Ub3e58e9b80a6,H0010,1.0,2023-03-15,booking
Uc439ac066a38,H0454,6.0,2023-03-15,booking
Ud63b58b9306e,H0433,9.0,2023-03-15,booking
U145b7c3a0a48,H0100,10.0,2023-03-16,booking
U2204416dfb34,H0104,3.0,2023-03-16,booking
U487120a75126,H0353,10.0,2023-03-16,booking
U595041030b42,H0019,10.0,2023-03-16,booking
U6840254d67f2,H0378,9.0,2023-03-16,booking
U6a1ec282d822,H0332,7.0,2023-03-16,booking
U8410b4c5aaeb,H0104,9.0,2023-03-16,booking
U8f9142984511,H0017,10.0,2023-03-16,booking
U9f6ee79cc2bf,H0104,1.0,2023-03-16,booking
Uc439ac066a38,H0019,3.0,2023-03-16,booking
U0cac5a482404,H0021,10.0,2023-03-17,booking
U0fa462fa5f5d,H0454,8.0,2023-03-17,booking
U19f8c9d48d9d,H0456,8.5,2023-03-17,traveloka
U788ad866add3,H0337,8.0,2023-03-17,booking
U82f103385c33,H0333,8.0,2023-03-17,booking
U8c5492d08f33,H0011,6.0,2023-03-17,booking
Ucc3806973eda,H0113,6.3,2023-03-17,traveloka
Ud68136e847d9,H0542,8.8,2023-03-17,traveloka
Uf13534b7de0c,H0192,7.0,2023-03-17,booking
U2a46e9aec727,H0028,10.0,2023-03-18,booking
U7fa613e5002e,H0118,5.0,2023-03-18,booking
Uc24b723d97ca,H0102,9.0,2023-03-18,booking
Udd5f3bd618d5,H0397,9.0,2023-03-18,booking
Uef35cb793711,H0290,8.8,2023-03-18,traveloka
Uf50e013c8797,H0225,10.0,2023-03-18,booking
U0dbbe26cbcef,H0529,8.5,2023-03-19,traveloka
U1e1367252b82,H0019,5.0,2023-03-19,booking
U425d881cdeaa,H0272,9.4,2023-03-19,traveloka
U4c6545ae5cab,H0516,6.4,2023-03-19,traveloka
U57358533527a,H0204,1.0,2023-03-19,booking
U586bf32f0573,H0217,10.0,2023-03-19,booking
U82a5ed2b4568,H0104,8.0,2023-03-19,booking
Uaa727adbce8f,H0353,8.0,2023-03-19,booking
Uc2d7cbfea755,H0220,7.0,2023-03-19,booking
Uc43682ad0fad,H0007,8.0,2023-03-19,booking
Uc43682ad0fad,H0214,10.0,2023-03-19,booking
Ueff4fbda6737,H0295,7.0,2023-03-19,booking
Uf283779e4220,H0123,8.4,2023-03-19,traveloka
U0fa462fa5f5d,H0090,7.0,2023-03-20,booking
U28608c9427b7,H0355,1.0,2023-03-20,booking
U4ca44a2c942b,H0007,9.0,2023-03-20,booking
U5e181805fc19,H0102,10.0,2023-03-20,booking
U686ae5f5394a,H0437,7.0,2023-03-20,booking
U7536430e4ac2,H0007,5.0,2023-03-20,booking
U82486d6df391,H0295,8.0,2023-03-20,booking
U8c5492d08f33,H0018,5.0,2023-03-20,booking
Ua5021307c5c3,H0378,9.0,2023-03-20,booking
Ub70d71bcf281,H0557,9.1,2023-03-20,traveloka
Uba1c8ca6b899,H0089,5.0,2023-03-20,booking
Udb53b7822867,H0039,6.5,2023-03-20,traveloka
Udd5f3bd618d5,H0214,7.0,2023-03-20,booking
Ue19790d86696,H0147,6.4,2023-03-20,traveloka
Ue1ea6170d5ed,H0104,9.0,2023-03-20,booking
Ueef6d0dab6d7,H0412,9.7,2023-03-20,traveloka
Uf108289db707,H0221,10.0,2023-03-20,ivivu
U2204416dfb34,H0018,1.0,2023-03-21,booking
U2a46e9aec727,H0104,9.0,2023-03-21,booking
U40499bf254b5,H0332,5.0,2023-03-21,booking
U80c3f2fb7fa6,H0412,7.0,2023-03-21,booking
U869d32477404,H0500,10.0,2023-03-21,booking
Uc7110aaf2bea,H0220,8.0,2023-03-21,booking
Uc8dc43d69701,H0503,6.0,2023-03-21,booking
Uc9fc9f53967b,H0184,8.0,2023-03-21,booking
Ud63b58b9306e,H0433,9.0,2023-03-21,booking
Ud94268ef0d2a,H0427,8.8,2023-03-21,traveloka
Ueef6d0dab6d7,H0454,8.5,2023-03-21,traveloka
Ueff4fbda6737,H0090,7.0,2023-03-21,booking
U1995d921a404,H0023,10.0,2023-03-22,booking
U1d8175311816,H0016,10.0,2023-03-22,booking
U2203d6ff40ab,H0104,9.0,2023-03-22,booking
U4086baf3e8b6,H0328,5.4,2023-03-22,traveloka
U56bff9e45e7c,H0087,7.0,2023-03-22,booking
U63fd833b4a7c,H0453,10.0,2023-03-22,booking
U6c398e3cf613,H0479,7.0,2023-03-22,booking
U85ba6edcd969,H0378,7.0,2023-03-22,booking
U8b48f1abe5bb,H0311,9.0,2023-03-22,booking
U8f9142984511,H0220,9.0,2023-03-22,booking
Ub88006c8832f,H0353,9.0,2023-03-22,booking
Uc7110aaf2bea,H0104,5.0,2023-03-22,booking
Uea2a672773e1,H0337,6.0,2023-03-22,booking
U0fa462fa5f5d,H0214,4.0,2023-03-23,booking
U1bac8a91d17f,H0381,8.0,2023-03-23,booking
U2b43a5075f23,H0437,10.0,2023-03-23,booking
U44865709e101,H0104,9.0,2023-03-23,booking
U608048973bd0,H0510,9.7,2023-03-23,traveloka
U652610b6e37a,H0399,10.0,2023-03-23,ivivu
U80c39feb8af7,H0327,10.0,2023-03-23,booking
Ua277bd43da05,H0018,10.0,2023-03-23,booking
Uab90ae8d578c,H0217,10.0,2023-03-23,booking
Uc9fc9f53967b,H0458,10.0,2023-03-23,booking
Ue488b537d786,H0095,7.0,2023-03-23,booking
Uf4be570e2471,H0100,6.0,2023-03-23,booking
U0fa462fa5f5d,H0337,8.0,2023-03-24,booking
U1995d921a404,H0398,7.0,2023-03-24,booking
U4068c04356d6,H0461,9.7,2023-03-24,traveloka
U50f523b549c4,H0102,5.0,2023-03-24,booking
U732f3a697fa2,H0018,7.0,2023-03-24,booking
U96eb47dfc9b1,H0369,8.0,2023-03-24,ivivu
U14a568c69f46,H0176,7.0,2023-03-25,booking
U25c0081f57bd,H0205,9.0,2023-03-25,booking
U393ecdc79e4a,H0324,9.4,2023-03-25,traveloka
U4a17bd6754c9,H0019,10.0,2023-03-25,booking
U532cd44379b4,H0487,9.0,2023-03-25,booking
U549b7f9e3567,H0064,9.7,2023-03-25,traveloka
Ubb7caab74705,H0019,7.0,2023-03-25,booking
Ube1ed5d2dd22,H0214,8.0,2023-03-25,booking
Ue15310b6e4c0,H0437,8.0,2023-03-25,ivivu
U0eab17c95600,H0100,10.0,2023-03-26,booking
U145b7c3a0a48,H0010,10.0,2023-03-26,booking
U14a568c69f46,H0450,7.0,2023-03-26,booking
U2a46e9aec727,H0104,9.0,2023-03-26,booking
U55ba0a35377a,H0090,8.0,2023-03-26,booking
U5e181805fc19,H0463,7.0,2023-03-26,booking
U6a1ec282d822,H0183,9.0,2023-03-26,booking
U6ee8629c8a1a,H0015,10.0,2023-03-26,booking
U7bf860a1ebf7,H0014,10.0,2023-03-26,booking
U7dd00d5213dc,H0085,4.8,2023-03-26,traveloka
U7e84d2c4369b,H0353,8.0,2023-03-26,booking
U8b48f1abe5bb,H0363,7.0,2023-03-26,booking
Uab90ae8d578c,H0529,7.0,2023-03-26,booking
Uc2eafeeb199a,H0018,10.0,2023-03-26,booking
Ud10d15a9de32,H0015,10.0,2023-03-26,booking
Ue0a9d4a85ddd,H0337,9.0,2023-03-26,booking
Uf457a1d637b0,H0008,8.0,2023-03-26,booking
U28608c9427b7,H0104,7.0,2023-03-27,booking
Ua3948c917049,H0099,9.0,2023-03-27,booking
Uab90ae8d578c,H0463,9.0,2023-03-27,booking
Uc5b4797ed000,H0095,7.0,2023-03-27,booking
Ue83d7430f0fb,H0194,8.5,2023-03-27,traveloka
Ufb399bbe6ba8,H0101,9.1,2023-03-27,traveloka
U1525adc7b68a,H0500,10.0,2023-03-28,booking
U16c2298dc0c0,H0498,9.0,2023-03-28,booking
U466d02a70412,H0359,10.0,2023-03-28,ivivu
U7a37ffff8050,H0450,10.0,2023-03-28,booking
U7a37ffff8050,H0005,9.0,2023-03-28,booking
Ue0a9d4a85ddd,H0243,9.0,2023-03-28,booking
Ue1ea6170d5ed,H0439,9.0,2023-03-28,booking
Ue82979cab6c0,H0064,8.5,2023-03-28,traveloka
U10de24352a17,H0334,6.0,2023-03-29,traveloka
U145b7c3a0a48,H0123,9.0,2023-03-29,booking
U14a568c69f46,H0351,10.0,2023-03-29,booking
U16c2298dc0c0,H0179,4.0,2023-03-29,booking
U2278f685b611,H0381,7.0,2023-03-29,booking
U459052bc1431,H0265,8.0,2023-03-29,ivivu
U6d5049ba464c,H0371,7.0,2023-03-29,booking
U72f2e3da51d5,H0103,9.7,2023-03-29,traveloka
U79329457d5cf,H0019,10.0,2023-03-29,booking
U9556a9d9bd34,H0182,6.0,2023-03-29,ivivu
Uc43682ad0fad,H0433,7.0,2023-03-29,booking
Uc8dc43d69701,H0112,6.0,2023-03-29,booking
Uc9fc9f53967b,H0372,6.0,2023-03-29,booking
Udf79a190145f,H0433,6.7,2023-03-29,traveloka
Uf6e97fd4a561,H0123,7.0,2023-03-29,booking
Uf78c9851cf80,H0104,7.0,2023-03-29,booking
U595041030b42,H0500,10.0,2023-03-30,booking
U605f67adfe21,H0285,10.0,2023-03-30,ivivu
U6a6e07491c32,H0104,9.0,2023-03-30,booking
U72d8f85b3fb4,H0099,9.0,2023-03-30,booking
U7a1c550b7ef4,H0090,10.0,2023-03-30,booking
U7fa613e5002e,H0381,10.0,2023-03-30,booking
U82a5ed2b4568,H0015,5.0,2023-03-30,booking
Ua3948c917049,H0412,7.0,2023-03-30,booking
Ub602883c7537,H0218,9.0,2023-03-30,booking
Ud4f0e7a8132c,H0346,8.8,2023-03-30,traveloka
Ud63b58b9306e,H0433,9.0,2023-03-30,booking
Uf2a33ffd2ea4,H0411,6.4,2023-03-30,traveloka
U16c2298dc0c0,H0011,9.0,2023-03-31,booking
U2d60ecff62f1,H0371,7.0,2023-03-31,booking
U337d9e820084,H0336,8.5,2023-03-31,traveloka
U577306d16590,H0164,10.0,2023-03-31,ivivu
U63e7c4e150aa,H0425,8.0,2023-03-31,ivivu
Ub8a6b97c6969,H0232,8.5,2023-03-31,traveloka
Uc9fc9f53967b,H0214,10.0,2023-03-31,booking
Udc4fbda21bf1,H0104,8.0,2023-03-31,booking
Ue9582b69ebfe,H0129,10.0,2023-03-31,ivivu
Uf33e9d941313,H0337,10.0,2023-03-31,booking
U0fa462fa5f5d,H0529,7.0,2023-04-01,booking
U1096c65896b0,H0226,9.4,2023-04-01,traveloka
U1833e331127d,H0381,10.0,2023-04-01,booking
U1fb18a2fab81,H0220,4.0,2023-04-01,booking
U261b59a9f1db,H0382,9.1,2023-04-01,traveloka
U4274368002ee,H0489,6.0,2023-04-01,booking
U966d27754fa5,H0512,10.0,2023-04-01,booking
U97c093b257a9,H0104,9.0,2023-04-01,booking
Ubcb00aff0151,H0450,7.0,2023-04-01,booking
Uc93fb3f1d81f,H0450,10.0,2023-04-01,booking
Uc9fc9f53967b,H0378,7.0,2023-04-01,booking
Uce734068d636,H0336,8.5,2023-04-01,traveloka
Ud08860e90883,H0009,8.5,2023-04-01,traveloka
Ud08ab3eb6ab4,H0090,10.0,2023-04-01,booking
Ud988f30458dc,H0340,8.0,2023-04-01,booking
U16c2298dc0c0,H0214,10.0,2023-04-02,booking
U3bbbb95f5787,H0450,5.0,2023-04-02,booking
U4274368002ee,H0007,6.0,2023-04-02,booking
U595041030b42,H0197,10.0,2023-04-02,booking
U5fb87e8ad70f,H0191,6.0,2023-04-02,ivivu
U76c0d15579df,H0427,9.4,2023-04-02,traveloka
U82a5ed2b4568,H0353,7.0,2023-04-02,booking
Uab90ae8d578c,H0345,6.0,2023-04-02,booking
Uc43682ad0fad,H0529,9.0,2023-04-02,booking
Ud0bff8b9f2c4,H0111,6.5,2023-04-02,traveloka
Ue072af4ba9d2,H0077,8.0,2023-04-02,booking
Ueb306017301c,H0220,7.0,2023-04-02,booking
Uf13534b7de0c,H0214,10.0,2023-04-02,booking
U049747ec237b,H0166,6.0,2023-04-03,traveloka
U16c2298dc0c0,H0018,2.0,2023-04-03,booking
U1d1be2fc3008,H0087,8.0,2023-04-03,booking
U3e5b22f6d6f1,H0470,5.0,2023-04-03,booking
U62855a0d28e5,H0366,5.3,2023-04-03,traveloka
U686ae5f5394a,H0497,7.0,2023-04-03,booking
U6f123f862e99,H0350,8.0,2023-04-03,booking
U7cefaa2f8844,H0397,8.0,2023-04-03,booking
Uab90ae8d578c,H0220,1.0,2023-04-03,booking
Uc43682ad0fad,H0011,10.0,2023-04-03,booking
Uc9fc9f53967b,H0337,10.0,2023-04-03,booking
Ud7d218b6b3d2,H0123,9.7,2023-04-03,traveloka
Udcc35c827775,H0544,10.0,2023-04-03,ivivu
Ufbc25843fee2,H0245,6.0,2023-04-03,ivivu
U066902799d4f,H0019,3.0,2023-04-04,booking
U0d581115dd98,H0215,8.5,2023-04-04,traveloka
U21805ac4436b,H0355,9.0,2023-04-04,booking
U47e7db3d61fe,H0365,8.5,2023-04-04,traveloka
Ua9a2bd3dde7e,H0042,6.0,2023-04-04,booking
Ub86a99167ce7,H0406,10.0,2023-04-04,booking
Uc2eafeeb199a,H0104,8.0,2023-04-04,booking
Uc3188498b286,H0437,8.0,2023-04-04,booking
Uc43682ad0fad,H0381,10.0,2023-04-04,booking
Uc439ac066a38,H0439,8.0,2023-04-04,booking
U0c024ce09c1a,H0414,10.0,2023-04-05,traveloka
U14a568c69f46,H0510,10.0,2023-04-05,booking
U1995d921a404,H0350,3.0,2023-04-05,booking
U1e1367252b82,H0381,6.0,2023-04-05,booking
U462f6a8d1f38,H0098,10.0,2023-04-05,booking
U4ac50b9ab378,H0220,6.0,2023-04-05,booking
U6a1ec282d822,H0350,8.0,2023-04-05,booking
U6c398e3cf613,H0090,6.0,2023-04-05,booking
U73f1a0472869,H0525,7.0,2023-04-05,booking
U7accefa53685,H0363,6.0,2023-04-05,booking
U822668772769,H0489,6.0,2023-04-05,ivivu
U82a5ed2b4568,H0042,6.0,2023-04-05,booking
U8b48f1abe5bb,H0219,7.0,2023-04-05,booking
Uae8735b5c0c9,H0437,10.0,2023-04-05,booking
Uc43682ad0fad,H0529,7.0,2023-04-05,booking
Uc439ac066a38,H0229,3.0,2023-04-05,booking
Uc68dc69ede57,H0482,4.0,2023-04-05,ivivu
Ud97435c31b78,H0439,6.0,2023-04-05,ivivu
Ueb306017301c,H0546,7.0,2023-04-05,booking
Ueff4fbda6737,H0378,8.0,2023-04-05,booking
Uf87323b22adb,H0015,10.0,2023-04-05,booking
U0f33e833922c,H0522,10.0,2023-04-06,ivivu
U145b7c3a0a48,H0505,10.0,2023-04-06,booking
U18c4cf0f7006,H0095,10.0,2023-04-06,booking
U19e9e9d5cf69,H0100,6.0,2023-04-06,booking
U562ba3409bd5,H0221,8.0,2023-04-06,ivivu
U7a37ffff8050,H0184,10.0,2023-04-06,booking
U85ba6edcd969,H0371,10.0,2023-04-06,booking
U958beb91b4eb,H0221,8.0,2023-04-06,ivivu
Ua866dc69d643,H0018,6.0,2023-04-06,booking
Ua9e839da5ce1,H0092,6.0,2023-04-06,traveloka
Uaa727adbce8f,H0433,9.0,2023-04-06,booking
Uaac2726253ff,H0507,5.4,2023-04-06,traveloka
Uab90ae8d578c,H0552,10.0,2023-04-06,booking
Uae8735b5c0c9,H0555,5.0,2023-04-06,booking
Ub88006c8832f,H0011,1.0,2023-04-06,booking
Ubb7caab74705,H0015,5.0,2023-04-06,booking
Udf8bc29e2f3f,H0534,7.0,2023-04-06,booking
Ue072af4ba9d2,H0345,10.0,2023-04-06,booking
Ue0a9d4a85ddd,H0450,9.0,2023-04-06,booking
U2a46e9aec727,H0104,5.0,2023-04-07,booking
U4db7760a8d27,H0090,7.0,2023-04-07,booking
U6d5049ba464c,H0016,10.0,2023-04-07,booking
U725d6b4329d7,H0439,6.9,2023-04-07,traveloka
U8c5492d08f33,H0371,7.0,2023-04-07,booking
U9de91bc41736,H0285,10.0,2023-04-07,ivivu
Uae43a1c16f19,H0210,10.0,2023-04-07,ivivu
Ubc183ec39523,H0487,7.0,2023-04-07,booking
Uc040acac3b23,H0304,9.4,2023-04-07,traveloka
Uc9fc9f53967b,H0028,2.0,2023-04-07,booking
Ucaa5e34765c3,H0353,10.0,2023-04-07,booking
Udedea8ae207e,H0011,5.0,2023-04-07,booking
Udf8bc29e2f3f,H0005,3.0,2023-04-07,booking
Ue072af4ba9d2,H0005,10.0,2023-04-07,booking
U17df181ce620,H0385,9.1,2023-04-08,traveloka
U3164a8a3f925,H0499,5.1,2023-04-08,traveloka
U3c84ca1c641c,H0021,10.0,2023-04-08,booking
U57dd8f4e431c,H0529,8.0,2023-04-08,booking
U67fae5909818,H0221,4.0,2023-04-08,ivivu
U6e653bb83dcd,H0353,5.0,2023-04-08,booking
U72d8f85b3fb4,H0505,7.0,2023-04-08,booking
U82a5ed2b4568,H0095,7.0,2023-04-08,booking
Ud10d15a9de32,H0437,7.0,2023-04-08,booking
Uda31672106d9,H0382,9.7,2023-04-08,traveloka
Ue0a9d4a85ddd,H0021,9.0,2023-04-08,booking
U3b9fee761ece,H0018,6.0,2023-04-09,booking
U3e5b22f6d6f1,H0217,6.0,2023-04-09,booking
U6a1ec282d822,H0087,5.0,2023-04-09,booking
U85ba6edcd969,H0505,10.0,2023-04-09,booking
Uc43682ad0fad,H0353,5.0,2023-04-09,booking
Uc7110aaf2bea,H0089,10.0,2023-04-09,booking
U25b70f41a84b,H0166,5.7,2023-04-10,traveloka
U967df8ac0929,H0550,8.5,2023-04-10,traveloka
Ucbe98c1a341e,H0175,8.5,2023-04-10,traveloka
Ue73c2505fdb0,H0107,5.6,2023-04-10,traveloka
U31bee5cab536,H0311,8.5,2023-04-11,traveloka
U3c65ed649983,H0521,10.0,2023-04-11,traveloka
U5f41adcd2674,H0408,9.4,2023-04-11,traveloka
Uc1549bfbc2b1,H0550,9.7,2023-04-11,traveloka
Ud64fe52a60a9,H0115,10.0,2023-04-11,traveloka
U2b9f7618a0a6,H0311,6.0,2023-04-12,traveloka
U50f7add7e3de,H0414,6.0,2023-04-12,traveloka
Uac8fa35c35a0,H0089,9.0,2023-04-12,traveloka
U13c22e2c5730,H0175,8.5,2023-04-13,traveloka
U39b9e2bf2518,H0550,6.4,2023-04-13,traveloka
U55ba0a35377a,H0018,5.0,2023-04-13,booking
U699916231e95,H0439,8.0,2023-04-13,booking
U71e8b4f71e83,H0433,9.0,2023-04-13,booking
U7accefa53685,H0104,6.0,2023-04-13,booking
U80c3f2fb7fa6,H0337,7.0,2023-04-13,booking
Uae8735b5c0c9,H0095,6.0,2023-04-13,booking
Ub76b66cd6c5d,H0213,7.0,2023-04-13,booking
Ub9075b76ec7c,H0521,9.7,2023-04-13,traveloka
Uc5b4797ed000,H0351,9.0,2023-04-13,booking
Uc5b4797ed000,H0363,10.0,2023-04-13,booking
Ue0a9d4a85ddd,H0119,10.0,2023-04-13,booking
Ue12408d38ab9,H0381,1.0,2023-04-13,booking
Ue488b537d786,H0123,1.0,2023-04-13,booking
Ue97f83b9be53,H0229,8.0,2023-04-13,booking
U05b4576a8de9,H0497,7.0,2023-04-14,booking
U0fa462fa5f5d,H0337,4.0,2023-04-14,booking
U145b7c3a0a48,H0363,10.0,2023-04-14,booking
U194aa6a15c7f,H0014,8.0,2023-04-14,booking
U532cd44379b4,H0433,9.0,2023-04-14,booking
U532cd44379b4,H0355,9.0,2023-04-14,booking
U740d2dc9b485,H0433,9.0,2023-04-14,booking
Ubb7caab74705,H0067,8.0,2023-04-14,booking
Uc4bcf2d8e727,H0536,6.0,2023-04-14,ivivu
Ucbbbe88f608d,H0179,9.0,2023-04-14,booking
Ucf5121b1dc7a,H0090,7.0,2023-04-14,booking
Ud931e6b42045,H0215,8.5,2023-04-14,traveloka
Ue0a9d4a85ddd,H0214,7.0,2023-04-14,booking
U00912b991d82,H0449,7.0,2023-04-15,booking
U0fa462fa5f5d,H0021,7.0,2023-04-15,booking
U145b7c3a0a48,H0380,8.0,2023-04-15,booking
U16c2298dc0c0,H0104,6.0,2023-04-15,booking
U1995d921a404,H0015,10.0,2023-04-15,booking
U51b4b451ea34,H0541,8.0,2023-04-15,booking
U55ba0a35377a,H0400,7.0,2023-04-15,booking
Uae8735b5c0c9,H0018,10.0,2023-04-15,booking
Uc0e0d30efc68,H0008,1.0,2023-04-15,booking
Ueb306017301c,H0015,7.0,2023-04-15,booking
Ueb9adc8b2af4,H0232,5.8,2023-04-15,traveloka
U487120a75126,H0505,5.0,2023-04-16,booking
Ua866dc69d643,H0327,3.0,2023-04-16,booking
Uae8735b5c0c9,H0200,7.0,2023-04-16,booking
Uc32955df1c69,H0104,4.0,2023-04-16,booking
Uc43682ad0fad,H0102,10.0,2023-04-16,booking
Uebc6ad28949f,H0380,6.3,2023-04-16,traveloka
U595041030b42,H0015,10.0,2023-04-17,booking
U5f093cee3fbd,H0104,8.0,2023-04-17,booking
U73776e7162d8,H0214,5.0,2023-04-17,booking
U8c5492d08f33,H0489,10.0,2023-04-17,booking
U8f2df9580900,H0100,5.0,2023-04-17,booking
U9a1a64128dc3,H0039,9.4,2023-04-17,traveloka
Ua571a440c856,H0099,9.0,2023-04-17,booking
Ua933f7934422,H0519,5.5,2023-04-17,traveloka
Ub4f035fd00cd,H0178,5.8,2023-04-17,traveloka
Ub5482f12212e,H0102,10.0,2023-04-17,booking
Uc0e0d30efc68,H0118,7.0,2023-04-17,booking
Ucaa5e34765c3,H0220,10.0,2023-04-17,booking
Ud97435c31b78,H0114,10.0,2023-04-17,ivivu
U145b7c3a0a48,H0352,9.0,2023-04-18,booking
U5e181805fc19,H0363,9.0,2023-04-18,booking
U62d95151c0b3,H0079,6.4,2023-04-18,traveloka
U76baea6966e0,H0008,7.0,2023-04-18,booking
U7a37ffff8050,H0337,6.0,2023-04-18,booking
U8410b4c5aaeb,H0428,6.0,2023-04-18,booking
U852fbffe460c,H0394,8.8,2023-04-18,traveloka
U95ab3d2f165d,H0032,10.0,2023-04-18,booking
Ua1a4457325d8,H0523,9.1,2023-04-18,traveloka
Ua866dc69d643,H0333,1.0,2023-04-18,booking
Ubb7caab74705,H0498,7.0,2023-04-18,booking
Ubc183ec39523,H0098,10.0,2023-04-18,booking
Uc0e0d30efc68,H0104,10.0,2023-04-18,booking
Ud08ab3eb6ab4,H0337,1.0,2023-04-18,booking
U632863f18606,H0271,9.1,2023-04-19,traveloka
Ub051030fc5a2,H0095,6.0,2023-04-19,booking
Uc5b4797ed000,H0123,5.0,2023-04-19,booking
Ud8bafd5395b7,H0364,8.5,2023-04-19,traveloka
U16765312e621,H0017,7.0,2023-04-20,booking
U21805ac4436b,H0433,9.0,2023-04-20,booking
U36f6fce3c27d,H0280,6.4,2023-04-20,traveloka
U4ceba8673ab5,H0398,7.0,2023-04-20,booking
U532cd44379b4,H0433,9.0,2023-04-20,booking
U788ad866add3,H0019,7.0,2023-04-20,booking
U79921999b0c7,H0100,10.0,2023-04-20,booking
U86718e9be95e,H0014,10.0,2023-04-20,booking
Ub316660cedb0,H0147,6.7,2023-04-20,traveloka
Ub8a6b97c6969,H0516,9.4,2023-04-20,traveloka
Ubb7caab74705,H0205,7.0,2023-04-20,booking
Ud04c303a34f1,H0104,6.0,2023-04-20,booking
U15c5f8689a8c,H0500,4.0,2023-04-21,booking
U19b097d6921d,H0092,9.1,2023-04-21,traveloka
U3a779f973456,H0052,9.7,2023-04-21,traveloka
U3cd9ebe6d3b0,H0371,8.0,2023-04-21,booking
U5a350d7e7970,H0533,5.0,2023-04-21,booking
U82b97d144ba2,H0123,6.4,2023-04-21,traveloka
U8b48f1abe5bb,H0028,9.0,2023-04-21,booking
Uab90ae8d578c,H0352,8.0,2023-04-21,booking
Ub88006c8832f,H0487,8.0,2023-04-21,booking
Uf2533c3e0101,H0540,9.4,2023-04-21,traveloka
U260c91362cc3,H0032,6.0,2023-04-22,traveloka
U42d2ad3dc9f1,H0555,10.0,2023-04-22,ivivu
U56bff9e45e7c,H0505,1.0,2023-04-22,booking
U5f093cee3fbd,H0104,6.0,2023-04-22,booking
U686964692cc0,H0505,10.0,2023-04-22,booking
Uab90ae8d578c,H0371,4.0,2023-04-22,booking
Ub27f01afeb9f,H0546,10.0,2023-04-22,booking
Ub80e9c104cb2,H0355,9.0,2023-04-22,booking
Udb53b7822867,H0145,8.0,2023-04-22,ivivu
Udd5f3bd618d5,H0505,9.0,2023-04-22,booking
Ue488b537d786,H0123,1.0,2023-04-22,booking
Uf41d314a29e7,H0489,9.0,2023-04-22,booking
Uffaa41492ec2,H0485,9.7,2023-04-22,traveloka
U145b7c3a0a48,H0181,8.0,2023-04-23,booking
U74181bd06705,H0523,9.7,2023-04-23,traveloka
Uab90ae8d578c,H0454,9.0,2023-04-23,booking
Ubb7caab74705,H0011,8.0,2023-04-23,booking
Ubd86dd5a605f,H0527,10.0,2023-04-23,ivivu
Uc9fc9f53967b,H0018,10.0,2023-04-23,booking
Ud891e317ebe9,H0220,10.0,2023-04-23,booking
U18e550b8bfb0,H0315,4.8,2023-04-24,traveloka
U4db7760a8d27,H0010,9.0,2023-04-24,booking
U638d7dd3ddd8,H0414,6.3,2023-04-24,traveloka
U699916231e95,H0510,8.0,2023-04-24,booking
U6f123f862e99,H0042,8.0,2023-04-24,booking
Ua571a440c856,H0104,8.0,2023-04-24,booking
Ud7e78dbdb9f2,H0363,10.0,2023-04-24,booking
U046912319d9e,H0394,10.0,2023-04-25,ivivu
U16c2298dc0c0,H0505,9.0,2023-04-25,booking
U393ecdc79e4a,H0147,10.0,2023-04-25,traveloka
U6f123f862e99,H0213,8.0,2023-04-25,booking
U82d0757180ba,H0489,5.0,2023-04-25,booking
U9922dcd3a9d7,H0271,9.7,2023-04-25,traveloka
Ua1026b3dafc6,H0168,10.0,2023-04-25,ivivu
Ub602883c7537,H0015,5.0,2023-04-25,booking
Ubbcc4677cef1,H0104,6.0,2023-04-25,booking
Ue83b093de198,H0214,7.0,2023-04-25,booking
Ue9cec67ed83e,H0103,6.5,2023-04-25,traveloka
Uf33e9d941313,H0217,10.0,2023-04-25,booking
U1bac8a91d17f,H0340,5.0,2023-04-26,booking
U1e1367252b82,H0018,10.0,2023-04-26,booking
U49ec90b8dc57,H0095,10.0,2023-04-26,booking
U6f123f862e99,H0095,7.0,2023-04-26,booking
U8f9142984511,H0406,8.0,2023-04-26,booking
U916256783b52,H0215,7.2,2023-04-26,traveloka
Uac2a1af649a9,H0505,1.0,2023-04-26,booking
Ub5482f12212e,H0433,4.0,2023-04-26,booking
U1bac8a91d17f,H0214,10.0,2023-04-27,booking
U6c398e3cf613,H0487,1.0,2023-04-27,booking
U721f27459cc3,H0323,10.0,2023-04-27,ivivu
U82a5ed2b4568,H0015,1.0,2023-04-27,booking
U94f92c983aa7,H0191,6.0,2023-04-27,ivivu
Ua97268bdc1bc,H0446,8.5,2023-04-27,traveloka
Ubb7caab74705,H0089,5.0,2023-04-27,booking
Uc34d8436b881,H0210,8.0,2023-04-27,ivivu
Ue4582a9c407e,H0102,10.0,2023-04-27,booking
U3550151b709f,H0363,3.0,2023-04-28,booking
U3550151b709f,H0010,10.0,2023-04-28,booking
U57dd8f4e431c,H0546,6.0,2023-04-28,booking
U6bb0581a4ebd,H0191,6.0,2023-04-28,ivivu
U765642d34d26,H0336,5.7,2023-04-28,traveloka
U82a5ed2b4568,H0015,10.0,2023-04-28,booking
U84a857b82cbe,H0487,4.0,2023-04-28,booking
U8be4af507f44,H0162,8.0,2023-04-28,ivivu
U8f9142984511,H0007,10.0,2023-04-28,booking
Ua866dc69d643,H0454,6.0,2023-04-28,booking
Ua866dc69d643,H0450,7.0,2023-04-28,booking
Uc54dd91f24c4,H0482,6.0,2023-04-28,ivivu
Uf3d7747ebd88,H0114,2.0,2023-04-28,ivivu
U100b86ef5546,H0418,6.0,2023-04-29,ivivu
U16765312e621,H0220,9.0,2023-04-29,booking
U1f877d328192,H0045,8.0,2023-04-29,ivivu
U2af9ebb217f8,H0359,10.0,2023-04-29,ivivu
U392227e99234,H0249,9.4,2023-04-29,traveloka
U6648a6402526,H0523,9.3,2023-04-29,traveloka
U6a1ec282d822,H0505,8.0,2023-04-29,booking
U76fad5b89231,H0394,4.0,2023-04-29,ivivu
Uae43a1c16f19,H0403,6.0,2023-04-29,ivivu
Uae43a1c16f19,H0174,8.0,2023-04-29,ivivu
Ubfaa9b5fad1f,H0533,10.0,2023-04-29,booking
Uc43682ad0fad,H0355,10.0,2023-04-29,booking
Ud7527e2dfc4f,H0460,6.0,2023-04-29,ivivu
U147e1eb2139b,H0420,10.0,2023-04-30,ivivu
U16765312e621,H0337,2.0,2023-04-30,booking
U2af9ebb217f8,H0031,10.0,2023-04-30,ivivu
U6a1ec282d822,H0104,8.0,2023-04-30,booking
U6a1ec282d822,H0023,9.0,2023-04-30,booking
U6f123f862e99,H0008,2.0,2023-04-30,booking
U7accefa53685,H0104,7.0,2023-04-30,booking
U82401c22da1d,H0147,6.1,2023-04-30,traveloka
U95c80d685304,H0465,6.3,2023-04-30,traveloka
U9811dc071f8e,H0545,2.0,2023-04-30,ivivu
Uac8fa35c35a0,H0086,10.0,2023-04-30,ivivu
Ubc183ec39523,H0397,6.0,2023-04-30,booking
Uc439ac066a38,H0497,5.0,2023-04-30,booking
Ue09a71696079,H0034,8.0,2023-04-30,ivivu
Ue1ea6170d5ed,H0018,1.0,2023-04-30,booking
Ue488b537d786,H0381,1.0,2023-04-30,booking
Uf65a21ef5943,H0087,10.0,2023-04-30,booking
U2a46e9aec727,H0021,10.0,2023-05-01,booking
U2a6b0285525f,H0166,9.7,2023-05-01,traveloka
U32e0d2d939ce,H0017,10.0,2023-05-01,booking
U6a1ec282d822,H0311,9.0,2023-05-01,booking
Ucf5121b1dc7a,H0514,7.0,2023-05-01,booking
Ueff4fbda6737,H0489,6.0,2023-05-01,booking
Uf57a18241370,H0232,8.5,2023-05-01,traveloka
U2278f685b611,H0014,5.0,2023-05-02,booking
U30925a1f2a07,H0489,8.0,2023-05-02,ivivu
U3780e6912aa7,H0324,8.5,2023-05-02,traveloka
U5a350d7e7970,H0459,7.0,2023-05-02,booking
U7a37ffff8050,H0104,1.0,2023-05-02,booking
U998a2b31ecf9,H0212,8.0,2023-05-02,ivivu
Ubf83d81558dc,H0411,5.8,2023-05-02,traveloka
Ucaacb3bf5210,H0453,8.0,2023-05-02,booking
Ucdde80ae8de7,H0399,6.1,2023-05-02,traveloka
Ue1cc6f76306b,H0437,8.0,2023-05-02,booking
U4a17bd6754c9,H0011,8.0,2023-05-03,booking
U53b7c7a48fe7,H0147,9.1,2023-05-03,traveloka
U6840254d67f2,H0506,9.0,2023-05-03,booking
U82a5ed2b4568,H0011,10.0,2023-05-03,booking
U9912838720fd,H0090,8.0,2023-05-03,booking
Ubb7caab74705,H0104,8.0,2023-05-03,booking
Uc7110aaf2bea,H0089,8.0,2023-05-03,booking
U00912b991d82,H0104,9.0,2023-05-04,booking
U136761f8c87f,H0480,10.0,2023-05-04,ivivu
U2a41de998c22,H0538,7.0,2023-05-04,booking
U34a399969e30,H0376,5.1,2023-05-04,traveloka
U44456a21398b,H0245,10.0,2023-05-04,ivivu
U51409affa44d,H0085,5.1,2023-05-04,traveloka
U7066ca03abf2,H0336,10.0,2023-05-04,traveloka
Ua3948c917049,H0397,6.0,2023-05-04,booking
Uc37b2bb7f50f,H0534,6.1,2023-05-04,traveloka
Uc5b4797ed000,H0214,7.0,2023-05-04,booking
Uc7110aaf2bea,H0179,8.0,2023-05-04,booking
U0dbbe26cbcef,H0159,8.5,2023-05-05,traveloka
U0fa462fa5f5d,H0123,6.0,2023-05-05,booking
U55ba0a35377a,H0225,6.0,2023-05-05,booking
U55ba0a35377a,H0018,10.0,2023-05-05,booking
U655646f09724,H0011,9.0,2023-05-05,booking
U6a31d80a6b98,H0204,8.0,2023-05-05,ivivu
U78a507b10b16,H0058,10.0,2023-05-05,ivivu
U85ba6edcd969,H0555,4.0,2023-05-05,booking
Uc1cd547777fa,H0521,10.0,2023-05-05,traveloka
Ud6ae6f3f4869,H0489,7.0,2023-05-05,booking
Udcd7545e9dfa,H0214,8.0,2023-05-05,booking
Udd5f3bd618d5,H0179,8.0,2023-05-05,booking
Udd5f3bd618d5,H0027,6.0,2023-05-05,booking
Ue0cc54a0978f,H0493,8.0,2023-05-05,booking
Uf29635c1d7d8,H0551,6.4,2023-05-05,traveloka
Uf33e9d941313,H0479,7.0,2023-05-05,booking
U1500a9267556,H0183,10.0,2023-05-06,booking
U1f3cc872afc7,H0021,9.0,2023-05-06,booking
U214377c39f3f,H0371,6.0,2023-05-06,booking
U42cfb242c8b6,H0489,5.0,2023-05-06,booking
U595041030b42,H0089,5.0,2023-05-06,booking
U655646f09724,H0371,3.0,2023-05-06,booking
U6a1ec282d822,H0500,5.0,2023-05-06,booking
U71b49a80e4fd,H0017,10.0,2023-05-06,booking
U7225666d1e11,H0232,9.7,2023-05-06,traveloka
U86718e9be95e,H0525,7.0,2023-05-06,booking
U966d27754fa5,H0007,8.0,2023-05-06,booking
U9fe454801c09,H0521,6.0,2023-05-06,traveloka
Ua866dc69d643,H0023,9.0,2023-05-06,booking
Uab90ae8d578c,H0021,7.0,2023-05-06,booking
Uab90ae8d578c,H0104,6.0,2023-05-06,booking
Uab90ae8d578c,H0439,10.0,2023-05-06,booking
Ubb7caab74705,H0104,8.0,2023-05-06,booking
Uc96e81eb3992,H0500,10.0,2023-05-06,booking
Udd27870e641b,H0534,8.5,2023-05-06,traveloka
Ue90e73b2a99f,H0211,8.0,2023-05-06,ivivu
Uf50e013c8797,H0450,9.0,2023-05-06,booking
Uf6ef0a458d40,H0450,7.0,2023-05-06,booking
Ufe39176aa29f,H0433,8.0,2023-05-06,booking
U16c2298dc0c0,H0090,7.0,2023-05-07,booking
U1bac8a91d17f,H0027,9.0,2023-05-07,booking
U2a46e9aec727,H0095,7.0,2023-05-07,booking
U3550151b709f,H0229,5.0,2023-05-07,booking
U6260572c5298,H0045,10.0,2023-05-07,ivivu
U6bcea38e89f1,H0051,8.5,2023-05-07,traveloka
U6f123f862e99,H0016,10.0,2023-05-07,booking
U72d8f85b3fb4,H0398,2.0,2023-05-07,booking
U788ad866add3,H0350,5.0,2023-05-07,booking
U82a5ed2b4568,H0345,5.0,2023-05-07,booking
U8a4e7615c5ae,H0408,7.0,2023-05-07,booking
Ua866dc69d643,H0032,4.0,2023-05-07,booking
Ub86a99167ce7,H0049,1.0,2023-05-07,booking
Ubb7caab74705,H0218,7.0,2023-05-07,booking
Ubb7caab74705,H0015,4.0,2023-05-07,booking
Ubcb00aff0151,H0463,3.0,2023-05-07,booking
Uc77655397c4c,H0363,10.0,2023-05-07,booking
Uc874bee1c545,H0439,5.0,2023-05-07,booking
Uc93fb3f1d81f,H0123,6.0,2023-05-07,booking
Uc9fc9f53967b,H0541,4.0,2023-05-07,booking
Udc1d09dfa526,H0454,6.9,2023-05-07,traveloka
Uea979d60f31c,H0019,7.0,2023-05-07,booking
U5a350d7e7970,H0104,7.0,2023-05-08,booking
U665904d21807,H0019,10.0,2023-05-08,booking
U6a1ec282d822,H0123,9.0,2023-05-08,booking
U7369ea966365,H0549,10.0,2023-05-08,booking
U90b24b24e9d5,H0090,1.0,2023-05-08,booking
U97bc198e795e,H0394,6.0,2023-05-08,traveloka
U9912838720fd,H0089,4.0,2023-05-08,booking
U9d16afc3ac1b,H0437,8.0,2023-05-08,ivivu
U9deb26de64b9,H0009,6.6,2023-05-08,traveloka
Ua277bd43da05,H0381,8.0,2023-05-08,booking
Uae8735b5c0c9,H0123,9.0,2023-05-08,booking
Ubb7caab74705,H0355,1.0,2023-05-08,booking
Ucaacb3bf5210,H0505,9.0,2023-05-08,booking
Ufa7ec5265820,H0337,3.0,2023-05-08,booking
Uff055de421e5,H0433,6.0,2023-05-08,booking
U16765312e621,H0498,7.0,2023-05-09,booking
U5a350d7e7970,H0407,7.0,2023-05-09,booking
U6a1ec282d822,H0332,9.0,2023-05-09,booking
Uab90ae8d578c,H0398,5.0,2023-05-09,booking
Ubb7caab74705,H0214,8.0,2023-05-09,booking
Uc439ac066a38,H0089,9.0,2023-05-09,booking
U014ab4ef41fa,H0434,9.7,2023-05-10,traveloka
U5546befb8efe,H0336,9.7,2023-05-10,traveloka
Ub52c1d079b1e,H0328,5.7,2023-05-10,traveloka
Uf25dda07ec27,H0452,9.4,2023-05-12,traveloka
U16c2298dc0c0,H0007,5.0,2023-05-13,booking
U16c2298dc0c0,H0510,10.0,2023-05-13,booking
U1e590462b888,H0129,10.0,2023-05-13,ivivu
U328ae189b57d,H0347,8.8,2023-05-13,traveloka
U52eab0d5372a,H0181,5.0,2023-05-13,booking
U7fa613e5002e,H0500,1.0,2023-05-13,booking
U80c39feb8af7,H0104,8.0,2023-05-13,booking
U8baca280affb,H0333,10.0,2023-05-13,booking
U944f901ce37a,H0414,6.0,2023-05-13,traveloka
Ua4695fb31594,H0017,8.0,2023-05-13,booking
Uac05d0bc7333,H0439,8.8,2023-05-13,traveloka
Ubc920c8d4fb2,H0546,7.0,2023-05-13,booking
Ucfd2e034bd4c,H0526,6.0,2023-05-13,ivivu
Ue0a9d4a85ddd,H0179,9.0,2023-05-13,booking
Ue727ce3255ce,H0229,10.0,2023-05-13,booking
Ueb306017301c,H0089,5.0,2023-05-13,booking
U098f9babc306,H0445,4.5,2023-05-14,traveloka
U16c2298dc0c0,H0353,8.0,2023-05-14,booking
U1995d921a404,H0428,7.0,2023-05-14,booking
U23666430d470,H0002,8.4,2023-05-14,traveloka
U36eae7b366ff,H0375,9.4,2023-05-14,traveloka
U40d21fa0e729,H0433,10.0,2023-05-14,booking
U462f6a8d1f38,H0181,10.0,2023-05-14,booking
U4b239f345dba,H0499,5.4,2023-05-14,traveloka
U595041030b42,H0363,7.0,2023-05-14,booking
U5e181805fc19,H0353,7.0,2023-05-14,booking
U80c39feb8af7,H0102,10.0,2023-05-14,booking
U81c6486b9c81,H0218,9.0,2023-05-14,booking
U82fffe81f716,H0205,6.0,2023-05-14,booking
U8395824480bb,H0016,9.0,2023-05-14,booking
U85ba6edcd969,H0505,1.0,2023-05-14,booking
U894404028a81,H0112,1.0,2023-05-14,booking
U966d27754fa5,H0371,6.0,2023-05-14,booking
Uab90ae8d578c,H0372,9.0,2023-05-14,booking
Ub316660cedb0,H0425,8.5,2023-05-14,traveloka
Ub5923814a325,H0371,1.0,2023-05-14,booking
Ubb7caab74705,H0104,2.0,2023-05-14,booking
Ucf89a5e785b5,H0105,5.4,2023-05-14,traveloka
Ue349b2d62c27,H0184,1.0,2023-05-14,booking
Ufc434f2f2800,H0101,6.0,2023-05-14,traveloka
U210975ccc06d,H0336,5.6,2023-05-15,traveloka
U2a41de998c22,H0371,9.0,2023-05-15,booking
U2b43a5075f23,H0505,1.0,2023-05-15,booking
U487120a75126,H0505,1.0,2023-05-15,booking
U5a350d7e7970,H0407,10.0,2023-05-15,booking
U5c13d56d6b33,H0019,10.0,2023-05-15,booking
U6d5049ba464c,H0398,8.0,2023-05-15,booking
U72d8f85b3fb4,H0019,9.0,2023-05-15,booking
U82a5ed2b4568,H0214,6.0,2023-05-15,booking
U82a92949cbb5,H0506,5.0,2023-05-15,booking
U8f9142984511,H0381,5.0,2023-05-15,booking
U94d112c3c9fc,H0014,8.0,2023-05-15,booking
Uc2eafeeb199a,H0181,8.0,2023-05-15,booking
Ucc40de7504e7,H0311,9.4,2023-05-15,traveloka
Ud891e317ebe9,H0218,8.0,2023-05-15,booking
Ue97f83b9be53,H0397,6.0,2023-05-15,booking
U145b7c3a0a48,H0525,10.0,2023-05-16,booking
U3c76d79f4a68,H0032,7.0,2023-05-16,booking
U487120a75126,H0380,7.0,2023-05-16,booking
U595041030b42,H0090,9.0,2023-05-16,booking
U686ae5f5394a,H0229,9.0,2023-05-16,booking
U7a37ffff8050,H0433,7.0,2023-05-16,booking
U82a5ed2b4568,H0014,10.0,2023-05-16,booking
U8a47ae5ab74a,H0271,4.5,2023-05-16,traveloka
U93f049c54f78,H0345,4.0,2023-05-16,booking
Uc5b4797ed000,H0104,8.0,2023-05-16,booking
Ud988f30458dc,H0005,9.0,2023-05-16,booking
Udcd7545e9dfa,H0353,1.0,2023-05-16,booking
Ue488b537d786,H0450,5.0,2023-05-16,booking
Ue65c8cd9a182,H0439,5.0,2023-05-16,booking
Uec281de4f6f1,H0516,8.5,2023-05-16,traveloka
Uf2533c3e0101,H0535,6.6,2023-05-16,traveloka
Uf76a42d21a7d,H0021,6.0,2023-05-16,booking
Uf87323b22adb,H0104,10.0,2023-05-16,booking
Ufe0f70017611,H0104,10.0,2023-05-16,booking
U00047cc88a3c,H0123,6.5,2023-05-17,traveloka
U16c2298dc0c0,H0089,9.0,2023-05-17,booking
U2ee5f959b100,H0503,10.0,2023-05-17,booking
U2ee5f959b100,H0220,8.0,2023-05-17,booking
U4a17bd6754c9,H0055,7.0,2023-05-17,booking
U571844714b06,H0371,4.0,2023-05-17,booking
U5e181805fc19,H0172,6.0,2023-05-17,booking
U6058695c187f,H0335,8.8,2023-05-17,traveloka
U6c398e3cf613,H0089,8.0,2023-05-17,booking
U6f123f862e99,H0176,10.0,2023-05-17,booking
U920e21611453,H0295,8.0,2023-05-17,booking
Ubaf19efa2146,H0217,5.0,2023-05-17,booking
Ubb7caab74705,H0104,7.0,2023-05-17,booking
Udaa4aa7246e4,H0245,10.0,2023-05-17,ivivu
Ue072af4ba9d2,H0350,7.0,2023-05-17,booking
Ue73c2505fdb0,H0032,4.8,2023-05-17,traveloka
Ueb608ccf6373,H0220,5.0,2023-05-17,booking
Ufa7ec5265820,H0337,5.0,2023-05-17,booking
U145b7c3a0a48,H0505,1.0,2023-05-18,booking
U467daa13540d,H0010,10.0,2023-05-18,booking
U532cd44379b4,H0378,5.0,2023-05-18,booking
U6780d109f2af,H0366,8.5,2023-05-18,traveloka
U82a5ed2b4568,H0214,7.0,2023-05-18,booking
Ua3a393ce88e2,H0510,8.0,2023-05-18,booking
Ub4ce3612cd81,H0413,5.8,2023-05-18,traveloka
Ub76b66cd6c5d,H0437,10.0,2023-05-18,booking
Ucfdbf71a7e57,H0014,10.0,2023-05-18,booking
Ue100d62be1fa,H0433,6.2,2023-05-18,traveloka
Ue19790d86696,H0272,6.2,2023-05-18,traveloka
U02d93bebed45,H0272,8.8,2023-05-19,traveloka
U2a195fc540f6,H0011,7.0,2023-05-19,booking
U3e5b22f6d6f1,H0489,9.0,2023-05-19,booking
U556c64cb7de3,H0371,10.0,2023-05-19,booking
Ua90f5abdf891,H0010,8.0,2023-05-19,booking
Uab90ae8d578c,H0042,8.0,2023-05-19,booking
Ub765927c7f16,H0400,7.0,2023-05-19,booking
Ubd35de4909a3,H0349,9.0,2023-05-19,booking
Uc1294e4707ef,H0169,2.0,2023-05-19,ivivu
Udd5f3bd618d5,H0019,9.0,2023-05-19,booking
U1500a9267556,H0021,9.0,2023-05-20,booking
U2d60ecff62f1,H0104,4.0,2023-05-20,booking
U4199a16e636f,H0439,6.0,2023-05-20,ivivu
U4c2602b8aa98,H0007,7.0,2023-05-20,booking
U5dcc78b8a40b,H0529,8.0,2023-05-20,booking
U60621e066492,H0521,6.4,2023-05-20,traveloka
U6390c23a7f31,H0245,10.0,2023-05-20,ivivu
U6bda52d84e9e,H0527,6.0,2023-05-20,ivivu
U6e9231fdf2de,H0437,6.0,2023-05-20,ivivu
U82a5ed2b4568,H0525,6.0,2023-05-20,booking
U82a5ed2b4568,H0011,8.0,2023-05-20,booking
U9059b9308e49,H0311,6.0,2023-05-20,traveloka
U9d4ff1525c80,H0442,10.0,2023-05-20,booking
Ua5021307c5c3,H0425,9.0,2023-05-20,booking
Uab90ae8d578c,H0028,5.0,2023-05-20,booking
Ubb7caab74705,H0439,7.0,2023-05-20,booking
Uc43682ad0fad,H0327,10.0,2023-05-20,booking
Uc7110aaf2bea,H0437,5.0,2023-05-20,booking
Udcc35c827775,H0433,5.7,2023-05-20,traveloka
Udd5f3bd618d5,H0437,7.0,2023-05-20,booking
Ue1ea6170d5ed,H0011,3.0,2023-05-20,booking
Ue97a1b5e951e,H0095,8.0,2023-05-20,booking
Uea2a672773e1,H0515,10.0,2023-05-20,booking
Uf76a42d21a7d,H0214,10.0,2023-05-20,booking
Uf78c9851cf80,H0104,8.0,2023-05-20,booking
Uf910cfcea493,H0218,7.0,2023-05-20,booking
Ufd13a4ffb056,H0204,9.0,2023-05-20,booking
U2203d6ff40ab,H0014,10.0,2023-05-21,booking
U4176c61c8fb8,H0232,9.4,2023-05-21,traveloka
U487120a75126,H0023,7.0,2023-05-21,booking
U55ba0a35377a,H0337,5.0,2023-05-21,booking
U595041030b42,H0018,10.0,2023-05-21,booking
U595041030b42,H0353,8.0,2023-05-21,booking
U6840254d67f2,H0353,1.0,2023-05-21,booking
U7a1c550b7ef4,H0489,9.0,2023-05-21,booking
U7bacc3e558c1,H0100,7.0,2023-05-21,booking
U82a5ed2b4568,H0381,8.0,2023-05-21,booking
U8930bbe3d24b,H0014,9.0,2023-05-21,booking
Ub5482f12212e,H0327,7.0,2023-05-21,booking
Ubb7caab74705,H0181,7.0,2023-05-21,booking
Uc197708aae25,H0100,4.0,2023-05-21,booking
Ucc89540d538b,H0184,9.0,2023-05-21,booking
Ude3f850f2555,H0146,10.0,2023-05-21,ivivu
Ue072af4ba9d2,H0100,4.0,2023-05-21,booking
Ue6e3a62eed14,H0450,7.5,2023-05-21,booking
Ue97a1b5e951e,H0433,5.0,2023-05-21,booking
U1496d8eac74d,H0214,7.0,2023-05-22,booking
U16c2298dc0c0,H0371,1.0,2023-05-22,booking
U655646f09724,H0525,7.0,2023-05-22,booking
U665904d21807,H0205,10.0,2023-05-22,booking
U80c3f2fb7fa6,H0089,7.0,2023-05-22,booking
U82a5ed2b4568,H0437,9.0,2023-05-22,booking
U8f8b90971d60,H0018,6.0,2023-05-22,booking
Ub051030fc5a2,H0489,5.0,2023-05-22,booking
Ub4362407e7f8,H0532,9.1,2023-05-22,traveloka
Uc43682ad0fad,H0176,6.0,2023-05-22,booking
U026f26210e42,H0126,6.6,2023-05-23,traveloka
U374fbb55ef14,H0407,9.0,2023-05-23,booking
U73f1a0472869,H0337,9.0,2023-05-23,booking
U767d12f08131,H0327,7.0,2023-05-23,booking
U82a5ed2b4568,H0112,3.0,2023-05-23,booking
Ubc355ec68437,H0102,9.0,2023-05-23,booking
Uc1f8ff77b438,H0371,2.0,2023-05-23,booking
Uc439ac066a38,H0104,7.0,2023-05-23,booking
U02cf03d6a240,H0262,9.7,2023-05-24,traveloka
U595041030b42,H0489,8.0,2023-05-24,booking
U5a350d7e7970,H0371,5.0,2023-05-24,booking
U6840254d67f2,H0378,9.0,2023-05-24,booking
U72d8f85b3fb4,H0363,8.0,2023-05-24,booking
Ubb7caab74705,H0089,2.0,2023-05-24,booking
Uc02c5b3a7956,H0329,8.5,2023-05-24,traveloka
Uc442f2456aa8,H0104,10.0,2023-05-24,booking
Uc7fc5cc673aa,H0220,6.0,2023-05-24,booking
Udd5f3bd618d5,H0470,8.0,2023-05-24,booking
Ue97a1b5e951e,H0378,8.0,2023-05-24,booking
Ufd13a4ffb056,H0112,4.0,2023-05-24,booking
U01923e13a4a4,H0213,6.0,2023-05-25,booking
U196ac6595296,H0439,10.0,2023-05-25,booking
U4249a6949139,H0371,5.0,2023-05-25,booking
U5e181805fc19,H0205,10.0,2023-05-25,booking
U793ac4ee017e,H0380,8.0,2023-05-25,booking
U84a857b82cbe,H0100,5.0,2023-05-25,booking
Ua90f5abdf891,H0380,4.0,2023-05-25,booking
Udcfd4e156031,H0546,1.0,2023-05-25,booking
Udd5f3bd618d5,H0104,7.0,2023-05-25,booking
U3684582b98f1,H0498,10.0,2023-05-26,booking
U6fb7a9a00cb2,H0414,6.0,2023-05-26,traveloka
U72d8f85b3fb4,H0089,8.0,2023-05-26,booking
U76baea6966e0,H0011,8.0,2023-05-26,booking
U8b48f1abe5bb,H0181,8.0,2023-05-26,booking
U8c5492d08f33,H0104,8.0,2023-05-26,booking
U8c5492d08f33,H0337,1.0,2023-05-26,booking
U8d7dfcfa78cd,H0191,10.0,2023-05-26,ivivu
Ub5482f12212e,H0439,1.0,2023-05-26,booking
Uc58069ce9da2,H0450,3.0,2023-05-26,booking
Ucb8b0596da83,H0343,8.0,2023-05-26,ivivu
Ue971d89a94dd,H0205,8.0,2023-05-26,booking
Uea3c62e209ed,H0351,6.0,2023-05-26,booking
U0496458462e0,H0471,10.0,2023-05-27,ivivu
U0aa6c6580060,H0450,8.0,2023-05-27,booking
U1fd2ea327592,H0007,3.0,2023-05-27,booking
U20cff7650f08,H0425,9.4,2023-05-27,traveloka
U25c0081f57bd,H0010,9.0,2023-05-27,booking
U3550151b709f,H0217,10.0,2023-05-27,booking
U5459ae09e8ee,H0521,9.4,2023-05-27,traveloka
U67c764d574e5,H0101,9.7,2023-05-27,traveloka
U7038329f5ad6,H0214,7.0,2023-05-27,booking
U76cf95a8b1c1,H0220,7.0,2023-05-27,booking
U7a1c550b7ef4,H0350,8.0,2023-05-27,booking
U920e21611453,H0489,9.0,2023-05-27,booking
Ua8064935279f,H0489,10.0,2023-05-27,ivivu
Ub8e530aa081f,H0016,6.0,2023-05-27,booking
Ubbebb11980fb,H0221,4.0,2023-05-27,ivivu
Uc5c108aa168a,H0489,3.0,2023-05-27,booking
Ucf67cd3dedf6,H0016,5.0,2023-05-27,booking
Uda80a40e7a52,H0412,8.5,2023-05-27,traveloka
U145b7c3a0a48,H0156,8.0,2023-05-28,booking
U16c2298dc0c0,H0130,10.0,2023-05-28,booking
U1e1367252b82,H0371,10.0,2023-05-28,booking
U1e1367252b82,H0184,10.0,2023-05-28,booking
U442ba4798b66,H0162,10.0,2023-05-28,ivivu
Ub04d995ae3b4,H0519,5.6,2023-05-28,traveloka
Ub94e73415c6a,H0220,7.0,2023-05-28,booking
Ubb7caab74705,H0018,6.0,2023-05-28,booking
Ue65c8cd9a182,H0014,9.0,2023-05-28,booking
Uf3943d096d45,H0295,7.0,2023-05-28,booking
U0c024ce09c1a,H0480,6.0,2023-05-29,ivivu
U0fa462fa5f5d,H0381,2.0,2023-05-29,booking
U18c4cf0f7006,H0055,5.0,2023-05-29,booking
U6156734cc45f,H0516,6.0,2023-05-29,traveloka
U6840254d67f2,H0378,10.0,2023-05-29,booking
U6ee8629c8a1a,H0016,1.0,2023-05-29,booking
U72d8f85b3fb4,H0229,10.0,2023-05-29,booking
U822668772769,H0336,6.0,2023-05-29,traveloka
U85e7b2cb5f58,H0178,9.7,2023-05-29,traveloka
Ua866dc69d643,H0089,10.0,2023-05-29,booking
Uabd196f6fa72,H0450,1.0,2023-05-29,booking
Uc51d14530804,H0555,6.0,2023-05-29,booking
Ue83b093de198,H0453,3.0,2023-05-29,booking
Ufdaab3ec1fbc,H0529,5.0,2023-05-29,booking
U025c0bdadae4,H0112,7.0,2023-05-30,booking
U16c2298dc0c0,H0023,5.0,2023-05-30,booking
U1bf64698f566,H0083,8.0,2023-05-30,ivivu
U3550151b709f,H0450,9.0,2023-05-30,booking
U399a5ae4658d,H0471,8.0,2023-05-30,ivivu
U4028d4ac9ce8,H0489,6.0,2023-05-30,ivivu
U532cd44379b4,H0433,9.0,2023-05-30,booking
U55ba0a35377a,H0505,9.0,2023-05-30,booking
U8395824480bb,H0098,10.0,2023-05-30,booking
Ub8bab950a12f,H0107,6.5,2023-05-30,traveloka
Uc439ac066a38,H0104,9.0,2023-05-30,booking
Uc5b4797ed000,H0337,3.0,2023-05-30,booking
Uc9fc9f53967b,H0337,10.0,2023-05-30,booking
Ue0a9d4a85ddd,H0220,6.0,2023-05-30,booking
Ueff4fbda6737,H0450,10.0,2023-05-30,booking
U1a102edf1c69,H0381,5.0,2023-05-31,booking
U1bf64698f566,H0081,4.0,2023-05-31,ivivu
U2278f685b611,H0549,8.0,2023-05-31,booking
U2af80e900408,H0427,4.9,2023-05-31,traveloka
U72e96928ed5f,H0408,7.0,2023-05-31,booking
U766e53607f00,H0381,8.0,2023-05-31,booking
U793943266179,H0094,10.0,2023-05-31,booking
Uae8735b5c0c9,H0017,10.0,2023-05-31,booking
Ubb7caab74705,H0353,6.0,2023-05-31,booking
Uc31c9dd51921,H0506,1.0,2023-05-31,booking
Uce3486797743,H0104,8.0,2023-05-31,booking
Ud5e96e33e932,H0340,7.0,2023-05-31,booking
Ue045989ec9ca,H0095,4.0,2023-05-31,booking
Ue045989ec9ca,H0214,7.0,2023-05-31,booking
Ue1da982f5ad0,H0014,1.0,2023-05-31,booking
U0a1b617a4407,H0461,6.0,2023-06-01,traveloka
U145b7c3a0a48,H0104,7.0,2023-06-01,booking
U14a568c69f46,H0465,4.0,2023-06-01,booking
U852d66b57dc1,H0551,8.5,2023-06-01,traveloka
Ub4c4d593ee1d,H0104,7.0,2023-06-01,booking
Ub9c02033a718,H0021,7.0,2023-06-01,booking
Ubaf19efa2146,H0353,10.0,2023-06-01,booking
Ubb7caab74705,H0214,5.0,2023-06-01,booking
Ubd35de4909a3,H0015,7.0,2023-06-01,booking
Uc439ac066a38,H0505,7.0,2023-06-01,booking
Uc92412dddc7c,H0238,9.7,2023-06-01,traveloka
Ud67a46199549,H0334,9.7,2023-06-01,traveloka
Udcc35c827775,H0539,6.0,2023-06-01,traveloka
Ue1da982f5ad0,H0104,5.0,2023-06-01,booking
U304f338ba0ca,H0454,6.4,2023-06-02,traveloka
U3c76d79f4a68,H0217,9.0,2023-06-02,booking
U55ba0a35377a,H0090,10.0,2023-06-02,booking
U57c27a24dcad,H0032,6.0,2023-06-02,traveloka
U7a37ffff8050,H0407,6.0,2023-06-02,booking
U7e84d2c4369b,H0353,5.0,2023-06-02,booking
U8db602f86ee4,H0104,3.0,2023-06-02,booking
U8f8b90971d60,H0104,10.0,2023-06-02,booking
U966d27754fa5,H0007,5.0,2023-06-02,booking
Ua5701c8c3318,H0439,6.6,2023-06-02,traveloka
Uab90ae8d578c,H0475,10.0,2023-06-02,booking
Ubb7caab74705,H0028,10.0,2023-06-02,booking
Uc43682ad0fad,H0095,6.0,2023-06-02,booking
Uc96e81eb3992,H0505,1.0,2023-06-02,booking
Udd5f3bd618d5,H0021,7.0,2023-06-02,booking
U47e0737e5589,H0352,8.0,2023-06-03,booking
U676518db9ecc,H0331,9.7,2023-06-03,traveloka
U76baea6966e0,H0295,4.0,2023-06-03,booking
U7a37ffff8050,H0410,10.0,2023-06-03,booking
U8117ed5b11a0,H0175,5.1,2023-06-03,traveloka
U82a5ed2b4568,H0381,9.0,2023-06-03,booking
U8f14fbb9cdb6,H0529,8.5,2023-06-03,traveloka
Ubbcc4677cef1,H0042,8.0,2023-06-03,booking
Uc874bee1c545,H0555,5.0,2023-06-03,booking
Ud08ab3eb6ab4,H0205,7.0,2023-06-03,booking
Ufe4bf3d6d228,H0178,6.6,2023-06-03,traveloka
U14a568c69f46,H0505,8.0,2023-06-04,booking
U16c2298dc0c0,H0023,9.0,2023-06-04,booking
U24a4b2c6751f,H0337,10.0,2023-06-04,booking
U2b868758d911,H0032,9.4,2023-06-04,traveloka
U2fb77a5e5141,H0518,8.0,2023-06-04,ivivu
U36cc6f5f98d5,H0031,10.0,2023-06-04,ivivu
U49ea5dbd27c5,H0002,5.7,2023-06-04,traveloka
U4c52c40b6312,H0195,6.6,2023-06-04,traveloka
U60621e066492,H0097,4.5,2023-06-04,traveloka
U8c5492d08f33,H0538,10.0,2023-06-04,booking
U8f8b90971d60,H0010,10.0,2023-06-04,booking
Uc10197261edb,H0456,8.5,2023-06-04,traveloka
Uc51d14530804,H0087,7.0,2023-06-04,booking
Uc9fc9f53967b,H0023,7.0,2023-06-04,booking
Uc9fc9f53967b,H0015,10.0,2023-06-04,booking
Ud44e2ff3ff88,H0555,6.0,2023-06-04,booking
Ue0a9d4a85ddd,H0104,10.0,2023-06-04,booking
Ue150fde85541,H0335,8.5,2023-06-04,traveloka
Ue971d89a94dd,H0229,8.0,2023-06-04,booking
U16c2298dc0c0,H0123,9.0,2023-06-05,booking
U1995d921a404,H0011,10.0,2023-06-05,booking
U1abc95e84a31,H0505,7.0,2023-06-05,booking
U2ae4886f846f,H0394,5.7,2023-06-05,traveloka
U3b9fee761ece,H0505,1.0,2023-06-05,booking
U5863bd418f0c,H0221,6.0,2023-06-05,ivivu
U5a350d7e7970,H0104,5.0,2023-06-05,booking
U5e181805fc19,H0204,8.0,2023-06-05,booking
U6a1ec282d822,H0555,9.0,2023-06-05,booking
U80c3f2fb7fa6,H0102,5.0,2023-06-05,booking
Ua7beaa8dc6a5,H0347,8.5,2023-06-05,traveloka
Ubb7caab74705,H0500,9.0,2023-06-05,booking
Ubc355ec68437,H0102,8.0,2023-06-05,booking
Uf33e9d941313,H0021,8.0,2023-06-05,booking
U1995d921a404,H0327,8.0,2023-06-06,booking
U2cf7fc092ffa,H0455,10.0,2023-06-06,ivivu
U462f6a8d1f38,H0042,9.0,2023-06-06,booking
U4c2602b8aa98,H0407,6.0,2023-06-06,booking
U50f523b549c4,H0371,7.0,2023-06-06,booking
U6a1ec282d822,H0229,3.0,2023-06-06,booking
U7265a0711e62,H0194,9.7,2023-06-06,traveloka
Ua866dc69d643,H0214,8.0,2023-06-06,booking
Ua9fee312a7b9,H0345,10.0,2023-06-06,booking
Ub6b68cb8a1dd,H0381,7.0,2023-06-06,booking
Uc2d7cbfea755,H0489,5.0,2023-06-06,booking
Uc77655397c4c,H0214,10.0,2023-06-06,booking
Uc9fc9f53967b,H0452,9.0,2023-06-06,booking
Udb0aad15832e,H0085,8.4,2023-06-06,traveloka
Ue072af4ba9d2,H0337,2.0,2023-06-06,booking
Uee378ea4db85,H0062,10.0,2023-06-06,ivivu
U55ba0a35377a,H0184,5.0,2023-06-07,booking
U5a350d7e7970,H0018,10.0,2023-06-07,booking
U76baea6966e0,H0010,7.0,2023-06-07,booking
U82fffe81f716,H0205,5.0,2023-06-07,booking
U85ba6edcd969,H0015,9.0,2023-06-07,booking
Ubb7caab74705,H0094,5.0,2023-06-07,booking
Ubd35de4909a3,H0194,4.0,2023-06-07,booking
Uc43682ad0fad,H0011,7.0,2023-06-07,booking
Uc43682ad0fad,H0220,7.0,2023-06-07,booking
Ucb8b0596da83,H0138,6.0,2023-06-07,ivivu
Ud08860e90883,H0542,8.5,2023-06-07,traveloka
Ue0a9d4a85ddd,H0345,10.0,2023-06-07,booking
U1453914ccca2,H0018,7.0,2023-06-08,booking
U20239046ec38,H0324,10.0,2023-06-08,traveloka
U27e843cae0bf,H0217,8.0,2023-06-08,booking
U2f92d6528a2a,H0085,5.7,2023-06-08,traveloka
U358042d4503c,H0534,10.0,2023-06-08,traveloka
U4199a16e636f,H0221,8.0,2023-06-08,ivivu
U5582ce7ecee2,H0069,10.0,2023-06-08,ivivu
U80c4afdab88c,H0414,4.0,2023-06-08,ivivu
Ubf772538baf0,H0104,8.0,2023-06-08,booking
Udd5f3bd618d5,H0450,5.0,2023-06-08,booking
Uea2a672773e1,H0353,10.0,2023-06-08,booking
Uf7f415104f4d,H0315,9.1,2023-06-08,traveloka
U183e30c6fc45,H0019,10.0,2023-06-09,booking
U3550151b709f,H0337,10.0,2023-06-09,booking
U6a1ec282d822,H0225,10.0,2023-06-09,booking
Ua79f70b090e6,H0485,9.7,2023-06-09,traveloka
Ub5482f12212e,H0489,7.0,2023-06-09,booking
Uc026a8afd0cc,H0489,10.0,2023-06-09,ivivu
U7c29c32a489a,H0304,5.7,2023-06-11,traveloka
Ud46d2cd071b9,H0101,9.4,2023-06-12,traveloka
U09323f9c7d8d,H0245,10.0,2023-06-13,ivivu
U1f9f683085a4,H0221,8.0,2023-06-13,ivivu
U3e5b22f6d6f1,H0498,7.0,2023-06-13,booking
U4c6545ae5cab,H0434,6.2,2023-06-13,traveloka
U535dcead9882,H0398,8.0,2023-06-13,booking
U7852237f6302,H0102,5.0,2023-06-13,booking
U8da68c68c4b6,H0015,10.0,2023-06-13,booking
U96ea00ecc288,H0104,7.0,2023-06-13,booking
Ua3a393ce88e2,H0006,7.0,2023-06-13,booking
Ub0d6aeadc480,H0450,4.0,2023-06-13,booking
Ub62a8ac8c4ac,H0104,7.0,2023-06-13,booking
Ub94e73415c6a,H0407,7.0,2023-06-13,booking
Uc2d7cbfea755,H0489,6.0,2023-06-13,booking
Uc43682ad0fad,H0327,9.0,2023-06-13,booking
Uc439ac066a38,H0089,10.0,2023-06-13,booking
Uc9fc9f53967b,H0350,7.0,2023-06-13,booking
Uea2a672773e1,H0018,7.0,2023-06-13,booking
U320efe3833d5,H0354,8.0,2023-06-14,ivivu
U3b2ac67fde0d,H0337,7.0,2023-06-14,booking
U4cd0dc77cecb,H0014,1.0,2023-06-14,booking
U55ba0a35377a,H0454,10.0,2023-06-14,booking
U5a350d7e7970,H0104,5.0,2023-06-14,booking
U7c26570964a8,H0176,5.0,2023-06-14,booking
U86d6149ace93,H0100,8.0,2023-06-14,booking
U9cbb45a3a1d9,H0221,6.0,2023-06-14,ivivu
U9deb26de64b9,H0496,4.8,2023-06-14,traveloka
Ua277bd43da05,H0008,7.0,2023-06-14,booking
Ubb7caab74705,H0019,5.0,2023-06-14,booking
Uc43682ad0fad,H0500,1.0,2023-06-14,booking
Ue0cc54a0978f,H0078,8.0,2023-06-14,booking
Ueb306017301c,H0100,10.0,2023-06-14,booking
Uf2533c3e0101,H0221,6.0,2023-06-14,ivivu
Uf50e013c8797,H0104,5.0,2023-06-14,booking
Ufdaab3ec1fbc,H0217,7.0,2023-06-14,booking
U086c4612b288,H0295,10.0,2023-06-15,booking
U4cd0dc77cecb,H0089,10.0,2023-06-15,booking
U643e088e8ba1,H0494,10.0,2023-06-15,ivivu
U6a1ec282d822,H0333,5.0,2023-06-15,booking
U738be1cede18,H0351,1.0,2023-06-15,booking
U82a5ed2b4568,H0104,1.0,2023-06-15,booking
U8340afa3872f,H0100,2.0,2023-06-15,booking
U96574f0296b4,H0192,8.0,2023-06-15,booking
Ua7608975ff4e,H0532,7.0,2023-06-15,booking
Uaa727adbce8f,H0353,6.0,2023-06-15,booking
Ub0d6aeadc480,H0345,10.0,2023-06-15,booking
Ub86a99167ce7,H0433,1.0,2023-06-15,booking
Ubaf19efa2146,H0229,5.0,2023-06-15,booking
Ubb7caab74705,H0489,5.0,2023-06-15,booking
Uc7110aaf2bea,H0345,2.0,2023-06-15,booking
Uc874bee1c545,H0510,5.0,2023-06-15,booking
Uc8a18873b39f,H0505,9.0,2023-06-15,booking
Uda874e3e7165,H0323,10.0,2023-06-15,ivivu
Ue4582a9c407e,H0100,7.0,2023-06-15,booking
Ueb8c81d120ba,H0104,5.0,2023-06-15,booking
Ueff4fbda6737,H0220,8.0,2023-06-15,booking
Uf78c9851cf80,H0505,10.0,2023-06-15,booking
Ufe39176aa29f,H0130,5.0,2023-06-15,booking
U1abe1c666639,H0489,9.0,2023-06-16,booking
U3c76d79f4a68,H0104,9.0,2023-06-16,booking
U82a5ed2b4568,H0489,9.0,2023-06-16,booking
U82a5ed2b4568,H0100,10.0,2023-06-16,booking
U8c5492d08f33,H0027,7.0,2023-06-16,booking
U911f59ef4893,H0496,6.0,2023-06-16,traveloka
Ua074ab7dddd7,H0044,10.0,2023-06-16,ivivu
Ub88006c8832f,H0123,9.0,2023-06-16,booking
Ubb7caab74705,H0358,5.0,2023-06-16,booking
Udd5f3bd618d5,H0353,1.0,2023-06-16,booking
Ue1cc6f76306b,H0345,10.0,2023-06-16,booking
Ue6e3a62eed14,H0470,8.0,2023-06-16,booking
Uf87323b22adb,H0104,10.0,2023-06-16,booking
U16c2298dc0c0,H0330,1.0,2023-06-17,booking
U194aa6a15c7f,H0102,1.0,2023-06-17,booking
U1e1367252b82,H0042,8.0,2023-06-17,booking
U467daa13540d,H0172,10.0,2023-06-17,booking
U50f523b549c4,H0345,10.0,2023-06-17,booking
U57dd8f4e431c,H0220,8.0,2023-06-17,booking
U63fd833b4a7c,H0463,10.0,2023-06-17,booking
U7e8ae8a6910b,H0433,9.0,2023-06-17,booking
U82f103385c33,H0489,10.0,2023-06-17,booking
U998a2b31ecf9,H0482,4.0,2023-06-17,ivivu
Ub8e530aa081f,H0192,10.0,2023-06-17,booking
Ubd78f4ad6270,H0532,4.0,2023-06-17,ivivu
Uc2d7cbfea755,H0489,6.0,2023-06-17,booking
Uc93fb3f1d81f,H0015,9.0,2023-06-17,booking
Udd5f3bd618d5,H0333,9.0,2023-06-17,booking
Udd5f3bd618d5,H0014,5.0,2023-06-17,booking
Udf8bc29e2f3f,H0450,1.0,2023-06-17,booking
Ufa7ec5265820,H0437,10.0,2023-06-17,booking
U2a46e9aec727,H0381,7.0,2023-06-18,booking
U2db1cd47452b,H0229,5.0,2023-06-18,booking
U2fed37e26d72,H0489,9.0,2023-06-18,booking
U42d2ad3dc9f1,H0143,10.0,2023-06-18,ivivu
U51b4b451ea34,H0095,8.0,2023-06-18,booking
U586bf32f0573,H0104,8.0,2023-06-18,booking
U5a350d7e7970,H0505,8.0,2023-06-18,booking
U5bc271659dee,H0007,4.0,2023-06-18,booking
U5f093cee3fbd,H0015,4.0,2023-06-18,booking
U61a3d6327265,H0230,8.6,2023-06-18,traveloka
U655646f09724,H0450,5.0,2023-06-18,booking
U6f123f862e99,H0497,9.0,2023-06-18,booking
U7536430e4ac2,H0552,10.0,2023-06-18,booking
Ua4b451b7a3e7,H0394,8.0,2023-06-18,ivivu
Ub316660cedb0,H0221,6.0,2023-06-18,ivivu
Ube1ed5d2dd22,H0205,10.0,2023-06-18,booking
Uc5b4797ed000,H0220,9.0,2023-06-18,booking
Ud46d2cd071b9,H0166,6.0,2023-06-18,traveloka
Uea2a672773e1,H0295,6.0,2023-06-18,booking
U1995d921a404,H0006,9.0,2023-06-19,booking
U2b43a5075f23,H0104,1.0,2023-06-19,booking
U42cfb242c8b6,H0489,5.0,2023-06-19,booking
U44865709e101,H0437,9.0,2023-06-19,booking
U635677f0faf5,H0328,6.3,2023-06-19,traveloka
U72ecc4663d6e,H0172,5.0,2023-06-19,booking
U75b663c68492,H0003,10.0,2023-06-19,traveloka
U7804460db23c,H0433,8.0,2023-06-19,booking
U7fa613e5002e,H0019,10.0,2023-06-19,booking
Ua39575be279c,H0019,10.0,2023-06-19,booking
Ua571a440c856,H0489,7.0,2023-06-19,booking
Ua60d0b2ca2e8,H0123,8.4,2023-06-19,traveloka
Ub49dd6f73bdd,H0535,9.7,2023-06-19,traveloka
Ub86a99167ce7,H0450,1.0,2023-06-19,booking
Ub926c11e22c1,H0380,10.0,2023-06-19,booking
Ubb7caab74705,H0104,5.0,2023-06-19,booking
Ube1ed5d2dd22,H0087,8.0,2023-06-19,booking
Ubfa1d0c48f67,H0505,7.0,2023-06-19,booking
Uc43682ad0fad,H0104,10.0,2023-06-19,booking
Uc74097207c71,H0434,4.8,2023-06-19,traveloka
U145b7c3a0a48,H0433,10.0,2023-06-20,booking
U1525adc7b68a,H0350,7.0,2023-06-20,booking
U3550151b709f,H0505,9.0,2023-06-20,booking
U373fef02f052,H0080,10.0,2023-06-20,ivivu
U4fbd00e27ec1,H0535,9.7,2023-06-20,traveloka
U540ff0db2666,H0532,7.0,2023-06-20,booking
U62dc7dd6ffe1,H0353,7.0,2023-06-20,booking
Ua1bf573610ca,H0214,10.0,2023-06-20,booking
Ub5482f12212e,H0332,8.0,2023-06-20,booking
Ubb7caab74705,H0450,7.0,2023-06-20,booking
Ud10d15a9de32,H0100,4.0,2023-06-20,booking
Ue488b537d786,H0381,4.0,2023-06-20,booking
Ue65c8cd9a182,H0337,10.0,2023-06-20,booking
U02d0feceb692,H0551,6.0,2023-06-21,traveloka
U16c2298dc0c0,H0090,7.0,2023-06-21,booking
U17e366f08848,H0182,6.0,2023-06-21,traveloka
U19591d01e048,H0136,8.0,2023-06-21,ivivu
U2278f685b611,H0094,7.0,2023-06-21,booking
U552efe8420d6,H0370,9.7,2023-06-21,traveloka
U5e181805fc19,H0104,10.0,2023-06-21,booking
U6a1ec282d822,H0525,6.0,2023-06-21,booking
U7fa613e5002e,H0104,9.0,2023-06-21,booking
U9a83125041a5,H0027,9.0,2023-06-21,booking
Ua015724eb5e3,H0437,9.0,2023-06-21,booking
Uc5b4797ed000,H0363,9.0,2023-06-21,booking
Ue6858ee25a88,H0003,9.4,2023-06-21,traveloka
Ueb608ccf6373,H0018,3.0,2023-06-21,booking
Ueb608ccf6373,H0217,10.0,2023-06-21,booking
U145b7c3a0a48,H0371,8.0,2023-06-22,booking
U1e1367252b82,H0510,10.0,2023-06-22,booking
U57358533527a,H0102,5.0,2023-06-22,booking
U6a1ec282d822,H0123,7.0,2023-06-22,booking
U79133f28708c,H0434,8.4,2023-06-22,traveloka
Ua5b2d0d01850,H0100,1.0,2023-06-22,booking
Uc439ac066a38,H0505,1.0,2023-06-22,booking
Uc68b97d585c5,H0090,10.0,2023-06-22,booking
Ue0a9d4a85ddd,H0529,7.0,2023-06-22,booking
U00912b991d82,H0102,6.0,2023-06-23,booking
U066902799d4f,H0077,4.0,2023-06-23,booking
U2278f685b611,H0327,7.0,2023-06-23,booking
U2278f685b611,H0378,9.0,2023-06-23,booking
U5a350d7e7970,H0450,7.0,2023-06-23,booking
U63fd833b4a7c,H0217,5.0,2023-06-23,booking
U73f1a0472869,H0437,7.0,2023-06-23,booking
U77770dc69416,H0396,8.5,2023-06-23,traveloka
U82fffe81f716,H0229,9.0,2023-06-23,booking
U93f049c54f78,H0433,6.0,2023-06-23,booking
Ua79f70b090e6,H0445,9.1,2023-06-23,traveloka
Ubb7caab74705,H0332,7.0,2023-06-23,booking
Uc94b5429322d,H0018,5.0,2023-06-23,booking
Ucaacb3bf5210,H0015,6.0,2023-06-23,booking
Udcd060424143,H0104,9.0,2023-06-23,booking
Uf910cfcea493,H0378,5.0,2023-06-23,booking
U38b39bf25d6f,H0433,9.0,2023-06-24,traveloka
U655646f09724,H0176,7.0,2023-06-24,booking
U76baea6966e0,H0371,2.0,2023-06-24,booking
U788ad866add3,H0223,7.0,2023-06-24,booking
U7af878bbe5db,H0224,8.0,2023-06-24,ivivu
U920e21611453,H0450,3.0,2023-06-24,booking
U953c4bde60c5,H0529,8.0,2023-06-24,booking
Ua763553c4c49,H0454,4.0,2023-06-24,booking
Uc43682ad0fad,H0176,8.0,2023-06-24,booking
Uc439ac066a38,H0505,3.0,2023-06-24,booking
Uc5b4797ed000,H0225,7.0,2023-06-24,booking
Uc7110aaf2bea,H0378,8.0,2023-06-24,booking
Ue0a9d4a85ddd,H0104,6.0,2023-06-24,booking
Uf76a42d21a7d,H0104,8.0,2023-06-24,booking
U0c91224386a2,H0088,10.0,2023-06-25,ivivu
U269c3056c4cf,H0354,8.5,2023-06-25,traveloka
U2a46e9aec727,H0042,10.0,2023-06-25,booking
U399a5ae4658d,H0232,8.7,2023-06-25,traveloka
U3b9fee761ece,H0104,6.0,2023-06-25,booking
U7aff7d8d6210,H0269,10.0,2023-06-25,ivivu
U82a5ed2b4568,H0234,7.0,2023-06-25,booking
U8c5492d08f33,H0358,5.0,2023-06-25,booking
U8c5492d08f33,H0337,6.0,2023-06-25,booking
U8f62d16f911d,H0233,9.7,2023-06-25,traveloka
U93afe53a8f32,H0489,5.0,2023-06-25,booking
Uab90ae8d578c,H0505,1.0,2023-06-25,booking
Uadc563a772f8,H0272,10.0,2023-06-25,ivivu
Ub94e73415c6a,H0337,1.0,2023-06-25,booking
Ubb7caab74705,H0433,5.0,2023-06-25,booking
Ubb7caab74705,H0104,7.0,2023-06-25,booking
Ue296b1352f66,H0123,9.7,2023-06-25,traveloka
Ue83b093de198,H0555,9.0,2023-06-25,booking
U145b7c3a0a48,H0014,10.0,2023-06-26,booking
U2af202620714,H0238,6.7,2023-06-26,traveloka
U4274368002ee,H0104,5.0,2023-06-26,booking
U71e4d2a6876c,H0439,7.5,2023-06-26,traveloka
U76baea6966e0,H0104,5.0,2023-06-26,booking
U8cc77a9d302b,H0396,9.7,2023-06-26,traveloka
U93f049c54f78,H0454,7.0,2023-06-26,booking
Ua05623ab5ac2,H0450,8.0,2023-06-26,booking
Ub0d6aeadc480,H0433,5.0,2023-06-26,booking
Ub602883c7537,H0337,9.0,2023-06-26,booking
Ub62a8ac8c4ac,H0353,9.0,2023-06-26,booking
Ub8e530aa081f,H0104,7.0,2023-06-26,booking
U1995d921a404,H0454,9.0,2023-06-27,booking
U2a46e9aec727,H0450,1.0,2023-06-27,booking
U2b43a5075f23,H0454,6.0,2023-06-27,booking
U82a5ed2b4568,H0123,10.0,2023-06-27,booking
Uba1c8ca6b899,H0104,7.0,2023-06-27,booking
Uc442f2456aa8,H0450,4.0,2023-06-27,booking
Udd5f3bd618d5,H0425,10.0,2023-06-27,booking
Uea3c62e209ed,H0229,9.0,2023-06-27,booking
Uf13534b7de0c,H0546,10.0,2023-06-27,booking
U16765312e621,H0345,10.0,2023-06-28,booking
U18c4cf0f7006,H0014,1.0,2023-06-28,booking
U20c6760aae1e,H0371,5.0,2023-06-28,booking
U2ba0555c0c7e,H0162,8.5,2023-06-28,traveloka
U3c4acd15e2e7,H0126,6.3,2023-06-28,traveloka
U532cd44379b4,H0104,7.0,2023-06-28,booking
U72d8f85b3fb4,H0337,8.0,2023-06-28,booking
U84a857b82cbe,H0225,6.0,2023-06-28,booking
Ua866dc69d643,H0433,9.0,2023-06-28,booking
Uaa727adbce8f,H0433,9.0,2023-06-28,booking
Uabe397867e18,H0294,6.4,2023-06-28,traveloka
Ucaacb3bf5210,H0450,8.0,2023-06-28,booking
Uf50e013c8797,H0005,5.0,2023-06-28,booking
U16c2298dc0c0,H0225,8.0,2023-06-29,booking
U1995d921a404,H0333,7.0,2023-06-29,booking
U41afa59bc0c2,H0245,10.0,2023-06-29,ivivu
U5b0e82e16e16,H0028,9.0,2023-06-29,booking
U5f897289f4b8,H0015,6.0,2023-06-29,booking
U699916231e95,H0087,6.0,2023-06-29,booking
U7869e4a6c74e,H0010,4.0,2023-06-29,booking
U8410b4c5aaeb,H0005,7.0,2023-06-29,booking
Ua5eaa75c7bb5,H0505,10.0,2023-06-29,booking
Ub86a99167ce7,H0021,1.0,2023-06-29,booking
Ub86a99167ce7,H0007,1.0,2023-06-29,booking
Ubaf19efa2146,H0525,6.0,2023-06-29,booking
Uc439ac066a38,H0529,8.0,2023-06-29,booking
Ue1da982f5ad0,H0345,10.0,2023-06-29,booking
Uf2533c3e0101,H0489,6.0,2023-06-29,ivivu
U1c9f454a9c75,H0014,6.0,2023-06-30,booking
U1e8c86016edc,H0458,9.0,2023-06-30,booking
U37eb0a8a85d5,H0331,5.8,2023-06-30,traveloka
U64705b4fa768,H0221,8.0,2023-06-30,ivivu
U6a1ec282d822,H0087,5.0,2023-06-30,booking
U6a59181b4a16,H0121,6.0,2023-06-30,ivivu
U8a4e7615c5ae,H0099,1.0,2023-06-30,booking
U8db602f86ee4,H0465,9.0,2023-06-30,booking
Ua3948c917049,H0023,5.0,2023-06-30,booking
Uae43a1c16f19,H0103,6.2,2023-06-30,traveloka
Ub602883c7537,H0104,2.0,2023-06-30,booking
Uc2eafeeb199a,H0371,10.0,2023-06-30,booking
Uc3188498b286,H0381,9.0,2023-06-30,booking
Uc439ac066a38,H0380,4.0,2023-06-30,booking
Uc8ee27e33cbb,H0485,8.8,2023-06-30,traveloka
Ud04c303a34f1,H0123,9.0,2023-06-30,booking
Ue3cc6911cdfe,H0214,6.0,2023-06-30,booking
Ue905d1ea4482,H0528,10.0,2023-06-30,ivivu
U0934c5ee91a3,H0102,9.0,2023-07-01,booking
U2278f685b611,H0437,8.0,2023-07-01,booking
U2a46e9aec727,H0353,9.0,2023-07-01,booking
U3f39b957c681,H0496,9.4,2023-07-01,traveloka
U44865709e101,H0220,7.0,2023-07-01,booking
U699916231e95,H0008,1.0,2023-07-01,booking
U82f103385c33,H0463,10.0,2023-07-01,booking
U8651d0b9c9d9,H0450,10.0,2023-07-01,booking
Ua67830c767e3,H0529,10.0,2023-07-01,booking
Uae43a1c16f19,H0064,9.4,2023-07-01,traveloka
Uae8735b5c0c9,H0123,10.0,2023-07-01,booking
Ub27f01afeb9f,H0333,10.0,2023-07-01,booking
Udf8bc29e2f3f,H0381,5.0,2023-07-01,booking
Ue4582a9c407e,H0506,7.0,2023-07-01,booking
U1a102edf1c69,H0505,8.0,2023-07-02,booking
U2d2c56b5feac,H0347,8.5,2023-07-02,traveloka
U45559e7581e5,H0220,9.0,2023-07-02,booking
U57dd8f4e431c,H0089,7.0,2023-07-02,booking
U8410b4c5aaeb,H0353,8.0,2023-07-02,booking
U8930bbe3d24b,H0015,10.0,2023-07-02,booking
U97111d292c1b,H0087,8.0,2023-07-02,booking
Ua1bf573610ca,H0337,8.0,2023-07-02,booking
Uae8735b5c0c9,H0378,10.0,2023-07-02,booking
Ubb7caab74705,H0089,2.0,2023-07-02,booking
Uc386d780e360,H0516,8.5,2023-07-02,traveloka
Uc439ac066a38,H0437,5.0,2023-07-02,booking
Ud63b58b9306e,H0433,9.0,2023-07-02,booking
Ue6e3a62eed14,H0229,5.0,2023-07-02,booking
Uf76a42d21a7d,H0015,10.0,2023-07-02,booking
Uf90679e139cf,H0205,6.0,2023-07-02,booking
U0eb565e91eca,H0337,10.0,2023-07-03,booking
U1abc95e84a31,H0510,9.0,2023-07-03,booking
U2bede280b432,H0112,7.0,2023-07-03,booking
U44b3ff694073,H0413,9.7,2023-07-03,traveloka
U532cd44379b4,H0433,9.0,2023-07-03,booking
U85ba6edcd969,H0217,2.0,2023-07-03,booking
Ua866dc69d643,H0102,4.0,2023-07-03,booking
Ua97ea2381742,H0230,9.7,2023-07-03,traveloka
Uae8735b5c0c9,H0123,10.0,2023-07-03,booking
Udad517e0eaeb,H0401,10.0,2023-07-03,ivivu
U16c2298dc0c0,H0340,3.0,2023-07-04,booking
U53e43c8b89cf,H0535,10.0,2023-07-04,traveloka
U5eb7f9d3ec01,H0328,6.2,2023-07-04,traveloka
U80c3f2fb7fa6,H0220,6.0,2023-07-04,booking
U894b673644ac,H0193,10.0,2023-07-04,ivivu
U8c5492d08f33,H0042,4.0,2023-07-04,booking
Ua318bf39dc20,H0311,6.5,2023-07-04,traveloka
Ua90f5abdf891,H0077,5.0,2023-07-04,booking
Ub5923814a325,H0330,1.0,2023-07-04,booking
Ub7d7e09df595,H0215,8.4,2023-07-04,traveloka
Ueff4fbda6737,H0100,7.0,2023-07-04,booking
U16765312e621,H0100,7.0,2023-07-05,booking
U16c2298dc0c0,H0014,5.0,2023-07-05,booking
U44865709e101,H0533,10.0,2023-07-05,booking
U5f093cee3fbd,H0333,7.0,2023-07-05,booking
U63fd833b4a7c,H0172,8.0,2023-07-05,booking
U66340da625f2,H0111,9.1,2023-07-05,traveloka
U7a1c550b7ef4,H0104,7.0,2023-07-05,booking
U7fa613e5002e,H0450,9.0,2023-07-05,booking
U80c3f2fb7fa6,H0449,5.0,2023-07-05,booking
U8410b4c5aaeb,H0437,8.0,2023-07-05,booking
U8c5492d08f33,H0358,10.0,2023-07-05,booking
Ua277bd43da05,H0090,5.0,2023-07-05,booking
Ua5021307c5c3,H0554,10.0,2023-07-05,booking
Ubb7caab74705,H0489,8.0,2023-07-05,booking
Uc5b4797ed000,H0007,9.0,2023-07-05,booking
Ue488b537d786,H0007,7.0,2023-07-05,booking
Uea979d60f31c,H0352,7.0,2023-07-05,booking
Uead2ca6c2aef,H0226,9.7,2023-07-05,traveloka
Uebdf1289018c,H0019,3.0,2023-07-05,booking
U098f9babc306,H0328,8.5,2023-07-06,traveloka
U145b7c3a0a48,H0505,10.0,2023-07-06,booking
U16c2298dc0c0,H0330,1.0,2023-07-06,booking
U16c2298dc0c0,H0104,8.0,2023-07-06,booking
U4274368002ee,H0371,5.0,2023-07-06,booking
U488212eb7385,H0175,8.5,2023-07-06,traveloka
U55ba0a35377a,H0337,7.0,2023-07-06,booking
U5a350d7e7970,H0220,9.0,2023-07-06,booking
U5e181805fc19,H0042,10.0,2023-07-06,booking
U61419e49de12,H0008,5.0,2023-07-06,booking
U652256f4e883,H0162,10.0,2023-07-06,traveloka
U6a1ec282d822,H0463,10.0,2023-07-06,booking
U7cd997f32f2d,H0489,2.0,2023-07-06,booking
U8c5492d08f33,H0181,5.0,2023-07-06,booking
Ua866dc69d643,H0180,7.0,2023-07-06,booking
Uc5b4797ed000,H0214,6.0,2023-07-06,booking
Uc7110aaf2bea,H0353,5.0,2023-07-06,booking
Ucaa5e34765c3,H0505,5.0,2023-07-06,booking
Ud8e73acc30df,H0506,3.0,2023-07-06,booking
Ue488b537d786,H0345,10.0,2023-07-06,booking
Ueb306017301c,H0229,7.0,2023-07-06,booking
U09897514a3e1,H0104,5.0,2023-07-07,booking
U2a46e9aec727,H0505,10.0,2023-07-07,booking
U39ecc41bd095,H0245,4.0,2023-07-07,ivivu
U4dfd4473a5cd,H0014,2.0,2023-07-07,booking
U7035d9d39345,H0362,7.0,2023-07-07,booking
U70d1cb8e578b,H0371,4.0,2023-07-07,booking
U70d1cb8e578b,H0090,8.0,2023-07-07,booking
U721885f96ef9,H0521,5.4,2023-07-07,traveloka
U82a5ed2b4568,H0350,7.0,2023-07-07,booking
Ub37d8c3f9f11,H0471,10.0,2023-07-07,ivivu
Uc43682ad0fad,H0352,9.0,2023-07-07,booking
Ue0a9d4a85ddd,H0089,10.0,2023-07-07,booking
U16c2298dc0c0,H0489,7.0,2023-07-08,booking
U17c55bc22648,H0421,10.0,2023-07-08,ivivu
U6eb200eee2f3,H0112,6.0,2023-07-08,booking
U82a5ed2b4568,H0090,9.0,2023-07-08,booking
U82a5ed2b4568,H0358,8.0,2023-07-08,booking
Uab90ae8d578c,H0234,5.0,2023-07-08,booking
Ub43120e929b4,H0100,5.0,2023-07-08,booking
Uc874bee1c545,H0229,4.0,2023-07-08,booking
Ud891e317ebe9,H0016,1.0,2023-07-08,booking
Ue5af6f221e43,H0100,7.0,2023-07-08,booking
U11343a75f377,H0294,9.7,2023-07-09,traveloka
U1500a9267556,H0363,10.0,2023-07-09,booking
U22b3ba89b9d2,H0437,9.0,2023-07-09,booking
U7369ea966365,H0021,10.0,2023-07-09,booking
U966d27754fa5,H0089,4.0,2023-07-09,booking
Ub17b1d1fe6ec,H0396,6.2,2023-07-09,traveloka
Uf2e5cbcdc3e7,H0082,8.0,2023-07-09,ivivu
U3585caeb192d,H0550,10.0,2023-07-10,traveloka
U508a383490db,H0336,6.4,2023-07-11,traveloka
U56318e85600d,H0370,6.1,2023-07-11,traveloka
U6a6e757638ae,H0064,6.1,2023-07-11,traveloka
U9f471ce8c59a,H0408,6.6,2023-07-11,traveloka
Uc92412dddc7c,H0516,6.0,2023-07-11,traveloka
U4f72e4beb176,H0454,6.4,2023-07-12,traveloka
U89ba68abe42a,H0225,6.3,2023-07-12,traveloka
Ud8d8092c8fe8,H0311,9.4,2023-07-12,traveloka
Ueef6d0dab6d7,H0162,8.4,2023-07-12,traveloka
U320fe1f80c5e,H0381,9.0,2023-07-13,booking
U4274368002ee,H0011,3.0,2023-07-13,booking
U487120a75126,H0243,10.0,2023-07-13,booking
U66f15f547651,H0454,8.5,2023-07-13,traveloka
U7369ea966365,H0179,8.0,2023-07-13,booking
U82a5ed2b4568,H0017,10.0,2023-07-13,booking
Uac8fa35c35a0,H0173,6.0,2023-07-13,ivivu
Ubb7caab74705,H0006,7.0,2023-07-13,booking
Uc439ac066a38,H0350,7.0,2023-07-13,booking
Udcd7545e9dfa,H0489,7.0,2023-07-13,booking
Uea979d60f31c,H0017,7.0,2023-07-13,booking
Ued33af1d484c,H0489,1.0,2023-07-13,booking
Uedc518d34703,H0331,6.3,2023-07-13,traveloka
U1e8c86016edc,H0378,1.0,2023-07-14,booking
U283f742ce58f,H0107,6.0,2023-07-14,traveloka
U2bc6fdbc890e,H0496,6.3,2023-07-14,traveloka
U4229a718e5ca,H0018,10.0,2023-07-14,booking
U55ba0a35377a,H0112,6.0,2023-07-14,booking
U686ae5f5394a,H0123,8.0,2023-07-14,booking
U6d5049ba464c,H0219,5.0,2023-07-14,booking
U82f103385c33,H0104,1.0,2023-07-14,booking
U8e3fd2fbee21,H0455,4.0,2023-07-14,ivivu
Uc4b30beeb42a,H0382,9.4,2023-07-14,traveloka
Ucd44075f1080,H0504,2.0,2023-07-14,ivivu
Ud891e317ebe9,H0014,7.0,2023-07-14,booking
Udc7a244453d9,H0378,8.0,2023-07-14,booking
Ue488b537d786,H0220,7.0,2023-07-14,booking
Ueff4fbda6737,H0078,3.0,2023-07-14,booking
U43c9681df962,H0510,7.0,2023-07-15,booking
U4f13f6f95431,H0507,6.1,2023-07-15,traveloka
U5e181805fc19,H0104,7.0,2023-07-15,booking
U665904d21807,H0008,7.0,2023-07-15,booking
U6ee8629c8a1a,H0353,8.0,2023-07-15,booking
U7733c36cb62c,H0450,8.0,2023-07-15,booking
U7a37ffff8050,H0514,7.0,2023-07-15,booking
U82a5ed2b4568,H0089,7.0,2023-07-15,booking
Ubbcc4677cef1,H0466,9.0,2023-07-15,booking
Uc43682ad0fad,H0327,9.0,2023-07-15,booking
Uc9fc9f53967b,H0400,7.0,2023-07-15,booking
Uea2a672773e1,H0500,10.0,2023-07-15,booking
Uf96b6ab17b89,H0346,5.8,2023-07-15,traveloka
U4217cffe7583,H0087,10.0,2023-07-16,booking
U50f523b549c4,H0371,6.0,2023-07-16,booking
U8a5390c76dd8,H0414,9.7,2023-07-16,traveloka
U8d8ca8a93c4e,H0107,6.2,2023-07-16,traveloka
U96ea00ecc288,H0378,7.0,2023-07-16,booking
U9fd4159feb84,H0505,8.0,2023-07-16,booking
Ubb9384b16898,H0362,7.0,2023-07-16,booking
Ucf6509d1a494,H0451,8.0,2023-07-16,ivivu
Ue459a72c3bb2,H0526,6.0,2023-07-16,ivivu
Ue97f83b9be53,H0337,8.0,2023-07-16,booking
Uf57a18241370,H0489,8.0,2023-07-16,ivivu
Uf8eb2c7b8dfd,H0433,6.0,2023-07-16,traveloka
U0981e56e2bda,H0350,8.0,2023-07-17,booking
U0fa462fa5f5d,H0450,8.0,2023-07-17,booking
U163316d7c605,H0069,8.0,2023-07-17,ivivu
U16c2298dc0c0,H0374,9.0,2023-07-17,booking
U16c2298dc0c0,H0525,9.0,2023-07-17,booking
U183e30c6fc45,H0021,7.0,2023-07-17,booking
U1995d921a404,H0018,10.0,2023-07-17,booking
U3550151b709f,H0218,7.0,2023-07-17,booking
U6a1ec282d822,H0184,8.0,2023-07-17,booking
U7a37ffff8050,H0223,7.0,2023-07-17,booking
U82a5ed2b4568,H0021,7.0,2023-07-17,booking
Ucaa5e34765c3,H0179,1.0,2023-07-17,booking
Ue072af4ba9d2,H0450,10.0,2023-07-17,booking
Ue0f16e914080,H0018,6.0,2023-07-17,booking
Ue488b537d786,H0214,9.0,2023-07-17,booking
Ue97f83b9be53,H0295,3.0,2023-07-17,booking
Uf910cfcea493,H0425,3.0,2023-07-17,booking
U13b75cde6e99,H0132,10.0,2023-07-18,ivivu
U14a568c69f46,H0018,6.0,2023-07-18,booking
U153c09906319,H0505,6.0,2023-07-18,booking
U1bd214822018,H0489,6.0,2023-07-18,ivivu
U41e26d009841,H0215,6.1,2023-07-18,traveloka
U42d2ad3dc9f1,H0147,6.1,2023-07-18,traveloka
U444edbe251f1,H0089,10.0,2023-07-18,booking
U586bf32f0573,H0546,9.0,2023-07-18,booking
U5e181805fc19,H0014,5.0,2023-07-18,booking
U669eb3c21ce6,H0381,7.0,2023-07-18,booking
U793ac4ee017e,H0100,4.0,2023-07-18,booking
U7f6c9cd1a5f4,H0098,10.0,2023-07-18,booking
U82a5ed2b4568,H0104,5.0,2023-07-18,booking
Ua130868f3741,H0304,6.0,2023-07-18,traveloka
Uab7f98ce54c4,H0369,6.0,2023-07-18,ivivu
Ub43120e929b4,H0353,6.0,2023-07-18,booking
Uc93fb3f1d81f,H0104,8.0,2023-07-18,booking
Uc9fc9f53967b,H0123,10.0,2023-07-18,booking
Uda0fa2a710f6,H0175,9.4,2023-07-18,traveloka
Ue0f16e914080,H0089,7.0,2023-07-18,booking
Ue83b093de198,H0078,8.0,2023-07-18,booking
U145b7c3a0a48,H0400,7.0,2023-07-19,booking
U14a568c69f46,H0112,5.0,2023-07-19,booking
U1525adc7b68a,H0214,5.0,2023-07-19,booking
U16c2298dc0c0,H0450,8.0,2023-07-19,booking
U17df181ce620,H0123,9.0,2023-07-19,traveloka
U2736a5414694,H0019,7.0,2023-07-19,booking
U7d1e2227b771,H0454,7.0,2023-07-19,traveloka
U82a5ed2b4568,H0007,9.0,2023-07-19,booking
U8f9142984511,H0541,10.0,2023-07-19,booking
Ua571a440c856,H0463,5.0,2023-07-19,booking
Uab90ae8d578c,H0229,7.0,2023-07-19,booking
Uc93fb3f1d81f,H0123,5.0,2023-07-19,booking
Ud128473fe0f9,H0175,9.4,2023-07-19,traveloka
Uea2a672773e1,H0330,1.0,2023-07-19,booking
U16c2298dc0c0,H0450,10.0,2023-07-20,booking
U1833e331127d,H0180,7.0,2023-07-20,booking
U32e0d2d939ce,H0489,5.0,2023-07-20,booking
U3a2699a37d29,H0019,10.0,2023-07-20,booking
U5a350d7e7970,H0332,8.0,2023-07-20,booking
U655646f09724,H0450,6.0,2023-07-20,booking
U686ae5f5394a,H0016,10.0,2023-07-20,booking
U8c5492d08f33,H0077,10.0,2023-07-20,booking
Ua66dbe3d2ab9,H0191,6.0,2023-07-20,ivivu
Ube1ed5d2dd22,H0104,10.0,2023-07-20,booking
Uc3f2e99ffde9,H0107,8.5,2023-07-20,traveloka
Ue045989ec9ca,H0032,7.0,2023-07-20,booking
Uea979d60f31c,H0015,9.0,2023-07-20,booking
U163316d7c605,H0376,6.0,2023-07-21,ivivu
U25c0081f57bd,H0450,5.0,2023-07-21,booking
U4f72e4beb176,H0285,8.0,2023-07-21,ivivu
U55ba0a35377a,H0090,8.0,2023-07-21,booking
U5a350d7e7970,H0010,5.0,2023-07-21,booking
U80c39feb8af7,H0090,8.0,2023-07-21,booking
U8da7cc57e3b2,H0345,10.0,2023-07-21,booking
U8ffa08b1d4d5,H0378,7.0,2023-07-21,booking
Uab90ae8d578c,H0220,6.0,2023-07-21,booking
Uab90ae8d578c,H0217,10.0,2023-07-21,booking
Ueff4fbda6737,H0505,8.0,2023-07-21,booking
Uf5aabc5593b9,H0130,10.0,2023-07-21,booking
U16c2298dc0c0,H0358,6.0,2023-07-22,booking
U5c13d56d6b33,H0505,4.0,2023-07-22,booking
U5c9b41e38330,H0214,6.0,2023-07-22,booking
U738be1cede18,H0505,10.0,2023-07-22,booking
Uaa03b73ad39d,H0086,8.0,2023-07-22,ivivu
Uab90ae8d578c,H0345,10.0,2023-07-22,booking
Uab90ae8d578c,H0311,5.0,2023-07-22,booking
Uac8fa35c35a0,H0143,8.0,2023-07-22,ivivu
Ue65c8cd9a182,H0229,7.0,2023-07-22,booking
Uff055de421e5,H0463,10.0,2023-07-22,booking
U03ac773d4b96,H0485,8.7,2023-07-23,traveloka
U1500a9267556,H0498,1.0,2023-07-23,booking
U1833e331127d,H0311,10.0,2023-07-23,booking
U19591d01e048,H0414,6.0,2023-07-23,ivivu
U1be8249aa405,H0211,6.0,2023-07-23,ivivu
U1e84baf9b7e4,H0376,8.5,2023-07-23,traveloka
U27ace5066f81,H0104,10.0,2023-07-23,booking
U3e4a524340d1,H0397,6.0,2023-07-23,booking
U487120a75126,H0104,7.0,2023-07-23,booking
U55ba0a35377a,H0541,7.0,2023-07-23,booking
U5e181805fc19,H0220,8.0,2023-07-23,booking
U6404f6801e0d,H0245,6.0,2023-07-23,ivivu
U6f123f862e99,H0112,1.0,2023-07-23,booking
U85ba6edcd969,H0515,5.0,2023-07-23,booking
U9cfa6c7a43e3,H0111,9.4,2023-07-23,traveloka
Ub88006c8832f,H0123,8.0,2023-07-23,booking
Uc26001c63fc4,H0319,8.0,2023-07-23,ivivu
Uf4be570e2471,H0220,5.0,2023-07-23,booking
Uff055de421e5,H0450,8.0,2023-07-23,booking
Uffc6171136b4,H0107,6.0,2023-07-23,traveloka
U145b7c3a0a48,H0340,5.0,2023-07-24,booking
U3550151b709f,H0102,10.0,2023-07-24,booking
U3f036944c699,H0127,6.0,2023-07-24,ivivu
U49041250225d,H0383,8.0,2023-07-24,ivivu
U63daf62e3a4e,H0382,6.6,2023-07-24,traveloka
U699916231e95,H0015,3.0,2023-07-24,booking
U6a1ec282d822,H0450,5.0,2023-07-24,booking
U72748e48e7f9,H0476,9.7,2023-07-24,traveloka
U7afdc7622c1a,H0032,10.0,2023-07-24,traveloka
U82a5ed2b4568,H0450,9.0,2023-07-24,booking
U895c6c526740,H0389,10.0,2023-07-24,ivivu
U8f9142984511,H0010,8.0,2023-07-24,booking
Uae8735b5c0c9,H0443,7.0,2023-07-24,booking
Ubb7caab74705,H0458,5.0,2023-07-24,booking
Ue4582a9c407e,H0016,10.0,2023-07-24,booking
Uf8c331cd2305,H0221,2.0,2023-07-24,ivivu
U183e30c6fc45,H0489,7.0,2023-07-25,booking
U256091ba8422,H0493,3.0,2023-07-25,booking
U3c76d79f4a68,H0087,10.0,2023-07-25,booking
U3c76d79f4a68,H0104,8.0,2023-07-25,booking
U4bce76287591,H0541,10.0,2023-07-25,booking
U7c87f9b4f2ed,H0089,9.0,2023-07-25,booking
U82fffe81f716,H0183,8.0,2023-07-25,booking
U8a6c4f149c4e,H0370,8.5,2023-07-25,traveloka
Uac2a1af649a9,H0353,9.0,2023-07-25,booking
Uc43682ad0fad,H0439,7.0,2023-07-25,booking
Ucb8b0596da83,H0437,6.0,2023-07-25,ivivu
Ud891e317ebe9,H0437,5.0,2023-07-25,booking
Ud995014b0c5b,H0089,9.0,2023-07-25,booking
Ue1ea6170d5ed,H0489,6.0,2023-07-25,booking
U16c2298dc0c0,H0019,3.0,2023-07-26,booking
U6156734cc45f,H0391,6.0,2023-07-26,ivivu
U6a1ec282d822,H0014,5.0,2023-07-26,booking
U80c3f2fb7fa6,H0345,10.0,2023-07-26,booking
U80c7593661e4,H0371,1.0,2023-07-26,booking
U8f9142984511,H0332,5.0,2023-07-26,booking
U920e21611453,H0353,4.0,2023-07-26,booking
Uad6e12c97967,H0551,9.1,2023-07-26,traveloka
Ub4f59bd4b1d2,H0103,5.1,2023-07-26,traveloka
Ub68545eadb25,H0521,9.3,2023-07-26,traveloka
Ud08ab3eb6ab4,H0363,7.0,2023-07-26,booking
Ud1dc2ee6ae70,H0505,1.0,2023-07-26,booking
Ue072af4ba9d2,H0500,9.0,2023-07-26,booking
Ue0a9d4a85ddd,H0090,9.0,2023-07-26,booking
Ue83b093de198,H0220,7.0,2023-07-26,booking
Ue880b35893a5,H0496,6.0,2023-07-26,traveloka
Ufe6ea18c1428,H0220,7.0,2023-07-26,booking
U18c4cf0f7006,H0353,7.0,2023-07-27,booking
U399ba21c0376,H0371,3.0,2023-07-27,booking
U3f39b957c681,H0399,6.4,2023-07-27,traveloka
U3fa1c4a23929,H0557,5.4,2023-07-27,traveloka
U4c3669d2718a,H0328,5.4,2023-07-27,traveloka
U532cd44379b4,H0425,7.0,2023-07-27,booking
U6840254d67f2,H0200,7.0,2023-07-27,booking
U7a1c550b7ef4,H0529,9.0,2023-07-27,booking
U8117ed5b11a0,H0417,7.2,2023-07-27,traveloka
U8395824480bb,H0371,3.0,2023-07-27,booking
U920e21611453,H0337,9.0,2023-07-27,booking
U9712956eb825,H0389,6.0,2023-07-27,ivivu
U9d5c6d1927a9,H0007,5.0,2023-07-27,booking
Ua866dc69d643,H0205,5.0,2023-07-27,booking
Uae43a1c16f19,H0541,6.0,2023-07-27,ivivu
Ub6449c27ea57,H0100,5.0,2023-07-27,booking
Ubb7caab74705,H0343,7.0,2023-07-27,booking
Ubb7caab74705,H0505,10.0,2023-07-27,booking
Ud8e73acc30df,H0123,9.0,2023-07-27,booking
Ue072af4ba9d2,H0450,5.0,2023-07-27,booking
Uf32dabf134f5,H0321,6.0,2023-07-27,ivivu
U025c0bdadae4,H0014,10.0,2023-07-28,booking
U16c2298dc0c0,H0027,7.0,2023-07-28,booking
U1995d921a404,H0433,2.0,2023-07-28,booking
U462f6a8d1f38,H0028,7.0,2023-07-28,booking
U586bf32f0573,H0220,10.0,2023-07-28,booking
U740d2dc9b485,H0229,10.0,2023-07-28,booking
Ucf64a127a425,H0324,9.4,2023-07-28,traveloka
Ud04c303a34f1,H0428,5.0,2023-07-28,booking
Ue045989ec9ca,H0327,5.0,2023-07-28,booking
Uf13534b7de0c,H0023,9.0,2023-07-28,booking
Uf4414fd8aa57,H0496,8.0,2023-07-28,ivivu
U05adfa8ba5ee,H0221,6.0,2023-07-29,ivivu
U4229a718e5ca,H0220,2.0,2023-07-29,booking
U5a350d7e7970,H0549,9.0,2023-07-29,booking
U6b2b8a29a8fd,H0516,6.1,2023-07-29,traveloka
U7369ea966365,H0123,9.0,2023-07-29,booking
U7accefa53685,H0337,8.0,2023-07-29,booking
U8627933ee1e1,H0175,5.6,2023-07-29,traveloka
U96ea00ecc288,H0500,10.0,2023-07-29,booking
Ua866dc69d643,H0028,7.0,2023-07-29,booking
Uae8735b5c0c9,H0510,7.0,2023-07-29,booking
Ucd44075f1080,H0360,6.0,2023-07-29,ivivu
Ud08ab3eb6ab4,H0015,10.0,2023-07-29,booking
Ud46e986dc6bc,H0111,9.7,2023-07-29,traveloka
Uf90679e139cf,H0104,7.0,2023-07-29,booking
U0fa462fa5f5d,H0104,10.0,2023-07-30,booking
U5f093cee3fbd,H0100,7.0,2023-07-30,booking
U61419e49de12,H0217,10.0,2023-07-30,booking
U6f58f65d5b31,H0425,9.7,2023-07-30,traveloka
U72d8f85b3fb4,H0205,7.0,2023-07-30,booking
U7536430e4ac2,H0005,9.0,2023-07-30,booking
U7fa613e5002e,H0363,8.0,2023-07-30,booking
U7fd3427fab7e,H0455,2.0,2023-07-30,ivivu
U8f8b90971d60,H0362,7.0,2023-07-30,booking
Ub6449c27ea57,H0087,7.0,2023-07-30,booking
Uc43682ad0fad,H0100,1.0,2023-07-30,booking
Ucbbbe88f608d,H0439,9.0,2023-07-30,booking
Ud04c303a34f1,H0176,7.0,2023-07-30,booking
Uf8001b4e67fa,H0216,5.9,2023-07-30,traveloka
U196ac6595296,H0014,7.0,2023-07-31,booking
U30d9e7012ca2,H0453,8.0,2023-07-31,booking
U50d37f3afcef,H0329,9.7,2023-07-31,traveloka
U55ba0a35377a,H0018,9.0,2023-07-31,booking
U5a350d7e7970,H0489,9.0,2023-07-31,booking
U63fd833b4a7c,H0381,10.0,2023-07-31,booking
U699916231e95,H0011,3.0,2023-07-31,booking
U6ee8629c8a1a,H0217,7.0,2023-07-31,booking
U6f123f862e99,H0479,10.0,2023-07-31,booking
Uaf787a152bdc,H0555,5.0,2023-07-31,booking
Ubb7caab74705,H0104,10.0,2023-07-31,booking
Ud1dc2ee6ae70,H0067,9.0,2023-07-31,booking
Uf87323b22adb,H0179,6.0,2023-07-31,booking
U0934c5ee91a3,H0089,5.0,2023-08-01,booking
U2db1cd47452b,H0353,9.0,2023-08-01,booking
U2ee5f959b100,H0332,6.0,2023-08-01,booking
U4769a75c4a63,H0334,8.5,2023-08-01,traveloka
U692f04e60090,H0470,6.0,2023-08-01,booking
U7fa613e5002e,H0450,8.0,2023-08-01,booking
U8a4e7615c5ae,H0549,9.0,2023-08-01,booking
Uc46b20b392f6,H0485,6.9,2023-08-01,traveloka
Uc9fc9f53967b,H0100,3.0,2023-08-01,booking
Uf4be570e2471,H0450,10.0,2023-08-01,booking
U320fe1f80c5e,H0425,6.0,2023-08-02,booking
U59997161c96e,H0427,5.5,2023-08-02,traveloka
U68f2e9707e6b,H0214,4.0,2023-08-02,booking
U75f466de7855,H0232,8.5,2023-08-02,traveloka
U82a5ed2b4568,H0355,1.0,2023-08-02,booking
U9deb26de64b9,H0542,6.4,2023-08-02,traveloka
Ub83f200fd4a9,H0136,10.0,2023-08-02,traveloka
Uc43682ad0fad,H0015,5.0,2023-08-02,booking
Udf8bc29e2f3f,H0100,8.0,2023-08-02,booking
Ue011bf99dade,H0529,6.1,2023-08-02,traveloka
Ue0a9d4a85ddd,H0337,4.0,2023-08-02,booking
Ue6e3a62eed14,H0465,10.0,2023-08-02,booking
Ueff4fbda6737,H0119,7.0,2023-08-02,booking
U5a350d7e7970,H0015,10.0,2023-08-03,booking
U5a350d7e7970,H0353,7.0,2023-08-03,booking
U6156734cc45f,H0091,8.0,2023-08-03,ivivu
U6482b64db93c,H0394,6.2,2023-08-03,traveloka
U793ac4ee017e,H0337,10.0,2023-08-03,booking
U8c5492d08f33,H0090,9.0,2023-08-03,booking
Uac8fa35c35a0,H0162,8.0,2023-08-03,ivivu
Ubc355ec68437,H0450,2.0,2023-08-03,booking
Udcd7545e9dfa,H0214,8.0,2023-08-03,booking
U09af28c81a40,H0229,8.0,2023-08-04,booking
U2a547b4d04b9,H0097,9.4,2023-08-04,traveloka
U2d60ecff62f1,H0104,9.0,2023-08-04,booking
U55ba0a35377a,H0450,8.0,2023-08-04,booking
U586bf32f0573,H0102,6.0,2023-08-04,booking
U61419e49de12,H0104,10.0,2023-08-04,booking
U6a6df98786fa,H0265,10.0,2023-08-04,ivivu
Ueff4fbda6737,H0450,7.0,2023-08-04,booking
U55ba0a35377a,H0104,10.0,2023-08-05,booking
U56b97a8c953b,H0014,4.0,2023-08-05,booking
U67c1d87cbfb5,H0065,6.0,2023-08-05,traveloka
U6a1ec282d822,H0549,7.0,2023-08-05,booking
U6abc54e51970,H0183,9.0,2023-08-05,booking
U71b49a80e4fd,H0095,10.0,2023-08-05,booking
U7cefaa2f8844,H0466,8.0,2023-08-05,booking
U92f6329c9cb0,H0454,8.5,2023-08-05,traveloka
Uc43682ad0fad,H0214,10.0,2023-08-05,booking
Uc9fc9f53967b,H0327,8.0,2023-08-05,booking
Udcd7545e9dfa,H0095,10.0,2023-08-05,booking
Udd5f3bd618d5,H0008,7.0,2023-08-05,booking
Udd5f3bd618d5,H0120,10.0,2023-08-05,booking
Ue0a9d4a85ddd,H0450,7.0,2023-08-05,booking
Ue0a9d4a85ddd,H0491,8.0,2023-08-05,booking
Ue0a9d4a85ddd,H0090,9.0,2023-08-05,booking
Ue83b093de198,H0011,9.0,2023-08-05,booking
Ue97f83b9be53,H0220,10.0,2023-08-05,booking
Uf13534b7de0c,H0104,9.0,2023-08-05,booking
Uf910cfcea493,H0089,9.0,2023-08-05,booking
U16c2298dc0c0,H0123,9.0,2023-08-06,booking
U4f2b1d7a2adb,H0115,10.0,2023-08-06,traveloka
U6a1ec282d822,H0123,10.0,2023-08-06,booking
U7accefa53685,H0345,10.0,2023-08-06,booking
U82a5ed2b4568,H0214,10.0,2023-08-06,booking
U82fffe81f716,H0090,8.0,2023-08-06,booking
U9390dc3995ea,H0433,10.0,2023-08-06,booking
U9e82de2250f2,H0477,10.0,2023-08-06,ivivu
Ub316660cedb0,H0280,8.5,2023-08-06,traveloka
Uc43682ad0fad,H0090,7.0,2023-08-06,booking
Uc7110aaf2bea,H0505,7.0,2023-08-06,booking
Uc8dc43d69701,H0450,5.0,2023-08-06,booking
Uc9fc9f53967b,H0229,7.0,2023-08-06,booking
Ud08860e90883,H0448,10.0,2023-08-06,traveloka
Ud7527e2dfc4f,H0003,9.7,2023-08-06,traveloka
U16c2298dc0c0,H0123,10.0,2023-08-07,booking
U1995d921a404,H0102,3.0,2023-08-07,booking
U20bbe73c21d9,H0021,7.0,2023-08-07,booking
U324ea11aa67c,H0245,4.0,2023-08-07,ivivu
U487120a75126,H0489,5.0,2023-08-07,booking
U55ba0a35377a,H0014,5.0,2023-08-07,booking
U6a1ec282d822,H0120,8.0,2023-08-07,booking
U8c5492d08f33,H0353,8.0,2023-08-07,booking
U920e21611453,H0345,6.0,2023-08-07,booking
Ub602883c7537,H0119,9.0,2023-08-07,booking
Ubb7caab74705,H0454,6.0,2023-08-07,booking
Uc9554a651f69,H0262,10.0,2023-08-07,traveloka
Ucdf99a0cd2b0,H0204,6.0,2023-08-07,ivivu
Ud10d15a9de32,H0104,8.0,2023-08-07,booking
Ue072af4ba9d2,H0104,7.0,2023-08-07,booking
Uef35cb793711,H0085,6.0,2023-08-07,traveloka
Uef562e7c6e49,H0010,5.0,2023-08-07,booking
Ueff4fbda6737,H0090,9.0,2023-08-07,booking
Ufa7ec5265820,H0222,5.0,2023-08-07,booking
Ufdaab3ec1fbc,H0345,5.0,2023-08-07,booking
U0b139ab2afa9,H0115,9.3,2023-08-08,traveloka
U24190fc13eaf,H0446,9.7,2023-08-08,traveloka
U43c9681df962,H0489,8.0,2023-08-08,booking
U554d8dfac7e1,H0437,6.0,2023-08-08,ivivu
U6a1ec282d822,H0118,7.0,2023-08-08,booking
U82a5ed2b4568,H0337,8.0,2023-08-08,booking
U97111d292c1b,H0007,7.0,2023-08-08,booking
Ub5923814a325,H0381,10.0,2023-08-08,booking
Uc5b4797ed000,H0172,10.0,2023-08-08,booking
Uc874bee1c545,H0311,7.0,2023-08-08,booking
Ue1ea6170d5ed,H0104,9.0,2023-08-08,booking
Ufe6ea18c1428,H0345,8.0,2023-08-08,booking
U6a1ec282d822,H0139,9.0,2023-08-09,booking
Ue4582a9c407e,H0332,8.0,2023-08-09,booking
U698be0592025,H0507,6.4,2023-08-10,traveloka
U4a5dc0fc3325,H0162,10.0,2023-08-11,traveloka
Ucb8b0596da83,H0232,9.1,2023-08-11,traveloka
Ucca1b872d550,H0446,6.7,2023-08-11,traveloka
U6602382a13a1,H0521,9.6,2023-08-12,traveloka
U78308504f3be,H0394,5.5,2023-08-12,traveloka
U80862b020804,H0304,5.2,2023-08-12,traveloka
Uaed7d5d2b481,H0430,5.5,2023-08-12,traveloka
U145b7c3a0a48,H0120,5.0,2023-08-13,booking
U183e30c6fc45,H0500,10.0,2023-08-13,booking
U81f67f953ca5,H0521,9.4,2023-08-13,traveloka
U82a5ed2b4568,H0398,9.0,2023-08-13,booking
Ucaa5e34765c3,H0337,8.0,2023-08-13,booking
Ud425d353a646,H0437,8.0,2023-08-13,ivivu
Udaf54ce29123,H0337,5.0,2023-08-13,booking
Ue916437b73ae,H0015,10.0,2023-08-13,booking
U0f7876fe0e7b,H0324,9.7,2023-08-14,traveloka
U1abc95e84a31,H0450,7.0,2023-08-14,booking
U31a2241792df,H0465,8.5,2023-08-14,traveloka
U5a350d7e7970,H0353,8.0,2023-08-14,booking
U6840254d67f2,H0172,8.0,2023-08-14,booking
U6a1ec282d822,H0015,10.0,2023-08-14,booking
U6eaecffe8ef8,H0183,6.0,2023-08-14,booking
U6ee8629c8a1a,H0089,5.0,2023-08-14,booking
U7fa613e5002e,H0123,5.0,2023-08-14,booking
Uae8735b5c0c9,H0533,10.0,2023-08-14,booking
Ub36f14a075be,H0002,6.0,2023-08-14,traveloka
Ucb270435bd6d,H0278,10.0,2023-08-14,ivivu
Ud10d15a9de32,H0007,5.0,2023-08-14,booking
U556c64cb7de3,H0505,9.0,2023-08-15,booking
U788ad866add3,H0017,10.0,2023-08-15,booking
Ub602883c7537,H0437,10.0,2023-08-15,booking
Ubb7caab74705,H0437,8.0,2023-08-15,booking
Uc7110aaf2bea,H0104,6.0,2023-08-15,booking
Uc9fc9f53967b,H0011,5.0,2023-08-15,booking
Ueff4fbda6737,H0090,9.0,2023-08-15,booking
Uf4fb6872f1da,H0095,8.0,2023-08-15,booking
U0fa462fa5f5d,H0100,6.0,2023-08-16,booking
U1e1367252b82,H0027,7.0,2023-08-16,booking
U25c44d8faa4e,H0075,9.4,2023-08-16,traveloka
U3b9fee761ece,H0381,9.0,2023-08-16,booking
U45559e7581e5,H0095,7.0,2023-08-16,booking
U5a338c3e11de,H0130,10.0,2023-08-16,booking
U5a350d7e7970,H0007,1.0,2023-08-16,booking
U655646f09724,H0089,9.0,2023-08-16,booking
U6a1ec282d822,H0337,7.0,2023-08-16,booking
U732f3a697fa2,H0089,4.0,2023-08-16,booking
Ua8c9f6f801fb,H0369,10.0,2023-08-16,ivivu
Uc31876b60493,H0232,5.7,2023-08-16,traveloka
Uc43682ad0fad,H0380,9.0,2023-08-16,booking
Ue7a18dccf8bd,H0011,1.0,2023-08-16,booking
Uf78c9851cf80,H0089,7.0,2023-08-16,booking
U098f9babc306,H0002,6.1,2023-08-17,traveloka
U16c2298dc0c0,H0433,3.0,2023-08-17,booking
U16c2298dc0c0,H0397,8.0,2023-08-17,booking
U1bac8a91d17f,H0400,7.0,2023-08-17,booking
U2dbdefb32a5c,H0104,8.0,2023-08-17,booking
U6840254d67f2,H0512,10.0,2023-08-17,booking
U7369ea966365,H0475,7.0,2023-08-17,booking
U7cd997f32f2d,H0433,4.0,2023-08-17,booking
U82a5ed2b4568,H0220,7.0,2023-08-17,booking
U8c5492d08f33,H0028,7.0,2023-08-17,booking
U8f8b90971d60,H0214,4.0,2023-08-17,booking
Ua5eaa75c7bb5,H0337,7.0,2023-08-17,booking
Ua97268bdc1bc,H0159,8.8,2023-08-17,traveloka
Uc96e81eb3992,H0500,4.0,2023-08-17,booking
Udbb25238ba56,H0535,9.7,2023-08-17,traveloka
U0934c5ee91a3,H0089,1.0,2023-08-18,booking
U16c2298dc0c0,H0090,8.0,2023-08-18,booking
U42d2ad3dc9f1,H0053,10.0,2023-08-18,ivivu
U595041030b42,H0018,5.0,2023-08-18,booking
U5a350d7e7970,H0353,6.0,2023-08-18,booking
U79329457d5cf,H0337,7.0,2023-08-18,booking
U8c5492d08f33,H0104,8.0,2023-08-18,booking
U8f9142984511,H0078,6.0,2023-08-18,booking
U93a7b3172364,H0111,8.4,2023-08-18,traveloka
Ua571a440c856,H0205,10.0,2023-08-18,booking
Ua866dc69d643,H0515,8.0,2023-08-18,booking
Ua97268bdc1bc,H0113,5.5,2023-08-18,traveloka
Uaf787a152bdc,H0450,7.0,2023-08-18,booking
Uaf787a152bdc,H0351,10.0,2023-08-18,booking
Ub88006c8832f,H0176,5.0,2023-08-18,booking
Uc43682ad0fad,H0380,7.0,2023-08-18,booking
Ue0f16e914080,H0104,4.0,2023-08-18,booking
Uff055de421e5,H0454,10.0,2023-08-18,booking
U16c2298dc0c0,H0184,7.0,2023-08-19,booking
U1b9aba67387a,H0541,4.0,2023-08-19,ivivu
U2278f685b611,H0130,9.0,2023-08-19,booking
U42cfb242c8b6,H0372,10.0,2023-08-19,booking
U467daa13540d,H0011,7.0,2023-08-19,booking
U50349b5ffce5,H0107,8.2,2023-08-19,traveloka
U670feca5ff48,H0349,9.1,2023-08-19,traveloka
U7accefa53685,H0337,5.0,2023-08-19,booking
U8b48f1abe5bb,H0337,5.0,2023-08-19,booking
Ub8e530aa081f,H0220,10.0,2023-08-19,booking
Ubb7caab74705,H0487,1.0,2023-08-19,booking
Ud08ab3eb6ab4,H0437,9.0,2023-08-19,booking
U0fa462fa5f5d,H0015,10.0,2023-08-20,booking
U145b7c3a0a48,H0015,7.0,2023-08-20,booking
U194aa6a15c7f,H0011,8.0,2023-08-20,booking
U30b9241f07c4,H0221,6.0,2023-08-20,ivivu
U43c9681df962,H0104,8.0,2023-08-20,booking
U686ae5f5394a,H0104,1.0,2023-08-20,booking
U6a1ec282d822,H0100,6.0,2023-08-20,booking
U6eaea310ca73,H0489,4.0,2023-08-20,ivivu
U82fffe81f716,H0505,8.0,2023-08-20,booking
U1525adc7b68a,H0120,8.0,2023-08-21,booking
U462f6a8d1f38,H0371,6.0,2023-08-21,booking
U4cd0dc77cecb,H0500,6.0,2023-08-21,booking
U55ba0a35377a,H0015,5.0,2023-08-21,booking
U5c9b41e38330,H0100,5.0,2023-08-21,booking
U793ac4ee017e,H0457,8.0,2023-08-21,booking
U82a5ed2b4568,H0311,8.0,2023-08-21,booking
Uad6a6cab6665,H0047,9.7,2023-08-21,traveloka
Ubb7caab74705,H0541,9.0,2023-08-21,booking
Uc1fe637d4a7e,H0225,6.0,2023-08-21,traveloka
Ucbb9b9885760,H0095,10.0,2023-08-21,booking
Ue0a9d4a85ddd,H0123,6.0,2023-08-21,booking
U037fa9187f0f,H0437,10.0,2023-08-22,booking
U4a17bd6754c9,H0007,8.0,2023-08-22,booking
U4b47b496791f,H0551,6.9,2023-08-22,traveloka
U4f69d9ddbdab,H0439,7.0,2023-08-22,booking
U7a37ffff8050,H0450,4.0,2023-08-22,booking
U93f049c54f78,H0529,5.0,2023-08-22,booking
Ub602883c7537,H0500,1.0,2023-08-22,booking
Ubac39934800d,H0336,6.0,2023-08-22,traveloka
Uc43682ad0fad,H0011,5.0,2023-08-22,booking
Uc5c108aa168a,H0412,7.0,2023-08-22,booking
Ucca5196b6175,H0328,8.5,2023-08-22,traveloka
Ue2deca8f39e2,H0104,7.0,2023-08-22,booking
Ufd39325c7262,H0512,10.0,2023-08-22,booking
U16c2298dc0c0,H0130,9.0,2023-08-23,booking
U1bac8a91d17f,H0512,7.0,2023-08-23,booking
U1bf64698f566,H0478,9.1,2023-08-23,traveloka
U2278f685b611,H0100,4.0,2023-08-23,booking
U2bd8ec71be08,H0018,5.0,2023-08-23,booking
U3e5b22f6d6f1,H0340,9.0,2023-08-23,booking
U61bcb83c77ff,H0329,6.2,2023-08-23,traveloka
U869b0d58c850,H0245,10.0,2023-08-23,ivivu
Ua99dcc0d5562,H0229,5.0,2023-08-23,booking
Ub9d2457d4b2a,H0551,9.7,2023-08-23,traveloka
U0cbf53e2730b,H0015,6.0,2023-08-24,booking
U1bac8a91d17f,H0104,8.0,2023-08-24,booking
U45559e7581e5,H0007,6.0,2023-08-24,booking
U788ad866add3,H0089,7.0,2023-08-24,booking
U82a5ed2b4568,H0018,3.0,2023-08-24,booking
U93f049c54f78,H0014,1.0,2023-08-24,booking
Uc43682ad0fad,H0363,10.0,2023-08-24,booking
Ue488b537d786,H0032,5.0,2023-08-24,booking
Uf33e9d941313,H0217,10.0,2023-08-24,booking
U0261c86c94ba,H0479,7.0,2023-08-25,booking
U2db1cd47452b,H0104,3.0,2023-08-25,booking
U2dbdefb32a5c,H0104,8.0,2023-08-25,booking
U43c9681df962,H0090,2.0,2023-08-25,booking
U4da22644e9d5,H0121,10.0,2023-08-25,ivivu
U595041030b42,H0538,7.0,2023-08-25,booking
U5c13d56d6b33,H0353,9.0,2023-08-25,booking
U5fc2677022d4,H0489,2.0,2023-08-25,ivivu
U699916231e95,H0505,8.0,2023-08-25,booking
U82a5ed2b4568,H0015,1.0,2023-08-25,booking
U8717fcb796f4,H0103,6.2,2023-08-25,traveloka
U8f9142984511,H0489,10.0,2023-08-25,booking
U97111d292c1b,H0337,1.0,2023-08-25,booking
Uaf0fa38814b6,H0489,8.0,2023-08-25,ivivu
Ub5482f12212e,H0408,9.0,2023-08-25,booking
Ubb7caab74705,H0425,7.0,2023-08-25,booking
Ud812e455b085,H0271,6.1,2023-08-25,traveloka
Uda7967e86d25,H0103,10.0,2023-08-25,traveloka
Uf76a42d21a7d,H0130,8.0,2023-08-25,booking
Uf87323b22adb,H0450,9.0,2023-08-25,booking
U361daf221bb9,H0336,5.4,2023-08-26,traveloka
U62134d366e3c,H0500,3.0,2023-08-26,booking
Ub9cda1c316d8,H0439,8.5,2023-08-26,traveloka
Uc5b4797ed000,H0094,7.0,2023-08-26,booking
Uf7b7d282da79,H0437,10.0,2023-08-26,booking
U1170fa164ac5,H0016,4.0,2023-08-27,booking
U1e1367252b82,H0381,7.0,2023-08-27,booking
U43c9681df962,H0104,5.0,2023-08-27,booking
U55ba0a35377a,H0176,9.0,2023-08-27,booking
U5a350d7e7970,H0015,10.0,2023-08-27,booking
U5f093cee3fbd,H0381,5.0,2023-08-27,booking
U86d6149ace93,H0100,10.0,2023-08-27,booking
U89bc4c56a28e,H0104,10.0,2023-08-27,booking
U915fa5e2ddc5,H0343,10.0,2023-08-27,ivivu
Ua5021307c5c3,H0214,10.0,2023-08-27,booking
Ub5482f12212e,H0090,8.0,2023-08-27,booking
Ubb7caab74705,H0220,5.0,2023-08-27,booking
Ue0a9d4a85ddd,H0090,10.0,2023-08-27,booking
Ue1ea6170d5ed,H0123,5.0,2023-08-27,booking
Uf2533c3e0101,H0126,6.0,2023-08-27,traveloka
U0c5d38729571,H0015,10.0,2023-08-28,booking
U1121a4900a5d,H0507,9.7,2023-08-28,traveloka
U1f3cc872afc7,H0018,1.0,2023-08-28,booking
U61419e49de12,H0236,5.0,2023-08-28,booking
U77afe8e7ed83,H0495,8.6,2023-08-28,traveloka
Ua5f3536b4182,H0104,4.0,2023-08-28,booking
Ua79f70b090e6,H0445,9.1,2023-08-28,traveloka
Uac8fa35c35a0,H0056,10.0,2023-08-28,ivivu
Uc43682ad0fad,H0042,8.0,2023-08-28,booking
Ud060e42f88b8,H0450,3.0,2023-08-28,booking
U4c6545ae5cab,H0162,10.0,2023-08-29,traveloka
U5b7393ece037,H0507,6.5,2023-08-29,traveloka
U72d8f85b3fb4,H0505,7.0,2023-08-29,booking
Ue045989ec9ca,H0015,10.0,2023-08-29,booking
Ue072af4ba9d2,H0089,10.0,2023-08-29,booking
Ue0a9d4a85ddd,H0500,3.0,2023-08-29,booking
Uf5e96aad9952,H0350,7.0,2023-08-29,booking
U16c2298dc0c0,H0120,9.0,2023-08-30,booking
U16c2298dc0c0,H0104,7.0,2023-08-30,booking
U1a102edf1c69,H0015,7.0,2023-08-30,booking
U3c76d79f4a68,H0015,4.0,2023-08-30,booking
Uab90ae8d578c,H0130,4.0,2023-08-30,booking
Uac2a1af649a9,H0350,5.0,2023-08-30,booking
Ubb7caab74705,H0011,6.0,2023-08-30,booking
Uc18c0094d52f,H0229,7.0,2023-08-30,booking
Uc7110aaf2bea,H0104,5.0,2023-08-30,booking
Ufb3301c1915a,H0230,7.0,2023-08-30,traveloka
U1995d921a404,H0205,1.0,2023-08-31,booking
U4725627a9f85,H0124,10.0,2023-08-31,ivivu
U5c13d56d6b33,H0078,3.0,2023-08-31,booking
U699916231e95,H0130,5.0,2023-08-31,booking
U929b7a4ce3f9,H0465,6.3,2023-08-31,traveloka
Uac2a1af649a9,H0102,10.0,2023-08-31,booking
Uaf787a152bdc,H0213,6.0,2023-08-31,booking
Ub04d995ae3b4,H0535,6.0,2023-08-31,traveloka
Ub1312779a471,H0369,2.0,2023-08-31,ivivu
Ub417d6ad83fc,H0535,6.1,2023-08-31,traveloka
Ue0a9d4a85ddd,H0089,8.0,2023-08-31,booking
Uf76a42d21a7d,H0089,6.0,2023-08-31,booking
U5aebf4da3f4d,H0352,8.0,2023-09-01,booking
U6a1ec282d822,H0450,7.0,2023-09-01,booking
U9b66ae35bfc5,H0505,10.0,2023-09-01,booking
Ua015724eb5e3,H0008,5.0,2023-09-01,booking
Uf98d2e5975d7,H0454,8.0,2023-09-01,booking
Uf9e67f6e004d,H0032,10.0,2023-09-01,traveloka
Ufe39176aa29f,H0018,6.0,2023-09-01,booking
U16c2298dc0c0,H0015,6.0,2023-09-02,booking
U1e8c86016edc,H0165,5.0,2023-09-02,booking
U49cdb017abd1,H0365,6.0,2023-09-02,traveloka
U556c64cb7de3,H0470,6.0,2023-09-02,booking
U586bf32f0573,H0112,4.0,2023-09-02,booking
U6a1ec282d822,H0505,3.0,2023-09-02,booking
U7536430e4ac2,H0333,10.0,2023-09-02,booking
U8c5492d08f33,H0512,7.0,2023-09-02,booking
Uc5d258044295,H0315,7.1,2023-09-02,traveloka
U30aa3f3da7cf,H0414,10.0,2023-09-03,traveloka
U55ba0a35377a,H0500,10.0,2023-09-03,booking
U7b4bfe047b13,H0434,5.4,2023-09-03,traveloka
U82a5ed2b4568,H0439,7.0,2023-09-03,booking
U82a5ed2b4568,H0021,9.0,2023-09-03,booking
U920e21611453,H0028,8.0,2023-09-03,booking
Ud46d2cd071b9,H0272,8.5,2023-09-03,traveloka
Ud94f027d2762,H0506,10.0,2023-09-03,booking
Ue0a9d4a85ddd,H0337,9.0,2023-09-03,booking
U108c87e2cdcf,H0425,9.7,2023-09-04,traveloka
U145b7c3a0a48,H0102,9.0,2023-09-04,booking
U2278f685b611,H0104,10.0,2023-09-04,booking
U283f742ce58f,H0001,6.2,2023-09-04,traveloka
U63daf62e3a4e,H0324,9.7,2023-09-04,traveloka
Ua360c806ff38,H0433,6.0,2023-09-04,traveloka
Ubb7caab74705,H0095,6.0,2023-09-04,booking
Ubb7caab74705,H0355,1.0,2023-09-04,booking
Uef35cb793711,H0123,7.2,2023-09-04,traveloka
U1453914ccca2,H0489,10.0,2023-09-05,booking
U487120a75126,H0337,9.0,2023-09-05,booking
U4a17bd6754c9,H0016,3.0,2023-09-05,booking
U749fb2627a3c,H0072,6.0,2023-09-05,traveloka
U77f03fa74b8a,H0366,10.0,2023-09-05,traveloka
U9cde09e3fa3f,H0324,8.5,2023-09-05,traveloka
Ua9e40e4f9bcb,H0005,8.0,2023-09-05,booking
Ubab14cc0c618,H0052,8.0,2023-09-05,booking
Ubaf19efa2146,H0498,10.0,2023-09-05,booking
Uc442f2456aa8,H0213,7.0,2023-09-05,booking
Uc81299f6bd14,H0111,8.5,2023-09-05,traveloka
Uc9fc9f53967b,H0200,8.0,2023-09-05,booking
Ue488b537d786,H0032,9.0,2023-09-05,booking
U025c0bdadae4,H0398,9.0,2023-09-06,booking
U025c0bdadae4,H0450,7.0,2023-09-06,booking
U14a568c69f46,H0011,4.0,2023-09-06,booking
U16c2298dc0c0,H0503,10.0,2023-09-06,booking
U2b54bc76d408,H0516,6.0,2023-09-06,traveloka
U3c76d79f4a68,H0450,7.0,2023-09-06,booking
U3c76d79f4a68,H0018,7.0,2023-09-06,booking
U4028d4ac9ce8,H0382,4.5,2023-09-06,traveloka
U4cd0dc77cecb,H0015,5.0,2023-09-06,booking
U55ba0a35377a,H0007,1.0,2023-09-06,booking
U595041030b42,H0014,7.0,2023-09-06,booking
U5e181805fc19,H0104,10.0,2023-09-06,booking
U699916231e95,H0489,5.0,2023-09-06,booking
U6a1ec282d822,H0014,9.0,2023-09-06,booking
U6abc54e51970,H0439,8.0,2023-09-06,booking
U82a5ed2b4568,H0229,8.0,2023-09-06,booking
Ua2ecd27013e2,H0549,10.0,2023-09-06,booking
Ubae6660597ef,H0332,8.0,2023-09-06,booking
Uc5b4797ed000,H0095,7.0,2023-09-06,booking
Udc5ce74b9ead,H0498,5.0,2023-09-06,booking
Uf06d008e4810,H0126,4.0,2023-09-06,ivivu
U025c0bdadae4,H0005,9.0,2023-09-07,booking
U0d596c400265,H0529,9.0,2023-09-07,booking
U1e2b75f26d69,H0069,10.0,2023-09-07,ivivu
U40499bf254b5,H0512,7.0,2023-09-07,booking
U61419e49de12,H0353,8.0,2023-09-07,booking
U6dbb4301b696,H0425,9.7,2023-09-07,traveloka
U6ee8629c8a1a,H0505,6.0,2023-09-07,booking
U70d1cb8e578b,H0032,8.0,2023-09-07,booking
U7e9c84e7704b,H0399,6.0,2023-09-07,ivivu
U846da8b2a753,H0412,6.0,2023-09-07,traveloka
Ua2be7b6c3870,H0104,9.0,2023-09-07,booking
Uab90ae8d578c,H0014,7.0,2023-09-07,booking
Ub80e9c104cb2,H0555,9.0,2023-09-07,booking
Uc0c967092171,H0321,8.0,2023-09-07,ivivu
Uc2d7cbfea755,H0381,8.0,2023-09-07,booking
Uc92412dddc7c,H0558,6.3,2023-09-07,traveloka
Uea979d60f31c,H0220,9.0,2023-09-07,booking
U1d1be2fc3008,H0015,10.0,2023-09-08,booking
U2ee5f959b100,H0100,7.0,2023-09-08,booking
U3550151b709f,H0505,8.0,2023-09-08,booking
U3a78a176ca85,H0095,10.0,2023-09-08,booking
U4c2602b8aa98,H0015,4.0,2023-09-08,booking
U5119dd1e0f48,H0434,6.0,2023-09-08,traveloka
U541714479c48,H0100,9.0,2023-09-08,booking
U551513f84d10,H0085,9.1,2023-09-08,traveloka
U5b0a6292e8a1,H0169,8.0,2023-09-08,ivivu
Uab90ae8d578c,H0229,8.0,2023-09-08,booking
Uc22d8ee68351,H0085,4.5,2023-09-08,traveloka
Uc43682ad0fad,H0102,8.0,2023-09-08,booking
Ue59e6858033c,H0123,8.8,2023-09-08,traveloka
U16c2298dc0c0,H0332,10.0,2023-09-09,booking
U3c48b3c807ac,H0328,9.7,2023-09-09,traveloka
U6840254d67f2,H0102,10.0,2023-09-09,booking
U8395824480bb,H0512,10.0,2023-09-09,booking
U85ba6edcd969,H0505,8.0,2023-09-09,booking
Ub5482f12212e,H0015,7.0,2023-09-09,booking
Ubb7caab74705,H0355,1.0,2023-09-09,booking
Ue1da982f5ad0,H0337,7.0,2023-09-09,booking
U853532be03bb,H0123,9.4,2023-09-10,traveloka
Uf2533c3e0101,H0182,10.0,2023-09-10,traveloka
U27190248cef4,H0065,9.7,2023-09-11,traveloka
U632863f18606,H0535,8.8,2023-09-11,traveloka
U8274349d59cf,H0311,7.5,2023-09-11,traveloka
U046912319d9e,H0461,8.5,2023-09-12,traveloka
U81f572381c40,H0328,6.0,2023-09-12,traveloka
Ub4fa1bcf456b,H0336,8.8,2023-09-12,traveloka
Uf2a33ffd2ea4,H0227,9.1,2023-09-12,traveloka
U134650b343b4,H0123,6.0,2023-09-13,traveloka
U4274368002ee,H0214,10.0,2023-09-13,booking
U62013b60e2fa,H0092,10.0,2023-09-13,traveloka
U82fffe81f716,H0337,9.0,2023-09-13,booking
U8c5492d08f33,H0506,9.0,2023-09-13,booking
U993d8a183480,H0461,6.7,2023-09-13,traveloka
Ua97d80bda416,H0123,10.0,2023-09-13,ivivu
Uc7110aaf2bea,H0220,8.0,2023-09-13,booking
Ue6da0b82bd40,H0123,10.0,2023-09-13,booking
Uefbb73f4b585,H0042,8.0,2023-09-13,booking
U0a76a5270bfd,H0052,6.4,2023-09-14,traveloka
U145b7c3a0a48,H0102,10.0,2023-09-14,booking
U33baa85cbbb6,H0425,9.1,2023-09-14,traveloka
U595041030b42,H0130,7.0,2023-09-14,booking
U67607900902b,H0072,9.7,2023-09-14,traveloka
U724fab2dc208,H0213,5.0,2023-09-14,booking
U8da7cc57e3b2,H0454,7.0,2023-09-14,booking
Ua97d80bda416,H0069,10.0,2023-09-14,ivivu
Uc8263af909cf,H0021,5.0,2023-09-14,booking
Ue0a9d4a85ddd,H0493,10.0,2023-09-14,booking
U0fa462fa5f5d,H0123,10.0,2023-09-15,booking
U4ec1d8a1dbf1,H0015,6.0,2023-09-15,booking
U566e9dae513b,H0032,6.2,2023-09-15,traveloka
U7ac686a47965,H0378,7.0,2023-09-15,booking
U82a5ed2b4568,H0010,9.0,2023-09-15,booking
Ua2ecd27013e2,H0332,5.0,2023-09-15,booking
Uabffbdbd65b6,H0105,5.6,2023-09-15,traveloka
U1f930e82aa7e,H0112,8.0,2023-09-16,booking
U44865709e101,H0004,5.0,2023-09-16,booking
U5f1ab43ed9ad,H0500,7.0,2023-09-16,booking
U6058695c187f,H0221,10.0,2023-09-16,ivivu
Ud10d15a9de32,H0400,6.0,2023-09-16,booking
Ue488b537d786,H0439,9.0,2023-09-16,booking
U16c2298dc0c0,H0130,10.0,2023-09-17,booking
U3ccd50eaa389,H0123,9.0,2023-09-17,booking
U8395824480bb,H0525,10.0,2023-09-17,booking
U8f9142984511,H0017,6.0,2023-09-17,booking
Ub2e73082ea7e,H0419,9.7,2023-09-17,traveloka
Uc9fc9f53967b,H0123,8.0,2023-09-17,booking
Ue56548134045,H0492,6.3,2023-09-17,traveloka
U3618ce2ee37f,H0272,8.5,2023-09-18,traveloka
U82f103385c33,H0094,10.0,2023-09-18,booking
U966d27754fa5,H0104,8.0,2023-09-18,booking
Ubb7caab74705,H0355,1.0,2023-09-18,booking
Uc2eafeeb199a,H0332,9.0,2023-09-18,booking
Ud891e317ebe9,H0089,8.0,2023-09-18,booking
Ufdaab3ec1fbc,H0489,8.0,2023-09-18,booking
U280f554a636a,H0446,10.0,2023-09-19,traveloka
U44865709e101,H0183,10.0,2023-09-19,booking
U4ca44a2c942b,H0214,10.0,2023-09-19,booking
U664d8a4e8ad9,H0126,9.4,2023-09-19,traveloka
U6c9dd46a2226,H0535,8.5,2023-09-19,traveloka
U7cd997f32f2d,H0450,3.0,2023-09-19,booking
Uab90ae8d578c,H0525,5.0,2023-09-19,booking
Uc627f3b1823f,H0414,6.1,2023-09-19,traveloka
Udde3baa7a884,H0433,9.1,2023-09-19,traveloka
U287f0d1df6b9,H0467,6.0,2023-09-20,traveloka
U6f285070ca43,H0373,9.4,2023-09-20,traveloka
U82a5ed2b4568,H0225,7.0,2023-09-20,booking
U9a75c84cd8a5,H0122,6.2,2023-09-20,traveloka
Ua5bb41e90053,H0245,4.0,2023-09-20,ivivu
Ub6449c27ea57,H0179,5.0,2023-09-20,booking
Ubaf19efa2146,H0439,10.0,2023-09-20,booking
Uf78c9851cf80,H0184,5.0,2023-09-20,booking
U16c2298dc0c0,H0333,10.0,2023-09-21,booking
U1d1be2fc3008,H0100,5.0,2023-09-21,booking
U1e1367252b82,H0337,9.0,2023-09-21,booking
U2a46e9aec727,H0525,8.0,2023-09-21,booking
U3b9fee761ece,H0021,7.0,2023-09-21,booking
U4ca44a2c942b,H0529,7.0,2023-09-21,booking
U4cd0dc77cecb,H0179,6.0,2023-09-21,booking
U4e35cb222587,H0371,5.0,2023-09-21,booking
U848af09f6de3,H0487,10.0,2023-09-21,booking
U8c5492d08f33,H0179,8.0,2023-09-21,booking
Ub80e9c104cb2,H0439,8.0,2023-09-21,booking
Ue01c56fe92d0,H0555,6.0,2023-09-21,booking
U28608c9427b7,H0549,9.0,2023-09-22,booking
U57358533527a,H0311,7.0,2023-09-22,booking
U82a5ed2b4568,H0008,1.0,2023-09-22,booking
Uaa727adbce8f,H0213,5.0,2023-09-22,booking
Ub47479a07dc5,H0156,5.0,2023-09-22,booking
Uc04b04250c9f,H0369,4.0,2023-09-22,ivivu
Uc3188498b286,H0343,7.0,2023-09-22,booking
Ucc8234299254,H0051,9.7,2023-09-22,traveloka
Ud7e78dbdb9f2,H0130,10.0,2023-09-22,booking
Uf36606335e99,H0191,6.1,2023-09-22,traveloka
U0fa462fa5f5d,H0214,8.0,2023-09-23,booking
U16c2298dc0c0,H0229,7.0,2023-09-23,booking
Uc8263af909cf,H0433,1.0,2023-09-23,booking
Udd5f3bd618d5,H0454,5.0,2023-09-23,booking
U092d944bba6c,H0107,8.3,2023-09-24,traveloka
U1525adc7b68a,H0515,9.0,2023-09-24,booking
Ue1da982f5ad0,H0213,7.0,2023-09-24,booking
Uf457a1d637b0,H0008,1.0,2023-09-24,booking
Uf7b226ab71a3,H0232,9.7,2023-09-24,traveloka
U1995d921a404,H0090,9.0,2023-09-25,booking
U42d74ae11996,H0064,6.3,2023-09-25,traveloka
U44865709e101,H0217,7.0,2023-09-25,booking
U5f1392b07dad,H0417,8.0,2023-09-25,traveloka
U6a1ec282d822,H0095,4.0,2023-09-25,booking
Ua2a60494af1b,H0123,7.0,2023-09-25,booking
Uc439ac066a38,H0112,7.0,2023-09-25,booking
Ud08ab3eb6ab4,H0104,9.0,2023-09-25,booking
Udd5f3bd618d5,H0345,9.0,2023-09-25,booking
Uf57a18241370,H0181,5.8,2023-09-25,traveloka
U686ae5f5394a,H0019,5.0,2023-09-26,booking
U68c9a9f8c77d,H0166,8.5,2023-09-26,traveloka
U6a31d80a6b98,H0107,6.3,2023-09-26,traveloka
U7066ca03abf2,H0115,10.0,2023-09-26,traveloka
U7accefa53685,H0089,7.0,2023-09-26,booking
Uc43682ad0fad,H0505,6.0,2023-09-26,booking
Uc7110aaf2bea,H0529,5.0,2023-09-26,booking
U066902799d4f,H0343,6.0,2023-09-27,booking
U16c2298dc0c0,H0120,7.0,2023-09-27,booking
U1d1be2fc3008,H0450,10.0,2023-09-27,booking
U20bbe73c21d9,H0332,10.0,2023-09-27,booking
U23b273be31f8,H0054,9.0,2023-09-27,booking
U2a46e9aec727,H0090,9.0,2023-09-27,booking
U3bbbb95f5787,H0510,8.0,2023-09-27,booking
U686ae5f5394a,H0337,9.0,2023-09-27,booking
U6a1ec282d822,H0100,10.0,2023-09-27,booking
Uc8dc43d69701,H0104,7.0,2023-09-27,booking
Udf3d17001db2,H0412,6.2,2023-09-27,traveloka
U145b7c3a0a48,H0119,1.0,2023-09-28,booking
U2204416dfb34,H0184,7.0,2023-09-28,booking
U7827c6e93da2,H0452,10.0,2023-09-28,traveloka
Ub86a99167ce7,H0089,9.0,2023-09-28,booking
Ube6e38f72513,H0100,2.0,2023-09-28,booking
U066902799d4f,H0343,7.0,2023-09-29,booking
U0fa462fa5f5d,H0078,1.0,2023-09-29,booking
U445ec0715ad3,H0065,8.5,2023-09-29,traveloka
Ub6449c27ea57,H0332,10.0,2023-09-29,booking
Ubb7caab74705,H0487,1.0,2023-09-29,booking
Uc5b4797ed000,H0454,8.0,2023-09-29,booking
Uf910cfcea493,H0454,10.0,2023-09-29,booking
Ufd39325c7262,H0089,8.0,2023-09-29,booking
U14e0b8a59031,H0162,9.7,2023-09-30,traveloka
U1771de8a1628,H0465,6.8,2023-09-30,traveloka
U34cb4c332fea,H0101,8.5,2023-09-30,traveloka
U3550151b709f,H0018,10.0,2023-09-30,booking
U5678c4508876,H0331,9.4,2023-09-30,traveloka
U595041030b42,H0229,6.0,2023-09-30,booking
U595041030b42,H0337,6.0,2023-09-30,booking
U68e4b137d2e0,H0272,8.5,2023-09-30,traveloka
U8c5492d08f33,H0505,8.0,2023-09-30,booking
Ua326ed07e10d,H0394,9.1,2023-09-30,traveloka
Uc93fb3f1d81f,H0018,7.0,2023-09-30,booking
Ue0a9d4a85ddd,H0534,8.0,2023-09-30,booking
Uf4be570e2471,H0374,1.0,2023-09-30,booking
U4a17bd6754c9,H0102,10.0,2023-10-01,booking
U6092aefed3f7,H0337,8.0,2023-10-01,booking
U665904d21807,H0489,6.0,2023-10-01,booking
U7038329f5ad6,H0225,9.0,2023-10-01,booking
U82a5ed2b4568,H0011,7.0,2023-10-01,booking
Ub88006c8832f,H0529,10.0,2023-10-01,booking
Ue488b537d786,H0172,9.0,2023-10-01,booking
U0496458462e0,H0216,10.0,2023-10-02,ivivu
U487120a75126,H0353,8.0,2023-10-02,booking
U72d8f85b3fb4,H0407,10.0,2023-10-02,booking
U8f8b90971d60,H0180,7.0,2023-10-02,booking
Uab90ae8d578c,H0015,6.0,2023-10-02,booking
Ub5482f12212e,H0424,7.0,2023-10-02,booking
Ubb7caab74705,H0104,5.0,2023-10-02,booking
Ubb7caab74705,H0397,4.0,2023-10-02,booking
Uc43682ad0fad,H0089,7.0,2023-10-02,booking
Uc77655397c4c,H0225,7.0,2023-10-02,booking
Ud10d15a9de32,H0205,8.0,2023-10-02,booking
Ud63b58b9306e,H0433,9.0,2023-10-02,booking
Ue83b093de198,H0220,10.0,2023-10-02,booking
Ueff4fbda6737,H0355,10.0,2023-10-02,booking
U0fa462fa5f5d,H0104,7.0,2023-10-03,booking
U145b7c3a0a48,H0220,6.0,2023-10-03,booking
U16c2298dc0c0,H0433,6.0,2023-10-03,booking
U595041030b42,H0353,10.0,2023-10-03,booking
U7a37ffff8050,H0015,2.0,2023-10-03,booking
U8f14fbb9cdb6,H0489,10.0,2023-10-03,ivivu
U920e21611453,H0007,5.0,2023-10-03,booking
U966d27754fa5,H0011,1.0,2023-10-03,booking
Ud6b31060c5e7,H0541,6.0,2023-10-03,ivivu
U4a17bd6754c9,H0087,9.0,2023-10-04,booking
U532cd44379b4,H0355,9.0,2023-10-04,booking
U5a350d7e7970,H0015,7.0,2023-10-04,booking
U5f897289f4b8,H0015,6.0,2023-10-04,booking
U96ea00ecc288,H0011,4.0,2023-10-04,booking
Uc349da424b96,H0123,6.0,2023-10-04,booking
Uc5b4797ed000,H0327,10.0,2023-10-04,booking
Udd5f3bd618d5,H0089,7.0,2023-10-04,booking
Ue0a9d4a85ddd,H0104,9.0,2023-10-04,booking
U0fa462fa5f5d,H0032,7.0,2023-10-05,booking
U16765312e621,H0104,8.0,2023-10-05,booking
U43c9681df962,H0454,7.0,2023-10-05,booking
U556c64cb7de3,H0220,4.0,2023-10-05,booking
U5a350d7e7970,H0450,5.0,2023-10-05,booking
U6840254d67f2,H0489,5.0,2023-10-05,booking
U6f123f862e99,H0378,3.0,2023-10-05,booking
U7fa613e5002e,H0006,10.0,2023-10-05,booking
U8a4e7615c5ae,H0102,10.0,2023-10-05,booking
U8c5492d08f33,H0333,10.0,2023-10-05,booking
U9482b53a70de,H0038,10.0,2023-10-05,ivivu
Ua015724eb5e3,H0032,10.0,2023-10-05,booking
Ua2ecd27013e2,H0371,8.0,2023-10-05,booking
Ubb7caab74705,H0510,10.0,2023-10-05,booking
Ubb7caab74705,H0450,7.5,2023-10-05,booking
Ucaacb3bf5210,H0019,6.0,2023-10-05,booking
Ue0a9d4a85ddd,H0112,7.0,2023-10-05,booking
Ue0a9d4a85ddd,H0380,7.0,2023-10-05,booking
Ue97f83b9be53,H0015,10.0,2023-10-05,booking
Uf87323b22adb,H0018,7.0,2023-10-05,booking
Ufa7ec5265820,H0363,10.0,2023-10-05,booking
U195f1090f481,H0505,1.0,2023-10-06,booking
U4e35cb222587,H0015,7.0,2023-10-06,booking
U5613a83ec83a,H0500,10.0,2023-10-06,booking
U8395824480bb,H0018,10.0,2023-10-06,booking
U96ea00ecc288,H0349,9.0,2023-10-06,booking
Uab90ae8d578c,H0450,9.0,2023-10-06,booking
Uaf9c80bed7dd,H0221,6.0,2023-10-06,ivivu
Ubb7caab74705,H0512,9.0,2023-10-06,booking
Uc078da4e6a6e,H0229,10.0,2023-10-06,booking
Uc7110aaf2bea,H0027,7.0,2023-10-06,booking
Uc9fc9f53967b,H0008,9.0,2023-10-06,booking
U3550151b709f,H0546,9.0,2023-10-07,booking
U63fd833b4a7c,H0017,9.0,2023-10-07,booking
U7e9c84e7704b,H0092,8.0,2023-10-07,ivivu
U83025f422717,H0069,10.0,2023-10-07,ivivu
U86718e9be95e,H0090,3.0,2023-10-07,booking
Ubb7caab74705,H0433,1.0,2023-10-07,booking
Uc439ac066a38,H0104,1.0,2023-10-07,booking
U2d60ecff62f1,H0497,7.0,2023-10-08,booking
U4274368002ee,H0529,8.0,2023-10-08,booking
U541714479c48,H0095,7.0,2023-10-08,booking
U6abc54e51970,H0104,6.0,2023-10-08,booking
U6eb200eee2f3,H0439,10.0,2023-10-08,booking
U9f6ee79cc2bf,H0355,8.0,2023-10-08,booking
Uae8735b5c0c9,H0337,9.0,2023-10-08,booking
Uc43682ad0fad,H0506,10.0,2023-10-08,booking
Udcd7545e9dfa,H0510,5.0,2023-10-08,booking
Ue045989ec9ca,H0100,2.0,2023-10-08,booking
Ue83b093de198,H0087,9.0,2023-10-08,booking
Uea979d60f31c,H0217,7.0,2023-10-08,booking
U1e1367252b82,H0439,10.0,2023-10-09,booking
Uc439ac066a38,H0015,7.0,2023-10-09,booking
Uf13534b7de0c,H0089,9.0,2023-10-09,booking
U5f093cee3fbd,H0095,10.0,2023-11-01,booking
U6156734cc45f,H0123,10.0,2023-11-01,ivivu
U6a1ec282d822,H0541,7.0,2023-11-01,booking
Ua866dc69d643,H0008,3.0,2023-11-01,booking
Uae8735b5c0c9,H0463,7.0,2023-11-01,booking
U2a46e9aec727,H0042,7.0,2023-11-02,booking
U50ff75a5449e,H0104,10.0,2023-11-02,booking
U655646f09724,H0506,5.0,2023-11-02,booking
U6a1ec282d822,H0011,5.0,2023-11-02,booking
U76baea6966e0,H0217,6.0,2023-11-02,booking
Uab90ae8d578c,H0100,5.0,2023-11-02,booking
Uae8735b5c0c9,H0119,7.0,2023-11-02,booking
Ub76b66cd6c5d,H0454,7.0,2023-11-02,booking
Ub80e9c104cb2,H0011,9.0,2023-11-02,booking
Uf87323b22adb,H0100,10.0,2023-11-02,booking
U1447dde60daf,H0376,6.0,2023-11-03,ivivu
U16c2298dc0c0,H0089,5.0,2023-11-03,booking
U231d2c0ce2a7,H0394,4.0,2023-11-03,ivivu
U30d9e7012ca2,H0006,9.0,2023-11-03,booking
U342e8fb42ba7,H0482,6.0,2023-11-03,ivivu
U37a68bf35c44,H0104,10.0,2023-11-03,booking
U42cfb242c8b6,H0123,8.0,2023-11-03,booking
U4cd0dc77cecb,H0332,7.0,2023-11-03,booking
U53f284e5c63e,H0104,10.0,2023-11-03,booking
U5e181805fc19,H0089,4.0,2023-11-03,booking
U732f3a697fa2,H0475,6.0,2023-11-03,booking
Uab90ae8d578c,H0500,10.0,2023-11-03,booking
Ud63b58b9306e,H0042,6.0,2023-11-03,booking
Uf2533c3e0101,H0405,8.0,2023-11-03,ivivu
U7fa613e5002e,H0327,6.0,2023-11-04,booking
U80c39feb8af7,H0220,2.0,2023-11-04,booking
U8b48f1abe5bb,H0205,7.0,2023-11-04,booking
Ub1bbfce23229,H0151,10.0,2023-11-04,ivivu
Ubcb00aff0151,H0437,9.0,2023-11-04,booking
Uc7110aaf2bea,H0381,7.0,2023-11-04,booking
Ucaacb3bf5210,H0220,10.0,2023-11-04,booking
Ue1cc6f76306b,H0439,10.0,2023-11-04,booking
Ue7702ffdc2a2,H0090,10.0,2023-11-04,booking
U09af28c81a40,H0019,7.0,2023-11-05,booking
U16c2298dc0c0,H0450,9.0,2023-11-05,booking
U2278f685b611,H0505,10.0,2023-11-05,booking
U30d9e7012ca2,H0505,2.0,2023-11-05,booking
U36ddfe11ea85,H0245,8.0,2023-11-05,ivivu
U3b9fee761ece,H0134,10.0,2023-11-05,booking
U55ba0a35377a,H0333,8.0,2023-11-05,booking
U6abc54e51970,H0534,2.0,2023-11-05,booking
U7369ea966365,H0355,9.0,2023-11-05,booking
U8f9142984511,H0032,7.0,2023-11-05,booking
Ua866dc69d643,H0112,5.0,2023-11-05,booking
Uab90ae8d578c,H0371,4.0,2023-11-05,booking
Ubcb00aff0151,H0505,8.0,2023-11-05,booking
Uc439ac066a38,H0218,8.0,2023-11-05,booking
Uc439ac066a38,H0078,5.0,2023-11-05,booking
Uc439ac066a38,H0450,6.0,2023-11-05,booking
Uc9fc9f53967b,H0428,7.0,2023-11-05,booking
Uf13534b7de0c,H0179,7.0,2023-11-05,booking
Uf910cfcea493,H0090,7.0,2023-11-05,booking
Ufa8c187cee01,H0089,10.0,2023-11-05,booking
Uff3ac202adde,H0450,4.0,2023-11-05,booking
U14a568c69f46,H0345,10.0,2023-11-06,booking
U1b484ff6755d,H0311,10.0,2023-11-06,booking
U2c0e8ce521c9,H0014,6.0,2023-11-06,booking
U33543e34eb90,H0010,5.0,2023-11-06,booking
U3e24cc4b1f07,H0161,7.0,2023-11-06,booking
U55ba0a35377a,H0014,7.0,2023-11-06,booking
U5a350d7e7970,H0433,8.0,2023-11-06,booking
U655646f09724,H0311,8.0,2023-11-06,booking
U686ae5f5394a,H0345,10.0,2023-11-06,booking
U80c3f2fb7fa6,H0555,7.0,2023-11-06,booking
U82a5ed2b4568,H0450,8.0,2023-11-06,booking
U82a92949cbb5,H0380,7.0,2023-11-06,booking
U8410b4c5aaeb,H0515,9.0,2023-11-06,booking
U8c5492d08f33,H0214,7.0,2023-11-06,booking
U8c5492d08f33,H0021,7.0,2023-11-06,booking
U8c5492d08f33,H0095,10.0,2023-11-06,booking
U8ffa08b1d4d5,H0100,5.0,2023-11-06,booking
U9189e655db34,H0104,7.0,2023-11-06,booking
U96ea00ecc288,H0345,10.0,2023-11-06,booking
U9fd4159feb84,H0345,10.0,2023-11-06,booking
Uac2a1af649a9,H0011,7.0,2023-11-06,booking
Uae8735b5c0c9,H0225,7.0,2023-11-06,booking
Uc9fc9f53967b,H0450,4.0,2023-11-06,booking
Ue1cc6f76306b,H0345,10.0,2023-11-06,booking
Ufe39176aa29f,H0018,7.0,2023-11-06,booking
U194aa6a15c7f,H0104,6.0,2023-11-07,booking
U2a46e9aec727,H0500,10.0,2023-11-07,booking
U56b7fb0e1d47,H0104,8.0,2023-11-07,booking
U665904d21807,H0433,1.0,2023-11-07,booking
U6780d109f2af,H0527,6.0,2023-11-07,ivivu
U8f9142984511,H0090,7.0,2023-11-07,booking
Uae8735b5c0c9,H0095,7.0,2023-11-07,booking
Ub31eb84f254e,H0108,6.0,2023-11-07,ivivu
Ub8e530aa081f,H0439,7.0,2023-11-07,booking
Uc77baed8e58e,H0523,6.0,2023-11-07,ivivu
Ud10d15a9de32,H0104,7.0,2023-11-07,booking
Ue072af4ba9d2,H0363,8.0,2023-11-07,booking
Uf87323b22adb,H0453,8.0,2023-11-07,booking
U15c5f8689a8c,H0104,5.0,2023-11-08,booking
U200c80104cfc,H0174,6.0,2023-11-08,ivivu
U51e843464940,H0177,6.0,2023-11-08,ivivu
U669eb3c21ce6,H0021,6.0,2023-11-08,booking
U6d5049ba464c,H0021,6.0,2023-11-08,booking
U8b48f1abe5bb,H0015,10.0,2023-11-08,booking
U9eeb2ec45140,H0123,10.0,2023-11-08,booking
Ubbf40220ff76,H0418,6.0,2023-11-08,ivivu
Ueff4fbda6737,H0337,5.0,2023-11-08,booking
Ua5021307c5c3,H0349,5.0,2023-11-09,booking
Ueff4fbda6737,H0213,7.0,2023-11-09,booking
Ufd13a4ffb056,H0130,7.0,2023-11-09,booking
U025c0bdadae4,H0214,8.0,2023-12-01,booking
U25c0081f57bd,H0333,3.0,2023-12-01,booking
U8c5492d08f33,H0363,7.0,2023-12-01,booking
U94b7de0ec367,H0015,10.0,2023-12-01,booking
Ua5eaa75c7bb5,H0505,10.0,2023-12-01,booking
Uab90ae8d578c,H0378,5.0,2023-12-01,booking
Uc7110aaf2bea,H0217,7.0,2023-12-01,booking
Uda5115533a05,H0119,8.0,2023-12-01,booking
Ue6e3a62eed14,H0220,7.0,2023-12-01,booking
Ueff4fbda6737,H0090,8.0,2023-12-01,booking
Uf78c9851cf80,H0453,5.0,2023-12-01,booking
U16c2298dc0c0,H0123,2.0,2023-12-02,booking
U5592d3d14f3a,H0102,10.0,2023-12-02,booking
U6a1ec282d822,H0089,7.0,2023-12-02,booking
U8db602f86ee4,H0295,9.0,2023-12-02,booking
Ubd35de4909a3,H0019,10.0,2023-12-02,booking
Ue971d89a94dd,H0355,9.0,2023-12-02,booking
U145b7c3a0a48,H0214,10.0,2023-12-03,booking
U764b50c0d940,H0011,4.0,2023-12-03,booking
U80c39feb8af7,H0095,7.0,2023-12-03,booking
U8c5492d08f33,H0439,8.0,2023-12-03,booking
Ua571a440c856,H0102,4.0,2023-12-03,booking
Ud63b58b9306e,H0433,10.0,2023-12-03,booking
Uf2513108da8d,H0087,8.0,2023-12-03,booking
U145b7c3a0a48,H0454,8.0,2023-12-04,booking
U2a46e9aec727,H0015,8.0,2023-12-04,booking
U6840254d67f2,H0087,4.0,2023-12-04,booking
U7369ea966365,H0077,6.0,2023-12-04,booking
Uae8735b5c0c9,H0018,10.0,2023-12-04,booking
Uc439ac066a38,H0016,10.0,2023-12-04,booking
Ueb608ccf6373,H0087,7.0,2023-12-04,booking
U586bf32f0573,H0016,4.0,2023-12-05,booking
U652610b6e37a,H0489,10.0,2023-12-05,ivivu
U7369ea966365,H0214,1.0,2023-12-05,booking
U8b48f1abe5bb,H0104,7.0,2023-12-05,booking
Ua571a440c856,H0011,7.0,2023-12-05,booking
Uc7110aaf2bea,H0489,10.0,2023-12-05,booking
Ue66a150c6643,H0400,9.0,2023-12-05,booking
U16c2298dc0c0,H0179,7.0,2023-12-06,booking
U5a350d7e7970,H0229,9.0,2023-12-06,booking
U6a1ec282d822,H0123,7.0,2023-12-06,booking
U72d8f85b3fb4,H0497,10.0,2023-12-06,booking
U82a5ed2b4568,H0087,7.0,2023-12-06,booking
Udd5f3bd618d5,H0450,4.0,2023-12-06,booking
Ueff4fbda6737,H0353,7.0,2023-12-06,booking
Uf33e9d941313,H0089,8.0,2023-12-06,booking
U1995d921a404,H0042,4.0,2023-12-07,booking
U2a41de998c22,H0378,7.0,2023-12-07,booking
U4cd0dc77cecb,H0332,9.0,2023-12-07,booking
U53964f91ba45,H0090,8.0,2023-12-07,booking
U6f123f862e99,H0213,7.0,2023-12-07,booking
U82a5ed2b4568,H0397,8.0,2023-12-07,booking
U83d7a559be45,H0121,10.0,2023-12-07,ivivu
U8b48f1abe5bb,H0358,5.0,2023-12-07,booking
Ubb7caab74705,H0489,8.0,2023-12-07,booking
Uc43682ad0fad,H0008,7.0,2023-12-07,booking
Uc5b4797ed000,H0437,3.0,2023-12-07,booking
Uc9fc9f53967b,H0016,10.0,2023-12-07,booking
Uce3d01ae106d,H0214,1.0,2023-12-07,booking
Udedea8ae207e,H0437,8.0,2023-12-07,booking
U4ca44a2c942b,H0327,7.0,2023-12-08,booking
U4f8efdfcf111,H0450,6.0,2023-12-08,booking
U686ae5f5394a,H0032,7.0,2023-12-08,booking
U6c4f32e0a73c,H0028,10.0,2023-12-08,booking
U82a5ed2b4568,H0100,4.0,2023-12-08,booking
Uac8fa35c35a0,H0210,8.0,2023-12-08,ivivu
Uc9fc9f53967b,H0089,8.0,2023-12-08,booking
Ucaacb3bf5210,H0412,8.0,2023-12-08,booking
Udb53b7822867,H0108,8.0,2023-12-08,ivivu
Ufdaab3ec1fbc,H0011,5.0,2023-12-08,booking
U2d2c56b5feac,H0146,10.0,2023-12-09,ivivu
U70d1cb8e578b,H0371,7.0,2023-12-09,booking
Ud4de7e1af9db,H0004,10.0,2023-12-09,booking
