user_id,n_interactions
Ubb7caab74705,342
U82a5ed2b4568,210
U16c2298dc0c0,188
U6a1ec282d822,172
Uc9fc9f53967b,154
Uc43682ad0fad,129
Uae43a1c16f19,117
Uab90ae8d578c,106
U8c5492d08f33,104
U6156734cc45f,103
Ue0a9d4a85ddd,97
U5a350d7e7970,95
U145b7c3a0a48,84
Udd5f3bd618d5,79
Uae8735b5c0c9,75
U55ba0a35377a,73
Uc439ac066a38,73
Uac8fa35c35a0,72
Ua866dc69d643,70
U42d2ad3dc9f1,66
Uc7110aaf2bea,65
U2a46e9aec727,64
U487120a75126,60
Uc5b4797ed000,59
U595041030b42,56
U2278f685b611,56
U8f9142984511,53
U0fa462fa5f5d,52
U1995d921a404,51
Uef35cb793711,46
U9deb26de64b9,46
U3b9fee761ece,45
U1e1367252b82,45
Ue072af4ba9d2,45
U655646f09724,45
Ueff4fbda6737,44
U6f123f862e99,43
U6840254d67f2,43
U8b48f1abe5bb,41
U72d8f85b3fb4,40
Udf8bc29e2f3f,40
Ue83b093de198,40
U5e181805fc19,40
Uf76a42d21a7d,39
U025c0bdadae4,37
Ub88006c8832f,37
U14a568c69f46,36
Ucb8b0596da83,36
Ud10d15a9de32,36
U17df181ce620,35
U7a37ffff8050,34
U3550151b709f,33
U6abc54e51970,33
Ua571a440c856,33
Ub5923814a325,33
Ue6e3a62eed14,32
Ub86a99167ce7,32
U43c9681df962,31
Ue488b537d786,31
Udcc35c827775,31
U665904d21807,31
U577306d16590,30
Uf13534b7de0c,30
Uf57a18241370,30
U699916231e95,30
U76baea6966e0,30
U63fd833b4a7c,29
Uf2a33ffd2ea4,29
Uea979d60f31c,29
Ub316660cedb0,29
Uf8c43eda8f69,28
Uf910cfcea493,28
U4a17bd6754c9,28
Uf2533c3e0101,27
Ub5482f12212e,27
U462f6a8d1f38,27
U7fa613e5002e,27
Uf87323b22adb,27
U36eae7b366ff,26
Ue045989ec9ca,26
U80c3f2fb7fa6,26
U920e21611453,26
Ue1ea6170d5ed,26
Ub0d6aeadc480,26
Ucaacb3bf5210,25
U70d1cb8e578b,25
Ucaa5e34765c3,24
U85ba6edcd969,24
Ua099655f939e,24
Ua3948c917049,24
U5863bd418f0c,24
U1500a9267556,23
U3c76d79f4a68,23
U44865709e101,23
U1bac8a91d17f,23
U078477765ef9,23
Udcd7545e9dfa,23
Ub6449c27ea57,23
U50f523b549c4,23
Uc874bee1c545,23
Ubaf19efa2146,22
U532cd44379b4,22
U966d27754fa5,22
Ub602883c7537,22
Udb53b7822867,21
U51e843464940,21
U6ee8629c8a1a,21
U1e84baf9b7e4,21
U788ad866add3,20
U9482b53a70de,20
U1abc95e84a31,20
Ubc183ec39523,20
Uc2eafeeb199a,20
Ud891e317ebe9,20
U183e30c6fc45,20
U6058695c187f,20
U16765312e621,20
U7369ea966365,20
U764b50c0d940,19
U4274368002ee,19
U686ae5f5394a,19
Ua66dbe3d2ab9,19
Uabec9f08f97e,19
U281e32d55a14,19
U7cd997f32f2d,19
Ueb306017301c,18
U8410b4c5aaeb,18
U97111d292c1b,18
U5c13d56d6b33,18
Ucdf99a0cd2b0,18
U210975ccc06d,18
Ub4c4d593ee1d,17
U1b13fe0a5738,17
U852d66b57dc1,17
U8f8b90971d60,17
U5f093cee3fbd,17
U25c0081f57bd,17
U57dd8f4e431c,17
U0c024ce09c1a,17
Ufa7ec5265820,17
Uc92412dddc7c,17
U652610b6e37a,16
U721f27459cc3,16
Uf05fd455a70d,16
Ue1da982f5ad0,16
U15c5f8689a8c,16
U467daa13540d,16
Uaa727adbce8f,16
Uaf787a152bdc,16
U846da8b2a753,16
U96ea00ecc288,16
U1df00184876e,15
Ua2ecd27013e2,15
U4cd0dc77cecb,15
Ub8e530aa081f,15
Ue97f83b9be53,15
Ua5eaa75c7bb5,15
U1a102edf1c69,15
Ue7097b34e841,15
U8395824480bb,15
U82fffe81f716,15
Ue65c8cd9a182,15
U7accefa53685,15
U5a7fc67f04c1,15
U704c66009c2a,15
U608048973bd0,15
Ud63b58b9306e,15
Uc442f2456aa8,15
Ud08ab3eb6ab4,14
Ud1482684ee2a,14
Ubcb00aff0151,14
Uf33e9d941313,14
Uf4be570e2471,14
U7a1c550b7ef4,14
U793ac4ee017e,14
U5fc2677022d4,14
U1525adc7b68a,14
Uc93fb3f1d81f,14
U45559e7581e5,14
U2d60ecff62f1,14
Ua70d6cc8c74b,14
Ue991b70a8fac,14
Udedea8ae207e,14
U7dd00d5213dc,13
U83025f422717,13
U3e5b22f6d6f1,13
Ucf5121b1dc7a,13
U4028d4ac9ce8,13
U02cf03d6a240,13
U4f72e4beb176,13
Ud46d2cd071b9,13
Uf7f415104f4d,13
Uf7b7d282da79,13
U6bb0581a4ebd,13
U42cfb242c8b6,13
U2b43a5075f23,13
U1b9aba67387a,13
U2f92d6528a2a,13
U93f049c54f78,13
U2db1cd47452b,13
U901a91381ede,13
U30d9e7012ca2,13
U18c4cf0f7006,13
Uea3c62e209ed,13
Uea2a672773e1,13
Ua9e839da5ce1,13
Uac2a1af649a9,13
U0c5d38729571,13
Ub4fa1bcf456b,13
Ub76b66cd6c5d,13
U5aca643e0a7e,13
U586bf32f0573,12
U4ca44a2c942b,12
Ub04d995ae3b4,12
Ueb608ccf6373,12
Ue1cc6f76306b,12
U0f7876fe0e7b,12
Ubc355ec68437,12
U3c4acd15e2e7,12
U8cc77a9d302b,12
U8a4e7615c5ae,12
Ueef6d0dab6d7,12
Uc8dc43d69701,12
U320efe3833d5,12
Ua5021307c5c3,12
U283f742ce58f,12
Uc2d7cbfea755,12
Ua97268bdc1bc,12
Ua7beaa8dc6a5,12
Uf78c9851cf80,12
Ud04c303a34f1,12
Ud31580178d1c,12
Ud337acc90f71,12
U014ab4ef41fa,12
U4f030da4e983,12
U61419e49de12,12
U82f103385c33,12
U399a5ae4658d,12
U373fef02f052,12
U869b0d58c850,12
Ud060e42f88b8,12
U2203d6ff40ab,11
U00912b991d82,11
Uff055de421e5,11
U1f3cc872afc7,11
Ud6e8af5b890c,11
U7038329f5ad6,11
U065eace5e341,11
Ua02bf2535906,11
Ub950bc275517,11
U556c64cb7de3,11
Ub051030fc5a2,11
U8930bbe3d24b,11
U82a92949cbb5,11
U896ab7ee77eb,11
U2a41de998c22,11
U9f6ee79cc2bf,11
U8ff39e5063c5,11
Ube1ed5d2dd22,11
U1e8c86016edc,11
Ua9fee312a7b9,11
U1abe1c666639,11
Uf82d4292e949,11
U3bbbb95f5787,11
Ue0a8a900cb7b,10
Ua79f70b090e6,10
U23b273be31f8,10
U4c2602b8aa98,10
U8de53a5c7d44,10
Ubd35de4909a3,10
Ua015724eb5e3,10
U066902799d4f,10
U32e0d2d939ce,10
U196ac6595296,10
U9712956eb825,10
U9fd4159feb84,10
U8ffa08b1d4d5,10
U358042d4503c,10
Uf86ed583b96e,10
U7225666d1e11,10
U732f3a697fa2,10
U7852237f6302,10
U86718e9be95e,10
U7f1d82df196e,10
U80c27aee50be,10
U49041250225d,10
U459052bc1431,10
Uf90679e139cf,10
Ud97435c31b78,10
U108c87e2cdcf,10
Ud988f30458dc,10
Ufdaab3ec1fbc,10
Ufe39176aa29f,10
U4f2b1d7a2adb,9
Ue43952ae1d70,9
U1b7649656b73,9
U0bafd6b0c352,9
U6602382a13a1,9
Ucd9b06271443,9
U5eee0df3dac0,9
Ue0cc54a0978f,9
U6666bb6f5cff,9
U6dbb4301b696,9
U6c398e3cf613,9
U41afa59bc0c2,9
Uf50e013c8797,9
Uc75194e97fac,9
Uc96e81eb3992,9
U7c576fde4e96,9
U80c39feb8af7,9
Ud5e96e33e932,9
Ud7527e2dfc4f,9
U28172820ff33,9
U998a2b31ecf9,9
Ud136c339a74b,9
Uc77655397c4c,9
U019b6463f91c,9
Udf79a190145f,8
U62643e9a2fea,8
U49ea5dbd27c5,8
Ucbe98c1a341e,8
Uba48f19fdb1e,8
Ue4582a9c407e,8
U4769a75c4a63,8
Udca663837a6c,8
U5f897289f4b8,8
U1d1be2fc3008,8
Ue0f16e914080,8
Uc3188498b286,8
U86d6149ace93,8
U27e843cae0bf,8
U046912319d9e,8
Ub0988e0a0e81,8
Ub3e58e9b80a6,8
U84a857b82cbe,8
U059d6bec6166,8
U9de91bc41736,8
U92f6329c9cb0,8
U4ee42cf84712,8
U194aa6a15c7f,8
U1262fa7ef9c7,8
U8db602f86ee4,8
Ud0be7050242b,8
U9fcf0f2937ec,8
Ua1bf573610ca,8
U7536430e4ac2,8
Uaf9c80bed7dd,8
U74a3202d2805,8
Ud8e73acc30df,8
Ud931e6b42045,8
Ub4f035fd00cd,8
U163316d7c605,8
U6f285070ca43,8
Ufb79f7cc4e47,8
U68f2e9707e6b,8
U5f21782dec79,8
Uc04b04250c9f,8
U56bff9e45e7c,8
Uc7490c282049,8
U8baca280affb,8
U1833e331127d,8
U00ce6c924da3,8
U4ceba8673ab5,8
Uc60da11cfa6e,8
U0a76a5270bfd,7
Ufe7dc3abb382,7
Uefc6351e837f,7
U61114f2b2ec1,7
U19591d01e048,7
Ud4c36fc32235,7
U91feaa87d7e6,7
U1453914ccca2,7
U9189e655db34,7
Uf06d008e4810,7
U333dc61d1be5,7
U320fe1f80c5e,7
Ud3720eef98a5,7
U9556a9d9bd34,7
U967df8ac0929,7
Ucca5196b6175,7
U7e9c84e7704b,7
Uba1c8ca6b899,7
Ube15ac31a6cd,7
Ubbcc4677cef1,7
U4558266492a4,7
U63dd838a90e4,7
U20c464b766f1,7
U4229a718e5ca,7
U71f4da10c5ed,7
Ub94e73415c6a,7
Ub80e9c104cb2,7
U2204416dfb34,7
Uce0dcd5d8c2f,7
Ue011bf99dade,7
U635677f0faf5,7
U0496458462e0,7
U7fb83ae780f3,7
Ua277bd43da05,7
U8451d80f9309,7
U04db0ca8ff2b,7
U74c114c6b433,7
Ue97a1b5e951e,7
U7855b8fa3b9f,7
Ua927b88a12d6,7
U2f45ade47ddf,7
U15569d089457,7
U399ba21c0376,7
U6b59af603ede,6
Uf51552664247,6
U63daf62e3a4e,6
U5f1ab43ed9ad,6
U6121d00b28fa,6
Ue09a71696079,6
U7066ca03abf2,6
U6deb99c8859b,6
U6d5049ba464c,6
U738be1cede18,6
U6af456a259bb,6
U6a31d80a6b98,6
U098f9babc306,6
Ue4a146a7dd7d,6
U43b02e0199c2,6
U669eb3c21ce6,6
U44b3ff694073,6
U09af28c81a40,6
Ub52474362828,6
U214377c39f3f,6
Ua22e05539eaf,6
U833d0c162c1c,6
U855fe3142043,6
Ud17ef5b5e754,6
U7c00a62e2a97,6
Ud87d13293d95,6
U7b2904937311,6
U3825ba977389,6
U2625ca287637,6
Uaa03b73ad39d,6
Ud043fdb4c2fe,6
Ua90f5abdf891,6
Uab7f98ce54c4,6
Uf4414fd8aa57,6
Ub2d6c89d11d7,6
Uade6b912060b,6
U72748e48e7f9,6
Ub35cf3399c86,6
U731e03f7bebb,6
U771d660093c3,6
U72fc237831f0,6
Uad736c7dffac,6
Uad130a01d145,6
U392227e99234,6
Uafc61897ea53,6
U0fc86b5333cf,6
U1096c65896b0,6
Ud969434836f9,6
U3a07e57f545c,6
U7a6e66b63014,6
U1121a4900a5d,6
U7da3976a5a84,6
U370d83df6948,6
Uf03fe0a2e64d,6
U2c6aef2d311f,6
U9c7571420735,6
U8d4bd1051993,6
U33543e34eb90,6
U118dc9ce1388,6
Ued473848a6c1,6
Ud67004025c0b,6
Ud3cfecf9cc58,6
Uf134cc1b74f8,6
Ud3e5573593fc,6
U894404028a81,6
U903475ca8f76,6
Ue29f69035ce9,6
Ued55a66a7e9c,6
U2b868758d911,6
U915fa5e2ddc5,6
U3026a6b89b3f,6
Ud1053a726167,6
U137be1c111ea,6
U2fed37e26d72,6
Uc94b5429322d,6
Uc88d504bf695,6
U90d34ac8c143,6
U1af4940c2763,6
Ufd13a4ffb056,6
U541714479c48,6
Ufabffce179b9,6
Ufd4ec9a5e329,6
U02089ebb7c08,5
Ufe21bbc81d6f,5
U5119dd1e0f48,5
U562ba3409bd5,5
U4c6545ae5cab,5
U57b6c29bae79,5
U4c4407532f7b,5
U570db3d9faee,5
U1b0add58be81,5
U18edb7633989,5
U182bed4ea9a1,5
U9226fb5e4490,5
U2dc6c78fa5ff,5
U93a7b3172364,5
U95494f0eb0e2,5
U96ee79149337,5
U987ed9e02970,5
U9912838720fd,5
U95ab3d2f165d,5
U9a75c84cd8a5,5
U9cbb45a3a1d9,5
Ue2f04e975d07,5
Ue3b5c3f8ed97,5
Ud08f50778b2e,5
U9c96f373dba5,5
U329f9481ce2e,5
Ud1dc2ee6ae70,5
Ud4fdac290a14,5
U12d26ed90cb2,5
U8be4af507f44,5
U34191914b85b,5
U3390df25df49,5
U3355249abf3d,5
Uf1b77339a841,5
Ud3331afbb2ee,5
Ud39d1962835b,5
Ud64fe52a60a9,5
Ued3b997ef713,5
U9ea158110822,5
Ucdd976f3cab8,5
Ua179bde11521,5
Ua5701c8c3318,5
Ua5bb41e90053,5
U8117ed5b11a0,5
U81f572381c40,5
U37153faec99f,5
U85302e08d43d,5
U8750a16c9b9b,5
U87ac7dfc46dd,5
U342e1dcac355,5
U28608c9427b7,5
Uec2056a2a077,5
U271e5fa64c5f,5
Ucc857b3a2a4c,5
Ucf67cd3dedf6,5
Ucf6509d1a494,5
Ua9e40e4f9bcb,5
U7a9e710ced89,5
U7cefaa2f8844,5
U7e84d2c4369b,5
U7e450d331686,5
U7c26570964a8,5
U7d45f6b9e69e,5
U786ee6595891,5
U100b86ef5546,5
U0fbe8c0065c2,5
U7843fcd94cb1,5
U3a20cfa60ade,5
U3902be82ad55,5
Uacd3c063a3d3,5
Uac87ad887d56,5
Ue971d89a94dd,5
Ucbbbe88f608d,5
Ub43120e929b4,5
U73776e7162d8,5
U740d2dc9b485,5
U75f790ad33ef,5
U767d12f08131,5
U77770dc69416,5
Uf37a683ff766,5
Ue916437b73ae,5
U0934c5ee91a3,5
Ub5056dd21bf3,5
Ub7deeb81a8b2,5
U20cff7650f08,5
Ucaf52ae1fdca,5
Ub9ac499b2887,5
U4086baf3e8b6,5
U404553184c9c,5
U6fb7a9a00cb2,5
U3ebd90487cb9,5
U4033518b2f7c,5
Uf457a1d637b0,5
Uf5aabc5593b9,5
U6611b610413a,5
U67a7763034cd,5
U445ec0715ad3,5
U6a2f807061cb,5
U6b37eede54c7,5
U6b2b8a29a8fd,5
U6c0b8d570e44,5
Ub8a6b97c6969,5
Ubb073a21f6c4,5
Ubacfb9c1a3ca,5
Ue665b206d88a,5
U1d39c48d3743,5
Uc0e0d30efc68,5
U1ca431bab7e4,5
U02d0feceb692,5
U47a0bf4af17d,5
Uded2be406d9b,5
U0dc2d2e8564d,5
U465cd70e9370,5
U6700427d6d44,5
Ufae774471004,5
U608ece90ea26,5
U6193595df6e3,5
U1bf64698f566,5
U17b80c7d556b,5
U1b75ad9e4757,5
Uc2179258c267,5
U096ee90f2dac,5
Ue6421d0ffd27,5
Uc5cd2dc76bfe,5
Uc3f2e99ffde9,5
U508a383490db,5
U4e716dd19b0a,5
U4cc77dc021c0,4
Ufc3872b95cf1,4
U183bb86a9505,4
Ufcb9fe963e01,4
U4e35cb222587,4
U00591dbf646e,4
Ufd39325c7262,4
U4fb35914b6f6,4
U4c7264a4a900,4
U4bf1671e06ad,4
U575d8ca03c29,4
U57358533527a,4
U4b3e911c78a0,4
U594642be1492,4
U59cfbbfb9b19,4
U4abb495a175f,4
U5d9d11c9e7b1,4
U5c6f46cab5c5,4
Uc8ee27e33cbb,4
Ue100d62be1fa,4
U5fed7ec81c9f,4
U5e851c1d3f23,4
U60621e066492,4
U604ce1b92a17,4
U62615f10589d,4
U461aa62a6da6,4
Udad6dc9a4639,4
U664d8a4e8ad9,4
U4539a20b9675,4
U673e94d5d99c,4
U66f15f547651,4
U68583a36035a,4
U68f435bcb37d,4
U68f10dc1a40e,4
Uc58069ce9da2,4
Uc54dd91f24c4,4
U19225ebe60f0,4
U0e9278c1ba88,4
Uda31672106d9,4
Uf6ef0a458d40,4
U6ca802f0c7c9,4
U6cf4271e5eab,4
U6d3bd0af9513,4
U6ff2a3262fc5,4
Udaa4aa7246e4,4
Uda874e3e7165,4
Uda808773dfcb,4
Udbb25238ba56,4
U0cbf53e2730b,4
U411ef1605229,4
U40fee10584f8,4
U3ee36558f81c,4
Uc6fa56070267,4
U0375a50e5bc6,4
U3ccd50eaa389,4
U73f1a0472869,4
U3cb9d28db818,4
U72ecc4663d6e,4
U3d180759792d,4
U7462426d9739,4
U77afe8e7ed83,4
U057fcf5425ca,4
Ud6e230b15905,4
U393ecdc79e4a,4
U7c87f9b4f2ed,4
Ud8d8092c8fe8,4
Ue588c170ea45,4
Uc5c108aa168a,4
U1a38312105ef,4
U7db0f5c9d80d,4
Ud7e78dbdb9f2,4
U8182cc7382bf,4
U7f6c9cd1a5f4,4
U7f06c5efdaea,4
U8274349d59cf,4
U361391c4bfb9,4
Uf1bd839bb79e,4
Uf29635c1d7d8,4
Uf34b10784411,4
U861e875a3ae8,4
U3463d896d751,4
U8768ee9fd458,4
Ue6da0b82bd40,4
U1c4233edc9c5,4
U8b083c71d4e2,4
Uf1143a0dd3d6,4
Uf108289db707,4
Ud350b967add3,4
Ud66ebf5e1f66,4
Ud64bd1c41dd0,4
U05adfa8ba5ee,4
U32133f20ba3c,4
U89b73d14eaf9,4
U89e44dddec44,4
Ud530989c4184,4
Ud52a2060b81b,4
U8d0d7d614f13,4
U8fae85b0bd26,4
Uc12a3f5dc01b,4
U17f4a6102459,4
U30925a1f2a07,4
Uefc279d23c3e,4
Uefbb73f4b585,4
U2f357a185bcc,4
U2f34230a0833,4
U304bf5750632,4
U2ee5f959b100,4
U2dbebe26985f,4
U2dbafae70e59,4
Ud08860e90883,4
U137afc6553e1,4
U2d3461fd493d,4
U2d2c56b5feac,4
U955bffb7a221,4
U988ec0ade8f3,4
Uc18c0094d52f,4
Ubf772538baf0,4
Uc350d4536921,4
Ud0e79e0a30b6,4
Uedb506d443dc,4
U9e2c3d69855d,4
U2a5a3c3bfece,4
Ue306bf7fd466,4
U2afa5ab7b4ec,4
U2af9ebb217f8,4
U29cf5dd35598,4
U9f8660da4b38,4
Ua205f858733a,4
Ua3a393ce88e2,4
Ua43f9a341663,4
Ube0b92b779e0,4
U27eea115f315,4
Ua5f3536b4182,4
Ua497ac61f801,4
Ua97ea2381742,4
U2725d973076b,4
Ucf89a5e785b5,4
Ua9f0f10c34ae,4
Uaf349b705604,4
Ue9582b69ebfe,4
Ucb6c2f0e9149,4
Uced7beac429f,4
U08d9193957ec,4
Ub0c950e637af,4
Ub16e24f6e466,4
Ub2c468995aaf,4
Ube5006e6dd5d,4
Ubc2e9eda4566,4
Ub417d6ad83fc,4
U085ec105e3cc,4
U085b581727a8,4
Ue878cd9b395e,4
Ue863642ca441,4
U092d944bba6c,4
Ub6f86fe032ed,4
Ub7adeaf802cc,4
Ub53b2b047e8d,4
U2247eb2ec783,4
U2205f6eb906d,4
U1689454eb26f,4
Ub5a530ceaf6f,4
Ub68545eadb25,4
Ue999c336c5a8,4
Ub8731b515bee,4
U203b74591298,4
U200c80104cfc,4
U21f30230fde5,4
Ub9b43c70fe83,4
U1fa27d79c050,4
U20bbe73c21d9,4
U1e867fca3f4f,4
U1f877d328192,4
Ubb4e197d0713,4
Ubb1b97eff995,4
U0acf29f32f54,4
U16f4ac83bd96,4
U1ec90b9c753d,4
Udde3baa7a884,4
U4da22644e9d5,4
U51409affa44d,4
Ufe6ea18c1428,4
Ufe526a296034,4
Uffb70e2b3dc7,4
U4f57e5d2d4c5,4
Ufed5dc71a91e,3
U1892a13e68b1,3
Uc8a2f92ea016,3
U51fed0b5c9aa,3
U54b3fb36f496,3
Uddf88e015ee6,3
Ubc46b0556438,3
Ubc48ab73e07d,3
Uc9b34cee2206,3
Uca18c8d7b393,3
U53d5b72b66fc,3
U5678c4508876,3
Ufd24e59237f4,3
U55cd4d208478,3
U5546befb8efe,3
U5780a7d2010b,3
U4bb19bfb7ae8,3
U56b97a8c953b,3
U56bc93c32dca,3
Ue49475d686d2,3
Ue4cd5c19669e,3
Uba1ddc0acdc8,3
Uba671f3c5456,3
U0c91224386a2,3
U4ae307b7e274,3
U4c420b5600c8,3
U5880b297a3ef,3
U584e497cc002,3
Ufa880cf3f4d0,3
U4a5dc0fc3325,3
U4a9d38ba0b99,3
U59997161c96e,3
U5aebf4da3f4d,3
U5b0e82e16e16,3
U5a92b5babd1e,3
U5ac26d8e8009,3
U5d15975ae749,3
U5d8acc20532b,3
Ufb135a966f75,3
U207e655ca2a9,3
Ue7f61c56d368,3
Uc969ed135af8,3
U173ba1e7ebe4,3
Udc7a244453d9,3
U49ec90b8dc57,3
U49037d806526,3
U4903ae39454b,3
Ue08f85c8848a,3
Ue0394cde49c9,3
Uc81299f6bd14,3
Uc627f3b1823f,3
Uc66cf248b324,3
Ubd3fea6719c4,3
Ub632e65769ad,3
Ub638e89f554a,3
Ub6a6bb3504f1,3
U48484b11207e,3
U4858d886c564,3
U489fa6449cb3,3
U5fdfa19a7ebe,3
U5d8b38535cb7,3
U5cf46a6e242a,3
U61c40f989660,3
U605f67adfe21,3
U608950c9b06d,3
Uf96b6ab17b89,3
Ucaca4b01d177,3
Ucb0439ea9379,3
U2107c01de8c1,3
U2131bc020693,3
U644f8e49a4ad,3
U636a242ffd1b,3
U46b7c58e61d1,3
U6296d3139ee1,3
U62b4d4ddbe86,3
U45ed84ceb2ea,3
U655bfdb06184,3
U6385f68c80f9,3
Udbfafa67f99b,3
Udc1d09dfa526,3
U67c764d574e5,3
U67f639d3926f,3
Ub62a8ac8c4ac,3
U09323f9c7d8d,3
U0938c5c36632,3
U09533cce5cc2,3
Ue8ca57d226cc,3
U670feca5ff48,3
U6482b64db93c,3
U649edb966709,3
U6513cf8460bd,3
U442ba4798b66,3
U6648a6402526,3
Uc795dc54d631,3
Uc51d14530804,3
Ue194d23c8abd,3
Ue19790d86696,3
U69b44b7da153,3
U68e4b137d2e0,3
Uda75ce37e45d,3
Ub424e49b2ad1,3
Ubcbff68d3c91,3
U225dfe40c127,3
Ub5401f457cec,3
U0eee383dec16,3
U175df1ad395f,3
U18e550b8bfb0,3
U6a1e718331c3,3
Uf7b226ab71a3,3
U432769e35c6d,3
U692f04e60090,3
Uda404bd23a27,3
Uda42d5acf171,3
Uf71884536399,3
U03ee96b6329b,3
U1e2de4df6090,3
Ube59dcf51c25,3
Ub394f564fb96,3
U248f91b5d65e,3
U23666430d470,3
U086c4612b288,3
Ufa22feb874de,3
U6a6df98786fa,3
U6a6e757638ae,3
U6cf95191e9ab,3
U6be42fc14ef3,3
U6b53eaf00f8c,3
U40499bf254b5,3
U406835ad0efc,3
Ue18c35d0429f,3
Uda7967e86d25,3
U4199a16e636f,3
Uc71564697029,3
Uc4b30beeb42a,3
Uc3f6d00ba2fe,3
U4109b4e843e4,3
U3ffb0d309c68,3
U4028e7b0d477,3
Ue1c19203c0eb,3
U0386ef2d6039,3
Uc5850cffbf0c,3
U1978de639e0b,3
U71a7b42dfa14,3
U3f39b957c681,3
U3c4b8afedf33,3
U3c79f1d051fd,3
Ucef080d30a25,3
Ucedc8fdb69b4,3
Ub234ca1110b0,3
U727e2c6e78e5,3
U72a31a35b4f4,3
U72b0887c0bcc,3
U735348d54b53,3
U0f3334578225,3
U0f9091ae7a9e,3
U0f93beaa5fda,3
Ud9c067c85adb,3
U0ec84e18aaa1,3
Ud8bb5d9104cc,3
U0fb576049151,3
U76900585d539,3
U75b663c68492,3
Uf35c029dd8f5,3
U079c0757a971,3
Uac4057d02e3a,3
U24c3611eff19,3
U77246c85020e,3
U764f814f3bd7,3
Ud6f1e1d4ef74,3
U7869e4a6c74e,3
U3b5d32d77571,3
U39ecc41bd095,3
U79329457d5cf,3
U793943266179,3
U396e6e5dd83d,3
U3998549d8c13,3
Uf63390c90cb7,3
U7817b86d6e20,3
U7827c6e93da2,3
U1039403c2ecc,3
U104afab47afa,3
U79ee7d890c1a,3
U79ff29ac3acf,3
Ucf697ee1b730,3
Ucfad878451c2,3
Ucca1b872d550,3
Ucce600810889,3
Uccf7da39ddc4,3
U38cff8d6c900,3
U3a3fa99e447b,3
U3a779f973456,3
U798f3e2e5949,3
U7bc87ddfa9ba,3
U7af1bb698ab4,3
Uac05d0bc7333,3
Uab6f7ee36a34,3
Uabbad94290fb,3
U261b59a9f1db,3
U7b268953043b,3
U38323133860e,3
U7a901bdced04,3
U7a9a99ec49cf,3
U7aad371589af,3
Ud583fbb6933a,3
Ud5e4230ce41d,3
U379508acdfdb,3
U379ec3081c71,3
U37a68bf35c44,3
U7e7e98a0b53b,3
Ue585b310da8e,3
U26a75df822a1,3
U26da48c79947,3
Ua763553c4c49,3
Ua7ef30943bd2,3
Ue59e6858033c,3
U37778183a082,3
U7fba53a74812,3
U7d4ce64d5367,3
U7eb7f1ed361a,3
U7d972287f3ea,3
U7dff464c710a,3
U374b215c1905,3
U1a572323c22a,3
Uc5d5babb2afe,3
Ud46e986dc6bc,3
U820ab8fad907,3
U80fe8655bf8a,3
U361b6d5a6289,3
Ua97d80bda416,3
Uec1d07d93765,3
Uec281de4f6f1,3
Uead2ca6c2aef,3
Ueae1ad4cd586,3
U819e5119c96d,3
U113754f70354,3
Ud7e5c15bb4a3,3
U35657dedbe6a,3
Uf348de0de130,3
Uf34c3a4a9986,3
Uf26ae28b49cd,3
Uf2d7f53b8fb6,3
Uf2156c8495fa,3
Uf4b28150ba5f,3
U853fe03c9715,3
U854101f97141,3
Ua60d0b2ca2e8,3
Ua933f7934422,3
U837970da48ee,3
U838d463a532a,3
U838e0080a716,3
U82b97d144ba2,3
U3512e56aac77,3
U849b194de14b,3
U85131b81ced8,3
U875db4b1b994,3
U8627933ee1e1,3
U848af09f6de3,3
U869d32477404,3
U85caa514a9a4,3
Ue6ea9d1485ba,3
Ua5d196ed4683,3
Ua3ed799272fd,3
Uc09e581aa9e9,3
Ubdcd40d001cf,3
Ubdff5e945e21,3
Uee7dd6180a2c,3
U280f554a636a,3
Uc845d335921c,3
U17c55bc22648,3
U88664c72822b,3
U33af25482b1e,3
U32a9efc21f9a,3
U09897514a3e1,3
Ue4fff7b1d267,3
Ue456e9f398af,3
U1d8da9c89b14,3
Ubf83d81558dc,3
Ua11146458de1,3
Ua11a5c4b8957,3
Ua3a340e09934,3
Ua5ae594cabe5,3
U324ea11aa67c,3
U05b4576a8de9,3
Ud1bef89cfded,3
U31a2241792df,3
U31b43befbc57,3
U8ca4392fa347,3
U8a6c4f149c4e,3
U894b673644ac,3
U8dbdd860289a,3
U3162c927fbd8,3
Ua326ed07e10d,3
Ua0e53a11a674,3
U29af66105052,3
U29b5f0f6790e,3
Ua19e8315cb3f,3
U1d35b1cf9979,3
Uc03afc8432af,3
Uc04c05fab76e,3
U8c2426a99a7b,3
U8c288bb268b1,3
U8c71e98649a8,3
U9025aad34ef8,3
U8eef2facf093,3
U30a7412ed686,3
U30ab7763e8d6,3
Ue359c9824d1c,3
U0c1a0cbe75e7,3
Ue5af6f221e43,3
Ucde2bf747260,3
U2f1e8484924c,3
U2f467def7314,3
U06eb563d68b6,3
Uf2513108da8d,3
U918ff62a0613,3
U94a9981b8bc8,3
U942b6057c387,3
U93507a45a16b,3
U936a5cd4954b,3
U9090f6ef44bc,3
U90d6f66b792f,3
U90d78f0696c5,3
Ue5c15927a83e,3
U9f0f66ada76d,3
U9f22416c12fb,3
U2a5082ab5765,3
U2a547b4d04b9,3
U2a6b0285525f,3
U2a7b37b0544b,3
U9d5d749eb392,3
U2af202620714,3
U1495610546e3,3
U91dcb965b2e9,3
U9217d5327809,3
U956d86b2970b,3
U9390dc3995ea,3
U139ccafd988c,3
Ubf3324d9737b,3
U2abd0a6818aa,3
Uedc518d34703,3
U9eeb2ec45140,3
U1db603abdd9f,3
Uc144ef83962c,3
U988438443009,3
U97c093b257a9,3
U944fad6b49be,3
Uc2bd6afca7ef,3
U99f7a5646634,3
U9c72304d379a,3
U14bba468ad6c,3
U14bf1b521eb8,3
U14cd3a0340de,3
U13af29dee732,3
U13b75cde6e99,3
Ue3cae257a7a2,3
U9fe454801c09,3
U51202673be61,3
U4cb3496e128a,3
Ufcfd481c9e65,3
U4dc6d9ec5d3e,3
U52eab0d5372a,3
U52a7b605988b,3
U000915babe05,3
U4d040b735cff,3
Ufc98ad17316b,2
U4fc82364083c,2
U5270248593a3,2
Uffaa41492ec2,2
Uff453ed7a407,2
Uff1d6b697011,2
U4ec1d8a1dbf1,2
U4eb582977959,2
Ub926c11e22c1,2
Ub94c5e42d6ff,2
U1eff8ccb0ab1,2
Uc9e5a5493559,2
Ucd253057ba48,2
U171f32c48892,2
U17250b769f23,2
U4ff8b79de2f2,2
U4fbb2cd638e3,2
U50aa95c1d308,2
U54236dbc5368,2
U4d42a36f9f04,2
U53920395fa07,2
U4c512469a56f,2
U5654f12c8ac5,2
U5592d3d14f3a,2
U9a1a64128dc3,2
U9a45ca7f25d6,2
U9938215d3b52,2
U993d8a183480,2
U994c2ad56892,2
U9d3627c81172,2
U9d377e63d53f,2
U9ca0b6dba6c8,2
Ud3777ad5fd22,2
U143b55fee884,2
U1447dde60daf,2
Ue3bb2964cb57,2
U9ca98da9456b,2
U9bcbc313ea33,2
U2bceaf884849,2
U9d06e43c5231,2
U98a45f55e15e,2
Uc32955df1c69,2
Uc349f2ce9069,2
Uc34d8436b881,2
Uc2a9e7822787,2
Uc1e6ec1851c2,2
U9c2086af9bd6,2
U9b2aed7b3b91,2
U9b2ff0c74112,2
U9b66ae35bfc5,2
U9b79cd4393a3,2
U9a5393fc61ff,2
U9a57677b54c3,2
U99bdd9a1479a,2
U99c75acefd08,2
U99d361fcf144,2
Uc199c13a8b4d,2
U981c154b057a,2
U96a88823f3b2,2
U96c44e1c5582,2
U946d2aa58a09,2
U94788946e339,2
U2d6dcf0577fa,2
U9970af1bcc8d,2
U2c889eac8cfa,2
U2cb276ebadde,2
U2cb7458e9f99,2
U958093ca1539,2
U95b02e07cff2,2
U2ce6a409d538,2
U2ce70f600bc2,2
U2d0751932e6a,2
Ubfe3b6ac3ffe,2
Ubf0d384e975e,2
U2ab6a5938cb2,2
U2abc9aa86377,2
U2b54bc76d408,2
Ued4cee539bbe,2
Ued5727386d54,2
Ued707f3d19da,2
Ued77174014d0,2
Uedcb2b76b1d3,2
Ued1da630a9b8,2
Ued2b7054517a,2
U0765b08fc976,2
Ud00b60c5cd69,2
U9ed7a0b494e1,2
U1daecd5ec0a9,2
U9541b737b8ef,2
U91df3e8eda52,2
U91ea4166cd1e,2
U2d76b396a3e1,2
U95f5ceaf2c0a,2
U9666d5aa39a0,2
U956cb9a6ec03,2
U95742cd5fa48,2
U93afe53a8f32,2
U92bfe7b5d821,2
U2f00adf24263,2
Ud108ab697fa5,2
Ud120feca1262,2
U133b06b001b6,2
U1376d53bb22c,2
U13abf5841ba0,2
Ue5b7a1eb4421,2
U9f645efe0a32,2
U9deb99a14272,2
U9e82de2250f2,2
U9d9fca40e711,2
U9dd70143981f,2
U2bc284b0666a,2
U2acf33f8f732,2
U2ae4886f846f,2
U147e1eb2139b,2
U2f0b32068623,2
U2dbdefb32a5c,2
U2e205ede8815,2
U94d112c3c9fc,2
U94f92c983aa7,2
U953c4bde60c5,2
Ueee8dd81a7a1,2
Uef00d716717a,2
U0722d013d167,2
U05a111b61ad2,2
U91a97365a166,2
U304f338ba0ca,2
U9230d6462228,2
U2e4834670a9f,2
U2eb7e2c3ff01,2
U94070539bc3e,2
U909d2578d8f0,2
U90ce5774e4d9,2
U90e68f394e86,2
U90e6ea11a12e,2
U90f98105be79,2
Ud39a7ea85828,2
U9054f511797f,2
U9059b9308e49,2
U906b21b338f1,2
U17f051ca25d4,2
U1bae2481fbd2,2
U1bbf696017e4,2
Uc3751bb73411,2
Uc38d53801806,2
Uc3c7cc3c4f0e,2
Uc3dbc9f814dc,2
Uc3dff739585d,2
U2f47d5dd6289,2
U916256783b52,2
Uef42592122eb,2
Uefbcd363c9f5,2
Ueeb3304ee478,2
U8f14fbb9cdb6,2
U3085b05b05f6,2
U2b12dd6afbda,2
Ue262e3d54178,2
Ue2b809a4c18c,2
Ue2c1e58f5bef,2
U0c47e69150f7,2
U0c4eaf1f2402,2
Uce00b5f0e486,2
U14e0b8a59031,2
Ucfd2e034bd4c,2
Ua3b9950df989,2
Ua3cae6c88207,2
Ua3db00654ca5,2
U30b3d29cfdc5,2
U904ab15a70b5,2
Uc010d72fe71e,2
Ua2a60494af1b,2
Ua05623ab5ac2,2
Ua074ab7dddd7,2
Ua0c06079d4d3,2
U9f88a8413112,2
U9fcb9271d596,2
U2a3ce038a8eb,2
Ua1a4457325d8,2
U1d333f91e224,2
U1d36bf4bd101,2
U1c30d55906f2,2
U8fca6b356bd1,2
U8ffb84f64d16,2
U8c57750fc6ca,2
U8ee6347fdc4b,2
U8f166400ab8c,2
U8f6a84288f1b,2
U8da7cc57e3b2,2
U318279d6f959,2
U8bb021a469b2,2
U8bb22f36a924,2
U8bccfa8a9e4f,2
U8bec745c206b,2
Ud353d3546ed7,2
Ud354e808199b,2
Ud4e380de1c76,2
Ud4f0e7a8132c,2
Ud53fb482143b,2
Ud44e2ff3ff88,2
U1be8249aa405,2
U1bec8816abef,2
U05e9e04c9ada,2
U118379dae547,2
Ud634c9a6aebd,2
Ud670f62dee04,2
Ud35215272316,2
Uf1b01b72cc74,2
U13c22e2c5730,2
U13d7f50f3e5b,2
Ud2516693b9ec,2
U31bee5cab536,2
U8d6da7bd1b59,2
U8c86f01fb499,2
U8c990acd323a,2
U8cfc7b45e897,2
U8a47ae5ab74a,2
U89ba68abe42a,2
U31d8a09c3fcd,2
U1daec396cf2d,2
Ua43bed44c3dd,2
Ua1da707a97a6,2
Ua0f2ca55fb26,2
Ua1145c989cfd,2
Ua13beaf5eea0,2
Ua4b451b7a3e7,2
U2926c2cc5ce6,2
U29101d40ae0f,2
U29135b987d42,2
U3255bc839173,2
U8b82440b553a,2
U8b9dc50a0ebe,2
U05b07d028ee4,2
U05d92b16aa97,2
U87e48b4f9722,2
U0582b7c54472,2
Uf2e5cbcdc3e7,2
U8a846364c8ee,2
U33638709fbd3,2
U3373e2b02565,2
U337d9e820084,2
U33a13fee9e15,2
U88c042e902a6,2
U1acf77c84ed6,2
Uc2341d4ec1d8,2
U1c770e4f370d,2
Uc44b49f31960,2
Ue40bfa5b2588,2
U89bc4c56a28e,2
U8c76ec02c4ce,2
Ua5c6f0e207c7,2
Ua55fecfb11a3,2
Uc1cd547777fa,2
Uc08469080293,2
Uc0a3f988bd18,2
Uc0da38209912,2
Ube1489778e3f,2
Ube383f9c0c31,2
U27f6ce580bfa,2
U17a1fbd2dec2,2
U890a74179d6b,2
U89125aa39be6,2
U8840d87d1061,2
U342a5be951dc,2
U876d7d09410b,2
U87956b005dad,2
U34e9d073d5dc,2
U34f99bc22660,2
U3517f942c916,2
U8809ab0e4042,2
U87053a54d34c,2
U8741e6874a3a,2
U8651d0b9c9d9,2
U867136d11657,2
U84716f54cdce,2
U848a97a9573e,2
U86b9ab055de0,2
U3439dafbc58c,2
U347fd46b546f,2
U8536a50d437f,2
U0ba9697034e6,2
U1770b8688f85,2
U281d39dcb3d6,2
U28410ad8e811,2
U287638c88d25,2
Ua5e5c2b28123,2
Ua638589d74df,2
Ua63cc81a8667,2
U287f0d1df6b9,2
U27f47e2e0ae6,2
Ua2762b024f47,2
Ua27737efabde,2
U28ac756f7b1e,2
U2741d720c89a,2
U27449e96f394,2
U838540038b5f,2
U82e021cb777b,2
U34cb4c332fea,2
U827f5302c7f3,2
U3698102bf701,2
U36ddfe11ea85,2
U7f4d10019b9c,2
U3780e6912aa7,2
U852c1dc037a7,2
U84006a2387ff,2
Uf26e30a90f10,2
Uf1cd5cb9fb40,2
Uf1f1a536dba8,2
U047bc5dab9e4,2
U35e9d90011db,2
U8308c5418648,2
U831036cb148f,2
U855dcee25694,2
Ua47e7492a4b0,2
Uec3110730eeb,2
Uec7973f76b62,2
Ueb563a7cbbcd,2
Ueb8c81d120ba,2
Ueac63512997a,2
Ueb0eb3700820,2
U0726d457d599,2
Uede99244c26c,2
U2671cfe46924,2
U2679ff957dd4,2
U26882cd0d4bd,2
U367721b282ab,2
U3678d2269f8d,2
U8211793ebb9a,2
U82117d37ea87,2
U822668772769,2
U0a94677c6ebe,2
Ud846eec7b3a4,2
Ud85344aaf623,2
Ud76db5567401,2
Ud76ef5c1e8c6,2
Ud78e2b672b46,2
Ud6c4be95f3aa,2
Ud466ab33f432,2
Ud46d584355b2,2
Ud471205faa33,2
Ud488cc4bf4fd,2
Ud4a2b5e7aea4,2
U81d3e02911a0,2
U80c7593661e4,2
U360e2fbbaa03,2
U361daf221bb9,2
U376084969fdc,2
U7f9549101187,2
U7fcc7ad03e6e,2
U7fdedca3546d,2
U7c1d5d39a5a6,2
U7c1ed0a44015,2
U10b776e5ab29,2
U8016fd8223f8,2
U809f822da931,2
U7d73bf74802e,2
U7dee0d3e4c84,2
U374fbb55ef14,2
Uc5e39c791491,2
U1a813d12bac4,2
Ue6f23e712b71,2
U09f9ecad7969,2
Ue5fa3f4155c2,2
Ue63b2c1f9c8f,2
U26a90dcbcda8,2
U26bf45c9b3b2,2
U2811cd8af0ff,2
Ua84311240102,2
Ua87ce2c33e76,2
Ua8a1269428a1,2
Ua74a626de6a0,2
Ua7bb542abb39,2
U27190248cef4,2
Uabd2483d5a84,2
Uabf958200868,2
Uabffbdbd65b6,2
Ue5955e051854,2
Ue8b5b0395fe7,2
U3853a46288bc,2
U3882c328adb8,2
U7cf2ad9e6204,2
U7d193a4160a6,2
U7d1e2227b771,2
U39b9e2bf2518,2
Ud8c97cd805c3,2
Ud8681e8c6b0f,2
Ud89b56bbe5d1,2
Ud89e0bf314e5,2
Ud8a7abb5fb33,2
Ud54aa580f69b,2
Ud60ccde46630,2
U126ba54ffc44,2
U7ca0a58af4fe,2
U7e74fc511a67,2
U78a507b10b16,2
U7af878bbe5db,2
Uac06985d53a4,2
Uaa4e35063e2d,2
Uaa54b9c26db0,2
Ua98e2d9c004a,2
Ua8c9f6f801fb,2
Ua926116c8c81,2
U2778b39980f3,2
U27830b5af867,2
Uaa8bd266a542,2
Uaaf96af61bbc,2
Uac56638d57ad,2
Uac67345ca539,2
U7aff7d8d6210,2
U7b4bfe047b13,2
U27010f649dff,2
Ud04da2db17bb,2
Ud052cf5a4c1e,2
Ucfb3e1a624bd,2
Ucdb941408161,2
Ucb5d7e3d765d,2
Ucbba043ddeb3,2
Ucbbfc9e4cea6,2
U7a347e6a9ed8,2
U7cbfcf6cca7b,2
U7ce74af38d19,2
U39605abfbaee,2
U3a21d7e2afd2,2
U796bd77180d9,2
U79a1dd9b37bb,2
U79d5fd90b99c,2
U04cfc1cf3870,2
Uf41d314a29e7,2
Uf4486ec832f6,2
U7905fcff8030,2
U7912dabd0141,2
U7914c1bf049e,2
U39b906a86fba,2
U793db086dd7a,2
Ud941aea99c16,2
Ud94268ef0d2a,2
Ud982d133e8d8,2
U1070c3cbd6b4,2
U7ac7fb3cefb9,2
U261e228ddb62,2
U24a4b2c6751f,2
U26f01e4783ec,2
U3c48b3c807ac,2
U77a2ab43bd75,2
U77458e026990,2
U774d0f8542d4,2
U775615c1b636,2
U7650c2391f61,2
U766e53607f00,2
U766ff17d34ee,2
U7677f086d4b3,2
Ud710eaa169cb,2
Ud71b7135ea8f,2
U1170fa164ac5,2
U784ae7da07b3,2
U3b51d05b5a5b,2
U3b7fcc75e526,2
U049747ec237b,2
Uf38a2d2b874f,2
Ue96793526d5f,2
U07a9868a9b0e,2
U25111ee05c72,2
Uaf0fa38814b6,2
Uaf75e144a993,2
Uaa554c2ea1ca,2
Uae505a86eaab,2
U25892271dcde,2
Uada44920f035,2
Uada8d4ecd8df,2
Uadc563a772f8,2
Ub0aa28b8f180,2
Uafd18b487c96,2
U057e6c0f7d96,2
U043d89801e5a,2
U72fe54630ed3,2
U767f38db0bd0,2
U734b9c6ecd95,2
U7351bbbdaaf3,2
U3bf8d2f46907,2
U3bfb6377b81f,2
U3c12a6c53d54,2
U7600af7de676,2
U763b0da85837,2
U74e68f65fc40,2
U750e20a9ac66,2
U75706c38b126,2
U3d71a5a14601,2
U3d7f89cf8fe2,2
U3da8bb46e96b,2
Uf36b36bf542b,2
U728062bedf1f,2
U7294ef99eece,2
U3e745aee42e5,2
U3e85c522ea22,2
U3e89a9feeb87,2
U3cfb366ceb5c,2
U3cfec85ebc8e,2
U3d1212b9d79c,2
Udaa955c5159f,2
U0f33e833922c,2
Ud99c4723905e,2
Ud9c8b6678f59,2
Ud9da077e9300,2
U1122b5cc7902,2
U11343a75f377,2
Uda1e3808a00e,2
U3edc62d0cf08,2
U3cb8be179425,2
U24eb447b7385,2
U0877d992dd9c,2
U08b9979f36a2,2
Uea0e9e627e70,2
U1548e066596f,2
U1582c37a0ef2,2
Ucf13a698afe6,2
Ucf2666038316,2
Uce56986e7ae8,2
Uce92fde8e187,2
Ucc40de7504e7,2
Ub209821301dd,2
Ub20c5828ccea,2
U74cd7935d081,2
Uc6a8d15c5be4,2
Uc6bcffae4588,2
Uc70b41686098,2
U3ef50365e97d,2
U71b49a80e4fd,2
U71c961ebaae6,2
U72064078642b,2
U70da78366b54,2
U70ec54015d48,2
U713b344dfbd7,2
U71583bf54cdd,2
U3f701ad36db3,2
U730dc265c6a6,2
U3dfd78c78ac7,2
U724fab2dc208,2
U7265a0711e62,2
Uc4316bf3f282,2
Uc436ef224467,2
U3fa1c4a23929,2
Ue220a0dbccda,2
Ue150fde85541,2
Ue15310b6e4c0,2
Uf65569f02a53,2
Uf658217e4b82,2
Uf65a21ef5943,2
Uf5a89f1f2e90,2
Uf5308f0b818f,2
Uf44e05fcb39e,2
Uf4609f9aaa57,2
Uf49c241319de,2
Uc5812797846f,2
U19669c5daa3d,2
Ubbf40220ff76,2
U1e2b75f26d69,2
Udb7d9323745e,2
Uda80a40e7a52,2
Uda9a6542b347,2
U704fa850838b,2
U70bef0b66374,2
U6f41c8d0a282,2
U6f4fd3a1d282,2
U3ea325a69ede,2
U6d2bb047064c,2
U417e594b6393,2
U41910d179426,2
Uc468bad2587a,2
Uc4aaea6e847b,2
Uc42bc8d1d46b,2
U0c0f4d6154c6,2
Ue38d9dfa5fa3,2
Ub27f01afeb9f,2
Ub2a0824a2e95,2
Ub17fde99de31,2
U23e0238a740b,2
Uaf828deb7257,2
Uaf83f260d858,2
Uaee7eafb2369,2
Uadeeb211ce0a,2
Uae4e862cbbb3,2
U23fbe27926c6,2
U23ff3f4123d9,2
U24190fc13eaf,2
Ub048a26d26fc,2
Ubbebb11980fb,2
U6b39ca0916f4,2
Uf6c942a60d20,2
U4080163a6659,2
U6eaea310ca73,2
U6eb200eee2f3,2
U6ed8312b904b,2
U6eedf8781065,2
U6e36c45e2302,2
U6b65cbb880ba,2
U6b66a0abd5a2,2
U6b8bb52ccfb5,2
U412f7a287472,2
U6d4e9381c04d,2
U6da300b0493a,2
U6dd311bf687e,2
U6ccc929d2f7d,2
U6aec71b80bef,2
U6aed57bcf821,2
U4251eafb4133,2
U425d881cdeaa,2
U427f764990ab,2
U6ccf0b92f26b,2
U6d1910fdb029,2
U6a5776793a9e,2
U6a5d8915594a,2
U6a65ce59734b,2
U6a666aeb9050,2
U6c4f32e0a73c,2
U6c538929be88,2
U6c88dd40e706,2
U6bda52d84e9e,2
U6be0855c9305,2
U041f9a7e287b,2
U1e30de0a5d66,2
Ub3a8fc63d8e9,2
U234547534956,2
Ub603a56db2be,2
Uafe2737be1ea,2
Uafea7a6d30dc,2
U235b141657b6,2
U2398c9491201,2
U23ede9066b7f,2
U227d945fbd61,2
U02adaf2612ac,2
U02c7747bb4ac,2
U6a9e14c6a6b9,2
U6ae04cbdf07b,2
U6ae9a917824d,2
U0caada9e85dd,2
Uc7a1b1a4655b,2
U195f1090f481,2
U1830c405e579,2
U1940d1fe24fc,2
U1940e6583a04,2
U42a3a1eb7fc5,2
U42d74ae11996,2
U42ec8afe915c,2
U4321717ea1d8,2
U6b98113db5fc,2
Uf7645fd78674,2
U67c1d87cbfb5,2
U43235d7fba0b,2
U433f97407849,2
U43a93c94957d,2
U228d1960e6ea,2
Ub4934063d548,2
Ub4eefd2ca553,2
Ub4f59bd4b1d2,2
Ubf9329014cb9,2
Ubfaf4e7b29e6,2
Ubfe004857d23,2
Ubd5a50c46738,2
Ubd5ca915c01e,2
Ubd660739eb76,2
Ubc920c8d4fb2,2
U222faebcab67,2
Udce438badae5,2
Udcfd4e156031,2
Udd0a70976b41,2
U0ecb1d369247,2
U6780d109f2af,2
U66072f598f9f,2
U45764f44c185,2
U67c67fc7e89e,2
Uc77baed8e58e,2
Uc4e1a1fcde1f,2
Uc4faac99f30a,2
Uc50ee004d090,2
Ue1ac849abcae,2
U695bb145fbd3,2
U69a34632522c,2
U68b521cac0b8,2
U68bdddb4d796,2
U68c9a9f8c77d,2
U0e6d8b8698a9,2
U0e9af5de3f3b,2
U65167b7feb4d,2
U467acd31917b,2
U45408401e5b8,2
U66e5d6adf80d,2
U66ec00312175,2
U65d166718916,2
U6747e513e178,2
U44db5c3d1c90,2
U45196fcb4792,2
U45315b20ff3b,2
U690790c60a09,2
U441d57ac491b,2
U6833f959182e,2
U683a264ee031,2
U68906e798382,2
U676518db9ecc,2
Udaf54ce29123,2
U447ef1a9d618,2
U22736df96721,2
Ub7c231255cb2,2
Ub7d6200320b5,2
Ub70d71bcf281,2
Ub71711d91d6d,2
Ue8fb12d0d4f7,2
Ue90e73b2a99f,2
Ue84309a0b1f1,2
U162c29e5dcaa,2
Ucd3d174bc149,2
Ucd44075f1080,2
U44829adfd0d9,2
U44d3367471fb,2
U64d33d3a4667,2
U0320c28009ad,2
U032480bd4dd8,2
U032e07a208ca,2
Uf8c331cd2305,2
U64705b4fa768,2
U63bcfede3ebd,2
U63e7c4e150aa,2
U0eb565e91eca,2
U0d52202dc23f,2
U0d60fbb480a1,2
U0d849ab6c6c7,2
U0dbbe26cbcef,2
Ude61647eee51,2
Ude8c5a8dbf61,2
Udaab87116efd,2
Udabb94693f7e,2
U608b76cd8a7c,2
U62d307541500,2
U62daf9e149a6,2
U61d97d143881,2
U61fc04bd1647,2
U6205a33fa06b,2
U63f06a540ad2,2
U632863f18606,2
U634f719d0253,2
U635cd9567a4e,2
U45a6240a71be,2
U65cd990eb99f,2
U63f7a0e45132,2
U02d93bebed45,2
U02f5524da6ff,2
U031b5a667c11,2
U0299f19654d3,2
Ufb21f42af658,2
U1771de8a1628,2
U1797050f1a67,2
Uca9f64b81e12,2
Ub5cc24d2d541,2
U20f25a2f5f14,2
U211f568323fa,2
U213456fb0d62,2
Ub7fd7623f8b1,2
Ub801d2134b6e,2
Ue6858ee25a88,2
Ue6cbe6e7fd09,2
Ue6d12c37c059,2
Ufb399bbe6ba8,2
U64533ccfe08a,2
U5c9b41e38330,2
U5c316ae055d4,2
U5c456fb2a565,2
U6260572c5298,2
U62821faaf31b,2
U62855a0d28e5,2
U5f6c9c2b05cd,2
U5f7e29108d51,2
U5f7fbe274a74,2
U5f876834aaab,2
U61bcb83c77ff,2
U61d20d21d022,2
U60c7c14225b2,2
U60ea2b2c8a89,2
U5f330b703a83,2
U5f40ada838cc,2
Ue9b246e30feb,2
U092ab664cd88,2
Ub873fd5b8277,2
Ub877a1a30563,2
Ub878236cfb84,2
Ub5bd4c9af234,2
Ucbcec36fb744,2
Uce13573c9004,2
U15f877747813,2
Ub92206357ec8,2
Ub86a9a0bbe72,2
U21805ac4436b,2
U60adb53eb0b4,2
U48530fa5c9b6,2
U488212eb7385,2
U5c85a0e89d9b,2
U5bdbeb287866,2
U5be773a5e6b8,2
Ue09baac80581,2
Ue10e3eba52e7,2
Ue01c56fe92d0,2
Udd204be56342,2
Udd54e22b66e8,2
Uc7fc5cc673aa,2
Uc8263af909cf,2
Uc73fba051a0a,2
Uc61dc8c8f29a,2
U19c5ad4cabd3,2
U18afbffdcede,2
U5f5ac2d8102d,2
U5e953c92f790,2
U5efba0fdbf76,2
Ube8c213e4607,2
Ubefa5cc8eda8,2
U09918e5bb419,2
Ue8053d173307,2
Ue70d69bfec2f,2
Ue73c2505fdb0,2
Ue77a90d445b8,2
Ue66a150c6643,2
Ucbfa0fcba917,2
Ucc0f8ac6d06b,2
U17699cb5be5c,2
Uc9554a651f69,2
Udc7f6b75ac9e,2
Udcbd29cdb635,2
U48aa7c89ecdb,2
U48e71bfa3920,2
U5a338c3e11de,2
U5ad6888cf7d5,2
U5b0a6292e8a1,2
U5b1a6040411d,2
U5a67cd12c455,2
U5ab09b7c805b,2
U491e19059834,2
U4977b3105d92,2
Ufb80a7176506,2
Ufb9ddf9901ea,2
Uc90bd33b2019,2
Uc91564966663,2
Uc940dbc9c331,2
U1ff39a16ebb2,2
U2003a060dad6,2
U20239046ec38,2
U5884a17ab3d3,2
U57e569f4e9f6,2
U581d746c947b,2
U58385c843b9e,2
U58419144cf64,2
Ufadaca161da5,2
Uf9b612b43379,2
Uf9ce91712a2e,2
Uf9d1c7722725,2
Uf9e67f6e004d,2
U02124ccbdf47,2
Ufc5e408447a7,2
Ufc850b0903f5,2
U5bc271659dee,2
U576bc7f66061,2
U4abb5f1e142e,2
U59434555b271,2
Ue45f9f076137,2
Ubb9386fc4d95,2
Ubac2422bb8d3,2
Ubac39934800d,2
Ub8bab950a12f,2
Uba06f88dce0f,2
Uba11c050f8c4,2
Uba227a4e3033,2
Ub9c02033a718,2
Ue05d222c6e89,2
U0c6909d33466,2
U4af0bb0852e8,2
U4a252fda66ca,2
U4a2812fb7af1,2
U56cd43a597c5,2
U518a41b25eca,2
U4ecf0f45ba2c,2
Ufe210be96d44,2
Ufd8427458016,2
U572b6d16f06c,2
U55ee0d2f0343,2
U54ef9a821b81,2
U551010d6be43,2
U554d8dfac7e1,2
U5772b226b1b0,2
U5782bf45bef2,2
U4bbdb01db092,2
U5695b29e6029,2
U549f9cb5be05,2
U592a529d3a3e,2
U592d106ffb0a,2
Uffca9f52a542,2
Ufd006bb43bd7,2
U027a2352019d,2
Uc8a34dc92d02,2
U51b4b451ea34,2
U51d8f6badfc9,2
U520e66c0a723,2
U50f7add7e3de,2
Ufbdd033f7fd0,2
Ufc007f5fa489,2
Ufc380fe9346e,2
Ufc434f2f2800,2
U4fb20949dbbd,2
U54a8de0b4718,2
U53d19bde6bb6,2
U4db7760a8d27,2
Ufef12fef4003,2
Ufeff995d8d56,2
Ude03c1ad3ac8,2
U0e02b16d23ff,2
U0e12cdc1b2f4,2
U0ced996809e9,2
U50ff75a5449e,2
U512f0bc3566c,2
U4cae71fe51b1,2
U4fcee89d6c99,2
U01f766fcf573,2
U0016d8df8d31,2
U1841248e50d6,2
Ufc89573650e4,2
U549b7f9e3567,2
U4eb3352fff50,2
U000371e43388,1
Uffedf40e21d4,1
Uffe24d9ba7b3,1
Uffdf97aed865,1
Uffc6b01a0cd0,1
Uffc6171136b4,1
Uff996377f168,1
Uff8e610a9191,1
Uff8d3362803d,1
Uff7c9dff8aef,1
Uff760b9f9e05,1
Uff5fee04c84d,1
U01116ae185df,1
U0134b2eba4ce,1
U01467dcde85c,1
U014a3dca808e,1
U016b3ddba3ec,1
U0181498a183b,1
U01886b472652,1
U01923e13a4a4,1
U01a6fd87e89b,1
Ufe2bf0ec8d4f,1
Ufe2e1707b0ed,1
Ufe3ff05c4189,1
Ufe41350f4038,1
Ufe49039ea119,1
Ufe4bf3d6d228,1
Ufe63b9d127ab,1
U4e35c1e4f11e,1
U4e493a7f2684,1
U4e52d3bcac9a,1
U4e5a79c58d00,1
U4e6bb43efefb,1
U4e868e8aff18,1
U4e8bccc07273,1
U4e9b7b7166e0,1
U4ea61056df33,1
U4ea8a37e64a4,1
U4eb06792ca37,1
U4eb0a964f778,1
U4ec3d7f8f838,1
U4ec5619d5d3e,1
U4ec63c03ee0a,1
U4ed22de2445e,1
U502e3a8bdead,1
U50349b5ffce5,1
U4eec40627d24,1
U4f13f6f95431,1
U4f33931b4d77,1
U4f4baf50d3db,1
U4f545eb198a9,1
U4f69d9ddbdab,1
U4f8efdfcf111,1
U4f939cd0c13f,1
U4f9c9d791dba,1
U4fa6173d7ec7,1
U4e21866b058b,1
U4e238746fea3,1
U4e2657a764f4,1
U4e338e8e455c,1
U5098dae28505,1
U50a024c39e9b,1
U50c7b0bf850b,1
U50ca89a075a9,1
U50d0590dac3e,1
U50d37f3afcef,1
U4fbd00e27ec1,1
U4fcd94628ccc,1
U4fd77ed6f4aa,1
U4fdaa01fb955,1
U4ff7a353fb93,1
U4ffac1142878,1
U4ffb61f4fb34,1
U500732c1e7dd,1
U501455bd9197,1
U5026b37f955a,1
U4ddc3d1c2cbc,1
U4df34628d9a1,1
U4df786ac40e5,1
U4dfd4473a5cd,1
U4e03578d9e69,1
U4e0b8690eb0a,1
U4e141e4c3d14,1
U4e1e49dc53d7,1
U5034afee4e31,1
U5040b454d191,1
U5042a9fafc84,1
U504eaa6f5945,1
U504f0ff61f0d,1
U506389b458bd,1
U5066074036d9,1
U50805017697d,1
U524bad33bd21,1
U5264ef8460f4,1
U50e509299f27,1
U50e51d026407,1
U510703208b99,1
U511492b581d6,1
U511729a93ce1,1
U512c39b5bf44,1
U5130f0ff63dd,1
U5132d32de349,1
U516f1c0eafb9,1
U4da0a15dfacc,1
U4da9cdc45153,1
U4db1dabb4513,1
U4dba22c4888c,1
U4dc878212ec4,1
U5296a15e9c6d,1
U529d29e0363c,1
U52f32ed55a85,1
U52fb38f83994,1
U530722b1fec9,1
U5321d30aa413,1
U53264d7d0621,1
U53297d6dec70,1
U51849906be15,1
U518909425012,1
U51aeb601d0d3,1
U51b4e37f5892,1
U51bd18680886,1
U51cdf17eaf7a,1
U51d83ed9cb33,1
U52274632afe1,1
U537b41ab71a7,1
U53879a8a5193,1
U538aca476704,1
U538e130ab39c,1
U539035931166,1
U5394128144ff,1
U53964f91ba45,1
U53a4fa519ee6,1
U53affa085016,1
U53b7c7a48fe7,1
U53c2920d487d,1
U53d0faf06807,1
U526bad16dc05,1
U526eca7225a3,1
U5292dc6003e6,1
U52968530ee37,1
U4d23c28c352c,1
U4d35a0879c5c,1
U4d6a86ecfd20,1
U4d6bae1ac9c4,1
U4d6f0ecf45f1,1
U4d6fab1876d4,1
U4d763c4c6cb1,1
U4d80696349f3,1
U4d80f2305ab3,1
U4d8dc1e8dbde,1
U4d972d3d99a8,1
U4d98253e8f65,1
U4d9b72a81b06,1
U5333c8fc0d12,1
U535a9ffac058,1
U535dcead9882,1
U54e7eea6c721,1
U54ea831298e6,1
U53d384999b5a,1
U53e11ce77f3f,1
U53e2739081aa,1
U53e43c8b89cf,1
U53f284e5c63e,1
U540ff0db2666,1
U5410c01e6556,1
U542e65db42e8,1
U543864ce1555,1
U5454fdba3def,1
U5459ae09e8ee,1
U546cc3aabd99,1
U4d150082b751,1
U4d19cc9faebb,1
U4cb3b1d91a41,1
U4cd9078c9658,1
U4cf209183c2d,1
U4cfdd9d4bbf5,1
U4d0a2e73c7a8,1
U4d103a14d7d7,1
U547715c1f9d4,1
U54802ef267e4,1
U548a4fc44d57,1
U548ffadcb380,1
U54990160f0ee,1
U54aa123a8ccb,1
U54b5f7f09372,1
U54b6474cad14,1
U54b788b8d312,1
U54bc96de8a1e,1
U55d74e18ce6b,1
U54fa2c283d99,1
U550eb85992c4,1
U55146604819a,1
U5514d82d8f53,1
U551513f84d10,1
U5517dfb97636,1
U552efe8420d6,1
U553f379ad3c4,1
U55550b4d1eb2,1
U5558191960f1,1
U555ce6a3afaf,1
U556a0cb72e5d,1
U4c82f4cbf527,1
U4c85c37385da,1
U4c86829826bb,1
U5636e1d3913f,1
U56510087b0c8,1
U5654ce7dc23c,1
U565bb50434ce,1
U566e9dae513b,1
U567a968c5363,1
U556b435298ec,1
U5572e0dc483a,1
U5575975c4fbb,1
U5582ce7ecee2,1
U5590cfa7ab8d,1
U559b469e2e5f,1
U55ac14867903,1
U55af1ee53e01,1
U55b735df19d1,1
U55ba2c4a59e9,1
U4c2c866f0f2d,1
U4c3669d2718a,1
U4c4ef1009c2d,1
U4c5119237df0,1
U4c51b7fcd4e0,1
U4c52519af97d,1
U4c52c40b6312,1
U4c53d1716e8e,1
U4c669b049f41,1
U5600572423a4,1
U56089931924a,1
U560ac8dfc02b,1
U5613a83ec83a,1
U5622dc2ad5b5,1
U56318e85600d,1
U5634a3e69b61,1
U4bce76287591,1
U4bdae8b29584,1
U4be5e44c4db1,1
U4be7ff2d6967,1
U4bf9a070771d,1
U568c3e348f9f,1
U56a4eea22af3,1
U56a84e4dc50b,1
U56b5e4d79130,1
U56b6e0c8a394,1
U56b7fb0e1d47,1
U56bd7cc3b5bf,1
U56c635e51299,1
U56cfc8fab4b5,1
U56f8cc32cb0a,1
U4c212dd764f5,1
U571844714b06,1
U5745490db7be,1
U575af3200f88,1
U575e98713604,1
U5776e0034b0f,1
U57776e0de503,1
U578ebec7b0a4,1
U579b9c990425,1
U4b830027cc83,1
U4b8a0f0fb000,1
U4b91617a4cab,1
U4b961eff8b7d,1
U4ba142d25c0b,1
U4bb0e8d4d923,1
U4bb2e84325d4,1
U4bce5acae065,1
U589b6f5dbab3,1
U58a5e6ec8700,1
U58aa14e3bb64,1
U58bc266d0197,1
U58d525800dc1,1
U58f83a372628,1
U58fb82414f95,1
U579d3f95e20b,1
U57c0150e6aab,1
U57c27a24dcad,1
U57fb300e7b0a,1
U58166a1cc000,1
U58230b85788c,1
U582d85e51b35,1
U582e762eedf8,1
U58514bfe520f,1
U4b239f345dba,1
U4b2e548d6ff0,1
U4b364ad67e2c,1
U4b367c2a58d4,1
U4b4130ccb4fc,1
U4b427b811e17,1
U4b47b496791f,1
U4b631cc0c579,1
U4b694b21157d,1
U4b79a574e6cc,1
U4b803298514e,1
U585681b22fcf,1
U5869d68386f2,1
U587e849c4cfb,1
U588bdb39566d,1
U588d88d1a417,1
U5a013483be9f,1
U5a1b46b91aa2,1
U5a31aca3b8de,1
U5903ff0325a9,1
U590f76d01334,1
U5912a44b1b57,1
U59217bfa29ff,1
U592334520bf5,1
U5923fe040d62,1
U5925a670486c,1
U59347ec4eec1,1
U5955c8395dfc,1
U59624e41f47d,1
U5981995c008f,1
U4ada526052a8,1
U4b06e17abf0b,1
U4aa7c8b7bf1c,1
U4aaa030ad95b,1
U4ab7dbed301d,1
U4abda3148719,1
U4abdf98b5eec,1
U4ac50b9ab378,1
U4ad7344972fa,1
U5982bb191493,1
U599124879217,1
U5999669e4670,1
U599f09c8f8c3,1
U59aa631274f7,1
U59adb6c683a4,1
U59d37ca82acf,1
U59f2f10d9f78,1
U59f5c72fc241,1
U5b95ae6b3cfe,1
U5a46b71d3a2b,1
U5a5ad0c98836,1
U5a5b755ef608,1
U5a6cdc9ad004,1
U5a7bd83a9142,1
U5aa583dc2081,1
U5aa9730f7361,1
U5ab48ccf706c,1
U5ab97bf62ab0,1
U5abc414f979c,1
U4a5cf7388154,1
U4a6320bf0402,1
U4a68c5812e6d,1
U4a71b9abce86,1
U4a7a8da58752,1
U5be45bf4ec8e,1
U5be4cab5c487,1
U5bea4fd98e3b,1
U5bf07b92dce5,1
U5c07cad2c040,1
U5c097d43587d,1
U5acefb1cc0a7,1
U5adcf722acb1,1
U5ae0f8016524,1
U5b3e528257f2,1
U5b5999664449,1
U5b6332b18c68,1
U5b6c96fe918d,1
U5b7393ece037,1
U5b84d2302c2b,1
U5b8a55e7db79,1
U49f58f387470,1
U4a0d6ef4323f,1
U4a1c74045fd9,1
U4a22d2d5a040,1
U4a24b5c14a16,1
U4a2c1703036a,1
U4a2ce937ac8f,1
U4a3f143c9f5d,1
U4a5c37819ffb,1
U5b98cdec0ee0,1
U5baf7d954c58,1
U5bce383abf41,1
U5bd3ca2ab891,1
U5bd5321ab8bd,1
U5bd97ccdcc5c,1
U5bd982b408f8,1
U5cf32d67a143,1
U5cfd6cb881e2,1
U5c0e1c267307,1
U5c311c34cbbf,1
U5c467dc54248,1
U5c4f44f4f42f,1
U5c59ed011e39,1
U5c611941892e,1
U5c6237e91fbb,1
U5c642e0f7f5b,1
U5c70c9bec023,1
U5c742fd8422b,1
U5c74e762a856,1
U5c7ef6d7d6b3,1
U49cdb017abd1,1
U49d3acc6fe53,1
U5d786059b541,1
U5d855c9cbc76,1
U5d862bfbfbd0,1
U5d88fa42ee16,1
U5d8ceeb12cbd,1
U5c8417898683,1
U5c8ffb10e753,1
U5c917db493fb,1
U5c9453e943ad,1
U5c9963655833,1
U5cb34c5805a1,1
U5cb3838da193,1
U5cbffd0ec5bd,1
U5cc31fb06e13,1
U5ce8867b75ad,1
U5ced19b14a03,1
U5dd1a6d50e97,1
U5dd897749e50,1
U5de2da32b994,1
U5df5b9e94b94,1
U5dfb47d804ee,1
U5e020a57b2e2,1
U5e12a1820d2e,1
U5e3151b66901,1
U5d1729527725,1
U5d1ffe1b3d6c,1
U5d38d9e913d5,1
U5d4ea095be61,1
U5d521c70f149,1
U5d54fd9553ba,1
U5d6a1d9db392,1
U5d71c59f06e6,1
U496054107975,1
U4960af2ed369,1
U49649fe9774b,1
U4973745eb8ba,1
U497c128f2b78,1
U497da8d36dae,1
U49b5c070edc6,1
U49c08a6dc195,1
U49cb49e4b690,1
U49cc2f95d3d9,1
U5d8edaba2962,1
U5d8f7fdef76d,1
U5d9645760274,1
U5d9d47f1bd8a,1
U5dc0c448ab2a,1
U5dcc78b8a40b,1
U5f565f5ebe2b,1
U5e423fe78431,1
U5e5b31620262,1
U5e7adb6bb68d,1
U5e86558fc891,1
U5ea624d1fbfc,1
U5eb7f9d3ec01,1
U5ed365f9cf18,1
U5edd00693ea5,1
U5ee8f5de4ec6,1
U5eef26143beb,1
U5efe4a00a528,1
U49470f51d110,1
U494dffb5df0b,1
U4952ea70ec77,1
U495f49452406,1
U48da72048473,1
U48dc18934e61,1
U48e3760a26bd,1
U48f3bca89508,1
U49021149ef83,1
U4907e6e00403,1
U5f12eb10abeb,1
U5f1392b07dad,1
U5f192d214ac5,1
U5f19eb77a599,1
U5f1a9b109c39,1
U5f2c66f488a7,1
U5f37ca62185e,1
U5f41adcd2674,1
U5f49f8d0ea4b,1
U5f52281efa12,1
U5f5bcac832bd,1
U5f604c34579a,1
U5f6060c56189,1
U5f62075772c8,1
U5f674cd43d0e,1
U5f7227b4cccc,1
U5f7e26d1d44a,1
U5f81019584ed,1
U5f81d7684152,1
U5f834641f76d,1
U5f8aeb79c7a1,1
U48aa323b1190,1
U48c040789a19,1
U48c3cc13c8c0,1
U48c8034fc2a2,1
U48d1bc9dfb3a,1
U486bb3ea3c06,1
U487caf717401,1
U488b1151b6ff,1
U489d820ab78e,1
U5f8b11c1890d,1
U5f99096eb9be,1
U5f9ca8ef1383,1
U5fafd2353bb4,1
U5fb6185584d9,1
U5fb87e8ad70f,1
U5fc08b0208e2,1
U5fcf5398aa99,1
U601060524469,1
U602969630066,1
U602c40e548c8,1
U603b8c22670e,1
U6123f417b984,1
U6149fced66a3,1
U604db6d2d7fa,1
U605178658432,1
U60586ecf17b6,1
U605e314a01e3,1
U607a81d754de,1
U6080b76956f6,1
U6092aefed3f7,1
U60a2d1cebf0c,1
U481462213d6c,1
U48235f0e6930,1
U484f3d7c0368,1
U48516c2bb862,1
U485a9d796cca,1
U48605d49cc74,1
U61888fa1bdbc,1
U619ed17e4f66,1
U61a3d6327265,1
U61a70904d5d0,1
U61b2adfff17c,1
U61cec21633cf,1
U61d7be158a27,1
U60aed34aef1c,1
U60b9a7dc7be0,1
U60c6eba355fc,1
U60d8ff82578d,1
U60f47f3946cd,1
U610ab99467b1,1
U61133faf0a9b,1
U6113f41659d3,1
U6115c6085efc,1
U47a50788b8fa,1
U47b3eb76249c,1
U47bc1e1ea2bd,1
U47c7800c92d7,1
U47d5e9ee461c,1
U47e0737e5589,1
U47e7db3d61fe,1
U47e9ed6b053a,1
U47f0f7ea1017,1
U47f24bd7f0e7,1
U47fb94376fb1,1
U48042cfdcecc,1
U615a70a2c0ad,1
U615e1d084f80,1
U617bcfe33bb2,1
U61809f0b21f4,1
U62dc7dd6ffe1,1
U62e9a3ee1895,1
U6300366c31d2,1
U630b7b2512ab,1
U6315c3abbf5d,1
U62013b60e2fa,1
U620e211b993c,1
U620ec3e6c4d8,1
U62134d366e3c,1
U624537e418b3,1
U624acdc24d34,1
U6254e154c6f6,1
U6275c52c2c39,1
U476c193ebf3f,1
U477ef48ac90d,1
U4782dff5ce62,1
U47048efa80fd,1
U4716e065f90e,1
U47174e0a9397,1
U4725627a9f85,1
U472cd2b7deb7,1
U472e460d0af1,1
U475e7f6c7cea,1
U47673a8e8d47,1
U4769f084f882,1
U628f16e7c883,1
U62a61436b71d,1
U62a88df7f0bf,1
U62a8b888837d,1
U62d11eae1efd,1
U62d3172dca72,1
U62d95151c0b3,1
U631b667417d8,1
U6323a67aedc1,1
U63271984dab2,1
U6328d48a6ee4,1
U63367ac0d7b9,1
U633e220a4624,1
U633e9a45dee0,1
U634b6dd499be,1
U6352f978a7de,1
U63761b40353f,1
U637cb4af35a8,1
U46ab60853018,1
U46bb9f891495,1
U46bf3227d63d,1
U46c58d1cc88b,1
U46dc2c12815f,1
U642d7abfec79,1
U6433a95669e4,1
U643e088e8ba1,1
U64511a578cce,1
U6466924addf9,1
U6467eeaffd35,1
U638d7dd3ddd8,1
U638fcf5c5a68,1
U6390c23a7f31,1
U6393c5c56e99,1
U63a655335258,1
U63b5bd01a199,1
U63c758002faa,1
U63c8398a9d49,1
U63d64a5d0aca,1
U63f3e468c138,1
U4651f628daa4,1
U465beb1ee9f6,1
U46695d1c744c,1
U466d02a70412,1
U46722b9b92c0,1
U467314c6110f,1
U4689370335dc,1
U469527d1c373,1
U46a2a26edf5a,1
U46a495197a90,1
U46aa4b048813,1
U63fb8a49f4de,1
U64004e6301aa,1
U6404f6801e0d,1
U642a8e4c1b61,1
U642cabd85d1b,1
U65bdc2000e1f,1
U65bdc24be0ac,1
U65c3ecfa548f,1
U6486a6d24bed,1
U6488e148e9ee,1
U648a2cb8f840,1
U64a601aed13d,1
U64ad022c243a,1
U64ca28ff9a5e,1
U64cdb268ce68,1
U64cec78deb00,1
U64d540d2c17d,1
U65027ad1523a,1
U6504931bd3c6,1
U46354cab5e62,1
U46358b32940d,1
U45b2576d7b6e,1
U45b5e34bea27,1
U45de13e942d7,1
U45f3a8f583a0,1
U4600f1f230af,1
U4603cb844032,1
U4611770211f6,1
U651b8ddebef3,1
U652256f4e883,1
U652b8f75c8e5,1
U654e8cffcb6f,1
U656ad5d0ff61,1
U656b6676160b,1
U65891df4f56c,1
U65add53a08b6,1
U65b65bd817fa,1
U66d83ffeca50,1
U66e31e57b339,1
U65e38472edba,1
U65ea7d5895a0,1
U65f0d1f123a9,1
U65fc0436955d,1
U66031e530a70,1
U6609fd1db49f,1
U6612f09564f1,1
U661af4dcebe7,1
U66340da625f2,1
U6642d978a0eb,1
U664c47203cac,1
U45760b3aed79,1
U458d06a3dcd4,1
U459e407e8393,1
U45063772133b,1
U451859800f17,1
U45287e8b5d81,1
U452d8036cc41,1
U454d6c747fdf,1
U4558e64c22dc,1
U45620f725777,1
U45753f597f7d,1
U66512b655287,1
U667e2f7b30d2,1
U669aef39f724,1
U66beeff923d8,1
U66c084aa5bd3,1
U66c899d5eaa0,1
U66c91f99f44a,1
U66d721a49a1b,1
U449cf9a2532c,1
U44b14504cce3,1
U44c120420540,1
U44d79d355bcc,1
U66f83f06370c,1
U671042eb9f83,1
U671a5dab399e,1
U671f5d060cc0,1
U6720c7c643e9,1
U672b6cf1cedf,1
U67377ed9081e,1
U673e01cc2674,1
U6748c4011462,1
U674a0f0fa433,1
U674b1a688858,1
U44e66c8ad861,1
U6753c33e2aa6,1
U67607900902b,1
U676b1259fe75,1
U676f7351784d,1
U677e2314a962,1
U6780c699f94f,1
U67b057b3ec08,1
U67d10c1d8ded,1
U67d5d699bd8f,1
U446941d08ec7,1
U447e303c5c86,1
U4488b238daa6,1
U448be36a08f3,1
U448d023a22d8,1
U4490e19a7eaf,1
U449318a23166,1
U4437fb26003e,1
U4444cc6d8385,1
U44456a21398b,1
U444edbe251f1,1
U445ca29f91c1,1
U4463f32331ee,1
U67fae5909818,1
U680ff74a65f2,1
U6833f66b6951,1
U6835835fe304,1
U685cde501b1f,1
U686964692cc0,1
U68867e81d8d3,1
U689d97330bf0,1
U68a9e8504f61,1
U68aa3eb49b1c,1
U69a7d9cea561,1
U69ae0e24a103,1
U69c0640fb7cc,1
U68ad2c568963,1
U68caf1241987,1
U68cc84d3c81a,1
U68e0614a5766,1
U68f6c5ec0734,1
U68f81bd3ed73,1
U69131c469d37,1
U69168b9beb54,1
U43c95fe5c9bf,1
U43cbdf4e22d2,1
U43cd657ccb1d,1
U44027a53d3f5,1
U441bcdc710f3,1
U43115eaad33b,1
U43120590f054,1
U4315c22ca5d9,1
U433e117fe3c6,1
U4345e2662c0f,1
U43553bc1e3be,1
U4382b8f7cc06,1
U438e616fb698,1
U69333c309e72,1
U6951115160bd,1
U696f4de32545,1
U6978496fd4f8,1
U697a40701069,1
U698be0592025,1
U698bf2527bf7,1
U69943e98260a,1
U42cd8339ae4a,1
U42db35518cf6,1
U69c73123966f,1
U69d084018b47,1
U69e1c8782100,1
U69ee5eda6c62,1
U69f23b071ebb,1
U69f2b89184c6,1
U69f48f10c848,1
U69fffefa4604,1
U6a0af3110d59,1
U6a12bb4b8dab,1
U6a25b83cb933,1
U6a4303f8401e,1
U42edfa280428,1
U42fa465cafcd,1
U6a48541fface,1
U6a59181b4a16,1
U6a5af0eecfdc,1
U6a5c5e6e0e30,1
U6a5c997e0a0d,1
U6a6b428186ed,1
U6a6e07491c32,1
U6a931c53ed8d,1
U6a9b72dfd27b,1
U6a9cd1ee2dd0,1
U4249a6949139,1
U4257bb3b635b,1
U426762a2359e,1
U4278b47aa61f,1
U429a8fa84072,1
U42ac0b2f3410,1
U4202bbfb77ef,1
U4206f9bb6be4,1
U420c2f96af55,1
U4217cffe7583,1
U4227c54a773d,1
U4230268e753a,1
U423994d72156,1
U4241eddc5239,1
U424363916c6f,1
U6abbb1b893d7,1
U6adf8ac95bab,1
U6ae16ccee275,1
U6af9898d685d,1
U6b07318ad9e7,1
U6b25b38d64a9,1
U6b37bc00d260,1
U6c272f87962a,1
U6c378826f614,1
U6b44cd2315cf,1
U6b5af99a82ad,1
U6b75468cf445,1
U6b8267d3d107,1
U6ba6ede04fb0,1
U6ba8dc43549f,1
U6baf3a653e6b,1
U6bb3fff6de23,1
U41cf5bcd9074,1
U41e26d009841,1
U41eed4c828fa,1
U41f03e2e4fed,1
U41f49c065a53,1
U41fc4c3de34a,1
U6c7e3461db88,1
U6c87d9721c12,1
U6c9dd46a2226,1
U6cc0b231b0a6,1
U6cc3bd2d7abb,1
U6ccb6896d727,1
U6bb4e954bb09,1
U6bb77575ec1c,1
U6bcea38e89f1,1
U6bd414153c67,1
U6bdab0b6e618,1
U6bdb721db182,1
U6bf8c710101d,1
U6c0d899bb479,1
U6c14c35e029c,1
U6c16e01578f3,1
U4146495bd169,1
U414902fbc124,1
U415573b1f4b1,1
U415b539425bf,1
U41609b557fbf,1
U4176c61c8fb8,1
U417ec976ff32,1
U41aabc98acb6,1
U41b3aed7e47d,1
U41bd7ee4f79a,1
U41c3bb21bd3f,1
U6c44f8da6ff0,1
U6c4c230d77b9,1
U6c53ea06614d,1
U6c7a2b2d400b,1
U6c7b7b60e609,1
U6dbcc99eac01,1
U6dc03c73bc16,1
U6dd3f4dfc9a7,1
U6de5669fd1c7,1
U6de895f281a6,1
U6ccbcfc7dc8a,1
U6ccc5fe11828,1
U6ccd43e4b7d9,1
U6cdcae1f1036,1
U6d111526ceb6,1
U6d127c18e4e6,1
U6d18502a7078,1
U6d1a843dc7b5,1
U6d1b0691aea2,1
U6d3ac99fa049,1
U41433223cfc6,1
U40a97b9bfe95,1
U40b0fdcd7c30,1
U40bb45d11a5c,1
U40d21fa0e729,1
U40e724819d85,1
U40ea8cce7215,1
U41038ab1db6e,1
U410f2d58e504,1
U411502192921,1
U412d9edcc180,1
U413af4c789f5,1
U6d521e4bd58a,1
U6d6a182591da,1
U6d810709d4d6,1
U6da39746c447,1
U6dbc63974b01,1
U6ed930f59e69,1
U6ded66320656,1
U6df8c127bef5,1
U6e0c247753cf,1
U6e0ff9a4c64e,1
U6e14fb00561c,1
U6e17ee296068,1
U6e21694488f0,1
U6e3132b55187,1
U6e48b736a027,1
U6e4a45af8a2b,1
U6e4e0de0f14e,1
U6e51e0d7829c,1
U6e653bb83dcd,1
U6e6861988c03,1
U40a1008a6978,1
U4068c04356d6,1
U4075453f780e,1
U408a093b16d8,1
U408aafcbd340,1
U409e9ab352ab,1
U409fff6d5e6d,1
U6e6d644e9b3c,1
U6e72fa3ee31a,1
U6e9043b7f6e6,1
U6e9231fdf2de,1
U6e9f39003d2d,1
U6ea914c01562,1
U6eaecffe8ef8,1
U6ec4c7c28768,1
U6ed3a0ef4f8d,1
U6ed3f1cf10d0,1
U6f0a89f7ad8a,1
U6f1ac07d1149,1
U6f31ebae1807,1
U6f3992526cfe,1
U6f58f65d5b31,1
U6f707e889578,1
U6f762d90863a,1
U6f76bb5c3993,1
U6f85d4409d4a,1
U6f92ae77298a,1
U6f9665d09ff0,1
U403573f46381,1
U4039e5db6b55,1
U40554b4b3fb5,1
U40561a437eeb,1
U40647cd8eb99,1
U70b54fc86224,1
U70b8579f29d6,1
U70d5469b1676,1
U6fc4bb865291,1
U6fc6544c3241,1
U6feec134d8e2,1
U6feeebac1e96,1
U6ff71a6efd28,1
U6ff902515de4,1
U7006b5c5a644,1
U700b1db1906a,1
U700ffd08e022,1
U70171d98e5f7,1
U70290e820578,1
U702a50490da1,1
U7035d9d39345,1
U3f626c581d8b,1
U3fae8d393f6d,1
U3fec90ba95e1,1
U3ff435f9c9cd,1
U4000d027fc25,1
U401e2c7bac36,1
U40327e63f614,1
U704fe371a675,1
U7063c8dc57ce,1
U706b9d133fa4,1
U70832e59f7f1,1
U709306a2ec25,1
U709fb7041994,1
U70a66eaa31fe,1
U70a8adeebc6d,1
U70acd3559d40,1
U71f1ea98a64f,1
U7208f3e394b7,1
U70eec3496d70,1
U71095ae54eaf,1
U710bc0d62545,1
U710d12364c74,1
U711949868bf2,1
U711a43ca2464,1
U711bb4ab8631,1
U712f200f7740,1
U713ce33c66d1,1
U71418dd3385f,1
U7144b3a5aa42,1
U715cb84cb681,1
U3f42dc51172b,1
U3f5aa2f1f3d6,1
U3e8474b6fa2f,1
U3e9068e81714,1
U3ebc061397e9,1
U3ebc97da7f8f,1
U3eea3238d2e6,1
U3f036944c699,1
U3f180f56e72b,1
U716bb28bc0cf,1
U718c8f05c35c,1
U71bff101129c,1
U71d1d0ff09c7,1
U71d908440077,1
U71e4d2a6876c,1
U71e861a0cef5,1
U71e8b4f71e83,1
U71ed9980023e,1
U3df40f7b8f72,1
U3dfd73c7d389,1
U3e051f03464a,1
U3e24cc4b1f07,1
U3e2d46ae0abc,1
U3e34c45cb462,1
U3e3bd17d8e77,1
U3e4a524340d1,1
U3e646ade0e2d,1
U721885f96ef9,1
U724d97126aba,1
U725354348eb8,1
U725d6b4329d7,1
U72917f018009,1
U7295a242c415,1
U3e78b113d6b4,1
U72bac272632c,1
U72dad724cec4,1
U72e6cb2316cd,1
U72e8517678d4,1
U72e96928ed5f,1
U72f2e3da51d5,1
U72fc0c97540d,1
U7301171e5c15,1
U730e3a2b9452,1
U730f53501f83,1
U7315ccb6e92a,1
U3db052c57b9e,1
U3db308345e4d,1
U3dc0694f2bfe,1
U3dc361a57c66,1
U3ddfb897aaf4,1
U731beca173f4,1
U732cfa193d99,1
U73402d5f4bf0,1
U7348624aef7d,1
U735911ec5ee7,1
U735e2230fa8c,1
U73957fc30091,1
U73a5a616dc53,1
U3cbef21b1039,1
U3cd07d859395,1
U3cd9ebe6d3b0,1
U3ceee7ff545f,1
U3d12a376dc8e,1
U3d5ccc6b1274,1
U3d862fff79a2,1
U3d8bafb8d638,1
U74b4a217e406,1
U74c883b958ca,1
U74dd0d81cc4d,1
U73ab2b7cbda8,1
U73c1e8d67ca3,1
U73c567dddfad,1
U73d29abf4a44,1
U73d7ae7acdde,1
U73eb67670d81,1
U73fc01fea2ea,1
U73fee1c0717a,1
U740d1eddf44a,1
U74181bd06705,1
U743040713f0c,1
U743cfd46e7dd,1
U74600dd5c947,1
U3c4e6d7456dd,1
U3c65ed649983,1
U3c84ca1c641c,1
U3ca0e073db70,1
U3ca9cfcc432f,1
U3cb4dbbeb374,1
U7462bc477ddd,1
U7464dd7d48ef,1
U7467d859ab9d,1
U7470c1a29b3d,1
U74769ff86f0d,1
U7477af5ff7d5,1
U747ecdcfdab3,1
U7486c15c4658,1
U749fb2627a3c,1
U74ab6e79d601,1
U7640460f991d,1
U764a4e3bd422,1
U74fbcf9791f5,1
U7521056241d3,1
U753bc7364865,1
U7549b55fa10d,1
U754b5f2258bb,1
U754e0a8ff321,1
U75888ffda735,1
U7593e88492dc,1
U759fe2a1dd5a,1
U75a2bcfdd466,1
U75b53fe51bd0,1
U3c27d26db705,1
U3c3075198211,1
U3c32afd89e0b,1
U3bdc961d9102,1
U3be232659b32,1
U3bf64d659bac,1
U3c0f5d3d320b,1
U3c11962d8f48,1
U3c234517c04a,1
U75c66d251994,1
U75c72ace6b73,1
U75d7c01ac87a,1
U75f3f77262e0,1
U75f466de7855,1
U76107f05df2c,1
U761130c76fea,1
U7615f717b3f0,1
U7620e59faaaa,1
U7628f89cd672,1
U76fad5b89231,1
U76fadeddc068,1
U770d4e8b77bb,1
U765642d34d26,1
U765d7c2c17e4,1
U767dc3b3d6e2,1
U7682fbe9479b,1
U768ef9ebf0a0,1
U768f9534ff50,1
U769288002e3f,1
U7693251f1f68,1
U3bb45a4e9459,1
U3bc354fcf1e3,1
U3bc67b1d5ecf,1
U3bd93e39689d,1
U3bdbb5c7a664,1
U775921bcf460,1
U775e3c2fad14,1
U776cb7b66cc9,1
U778ba2ef9bbc,1
U769a8cf5814a,1
U769d97666667,1
U769dd3e3f5ab,1
U76afb2182244,1
U76bf9c4cbfce,1
U76c0d15579df,1
U76c4e049d88d,1
U76c5763aea5d,1
U76cf95a8b1c1,1
U76f1ed247f3b,1
U76f85da43ae5,1
U76f8862dabd1,1
U77bb7c65599a,1
U77c1a4e62696,1
U77c46db24cf2,1
U77c9f58a93fe,1
U77dbfb40ab63,1
U77dc69449164,1
U77f02e1581dc,1
U77f03fa74b8a,1
U77f2ac846bab,1
U77f7b5a4b4e0,1
U771080fdb3ff,1
U771f19bee66b,1
U7728a38ead13,1
U7733c36cb62c,1
U7747a74354f1,1
U775331d54b2b,1
U3b28a17d74a3,1
U3b2ac67fde0d,1
U3b401f88b3ea,1
U3b402d539794,1
U3b5ddfaa7bf4,1
U3b608509f3db,1
U3b73576bfe3d,1
U3b7b69f57fc7,1
U3b8d72ff319f,1
U3b8f12749d0a,1
U3b92d8653e52,1
U3b9be4ffa94b,1
U7791452f1ff0,1
U77969e2a5c11,1
U77aea939ebed,1
U77ba9dd86faa,1
U3aecb5e9f0a0,1
U3af647666c18,1
U3afca719f9fa,1
U3b05e65fc40f,1
U3b06278c8877,1
U3b1325c054a1,1
U3b171b5a7cb9,1
U3b194d337626,1
U7804460db23c,1
U782213112473,1
U7825064c2c7f,1
U78308504f3be,1
U786d25f51a29,1
U7873f78a448c,1
U789a3cc02a75,1
U3b2056e9662c,1
U78c88a26928a,1
U78dbf5137ef0,1
U78e3fc0d859d,1
U7901db7ed0ea,1
U79133f28708c,1
U79362ecaf074,1
U7940b1d3d5a9,1
U795e7575bd06,1
U3a958ef2a848,1
U3aa45b0c2e56,1
U3abbbe813dec,1
U3ad0dda9e2e2,1
U3adaeb4243c4,1
U3ae11c5f4503,1
U3ae14c952a2d,1
U3ae6908e0418,1
U3a64fe669977,1
U3a72a281ea14,1
U3a78a176ca85,1
U3a85dfb01fe0,1
U7970a5707e03,1
U79756a6f0309,1
U79785191038e,1
U797c5607067d,1
U797f4e7e1f00,1
U79921999b0c7,1
U79a8eb85aee8,1
U79ac2cc8f1fd,1
U79b5b66486fe,1
U79bb153ee2a7,1
U79d401493785,1
U79e0c453a20b,1
U79e998325d13,1
U79f37ac1853a,1
U79fb45623a36,1
U79ffe6f50e5a,1
U7a0384214636,1
U7a1b94be7fcb,1
U7a501a045aa5,1
U7a5c05a39489,1
U7a65efe33d9e,1
U7a6ffeeb387e,1
U3a099bf93df7,1
U3a267e716a18,1
U3a2699a37d29,1
U3a2f95368a7f,1
U3a3974286f98,1
U3a425437711c,1
U39c5b9f09cf6,1
U39d413497544,1
U39d533b25094,1
U39d70704fe2f,1
U39d7ab6c0340,1
U39ea2ed74468,1
U7a753a75ca66,1
U7a75ac5feeb4,1
U7a77bfecf907,1
U7a79c1638d50,1
U7a83887eb9ec,1
U7ab228816089,1
U7abb98a9731e,1
U7ac686a47965,1
U7ad85a9edb70,1
U7ae6aeb38606,1
U7c0e5ec65a7b,1
U7c19fc142fe4,1
U7afdc7622c1a,1
U7b10db0a8c6d,1
U7b20069fe86e,1
U7b4207a6cce8,1
U7b43d8be2f7d,1
U7b49c356bc8a,1
U7b51b5ef91ab,1
U7b5786b4cb5c,1
U7b5d70f6d2f1,1
U7b6402170a6b,1
U3976b8fe6fcd,1
U39af4126c61b,1
U39af99bbca59,1
U39b4764ba603,1
U3953b45ba75f,1
U395e28f24334,1
U39613c0a65c3,1
U3967f77c60ca,1
U7b6811c604e4,1
U7b72662eeff3,1
U7b8ba0eadc13,1
U7b8fd4be0d43,1
U7b991bf2cf88,1
U7ba796779f87,1
U7bacc3e558c1,1
U7bc26eaf4560,1
U7bd43f6d8719,1
U7bf860a1ebf7,1
U7c00bcdd5697,1
U7c093e351ab5,1
U7d4242ae7200,1
U7d5ac7d9303e,1
U7c29c32a489a,1
U7c388852cf9d,1
U7c7a99dd68e9,1
U7c9af17c47ff,1
U7cb39934a928,1
U7cb506fffbde,1
U7cb98e2f4452,1
U38b9b263860f,1
U38d056cff236,1
U38ffe454160c,1
U3902b3261495,1
U391c5a63fd0b,1
U393554de653c,1
U394e6fe7e15f,1
U3833ccca9a15,1
U386d64261bd4,1
U389c32549ccd,1
U389f9d09feea,1
U38a515fabefa,1
U38ab77a81ee7,1
U38b39bf25d6f,1
U38b7e56b625d,1
U7cf641d31c13,1
U7cf653805c56,1
U7cf86aa5f801,1
U7d149e57c662,1
U7d16f5088a6a,1
U7d1ee21678c8,1
U7d23d497d3f6,1
U7d2f6e1fefaa,1
U7e8ce2f1863c,1
U7ea3ba676419,1
U7eab4de83c2b,1
U7d71f88341ee,1
U7d99856dfd71,1
U7d9a85d5800c,1
U7da47a5b2391,1
U7db867e5016c,1
U7dc4e664d20f,1
U7df7795168b3,1
U7e04fcfee5da,1
U7e1c84e69e85,1
U37eb0a8a85d5,1
U380a067adea5,1
U380d1795c200,1
U382f6db38d9c,1
U379c3114a047,1
U37a4a4f4887f,1
U37b536fbce7a,1
U37d52cfbc2f6,1
U37d5f63016d3,1
U37db55cac5dc,1
U37de833a448d,1
U37e22b4c7853,1
U37e5a55280a7,1
U7e1dfbe42120,1
U7e298fab2886,1
U7e2b0fbf05e3,1
U7e3179f1422d,1
U7e3b46dc371d,1
U7e548278235b,1
U7e8ae8a6910b,1
U8011efdbe49c,1
U7ed21e83ba79,1
U7ed636518906,1
U7ef3b16db8a0,1
U7f06113116f1,1
U7f0d25c709aa,1
U7f17acbf3f4e,1
U7f3bb55f24e1,1
U7f50032863a5,1
U7f5a08762a65,1
U7f5e5253ae0f,1
U7f778acf3395,1
U7f7db248040c,1
U378854496877,1
U378cd94f1fee,1
U379664cde19c,1
U371a4fb7e29a,1
U371f4f09d46a,1
U3732d68063ac,1
U3733ea9800b2,1
U37565899159b,1
U376431240693,1
U3764c8b068fc,1
U7f9806b8776f,1
U7f9993debb85,1
U7f9b25e82951,1
U7fb34d301074,1
U7fd3427fab7e,1
U7fd3bc4d05ff,1
U7fd746033666,1
U7fe8087ddd4e,1
U80024e4ed705,1
U8015f73bab56,1
U80204c7d3f5b,1
U802a1324f887,1
U803a4b685d4a,1
U8041a5b60210,1
U80471d01e68f,1
U804ca08923a0,1
U80523ce2e9d3,1
U80547f9f2152,1
U80862b020804,1
U80949c95d7e3,1
U80a21c359c23,1
U80ac8749b873,1
U80b946be925e,1
U370b61b5af76,1
U370d4185d5ef,1
U81c3e2de074d,1
U81c6486b9c81,1
U81d7ace95551,1
U81da16b6beac,1
U81f00cbdd511,1
U81f67f953ca5,1
U80c4afdab88c,1
U80d1b0725884,1
U80d5bd2a6f26,1
U80de34d2acd0,1
U80ea8ad5e7f0,1
U80eafb433b40,1
U80fb5499f05f,1
U811ec6e4ca00,1
U8125b7cf3a88,1
U812d45825962,1
U368f478c1616,1
U3694789e2015,1
U369cb469df0d,1
U36bc49d58710,1
U36cc6f5f98d5,1
U36d5a2e35c5d,1
U36daacc4cfc9,1
U36eadabb0727,1
U36f6fce3c27d,1
U3700d13caaff,1
U37020c26c9be,1
U8139409dd891,1
U818300e466d4,1
U8191d96d9e04,1
U8191e75486f2,1
U81943f54ee61,1
U368087f80e77,1
U3684582b98f1,1
U3685c0e81e6c,1
U822b07d2a804,1
U82307cf5a136,1
U8237589c3fb5,1
U82401c22da1d,1
U82419086d338,1
U82486d6df391,1
U8253b44df1a6,1
U826adb54de13,1
U8271f6f16519,1
U827838b7d947,1
U8288379442e9,1
U368bc380472e,1
U368e7ece0654,1
U83a4dfb78551,1
U83cd2c3dbaa6,1
U828a0d301f6e,1
U828c49df5fa3,1
U82d0757180ba,1
U82dd7a9eeccf,1
U82f31218929d,1
U8313066ab18f,1
U83265de081c4,1
U36110e9db212,1
U3618ce2ee37f,1
U361e584f22f0,1
U364573f6395e,1
U366577370507,1
U367365b7a444,1
U367dd584f0ff,1
U359bb245ce1e,1
U35b037c79497,1
U35c0902ffce3,1
U35c3b0635561,1
U35c7b0fa154d,1
U35cbfbbae045,1
U35ced7743696,1
U35e870947744,1
U832e2124715c,1
U8340afa3872f,1
U834f2c5b1173,1
U836c2ffe8ec7,1
U836e8b9031cb,1
U8386991b30e6,1
U838e7c4bb9a6,1
U83905259c8a7,1
U84fe3011362b,1
U850aabb82a49,1
U851bc0876828,1
U83d7a559be45,1
U83ef7251dc88,1
U83ffd7e10a12,1
U841e655c26e4,1
U8430b8206e67,1
U84526afd6fae,1
U845b02c63729,1
U847220bd6be5,1
U84746dba57b7,1
U3556403c9096,1
U357bbaf4a6a7,1
U3580795f3d2f,1
U3585caeb192d,1
U34e150e91cd3,1
U34e71d9333c0,1
U35075a689702,1
U3538d35ebd2c,1
U3539334aa532,1
U3539d7caac3a,1
U353ab65c3bc7,1
U8493ac6841c7,1
U84c07f8753d9,1
U84c469d7e09b,1
U84d0e8712941,1
U84d933452b88,1
U84e22cc20800,1
U84e25439c474,1
U84f3905c4e7c,1
U84fa495553ca,1
U861bd993e403,1
U861ce5a4f0c7,1
U8620e726974a,1
U852fbffe460c,1
U853175e09b6f,1
U8534e52bcae3,1
U853532be03bb,1
U856aad09cdbb,1
U856d14f80be5,1
U85843fd62686,1
U858f8b40fc2d,1
U8590d07de252,1
U34b70eb8c7c9,1
U34b9c2f2348b,1
U34bf4b2b7a9c,1
U34ce30ea79f2,1
U3464a0d2f111,1
U3475c6944d0b,1
U34979fe93492,1
U349a641cff1b,1
U34a399969e30,1
U34abcbc24fdd,1
U8598caf4d87d,1
U85a528c2c7b5,1
U85b116bf53fc,1
U85e4c38bb131,1
U85e7b2cb5f58,1
U85ecbf55333f,1
U85fa973a3aab,1
U85fd989ed38b,1
U860a005630a0,1
U8619b7e7a39c,1
U862784d5264d,1
U8659f239c8fc,1
U867059e64a2a,1
U8679b16ed0a8,1
U867b8a3581b5,1
U86afa5913882,1
U86baa8713d69,1
U86c000cc2d61,1
U86d40ac3ec84,1
U342e8f0da749,1
U342e8fb42ba7,1
U343c152e7bc4,1
U343e12ee1679,1
U3449993ecea4,1
U344d6c47fd05,1
U3455085117d8,1
U87b46b75cf27,1
U87b4a8dc13aa,1
U87d188ce5187,1
U87d52debf722,1
U87df23cf3a44,1
U87ef0145ac07,1
U86ea494019ff,1
U86f44d5630b5,1
U8706e66b6e53,1
U87149ecb722e,1
U8717fcb796f4,1
U871dfd9a318f,1
U8745b9cf4fea,1
U875b01b17b88,1
U875fda3b0c8f,1
U876a3a557e3f,1
U33cc46acb0e9,1
U33d4c8ab5669,1
U33e57fa34285,1
U33e7831787dd,1
U340545e71a5a,1
U340f2649db39,1
U34118b22b3fd,1
U3413494202f0,1
U341ba46d4184,1
U342bf2791212,1
U342cae7bb09c,1
U87778670d532,1
U8778f502bd28,1
U879b46001ec5,1
U87ab1e78e758,1
U87b13fd666e5,1
U89393600af52,1
U881707ef1667,1
U88307f137608,1
U8830d8c7ae3e,1
U8835e7c867c5,1
U884a56043d30,1
U884b0253da2c,1
U88560c97702b,1
U885a3bf9479a,1
U887381aa2ce9,1
U8873cd5e4d39,1
U888d584fb47b,1
U8892ccdd6548,1
U88990f1c2b17,1
U88add228a4b8,1
U33baa85cbbb6,1
U336a1c1b481a,1
U3380e8169ab8,1
U3390c140cf9a,1
U339152e71a99,1
U339bef837f56,1
U339e7538ce89,1
U88be26a9a7dd,1
U88f29e4ac081,1
U8903572172e5,1
U89046be944cf,1
U89049ca2f427,1
U8913222f03e5,1
U8922b930d0c9,1
U892689945973,1
U8934051119be,1
U89370f618e3f,1
U8a660001f5be,1
U8a68b27d7cc9,1
U89484627633e,1
U895c6c526740,1
U89747c075ae8,1
U8984b06d71ff,1
U898c634d047c,1
U898c6fe06206,1
U89918a032cd9,1
U89a5f362806a,1
U89abfa090202,1
U89b1b02f90b4,1
U89b94ff5b2fe,1
U334bb678adda,1
U33556333f660,1
U335d6ef42acc,1
U8ae112dca0aa,1
U8af0750df4d5,1
U8b040c9bd41b,1
U8b0f7bad36a8,1
U8b3126efeec8,1
U8b4aabef466c,1
U89c41e4b3472,1
U89cca34b46db,1
U89dabfd3eca3,1
U89dc150d797c,1
U8a24e3b49caf,1
U8a2b22842fc4,1
U8a34c2ccaac1,1
U8a4f000b9100,1
U8a5390c76dd8,1
U8a55cd73ab56,1
U32ab6dbdfd74,1
U32ce20619d00,1
U3308db7aef00,1
U3316a1553848,1
U3323f9694cfa,1
U332929faff70,1
U33389686c8cd,1
U333cbe12a305,1
U334af7dca922,1
U8a7ac50da32c,1
U8a841fcc4926,1
U8a91b47a7b31,1
U8a9249e70bb4,1
U8aa966ea7f98,1
U8ad118edd72e,1
U8ad43044155e,1
U3235389a129d,1
U323882caf25f,1
U323d4dccec48,1
U326d17a9efc4,1
U327360797f4a,1
U8b5f0e6bf3d3,1
U8b63f368cd75,1
U8b65b691f46d,1
U8b6d3a22b02c,1
U8bad98849b79,1
U8bb44d9f9ff6,1
U8bf2fb2331c3,1
U8bf4a3e32508,1
U32794e47fae7,1
U328ae189b57d,1
U329554b629c2,1
U8d0debb9dce9,1
U8bf8417f7aa3,1
U8c060a0d0c30,1
U8c0a0671a9f2,1
U8c0ae91c6ee3,1
U8c2276ce4973,1
U8c3a5b895f3a,1
U8c6300a8adc8,1
U8c6453ee64fd,1
U8c652fa98cba,1
U8c7e8bf4eb18,1
U31c232649e36,1
U31e1846ab702,1
U31f480a4eac5,1
U31ff0fe21876,1
U320ce8abab8d,1
U8d69f60c5eec,1
U8d76d67b382b,1
U8d7dfcfa78cd,1
U8d7fe88604a0,1
U8d8b771ba148,1
U8d8ca8a93c4e,1
U8d96d3652baa,1
U8c807d54141d,1
U8c98ab2aed7f,1
U8ca6d6ebb1f9,1
U8cab7fb23926,1
U8cb0b2c2cb2a,1
U8cb22f6b6cd2,1
U8cd4b78ccfb9,1
U8cec4a01731e,1
U8d0488e9d700,1
U316302393c71,1
U3164a8a3f925,1
U3166534bdbf3,1
U316a6d47688a,1
U316aaf259322,1
U316e7e056839,1
U3192189f47cf,1
U31a7efbcda5b,1
U31b7c8d22a5c,1
U8d143142b4a1,1
U8d18719e73fd,1
U8d2133a5b0c0,1
U8d3d8f0d5b86,1
U8d424dbc03c8,1
U8d55a4d86b0a,1
U8d5de78da69f,1
U8e9af86445ad,1
U8ec865b99789,1
U8da68c68c4b6,1
U8da9d2b2c19b,1
U8db164447955,1
U8de357a867f5,1
U8decfff2ab42,1
U8df72c922bea,1
U8dff166117a1,1
U8e044a6f9144,1
U8e064ce39d43,1
U8e0b565ecb3d,1
U8e167ad2d7a7,1
U8e18f811f9d8,1
U3142fe42b2d0,1
U315bb37b50d2,1
U8f79e1b7f753,1
U8f91f8847b29,1
U8e28f8a9ae0a,1
U8e2b526dd8f0,1
U8e2faea279b6,1
U8e2ff17e73ef,1
U8e3fd2fbee21,1
U8e44d953a884,1
U8e4930aa508e,1
U8e59b4a25280,1
U8e5b75e44223,1
U8e5d4008f591,1
U8e65646fac3b,1
U8e74dbeba155,1
U8e762d406a51,1
U8e8e22687f66,1
U30f7445c77ee,1
U310b0e2ae042,1
U3111f2fd160c,1
U3125c3e2dc13,1
U312fdd02a168,1
U31327731d287,1
U3139e512be5c,1
U314079ae9495,1
U31425cfa7b6d,1
U8eef55d58eb5,1
U8f01291ef75b,1
U8f05ace07a58,1
U8f2df9580900,1
U8f5be3c70af3,1
U8f62d16f911d,1
U8f63947e0498,1
U907eac18bd9e,1
U8fa66466a286,1
U8faead74c3cc,1
U8ff9d4e61930,1
U900fe4a278ca,1
U9014c1c6ee37,1
U901a36d1f8c5,1
U90219a1b49d9,1
U90251086ded4,1
U902d94c4ed29,1
U30b9241f07c4,1
U30cf49fd3841,1
U30d77a374047,1
U30db7df5dee2,1
U30f3cfd0a782,1
U30f50f33b6ec,1
U3067950a6482,1
U306a2f7110af,1
U30975e0acb4f,1
U30a46b055d64,1
U30aa3f3da7cf,1
U30b1ebe9df57,1
U902e4cb66fca,1
U90332495430a,1
U9033df073e45,1
U9041abb5d4c5,1
U9045e9bd08b3,1
U904995a5ba26,1
U904c96f7a98e,1
U90532eb1d076,1
U9066f2d5ee55,1
U906da3d9b7f2,1
U91a75ec67989,1
U91b99d009178,1
U91c04ec43418,1
U91c2ab9b1e85,1
U91c80d2d0c46,1
U91d664574b3c,1
U908b1399ed2a,1
U90b24b24e9d5,1
U90c335420199,1
U90d48d8c5f16,1
U90d66cb795e6,1
U90e960337e16,1
U911f13f7a3da,1
U303c1f2f09d2,1
U304876b80aa4,1
U3051da21b76a,1
U2f8c23b36b71,1
U2fb26834ffd1,1
U2fb77a5e5141,1
U2fd871c01736,1
U2fe337076b89,1
U2ff1b32f09dd,1
U3000becad055,1
U30188b305d3a,1
U3022345175f0,1
U302579df95dd,1
U302e730b364e,1
U911f59ef4893,1
U91330c54fac5,1
U913bd46790c7,1
U9183a739a546,1
U91a314af5f60,1
U2eff0105852d,1
U2f144706ef42,1
U2f20b5c949e5,1
U2f5f66bacbcd,1
U2f79700d8c00,1
U2f7ae844ffb7,1
U91f229188f81,1
U91f8d04058a0,1
U9219e0be9635,1
U924ba955b3ec,1
U9253bf059d89,1
U925c7f001267,1
U925f435f790c,1
U926c3b2ad146,1
U2f7db8bd91bc,1
U2f8836870179,1
U9271448d3399,1
U927e993a2a9e,1
U928552760604,1
U9285c06d1fa3,1
U928f4622c958,1
U9293203a2508,1
U929b7a4ce3f9,1
U92c8994ee7f0,1
U92d04ac3c301,1
U930013a94e06,1
U93003985e7f9,1
U9301950d4752,1
U9307215f9d11,1
U930d731fc1f0,1
U2ef014af4b6e,1
U2efecda9fe9e,1
U94127c858723,1
U9416b0b23d5b,1
U9424392d594b,1
U944981a1cc6c,1
U944f901ce37a,1
U931eb2eedf12,1
U93201326194e,1
U932688316804,1
U9326d6eafd38,1
U9340939bd5a5,1
U9349f51b18ea,1
U93756236a1b7,1
U9375d603a757,1
U937a4f2f86e1,1
U93957f123924,1
U93a74e64c862,1
U2e6a8dee0b89,1
U2e7ad8cec4f2,1
U2e9098892fb9,1
U2e94b43ade38,1
U2e9cfee28c06,1
U2eba3e735863,1
U2ec00301be58,1
U2ee927faff55,1
U93c5ea8f4cab,1
U93db4616a3c0,1
U93dcc23a7fc9,1
U93e77c4ec725,1
U93f4d7443b13,1
U93fa11176a2c,1
U93fa3b7cec6e,1
U940aca00aaef,1
U945099b0d88d,1
U9451caa9cd73,1
U945fddb68802,1
U9469f45ab121,1
U9476c3090eae,1
U9483cad81e0d,1
U949acfb79593,1
U94b0f6ae4c5a,1
U94b7de0ec367,1
U94c143a28cfb,1
U94c827da872a,1
U2e41a4dff303,1
U2e426c97610b,1
U2e50157c7ecc,1
U2e53fcfed241,1
U2e5a45467f0b,1
U2dd1f315706c,1
U2ddd7a45cab6,1
U2de68df9c2ea,1
U2de90680f283,1
U2df1ff40daa7,1
U2e2aae7ccb81,1
U2e3a2fde4b2b,1
U94d91e07b1da,1
U94e8621146f3,1
U94fc5be3a4cd,1
U951672d946e9,1
U95199248548f,1
U9524e6532426,1
U9553fe234bce,1
U9555dec63a46,1
U955a30bb425c,1
U966aefbeb689,1
U967847e18431,1
U96824edc21b8,1
U957ececc412b,1
U958beb91b4eb,1
U95ae5a9e312b,1
U95b2d32479c3,1
U95b6b7ac0bf1,1
U95b940c6d47a,1
U95c6cee8f48c,1
U95c80d685304,1
U95ce67cc10d1,1
U95d3ef773924,1
U2dbfd1547a58,1
U2dc5583a21c6,1
U2dd171ef7b18,1
U2d30d2f26f75,1
U2d5d52729c29,1
U2d6ddc27c84e,1
U2d6fc9619ad5,1
U2d8eb32d7354,1
U2da9f5f73328,1
U2daab90d93da,1
U95d58cf35962,1
U95da3016ee09,1
U95e1c336c9de,1
U960d4fbe127c,1
U961ed23ca1e9,1
U96231d611a7d,1
U9638ef8f33fa,1
U96574f0296b4,1
U965f700e78e4,1
U97f31c3adcd0,1
U97fd8e8a8c60,1
U968b71fee2dc,1
U96b1029ffca2,1
U96b5facc6751,1
U96bcd5f20295,1
U96c9b661474c,1
U96cc515f97b3,1
U96eb47dfc9b1,1
U96f19eecff2f,1
U97069f7b57e3,1
U971715df54e1,1
U2d217f321334,1
U2d284aa5e1ae,1
U2d28b4f542ed,1
U2d2f17b90276,1
U9858240f2c0c,1
U9862a015bb5c,1
U9867f1d225ff,1
U97193b503741,1
U971fe190f648,1
U973799f12e93,1
U9745e6238938,1
U9751b18670e1,1
U97617aa00f4c,1
U976daebf77ac,1
U97893350dc42,1
U97943f5b0b20,1
U97ac902d3be9,1
U97ae69365fbb,1
U97bc198e795e,1
U97daa348e62b,1
U990d7c83683f,1
U9917213c2cc1,1
U991c1940acfd,1
U9922dcd3a9d7,1
U992a9f733ee5,1
U992c374ff957,1
U992eb76f0f60,1
U97fe8cf42689,1
U980a0ac530ea,1
U9811dc071f8e,1
U98216a9dd396,1
U98260e27002f,1
U9828fc7022d4,1
U982e9d6e4de3,1
U98439fa2c2bc,1
U9846937997b7,1
U2c9bd4ee1801,1
U2ca52a35cfb1,1
U2cd4bb5cf158,1
U2ce5aca0c300,1
U2ce8479ed17b,1
U2cf7fc092ffa,1
U2d037ccea76b,1
U2d0451b1e308,1
U2d209dca7503,1
U98a64821fd4c,1
U98ac82cf2db1,1
U98b8f579969c,1
U98c56abd8786,1
U98cb5e5bb65d,1
U98e4ae9eb227,1
U9902a39b9b51,1
U99f3c0613e20,1
U99ff89d33173,1
U9a0b30d0439b,1
U9a3373954bb5,1
U993964b08f9e,1
U994340c866bb,1
U9955df9f48e9,1
U995855558704,1
U995f3cb16eb7,1
U99600c9581eb,1
U997c019630ab,1
U997f184ed30e,1
U998ce618e75a,1
U999eb09dc064,1
U99a741b570d9,1
U2c9ab847fff7,1
U9a634f731637,1
U9a6743e08bd1,1
U9a74fc610130,1
U9a7a8c65b078,1
U9a7b8c27ca81,1
U9a7c25e9773a,1
U9a83125041a5,1
U9a8d1cbba7a3,1
U9ab71a5f98dd,1
U9ac75c8d7246,1
U99d86286677e,1
U99db9b400acd,1
U99dedd38706c,1
U99e165ddeaa9,1
U99e209fbf737,1
U99ec7e6525c0,1
U2c0cbc98c077,1
U2c0e8ce521c9,1
U2c113e1aa4d7,1
U2c1eb0a81f8e,1
U2c226cbc42a6,1
U2c2fb929dfaf,1
U2c3d19bfb0fe,1
U2c4714779733,1
U2c4cfbff6c53,1
U2c4f3cbf0254,1
U2c6d2590ee32,1
U2c6f3ec4d01e,1
U2c817338d256,1
U9a59d72f97b0,1
U9a5b2c19439d,1
U9a5bc46f740a,1
U9c315f9d7716,1
U9c319c7d514e,1
U9ad61919197c,1
U9afe192e8443,1
U9afec1897583,1
U9b0133581f09,1
U9b1b77e55514,1
U9b371b4f4f9f,1
U9b3f7210045b,1
U9b59f722b53c,1
U9b5ef9675ffe,1
U9b7256dfdd66,1
U9b8d45ce0e14,1
U9b9646e80f94,1
U2bf0dae94c8b,1
U2bf1c43ec725,1
U9c8639afcb59,1
U9c8e3a230374,1
U9c962401524b,1
U9c9b2c1efdbe,1
U9b9e3d769319,1
U9b9fffb70d3b,1
U9bad77e5dda4,1
U9bbb7da08633,1
U9bc9a02ea60a,1
U9be360cb2850,1
U9c0466e6594a,1
U9c0895ea98ae,1
U9c110524bcd9,1
U9c121aefffd9,1
U9c1863cf7f5f,1
U9c2bb47ac01c,1
U9cd4ccdaf107,1
U9cde09e3fa3f,1
U9cdff5f86c3f,1
U9cf4c2a15b75,1
U9cfa6c7a43e3,1
U9d14751c0c19,1
U9d16afc3ac1b,1
U9d16caf8ecd2,1
U9d2facdd1c99,1
U9d4391ec7cfe,1
U9c410ac7da21,1
U9c44a24a4a91,1
U9c4b4047dbe6,1
U9c4fc2bb5c2d,1
U9c624e84b08d,1
U9c6dc35b2a8e,1
U2ba0555c0c7e,1
U2ba21b9f892f,1
U2ba2a119bc51,1
U2bab1c543dc4,1
U2bb0ec441e32,1
U2bb477f6b94a,1
U2bc6fdbc890e,1
U2bd730c92dc0,1
U2bd8ec71be08,1
U2bede280b432,1
U2bef6f1e4fcf,1
U2bef8d986637,1
U2bf02ae5f800,1
U9cbba83a50e0,1
U9cbf013ce101,1
U9cca5e2e1eea,1
U9e7aba31daa8,1
U9e9a5b5bfa1d,1
U9eaf2c013c01,1
U9ec128a6bea4,1
U9d4ff1525c80,1
U9d5145f6755f,1
U9d545d5e52c4,1
U9d5c6d1927a9,1
U9d6993e63ead,1
U9d8c5fb4e3e4,1
U9d9ffa2e5ed8,1
U9da2ab8eba0f,1
U9db12750a1ad,1
U9dbaa6c0cd65,1
U9dc07d3d60bc,1
U2b9f7618a0a6,1
U2b3a2e05b697,1
U2b6a030721da,1
U2b73e639dfa9,1
U2b75d47b5dba,1
U2b7a4caf04b1,1
U2b90cf741d7d,1
U2b91f153a0e9,1
U2b9a383adb01,1
U9dfce0616526,1
U9e03d6c6e134,1
U9e098bc191b8,1
U9e2598ecdce1,1
U9e28bb132676,1
U9e2de1fcac39,1
U9e35ed9c0ef8,1
U9e668bfd72ab,1
U2b077dc29822,1
U9ed9047bc788,1
U9ee4369381af,1
U9ee65e421775,1
U9ef81fab62a3,1
U9f05306fb6c7,1
U9f1e9c79e6b8,1
U9f471ce8c59a,1
U9f572bd42c11,1
U9f6bf52366a1,1
U9f6ee1dbf497,1
U2b19f9a5fc08,1
U2b1f265c2b64,1
U2b2931552311,1
U2b29bdcb9473,1
U2b2a505b40a3,1
U9f72ec0f67ed,1
U9f8b5e9a5529,1
U9fa3a4b47269,1
U9fa5c6dca503,1
U9fb46b6bd9fa,1
U9fbc4edf1a40,1
U9fd67b35248d,1
U9fe88e394b54,1
U9ff0346602f6,1
U9ff379d1366f,1
U2ac98d59239b,1
U2ac9e2cd3a47,1
U2ad5b9117c30,1
U2aeb06b84414,1
U2af80e900408,1
U2affa4aa8d1b,1
U2a6c126758f3,1
U2a7352b8ec32,1
U2a81f766bf9a,1
U2a82e5a47801,1
U2a84c10ec6b9,1
U2a9949ddd01c,1
U2aafe081a91c,1
Ua012a72bebda,1
Ua02ff5b91453,1
Ua0361c0f25b8,1
Ua088bde5f50f,1
Ua0ac4c7e532a,1
Ua0aeced8352c,1
Ua0d1244ab8d7,1
Ua0d8a95c9d7c,1
Ua0def0a19f48,1
Ua1e713bafacd,1
Ua1f05a2575e2,1
Ua1faa72266b0,1
Ua0f1285b9569,1
Ua1026b3dafc6,1
Ua10de1f2f980,1
Ua10e5ae40373,1
Ua110a8495ece,1
Ua1152fb59a58,1
Ua116bf625225,1
Ua130868f3741,1
Ua13b7426bd13,1
Ua143f7d5a46b,1
Ua14b77db8089,1
U2a591ce65eed,1
U2a67e21d9488,1
U29cf4d42bc53,1
U29cfa3d987f5,1
U29edaff5fe0b,1
U29ff92d1da03,1
U2a195fc540f6,1
U2a1af883e0e4,1
U2a1fe9292add,1
U2a3cf6c82e9d,1
Ua1592b2ee15d,1
Ua16445488c87,1
Ua17436c060b2,1
Ua1752322a69b,1
Ua183b590533f,1
Ua198a0d12bff,1
Ua19f9a7e7728,1
Ua1c17787dd84,1
Ua3504a068578,1
Ua20ebc36a84f,1
Ua2199e68b1bb,1
Ua22cfc33ee1c,1
Ua230e00dec85,1
Ua23590a4a4f1,1
Ua23651302d90,1
Ua248ed5ef4d6,1
Ua24d481095d2,1
Ua254df0d3e6d,1
Ua26c709d2729,1
Ua28259e54ffb,1
U299c4a609590,1
U29bf904fb89d,1
U29c21658c780,1
U29ca0122ddaf,1
Ua3a2f0ca63a7,1
Ua3c711e3ef56,1
Ua3d0dd6a7de7,1
Ua3d26ae90a33,1
Ua284d3828333,1
Ua28cb4354269,1
Ua2be7b6c3870,1
Ua2c11a072e7e,1
Ua2e1fdf4564e,1
Ua2ec149f2d16,1
Ua30948a1ff76,1
Ua31497a82e03,1
Ua318bf39dc20,1
Ua31e474d211d,1
Ua32513e92afe,1
Ua327a7d6f616,1
U29657263e2b4,1
U2965e804ac40,1
U29682326080c,1
U29818dfce431,1
U298955b00384,1
U29916659d627,1
U2994e0d1cde3,1
U29957ca14a89,1
U2996f31c725b,1
U299b7f4ceec5,1
Ua3596c82b9b6,1
Ua35ccc074c18,1
Ua35d4fb1719f,1
Ua360c806ff38,1
Ua360df7590c4,1
Ua39575be279c,1
Ua55781a5b324,1
Ua3fb45e97af0,1
Ua40d1b9c9dcf,1
Ua438bde446df,1
Ua4489c5d1c31,1
Ua46318313c7c,1
Ua4695fb31594,1
Ua48e1905f934,1
Ua4b556c0cd23,1
Ua4d844e7bc15,1
Ua4e6ceda2a24,1
U293563b897d9,1
U2939e65ebf5c,1
U294e123fd5cc,1
U29574faeedad,1
U2964aa2d6c70,1
Ua5b4185401d3,1
Ua5b6616c4553,1
Ua5c4b18bc9ed,1
Ua5c755553ec3,1
Ua5caacb419d2,1
Ua4e7b244b5ae,1
Ua4ed23e2afdb,1
Ua4fc3bc59f71,1
Ua50e5cd4f32a,1
Ua514c13c53ae,1
Ua51af3dde9d0,1
Ua52145a38e32,1
Ua52d75d52330,1
Ua52e1820ce90,1
Ua53d49a1bc2a,1
Ua541c36273a0,1
U2899c349c166,1
U289a0ea6e13e,1
U28bb4008499a,1
U28bf1a6f4cd7,1
U28c9952ca755,1
U28df31af15cf,1
U28fe1055ff94,1
U290dc3db27ac,1
U292534e0371e,1
Ua578e25ab1a3,1
Ua57c3a20da62,1
Ua58048b38f68,1
Ua598efcd6ae7,1
Ua59978dde75f,1
Ua59ffeb18f6b,1
Ua5b2d0d01850,1
Ua73edf555b34,1
Ua74289f699ee,1
Ua743392238b0,1
Ua746d43c44ab,1
Ua5f1ca176dcd,1
Ua6003d43e824,1
Ua6541bf69b96,1
Ua658a77a8860,1
Ua6616756aaf7,1
Ua665d1c07125,1
Ua67830c767e3,1
Ua686b939f357,1
Ua6978da67bc2,1
U2879451059db,1
U287cfd1842f7,1
U28997203bbc2,1
U2855c8de2642,1
U2856485bd67f,1
U28586c0e2109,1
U2873b168bb27,1
U2877afd59edb,1
Ua6a5209df508,1
Ua6b4d7a865e9,1
Ua6e1eaa5ec1b,1
Ua6fdfe68ad4d,1
Ua70657d04c1e,1
Ua70eebf50612,1
Ua71228eb56ce,1
Ua71cdb3948cf,1
Ua7237b3a450e,1
Ua725f7287588,1
Ua72845e4c2a0,1
Ua888291c135f,1
Ua89975c5f541,1
Ua7608975ff4e,1
Ua783cd176120,1
Ua788234393cd,1
Ua7b1f617ed47,1
Ua7c58c1ee32b,1
Ua7d7bc3fee76,1
Ua7dd7ebf24fa,1
Ua7e94378979b,1
Ua7e9c312e9d8,1
Ua7eac11059b8,1
U282429521c3c,1
U282dc7933801,1
U2838ad13fba7,1
U283d77235d4c,1
U27ace5066f81,1
U27c1f802a40d,1
U27d5963e09d9,1
U27e892f81db5,1
U27fd95eede44,1
U28153a8db62f,1
Ua7fade60f152,1
Ua802d68edc72,1
Ua80357df6c4a,1
Ua8064935279f,1
Ua80fbe0d179b,1
Ua82367a87ebd,1
Ua8264e0408e0,1
Ua838f1da04b3,1
Ua85443871ee2,1
Ua865218746ba,1
Ua9bb3acb6cae,1
Ua9ca35a80567,1
Ua8a5e079dfb5,1
Ua8a5f5c05c3e,1
Ua8a68b388cf8,1
Ua8af45104f16,1
Ua8af7b0248b1,1
Ua8be16996646,1
Ua8c17c9749a0,1
Ua8d7a791da63,1
Ua8e759de5b6f,1
Ua8ecc2e48f43,1
Ua8eef98df278,1
Ua8feca287d9b,1
U2790d64c4284,1
U27a5f74338d4,1
U271ea7e57f1b,1
U272761c32de1,1
U2736a5414694,1
U273c98436e28,1
U273fe20a124d,1
U2767d2137cc0,1
U276f569b61f0,1
Ua92c74a086c8,1
Ua92eb0c7d1f0,1
Ua94a164f5492,1
Ua965db85aac2,1
Ua96b9d80fdce,1
Ua97b664530a7,1
Ua99dcc0d5562,1
Ua9a2bd3dde7e,1
Ua9a6ae7f58fe,1
U269c3056c4cf,1
U26c1630688cc,1
Ua9d5538f5c30,1
Ua9dd84960081,1
Ua9e8164e2725,1
Uaa0882005e4b,1
Uaa154b035f2e,1
Uaa18b75d7fb3,1
Uaa192bb2a430,1
Uaa2338af058a,1
Uaa2359b7e748,1
Uaa3f25305c96,1
Uaa46468eb070,1
U26fcea1a7dc8,1
U270a29883449,1
U2716c77efe7d,1
Uaa4649ac5cae,1
Uaa46752d4982,1
Uaa78861d3703,1
Uaa9ef9b0a4d7,1
Uaaaae51f2d5a,1
Uaab0f11895b3,1
Uaab632ca55d9,1
Uaabb5fca7ca2,1
Uaac2726253ff,1
Uab031f70390a,1
U2660c78a7391,1
U26651e84323d,1
U268285c9e3eb,1
U26836257f287,1
U268e144fcd80,1
U2693151998c3,1
Uabf793d1fcc7,1
Uac0405a643d5,1
Uac043360d5dc,1
Uac0d2b20731b,1
Uab0ddf30c8f8,1
Uab3560e2cdef,1
Uab562eac34d8,1
Uab675656d4f7,1
Uab725597eb2a,1
Uab86a8f595db,1
Uab991ec75554,1
Uab99397e62e2,1
Uaba40973ee0a,1
Uaba7bc94ee59,1
Uababdf0a0209,1
Uabb9edfcf92c,1
U25f27fd3a38c,1
U25f8c86a7b82,1
U260c91362cc3,1
U260fe7f9a86e,1
U26213cf69dfc,1
U2634a3e9d880,1
U264ba6497a53,1
U264ccebe7479,1
U26586a0df10c,1
U2659042c9311,1
U265ba6238ba9,1
Uabd196f6fa72,1
Uabe397867e18,1
Uabf2104dc15d,1
Uabf40106cc5f,1
Uabf712daa9ce,1
Uad6e12c97967,1
Uad7ebfc21413,1
Uada375970440,1
Uada59e888f91,1
Uada5fe281ace,1
Uac3528b67127,1
Uac3d5460e3bd,1
Uac69db03f4c6,1
Uac90c9ea82e2,1
Uac96ca25dbd4,1
Uaca436c99d46,1
Uacb0766d7377,1
Uacc6d3d97cd3,1
Uace43164285f,1
U25c44d8faa4e,1
U25e58353884d,1
U256a78f1d8cd,1
U2581e9245deb,1
U258ade2f64eb,1
U259426992874,1
U2599a26a9e7f,1
U25b26ec3e3bd,1
U25b70f41a84b,1
U25c062dae966,1
U25c3414bc5b4,1
Uad1edc57eecf,1
Uad2111063298,1
Uad3c2edfc3a6,1
Uad40c9ef8a3c,1
Uad4697aeab09,1
Uad58dc17f807,1
Uad6a6cab6665,1
Uadd1521b9dac,1
Uade5055fcb23,1
Uadf34f48be5c,1
Uadf456afe50d,1
Uae1188e7a77b,1
Uae1538f32957,1
Uae2ec89390f6,1
Uae329c664ea1,1
Uae44f1dc84a6,1
Uae487a607a45,1
Uae57465d36d1,1
U254f3cd04d94,1
U25573f1d7780,1
U256091ba8422,1
U256420ff7896,1
U2566ed3c780d,1
Uaf60509fa890,1
Uaf7990341ac9,1
Uae7b7b729315,1
Uae7e073d6838,1
Uae808034d78e,1
Uae9cc1b93f8c,1
Uae9e28d4e955,1
Uaeac2969d649,1
Uaec84ada4f6e,1
Uaecf3bb4f673,1
Uaed07bd79edf,1
Uaed5cae2a789,1
Uaed7d5d2b481,1
Uaed8ac64a52a,1
Uaedc850ad647,1
Uaee431249879,1
U24a6baee8f33,1
U24d9e4b77a3b,1
U2501fe34ece0,1
U25091a94bb4a,1
U251b3aef296e,1
U25203f82a27a,1
U252b703e3535,1
U25338549cdbf,1
Uaefae8325e3b,1
Uaf21d4f2f20a,1
Uaf22fa4260c7,1
Uaf28d8248abd,1
Uaf2d07030b0c,1
Uaf3c6b142282,1
Uaf4dd166c906,1
Uaf4df9dceec5,1
Ub0d29e5228e0,1
Ub0d4cc6a7be5,1
Uaf944f287937,1
Uaf98a87180a8,1
Uaf9e2c1bd6f3,1
Uafaa07ec6da0,1
Uafcd5263651f,1
Uafcf9e0e962e,1
Uafd0d13a7305,1
Uaffb72b40093,1
Ub00817101194,1
Ub021db194401,1
Ub03b13f51aab,1
U2485257c9a40,1
U248ca8610dff,1
U24948501b323,1
U23e40b58f9a2,1
U23f5861261fa,1
U2407c9fb1b10,1
U240b36af63be,1
U241f0831ea48,1
U2426570efcd9,1
U24349ca9c4fc,1
U24568e3c086d,1
U24821d707c6a,1
Ub05fd8f8a5fb,1
Ub069a6d50a7e,1
Ub074bf13fea2,1
Ub0782a076da3,1
Ub07c8a5f166d,1
Ub0a361c59125,1
Ub0c9aef51153,1
Ub0f28e85a076,1
Ub102753ad0dd,1
Ub1161a4264bc,1
Ub116ed9431ff,1
Ub129ebaf5f62,1
Ub12f41141f16,1
Ub1312779a471,1
Ub15fef6da8c9,1
Ub163ebd7882e,1
Ub17b1d1fe6ec,1
Ub1832c34df08,1
Ub1904e32b2df,1
Ub1964c29ff98,1
Ub1b45d49e4bd,1
U23c90f275196,1
U23d9c0fae3c6,1
Ub2e73082ea7e,1
Ub2ff25529baa,1
Ub30a079e290b,1
Ub30f95bf9085,1
Ub31eb84f254e,1
Ub1b900346390,1
Ub1bbfce23229,1
Ub1e6b67d41e7,1
Ub1f4e41e918c,1
Ub205088bec80,1
Ub220bb86ac44,1
Ub2612262ddcf,1
Ub277695293dc,1
Ub27b7224f7c1,1
Ub28d702a870b,1
Ub2965a5ac31c,1
U23414e7ae8eb,1
U23544fb7d279,1
U2361d1015cf6,1
U236525275fd5,1
U23747bf473e3,1
U239e7222edb1,1
U23a901170401,1
U23b59fe444a5,1
Ub2a5e122c24b,1
Ub2a728c880f4,1
Ub2b053ac716f,1
Ub2b2e7cca138,1
Ub2b3296bb884,1
Ub2b5f93d2957,1
Ub2baac83eef8,1
Ub2bc0be04c45,1
Ub324ed941a21,1
Ub3385d55e60c,1
Ub345a5765edf,1
Ub34f1a02868d,1
Ub35b825b1d50,1
Ub36f14a075be,1
Ub36ff36a1a0e,1
Ub37d8c3f9f11,1
Ub3877f7102ac,1
Ub38c9f0894b7,1
Ub38cd58efe46,1
Ub38f56e3e3ff,1
Ub392e4328fef,1
U2312fdac0133,1
U231d2c0ce2a7,1
U2328b14d66c7,1
Ub4c41c05d50a,1
Ub4ce3612cd81,1
Ub4e9e432f04e,1
Ub4fec394c859,1
Ub3d77e4a10b2,1
Ub3d82845c2a3,1
Ub3dff542c582,1
Ub3e5efa3ab08,1
Ub3f4b7421891,1
Ub3fcc1d06635,1
Ub417c8d35632,1
Ub4362407e7f8,1
Ub4623ebdc387,1
Ub47479a07dc5,1
Ub4797e6d84d0,1
Ub47eded2db71,1
U22ac3991d59e,1
U22ae04a45135,1
U22b0797166cb,1
U22b3ba89b9d2,1
U22c4784bac29,1
U22d247685366,1
U22f8c6951260,1
U22ffbe331430,1
U2308ebf5d869,1
U23112ac88584,1
Ub481d269377a,1
Ub49dd6f73bdd,1
Ub4b34cd1f492,1
Ub4b9e4afc2c2,1
Ub4c17184f2aa,1
Ub4c211decef4,1
U225b98238e0d,1
U226811cb5edd,1
U227056415f9f,1
Ub4ff6ba8bde2,1
Ub50fc155ba32,1
Ub52c1d079b1e,1
Ub5381698a554,1
Ub53b40668c44,1
Ub56404644f9b,1
Ub564a3b3e1b4,1
Ub56d473d5473,1
Ub56e2ddf8368,1
Ub573e03e9332,1
Ub584fd451572,1
U227dd838aac0,1
U2298d1500b03,1
Ub5dc2288dbeb,1
Ub5de39fe5205,1
Ub5e9eb9225b5,1
Ub5f38a7b3165,1
Ub5f9c61cef8f,1
Ub6011b36f10f,1
Ub60d3df58f3c,1
Ub61b940074d3,1
Ub61e2de4a0ed,1
U22125557a941,1
U22150534d603,1
U22244289d98e,1
U222f91b7c461,1
U2231d4a20907,1
U2238ff317fe4,1
U22442e2bab2c,1
Ub73c5e67c3be,1
Ub74154eb78b9,1
Ub7531fdfb0fa,1
Ub753b7cc8a75,1
Ub75f2f510f9d,1
Ub649499d8ba5,1
Ub64f32604729,1
Ub6738fc36fa9,1
Ub6aed6f90510,1
Ub6b1b7581ff2,1
Ub6b68cb8a1dd,1
Ub6bb34a24359,1
Ub6c339e40127,1
Ub6cccf4d24fa,1
Ub6d30b5a94c4,1
Ub6d3da84da10,1
Ub79a6134d359,1
Ub7a447e222b3,1
Ub7b2a372b4ee,1
Ub7bb16cae5fe,1
Ub7bf970c8580,1
Ub7cfe9feea12,1
Ub7d7e09df595,1
Ub7de5149b915,1
Ub6d929e837df,1
Ub6e3e6c4ab08,1
Ub6e99e2b8fa4,1
Ub6ed3a88c77b,1
Ub6f3742759a5,1
Ub70455eb6297,1
Ub7214927dfea,1
Ub722712da61f,1
U2143d4de73d4,1
U214c08a9947d,1
U21614a870e47,1
U21614f576f03,1
U216c29dc3f27,1
U21923e3d6650,1
U21c04597b50a,1
U21c357890794,1
U21c6eca8068f,1
U21c7744fe81a,1
U21d449ce1da1,1
U21d6d04f6e22,1
Ub765927c7f16,1
Ub779967b45ce,1
Ub79090f17dc4,1
Ub799ee620cc2,1
U20c6760aae1e,1
U20c76b6dd549,1
U20ff7a980d7c,1
U2129a7c604b0,1
U2135f8674abd,1
Ub7e10bac6307,1
Ub8039daf1fb4,1
Ub8068b03ef88,1
Ub8315ad447c7,1
Ub839cc107c46,1
Ub83f200fd4a9,1
Ub84809e71410,1
Ub850ae486abc,1
Ub85b6febe604,1
Ub86cbd8382b0,1
U213c426f2169,1
U204f0e93ae39,1
U2056ab119f21,1
U206137cd06c4,1
U2061687328d2,1
U2070db327583,1
Ub86d2705b5f7,1
Ub86d7313da7f,1
Ub8817f881501,1
Ub8827712cb92,1
Ub8a6d849445c,1
Ub8ad54b89952,1
Ub8b1df8935f8,1
Ub8b8ef00ff6c,1
Ub8c0a1a036bc,1
U208249a1e610,1
U20a788dd2dc9,1
Ub8c17f94eb8e,1
Ub8c48b18af94,1
Ub8c68c6f7be4,1
Ub8cf28952fa5,1
Ub8cfda1c2a61,1
Ub8ddfcf4c8b5,1
Ub9075b76ec7c,1
Ub927d7746e22,1
Ub93342fd9d81,1
Ub933d2e101c1,1
Ub93f0105c17d,1
U1fe7013c0af2,1
U201ac03bb101,1
U202198445b42,1
U204c181ea082,1
U204c3126ad8e,1
Uba50d4a307ec,1
Uba56679321b9,1
Uba61033902a3,1
Uba78fbe6c8e0,1
Ub95010a0d1a6,1
Ub9b47eb4aca4,1
Ub9b4b75e30a7,1
Ub9b87d799707,1
Ub9cda1c316d8,1
Ub9d01bdabe51,1
Ub9d2457d4b2a,1
Ub9d6ca322f06,1
Ub9d7e31e4bda,1
Ub9e56706d3bb,1
Ub9edea0cffa7,1
Ub9ee4b5182ef,1
U1f930e82aa7e,1
U1f9f683085a4,1
U1fb18a2fab81,1
U1fb1cf7e31c6,1
U1fb339701df0,1
U1fc27fccbd07,1
U1fc3e1706b61,1
U1fca9586d949,1
U1fd2ea327592,1
U1fd48192a208,1
U1fdf9dd53aca,1
Ub9f661588459,1
Ub9fa9dc3947f,1
Ub9fd7c585561,1
Uba112efca875,1
Uba463302da37,1
Ubb9384b16898,1
Ubba2a5ba70d9,1
Uba798aa78794,1
Uba85220d64e0,1
Uba8fee294b5f,1
Uba9e3e69f4fb,1
Ubab14cc0c618,1
Ubacb31dc2c19,1
Ubadb454c9181,1
Ubae4e1e583bb,1
Ubae6660597ef,1
Ubb07ca17ccd5,1
Ubb08a6f6111f,1
U1f718363ec14,1
U1f759e3d55b7,1
U1f86dbabb30d,1
U1f2d8bdae97e,1
U1f35e3809a4d,1
U1f60c8246971,1
U1f6db0b83244,1
U1f6e83efb74d,1
U1f6fe69853c6,1
Ubb0ad2caa7c6,1
Ubb0cc7481a47,1
Ubb361371c0f5,1
Ubb3ef7723668,1
Ubb4d36f911c4,1
Ubb59773a8215,1
Ubb59be32a038,1
Ubb63dde5c20c,1
Ubb68598ff0b9,1
Ubb84f459468d,1
Ubd3119d04641,1
Ubbac98b6abeb,1
Ubbacf86decf6,1
Ubbfe974843b7,1
Ubc0ff720775b,1
Ubc32e433e0dc,1
Ubc3d4815d683,1
Ubc4c5b6e9b48,1
Ubc63655a0e9c,1
U1ee0bf6f2ca4,1
U1eec952d5c8c,1
U1f04c7ca0fa3,1
U1f0cf53bbc2e,1
U1f10b98d4328,1
U1f12cd90f3c5,1
U1f20f8ba47f9,1
Ubd8a66db530c,1
Ubd9c011c422d,1
Ubdaa497b62a5,1
Ubdac9a607bea,1
Ubc65c5b7d35e,1
Ubc93ae37d414,1
Ubc9a371fc117,1
Ubca6165f7fb3,1
Ubcb5b2d873ba,1
Ubcbb7998700d,1
Ubcca22f35e56,1
Ubcd420ac6132,1
Ubd088edf2f63,1
Ubd2296e40cd4,1
Ubd2dd37ce006,1
Ubd2f7b25d1db,1
U1e590462b888,1
U1e5ae8bbd81c,1
U1e6d26f17d5b,1
U1e7bd01ace84,1
U1e9c26f620a4,1
U1ea07a88a238,1
U1ea1f1578076,1
U1eb00b45cfea,1
U1ec8c11091b0,1
Ubd3a469d7d1f,1
Ubd4305c6d6bb,1
Ubd4395c96ed1,1
Ubd58c5d1e0eb,1
Ubd78f4ad6270,1
Ubd8466f99950,1
Ubd86dd5a605f,1
Ubecc9703ba4f,1
Ubed3169ee6ec,1
Ubefc23f5b535,1
Ubde40b983f16,1
Ubdecdf0cfa14,1
Ubdf1c332eb10,1
Ubdf82c85db49,1
Ubdfd1d18c947,1
Ube117a124103,1
Ube241b2fcb84,1
Ube2ee2dc7e5c,1
Ube3e07a4ed62,1
U1e38eba0d033,1
U1e456e084400,1
U1e51f6fe147e,1
U1e5788b7bef9,1
U1dd6d71920b2,1
U1dee19171b1e,1
U1df43c1caed6,1
U1e1198a822a7,1
U1e17395c3dd2,1
U1e1940e2a5e7,1
U1e312f8001f5,1
Ube4f6c0d7048,1
Ube523cdb53c4,1
Ube54746228d6,1
Ube55ef869f49,1
Ube6e38f72513,1
Ube90d9f33753,1
Ube929af0a6e5,1
Ube95963e55aa,1
Ubec0e5a60077,1
Ubfe01768a29f,1
Ubf0ab1b599ec,1
Ubf0b0a40ebf4,1
Ubf2b5faa456a,1
Ubf2e2c812a9a,1
Ubf2efc7b9c16,1
Ubf35931a1b1e,1
Ubf48e7a6a24c,1
Ubf4b8d789d4a,1
Ubf63434dc8ed,1
Ubf6995963631,1
Ubf6be2b50bc1,1
Ubf78280fa83e,1
Ubf83868c618a,1
U1dc0ef99543b,1
U1dd5ada543e8,1
U1d5ac790fccf,1
U1d79128a770c,1
U1d8175311816,1
U1d9a7cba5a93,1
U1da633bb0ed3,1
U1dadd4486fd7,1
Ubf97459fc030,1
Ubfa1d0c48f67,1
Ubfa83062df2c,1
Ubfaa9b5fad1f,1
Ubfb800ecbfa5,1
Ubfc014257585,1
Ubfc34e2612d8,1
Ubfc527cd5561,1
Ubfd50727292f,1
Ubfdf9cf98fa7,1
Uc13498c60607,1
Ubff2d44784eb,1
Uc010d263db90,1
Uc020baa40701,1
Uc026a8afd0cc,1
Uc02a6dfd7270,1
Uc02c5b3a7956,1
Uc03a4cbb96c4,1
Uc040acac3b23,1
Uc06c738cee28,1
Uc06f1a90dfdc,1
Uc0779e4f95e6,1
Uc078da4e6a6e,1
U1d2451a9d03e,1
U1d277b036786,1
U1d38385bfa00,1
Uc171a66fc2e3,1
Uc176e3acc513,1
Uc191fdef2606,1
Uc197708aae25,1
Uc1a03288c8ba,1
Uc1c323a9e511,1
Uc1d07d4bdf58,1
Uc07e9acad84c,1
Uc082cebfe183,1
Uc0852789ebe1,1
Uc0c967092171,1
Uc0ea72c4f37b,1
Uc0edbf2f4b12,1
Uc10197261edb,1
Uc12447c1ede9,1
Uc1294e4707ef,1
U1c77f50a60b8,1
U1c798f8874bd,1
U1c81d242fbb8,1
U1c845b232496,1
U1c9f454a9c75,1
U1cafac9570b9,1
U1cb6e3f71256,1
U1cda9ed452a9,1
U1ceb07ee4ab8,1
U1cfd9bfbc6bb,1
U1d1831d76d20,1
Uc148c87db578,1
Uc14c3b735c8a,1
Uc1549bfbc2b1,1
Uc15cc96b225e,1
Uc1654243b4e5,1
Uc304060f70b4,1
Uc1d1c9e323c4,1
Uc1e2ddd8e72d,1
Uc1f03ab2444a,1
Uc1f8ff77b438,1
Uc1fe637d4a7e,1
Uc223b133c168,1
Uc22aa7d2ea64,1
Uc22d8ee68351,1
Uc24afbbfa647,1
Uc24b723d97ca,1
Uc25db524ff7d,1
Uc26001c63fc4,1
Uc26478a14dcc,1
U1c4240e6b54a,1
U1c5be49a3bfc,1
Uc3338bebae66,1
Uc33604f88983,1
Uc33dd6b96ea2,1
Uc349da424b96,1
Uc370fa10236f,1
Uc275cdaa2b55,1
Uc28b135f2b25,1
Uc29c76482844,1
Uc2a4352a3b5b,1
Uc2a8b6cccdb9,1
Uc2a94632060d,1
Uc2c7aebf91b8,1
Uc2e1013f5ccd,1
Uc2ee035e9666,1
Uc2fa4260b151,1
Uc3027281b563,1
U1bdddaa6d780,1
U1bf0f62e4b02,1
U1bfac603df43,1
U1c012596ee8f,1
U1c06cd8569c3,1
U1c0b87cb066e,1
U1c1302f34d21,1
U1c1a2c218e78,1
U1c2026e1bac0,1
U1c3e5369b34a,1
Uc30bd0c30d77,1
Uc3130dfe7f82,1
Uc31876b60493,1
Uc31c9dd51921,1
Uc32070033aa8,1
Uc326bbec70af,1
U1b7c62b9562b,1
U1b7e81a73028,1
U1ba5445960f6,1
Uc37b2bb7f50f,1
Uc386d780e360,1
Uc38a3278b5a6,1
Uc3978a7aa672,1
Uc3a90b9525da,1
Uc3b70a90991a,1
Uc3b919013eb5,1
Uc3bc42d8ec2e,1
Uc3bf80afded5,1
Uc3cb6e16a8a4,1
Uc3d7b957d182,1
U1bd214822018,1
U1bd688d41919,1
Uc4d5326eeb4a,1
Uc4d55252ffcb,1
Uc3f68bc971bb,1
Uc40081c42179,1
Uc4314681d70b,1
Uc43924c1f236,1
Uc43dd5863b71,1
Uc440bc127ce1,1
Uc442b13b5b3c,1
U1b1d6af62b83,1
U1b1fa14a8944,1
U1b27086eaf29,1
U1b484ff6755d,1
U1b5c63105907,1
U1b6a35de2172,1
U1b71fe37c2fb,1
U1ac73f6b4ae6,1
U1ae7b943d2e4,1
U1aefb0e3aef1,1
U1af12abe5019,1
U1b06054e2549,1
Uc45f123ee4e0,1
Uc46926058d05,1
Uc46b20b392f6,1
Uc46fdd65b43c,1
Uc474908c3276,1
Uc47b2facf401,1
Uc47f38f4e094,1
Uc487da41ecbf,1
Uc48b1af35531,1
Uc4bcf2d8e727,1
Uc4c9b785714c,1
Uc5f3d71032d7,1
Uc5f5887b27ae,1
Uc5f7612cb6c0,1
Uc61312b93b75,1
Uc4ea8a96461f,1
Uc4eb307c4d48,1
Uc53dad06bc57,1
Uc5451e2108bb,1
Uc55f50cd6562,1
Uc57a8f816fe7,1
Uc597cae3870b,1
Uc5a2a271a95c,1
U1a62b11ad08e,1
U1aa91e787504,1
U1ab50602e263,1
U1ac1446e9350,1
U19ce4c3169cb,1
U19d3a16102fe,1
U19e25ac801c7,1
U19e4d5663bd4,1
U19e9e9d5cf69,1
U19eaf23f9b56,1
U19f8c9d48d9d,1
U1a24ee487e12,1
U1a3396a09bfd,1
U1a454182fcbd,1
Uc5acb028c565,1
Uc5ca1839b3e8,1
Uc5cb4acfdf44,1
Uc5d258044295,1
Uc5dcc5c853c5,1
Uc5e49136f43e,1
Uc7400960e218,1
Uc6191e7f8926,1
Uc620aaeb45b8,1
Uc63b0a345ca1,1
Uc64e000a695f,1
Uc657703b9db9,1
Uc658bb6e4959,1
Uc65c613726aa,1
Uc6768345448b,1
Uc6771580f728,1
Uc677e3ffe8f9,1
Uc6789221144e,1
Uc67a0c9c4451,1
Uc689027520b2,1
U19c159c76e08,1
U19ce3ef4ed0f,1
U1945bdccea23,1
U198ede4d2c75,1
U19997c82e049,1
U19a54194c981,1
U19a667c0decd,1
U19ad262ed4f9,1
U19adc6819b23,1
U19b097d6921d,1
Uc68b97d585c5,1
Uc68dc69ede57,1
Uc692c08eb958,1
Uc6a946110054,1
Uc6d870cda8f5,1
Uc6e0b3f0e0d9,1
Uc6f01d3def18,1
Uc71a969b1cf6,1
U18d74d9dd4c9,1
U18e1f9559602,1
U18e5baae52c2,1
U19037ffac88f,1
U1915dcff3f34,1
Uc74097207c71,1
Uc7448983ceb6,1
Uc76c07a3a636,1
Uc77ae3e21784,1
Uc78a956bdf73,1
Uc78e93ca2eab,1
Uc79bbd25ae4d,1
Uc7b2565915b5,1
Uc7b3f03e9a32,1
Uc7bc2d959144,1
U1944f972e9bd,1
Uc7be78abd6c6,1
Uc7c55ccae33e,1
Uc7c9487d4402,1
Uc7da0a02bfc5,1
Uc7e14fb05e01,1
Uc7ebaef6aa20,1
Uc80c6e1ac6be,1
Uc80f3e846f67,1
Uc8230472b30d,1
Uc8379c4cdb1d,1
Uc854e4d5df74,1
Uc86732afa95c,1
U18b33c7090f4,1
U18b85c71ca64,1
U18cd45178f5b,1
U18d62fae59d8,1
U186b81c23da5,1
U18718cd85773,1
U187ae8a93789,1
U18885dbcc8d4,1
U189c7888421d,1
U18a0b10e4ea6,1
Uc86cb4b7b88c,1
Uc8718210e202,1
Uc871f291d594,1
Uc87f9ccea5f3,1
Uc8861b11ea75,1
Uc8a1666083eb,1
Uc8a18873b39f,1
Uc8b056bc225c,1
Uc8e48be24285,1
Uc8e4fe01577f,1
U17e1ef7bae2e,1
U17e366f08848,1
U17f08f020b59,1
U181031733041,1
U1815847b8c9e,1
U1816dc57886d,1
Uc9036fb3b40d,1
Uc90c99e84e54,1
Uc92741f7f3ff,1
Uc93c78684906,1
Uc9422d0ace14,1
Uc955069b481d,1
Uc960ad0567e4,1
U183b2b51dc01,1
U18440a6c0bec,1
U184d5346e663,1
Uc970cf81dbfc,1
Uc97ce3675c03,1
Uc985de1b2f69,1
Uc9a95a63a1e7,1
Uc9ad05010907,1
Uc9bbb5278632,1
Uc9bffd3b1185,1
Uc9d2108de168,1
Uc9dbcea9cd1f,1
Uc9f3a1558c03,1
Uca09ff9a532f,1
Uca137ea21d76,1
U179f4e1cbc07,1
U17b27edb78a6,1
U17c037d8d585,1
U17c6688a450c,1
Ucb29fa817586,1
Uca1ddbfb1414,1
Uca2026ea3a0c,1
Uca221f1f71b4,1
Uca32aec396e6,1
Uca3527f38946,1
Uca4a4e9d9e3b,1
Uca4c7b70ebcc,1
Uca5116c49e94,1
Uca6f02506083,1
Uca7f2e5f883e,1
Uca918d16fb6b,1
Uca9d0a630b61,1
Uca9d272a658e,1
Uca9f4886522f,1
Uca9f8dfd2aeb,1
U176f426b0156,1
U17701ab388be,1
U1770a52f88a6,1
U1787cdb644cb,1
U178e52821b5c,1
U179194aff894,1
Ucacd20bff9a2,1
Ucad0e93ca170,1
Ucadd48e476de,1
Ucae706d1a321,1
Ucaff557a589f,1
Ucb057c27db96,1
Ucb0609b247f9,1
Ucb0f980a32ce,1
Ucb1442f7e97a,1
Ucb270435bd6d,1
Ucc7b7b67f2d9,1
Ucc7b9bc6c2cd,1
Ucc8234299254,1
Ucb46b63fea0d,1
Ucb54a73f7d3d,1
Ucb7bc0cb111d,1
Ucb8ef724795d,1
Ucbb9b9885760,1
Ucbd710aff870,1
Ucbdb5eac2b93,1
Ucbdfa6b1a495,1
Ucbe185aff366,1
U1738a961cd40,1
U1739ee587858,1
U1751217d4c1b,1
U175f0aeef2ac,1
U16d37168cadd,1
U16d3a719a36b,1
U16d63dfb6d6a,1
U170a29f03833,1
U1710b7c2364c,1
U17118e606f5b,1
U1737048c0c98,1
Ucbee2eab87e3,1
Ucbfac23f8531,1
Ucc162b3a847a,1
Ucc2b71498db9,1
Ucc2d8099fbf6,1
Ucc2e1cbe1c01,1
Ucc3806973eda,1
Ucc4a922df0bb,1
Ucc77ce124280,1
Ucdaec4d2b018,1
Ucc89540d538b,1
Uccae5ef522f4,1
Uccb463f07aef,1
Ucce03b2b60da,1
Uccedacef9d76,1
Uccf5f6a4e28f,1
Ucd0453145e82,1
Ucd113cafa0dc,1
Ucd131e5a26e3,1
Ucd219f8e1f57,1
U168e558180da,1
U169a8a2517e1,1
U16c3d6c06e73,1
U16d1832959c1,1
U16d191632968,1
U15f6893582d5,1
U16111d5a522d,1
U165a66e6d2a9,1
U168051edec05,1
U16829384aab4,1
Ucd289ed18c69,1
Ucd32b3ef7515,1
Ucd423a0df360,1
Ucd4bd21fa9dc,1
Ucd4c97813ae0,1
Ucd538b8bb9ac,1
Ucd54d6a2cbf7,1
Ucd5b7a71345a,1
Ucd815a418746,1
Ucda268d8269e,1
Ucdacbee3e43f,1
Ucdc10f3cd316,1
Ucdc1abbd00b3,1
Ucdc68f669616,1
Ucdde80ae8de7,1
Ucde2315c70c8,1
Ucdf511ec9744,1
Ucdf943c35278,1
Ucdfd2b97c311,1
Uce023152e150,1
Uce05b7651f83,1
U15cdc5973a71,1
U15d2ee9661a4,1
U15eb5c54487f,1
U15ed00666f31,1
U15f3c406b583,1
U15f5fd12aab5,1
Ucf42c95e61b9,1
Ucf45121497a5,1
Ucf467acfa313,1
Ucf508aee1c8c,1
Uce13795a61c6,1
Uce3486797743,1
Uce3d01ae106d,1
Uce53a74decb1,1
Uce56175edec4,1
Uce615eff48b5,1
Uce6eece9845b,1
Uce734068d636,1
Uce79103af6c3,1
Uce8832b7e1b7,1
Uce9d42a91075,1
Uced7cad49622,1
U153c63805ca7,1
U153e2f688abc,1
U1542a982bf87,1
U155dea64e4c5,1
U1561549cf6c7,1
U156e04e2ec1f,1
U1585ee64727b,1
U15c7bdf0c189,1
Ucedd20ba996a,1
Ucf0a6f2e228e,1
Ucf13a53ef46c,1
Ucf26ebd1cbf8,1
Ucf28c458fc29,1
Ucf2cb3154e35,1
Ucf301082271d,1
Ucf301128ad9c,1
Ud028985a3341,1
Ud029ca4f9287,1
Ud08684828b30,1
Ucf64a127a425,1
Ucf7cfde375ee,1
Ucf7d9b9c0a14,1
Ucf7f81126148,1
Ucf97dcb3fb89,1
Ucfa37e6e8413,1
Ucfb406f6ce92,1
Ucfb9272a71d7,1
Ucfc0fabaa83c,1
Ucfcbfd9b45f7,1
U1520fea31400,1
U153254d2450f,1
U153c09906319,1
U14b2089eb2c7,1
U14b4593ea536,1
U14ba4053bff4,1
U14c8c871f4d4,1
U14d3921cfc04,1
U14d6dec5ec60,1
U14d930b988f5,1
U14e32b41137d,1
U150b27aa5d9e,1
U151cf0af91fa,1
Ucfd51bcc8511,1
Ucfdbf71a7e57,1
Ucff1488c7a75,1
Ucff63afa0680,1
Ucffc7f9d75a7,1
Ud0182dcf8df4,1
U14731f65d983,1
U1496d8eac74d,1
U149cb221d5e7,1
U149f6c5595d3,1
Ud08e4b37f4d5,1
Ud09474f9a514,1
Ud099e0f8dc7e,1
Ud09dd3b5f332,1
Ud0a2a5d9d6e2,1
Ud0bff8b9f2c4,1
Ud0c848f5ae6c,1
Ud0c89c43889c,1
Ud0d14803c3ee,1
Ud0e1ef692623,1
Ud0e5dbc7ca45,1
U14aad6848079,1
Ud2201eafa8dd,1
Ud225f2266547,1
Ud0eeb0e26a49,1
Ud120bec0599f,1
Ud1245035e391,1
Ud1283d888cdc,1
Ud128473fe0f9,1
Ud133f3c18bd3,1
Ud15adbdbba3d,1
Ud17afb0d33ca,1
Ud17ca5fe284c,1
U1438dabba13c,1
U14414d170dec,1
U1444677fa479,1
U1445922832ca,1
U145da8d2a55f,1
Ud2fcfd1f90e6,1
Ud3075b366585,1
Ud31606bde4d0,1
Ud32724881360,1
Ud194582fc8f2,1
Ud1a2f0e2ed37,1
Ud1a9a1fa189b,1
Ud1ab80a63680,1
Ud1ac2ce77d01,1
Ud1bfb7ef8013,1
Ud1d0b454f9d4,1
Ud1d9904019e9,1
Ud1d9ab571781,1
Ud1f668107994,1
Ud1fee05e0188,1
Ud2070cabc715,1
U14010ee16523,1
U141620b10130,1
U1426f60ce274,1
U142706fb360d,1
U142825ec230b,1
U14316c7188d2,1
Ud22c5271a01c,1
Ud279ce2402d4,1
Ud2840e296e6d,1
Ud2a105eb8ec0,1
Ud2abe1cbfbc1,1
Ud2c890760f83,1
Ud2ca66b9ba38,1
Ud2e2e7e9e7d3,1
Ud2f49a26d7b0,1
Ud2fa6dd7c24b,1
Ud425d353a646,1
Ud4345a4a15bb,1
Ud327bfef6c5f,1
Ud32df1ed1597,1
Ud346067dbe19,1
Ud34ca94c5f52,1
Ud35a223711a7,1
Ud365e2467bfc,1
Ud3708158bc89,1
Ud382026c7ac7,1
U13c57adf53f0,1
U13c77d79081f,1
U13cef89129a3,1
U13dce0d80650,1
U13ed3059fb5c,1
U13f6bce6c076,1
U134650b343b4,1
U1347adbce1c8,1
U1356efff0995,1
U13629312ab9c,1
U136761f8c87f,1
U138eb8032454,1
Ud3857c07c138,1
Ud3a7bb48ab59,1
Ud3abda75b960,1
Ud3be660c226a,1
Ud3cf868044c9,1
Ud3d7707f85e4,1
Ud3e2864aac05,1
Ud3e82871dbfb,1
Ud4209f21fb93,1
Ud424d589520f,1
Ud4f582d70e3e,1
Ud5080a4a3d38,1
Ud518522d6ceb,1
Ud51b17244b94,1
Ud52aab934e2f,1
Ud46c9950ffcc,1
Ud4714c064dd2,1
Ud47ca790436c,1
Ud495c60cb2dc,1
Ud49f1b5398c0,1
Ud4a799fc6334,1
Ud4baccdc3007,1
U13216996e8ec,1
U1322dab6ad1e,1
U132871ccf4d5,1
U133a38bd072a,1
U12885362d22a,1
U128c5cb0477d,1
U129ccef6f534,1
U129ec11702fb,1
U12a5484e3f33,1
U12b397e4aae8,1
U12be79bc94f3,1
U12c7193cf991,1
U12f875e738b0,1
U12fe4f821485,1
U1303c8d1f622,1
Ud4de7e1af9db,1
Ud4df0a275b37,1
Ud4e57eaf3d45,1
Ud4e85d6f5a08,1
Ud4eb70c2c3be,1
Ud682da16d643,1
Ud69a2275d160,1
Ud558b1b9095f,1
Ud55971f7028e,1
Ud56b9d60f8d5,1
Ud594e98e2688,1
Ud5a061d51e59,1
Ud5c1261f5b59,1
Ud5d20da7d167,1
Ud5d33fc6f1a5,1
Ud61694e8f617,1
Ud624b787dd1b,1
Ud6282636030e,1
U1272419cc508,1
U127fad28c053,1
U12800dc81b45,1
U11b1d5aa19d2,1
U11c6bc535576,1
U11c70aef9470,1
U11f0aa4b33ee,1
U1200de112ae3,1
U1203d76e5755,1
U1206e0759a01,1
U1217483220f2,1
U122170e3f72e,1
Ud628688f4862,1
Ud62add1cdaf4,1
Ud646021615ae,1
Ud66616fd66bc,1
Ud6789af907db,1
Ud67a46199549,1
Ud68136e847d9,1
Ud7a57f6da5ba,1
Ud7bfb5ade081,1
Ud7d06a746b25,1
Ud6aa3fa303ed,1
Ud6ae6f3f4869,1
Ud6b31060c5e7,1
Ud6c49169cec6,1
Ud6d0f4668a89,1
Ud6d730957030,1
Ud7126cafcfb6,1
Ud713487cd63f,1
Ud71518aeea3f,1
Ud71ca238756f,1
U116b98a8f8b9,1
U117f7efc214a,1
U11977b5d79c5,1
Ud7f32b51cea9,1
Ud8069d0a290d,1
Ud812e455b085,1
Ud8233dd114da,1
Ud83e61daa288,1
Ud852f4841393,1
Ud854e8d5bf68,1
Ud74dfe00802e,1
Ud74ec4accf22,1
Ud7623e8a213b,1
Ud779e9d566e4,1
Ud780bdabd0d9,1
Ud78bd19da8c6,1
Ud79187ecd58c,1
Ud7998ca42c68,1
Ud7a4ba223f85,1
U10f292e04530,1
U10f36c1cf1d7,1
U10f8410ddd68,1
U110bfff7ca67,1
U111af131686e,1
U1123497764f5,1
U11261ec58b96,1
U1128bb2c67af,1
U1133030115e9,1
U113d4d3a59e7,1
U114c3215b46a,1
Ud7d218b6b3d2,1
Ud7dfdfa5e293,1
Ud7e01597f446,1
Ud7e37fac4249,1
Ud7e6652f660e,1
Ud8d8ecf0099d,1
Ud8e7b40a1b7c,1
Ud8f92bb5d4ac,1
Ud927d1a9c55b,1
Ud92e83ee5753,1
Ud9416acbcb15,1
Ud861b5b423bb,1
Ud876b6b7140c,1
Ud87bf24595d2,1
Ud88288aaf15e,1
Ud886ede368b3,1
Ud88f792745e5,1
Ud8addb3161cc,1
Ud8bafd5395b7,1
Ud8bbdfa70d81,1
U10f14fd1a78f,1
U106dec51ca95,1
U10702f5be1af,1
U108239f669a2,1
U108dc2983e19,1
U10ad626154cd,1
U10b36e877674,1
U10c0f4e9d08d,1
U10d33237142f,1
U10dc4637ef72,1
U10de24352a17,1
Ud8bf27ae2ccb,1
Ud8c1fa56c11c,1
Ud8c536e8f098,1
Ud8c565beb2f2,1
Ud8d086c3ca9b,1
Ud8d71e17221b,1
U10294b6acb7b,1
U10478ba25f02,1
U105206ee4466,1
U10597ce0093b,1
Ud949b8750894,1
Ud94f027d2762,1
Ud953bddcfa52,1
Ud95e807e7725,1
Ud9651e90d4ce,1
Ud9664ffa876f,1
Ud971fced4ebd,1
Ud979a914a0ea,1
Ud9843a8102b8,1
Ud995014b0c5b,1
U1063c6b67f9d,1
U106c9ed4e7f2,1
Ud9a4ecde2a14,1
Ud9a9515cb385,1
Ud9e59d956325,1
Ud9f5e04e66bd,1
Ud9f82536e8c2,1
Ud9ff703d90aa,1
Ud9ffba6ceabb,1
Uda067a17ef36,1
Uda0fa2a710f6,1
Uda1dfa5c2b27,1
Uda278bdb755f,1
U0fe4de0dce00,1
U10008c8b160a,1
U10032f45aaf2,1
U1011173de24e,1
U101a6dbdfec1,1
Uda2d5477dbd7,1
Uda5115533a05,1
Uda547c48b0a3,1
Uda824f5e5639,1
Uda8cc27a59ed,1
U0f0011066a5b,1
U0f0bd263af5d,1
U0f12987ecd86,1
U0f1dc3f48e8d,1
U0f2199e56218,1
U0f2cd47a9047,1
U0f2fc3f7e82a,1
U0f5e6b11acb5,1
U0f64e200497f,1
U0f6cda1ed61b,1
U0f8e9221b61b,1
Udbbcded5197a,1
Udbcdfd1be41f,1
Udc05ca8f28cc,1
Udc10b4792c61,1
Udc4ee1ccfb13,1
Udad517e0eaeb,1
Udae2989ea5fc,1
Udaf85412889c,1
Udb0aad15832e,1
Udb16db1b6e68,1
Udb1ea295d2e0,1
Udb2b8271bee0,1
Udb2d531e34dc,1
Udb54cf72c0e5,1
Udb65e507cd75,1
Udb70f3ada58d,1
U0ec0c721e4ce,1
U0ecb0d289227,1
U0ecc2ccdbec5,1
U0edc017b5f5c,1
U0ede1d21678b,1
U0ede737890bc,1
U0ee98b4c64fd,1
U0ef176a6356e,1
U0ef6323c3c8a,1
Udb72418518a3,1
Udb8bee3945c1,1
Udb91b726b008,1
Udba4621a2797,1
Udba46e923ee4,1
Udba547db8721,1
Udbb4567ecb47,1
Udd5cf13167c8,1
Udd61394af67e,1
Udd61b0090cda,1
Udc4fbda21bf1,1
Udc5ce74b9ead,1
Udc907ac05720,1
Udc9981705652,1
Udc9b8f79bf57,1
Udcabebcd4c70,1
Udcbdf8a7bfb6,1
Udcd060424143,1
Udcd6c4658bd7,1
Udcddda860ea3,1
U0e9ecd12b833,1
U0eab17c95600,1
U0eb1257abdc9,1
U0e129e41c303,1
U0e212c2f40aa,1
U0e282edf0621,1
U0e2ac12ace6d,1
U0e37fba78e88,1
U0e537c881359,1
U0e57cee25ed2,1
U0e5e3294c6ba,1
U0e88251cfd21,1
Udcfca7df7eab,1
Udd0b18dd0c5c,1
Udd12fb44b382,1
Udd16864433fb,1
Udd20baf49086,1
Udd27870e641b,1
Udd4e26317cb3,1
Uded5b3cf856c,1
Udd6e2c3fe76f,1
Udd76b7341fa5,1
Udd7b6a50d343,1
Udd7bf3edbd6b,1
Udda5f6349671,1
Udda758a69c2b,1
Udda76aac6400,1
Uddb451d11c06,1
Uddba32d33354,1
Uddd7c39d199f,1
Udde8c976d1ad,1
Ude09d744d0d9,1
Ude141436b922,1
U0dc41c417bf0,1
U0de32d0ea891,1
Udf50a066d4e3,1
Udf728b1b2e80,1
Udf7c7a526a24,1
Udf900c79b157,1
Ude1b1eb1b243,1
Ude3f850f2555,1
Ude4a6f8aefd1,1
Ude53cf336add,1
Ude6ab2beb36c,1
Ude70caebe08e,1
Ude72a47a21aa,1
Ude84efaf842c,1
Ude91c73dae42,1
Ude99c064a8ae,1
Udeafdec50484,1
Udeb63d3b8baa,1
U0d5c9b21d722,1
U0d8263fa11d4,1
U0d8ca66264f8,1
U0d8f5b84b4f9,1
U0d9c22fbf000,1
U0db0b9b92d89,1
U0db3abda30ad,1
Uded77928f746,1
Uded92e0a9fa0,1
Udee21fa336a0,1
Udef451f9d41e,1
Udef4fa3b5314,1
Udf24c6cb28f8,1
Udf28ba1f9913,1
Udf3c256cc0c9,1
Udf3d17001db2,1
Ue0ea757ad5b1,1
Udf950a7279da,1
Udfbf0059e060,1
Udfc2856d8ea5,1
Udfc65d4f888c,1
Udffc2323d3cf,1
Ue010337239a6,1
Ue0338e16d715,1
Ue04a62dc3e75,1
Ue058885e09b6,1
Ue066a72ce1b7,1
Ue06f6df1bae2,1
U0d4252ef11c6,1
U0d4ba8afc777,1
U0d581115dd98,1
U0d596c400265,1
U0cc43879dbc6,1
U0cca26cae3ce,1
U0cdac9b2b514,1
U0cded67ef66e,1
U0ce4ea9d4ac5,1
U0cf11a7db39d,1
U0d0bbf3853cd,1
U0d18bbe17a89,1
U0d2981c96968,1
U0d364a15d2f0,1
U0d414d6aa978,1
Ue076a3132ee6,1
Ue0a1b2c6dd16,1
Ue0b9713bd9ac,1
Ue0ba679ade56,1
Ue0d012f387c3,1
Ue1128c071c26,1
Ue1167e8a9fa6,1
Ue12408d38ab9,1
Ue13b36c2d1b2,1
Ue13eb229c761,1
Ue15106c42240,1
Ue153fbf064f0,1
Ue162f2f5d472,1
Ue1665a71fabb,1
Ue16b3d28b496,1
Ue171a2dc3a10,1
Ue177cc7165a9,1
Ue179889a7726,1
U0cac5a482404,1
U0cacc31c1e4e,1
U0cb76087e1a6,1
U0c280bcfa25a,1
U0c3ebc9cfa92,1
U0c6c1ec3ca98,1
U0c97ebb5cbf7,1
U0c9c497d1928,1
U0ca53ec0623d,1
U0ca64d8de8b9,1
U0ca8c427bec7,1
Ue192dd23fb01,1
Ue1a0c2046cf8,1
Ue1b1ff0357db,1
Ue1b7d326a532,1
Ue1b90abbdfc4,1
Ue20c7ea075e6,1
Ue20d4d2cee45,1
Ue21e04442d55,1
Ue34a8f8fd1a2,1
Ue34ab5e428a8,1
Ue36a08736698,1
Ue22c0b76d430,1
Ue22d13d78bb3,1
Ue239a7c1bfa0,1
Ue25006743595,1
Ue2586d672223,1
Ue27d4dc12c54,1
Ue27effb7a748,1
Ue296b1352f66,1
Ue2a9347516cd,1
Ue2b64db9d7fa,1
Ue2d57b5d21e2,1
Ue2deca8f39e2,1
U0c27e1b53bf0,1
Ue3bcc99b6a67,1
Ue3c65ff1d49a,1
Ue3ca6f5b5bf7,1
Ue3cc6911cdfe,1
Ue3d9f7ae6a17,1
Ue3dc8c3aa9ca,1
Ue2ec977e6b0d,1
Ue2eff26e52e6,1
Ue2f48808e81f,1
Ue2fabbf3912b,1
Ue2fc73fabe0d,1
Ue3081d27ee82,1
Ue327a37dab57,1
Ue340fc11a4c4,1
Ue34486ff0803,1
Ue349b2d62c27,1
U0bac50a01817,1
U0bb3c2786583,1
U0bb682869995,1
U0bbccf7b9ce5,1
U0bc874bb31a8,1
U0be304f70979,1
U0befa32e647c,1
U0bf078e3c313,1
U0c09958aeabe,1
U0c13ec754846,1
Ue37a5030449a,1
Ue37c67c71bb1,1
Ue37fc091b0b3,1
Ue382f0a834a3,1
Ue3936dc339b3,1
Ue3a32ac7565d,1
Ue4fd5dd4c1b2,1
Ue50ab485a456,1
Ue3e0421e17a5,1
Ue3ea1d56f395,1
Ue3eb93c18003,1
Ue3f829561ece,1
Ue3f9e494876d,1
Ue40e098bebd8,1
Ue40e630a1ec9,1
Ue42aa939704b,1
Ue43a6f6b05ff,1
Ue43d0d6df6e2,1
Ue447abb20ff5,1
Ue459a72c3bb2,1
U0b545ea0d3c2,1
U0b62df04d324,1
U0b1363ca8422,1
U0b139ab2afa9,1
U0b1d48177562,1
U0b1dc466f246,1
U0b1f2d882170,1
U0b376456cb0b,1
U0b3f05726eff,1
U0b52eb358c89,1
Ue479a578e463,1
Ue484a9573701,1
Ue4b898c56ecc,1
Ue4ba38219b3e,1
Ue4c845684b16,1
Ue4dc426e98f3,1
Ue4e5946fd6d7,1
Ue4f400e23ab2,1
Ue516c7ceaed1,1
Ue5244f5eae83,1
Ue52695cb9dc6,1
Ue5649c7b0679,1
Ue56548134045,1
Ue5704314503a,1
Ue5827ecfd2b2,1
Ue5a661da18a9,1
Ue5caa44031ca,1
U0a9a47a2dd26,1
U0a9c1f03894e,1
U0aa6c6580060,1
U0aac2b9240ce,1
U0abbb0960674,1
U0ae6b00e1346,1
U0afb033241cb,1
U0a8465997e27,1
U0a8863ce22e3,1
U0a8937403e8e,1
U0a8c7a1aa654,1
Ue5ce4f9e7b6e,1
Ue5dcde16e6d0,1
Ue5e16e7d0a43,1
Ue5e56d129c85,1
Ue6054e1dabf2,1
Ue60b639c3514,1
Ue6184c29e892,1
Ue625fa8d807d,1
Ue6341232e583,1
Ue634b5dfb867,1
Ue63aa86fe901,1
Ue6518586b314,1
Ue7826d8f4864,1
Ue6668cf2450e,1
Ue69784e0ff37,1
Ue6c6d33533ce,1
Ue6e51ba350cc,1
Ue6ea800d4b6f,1
Ue70065d46f62,1
U09f8bf9e7f24,1
U0a0666ad7653,1
U0a1b617a4407,1
U0a308bc75aa0,1
U0a3287a7f4ae,1
U0a417817a359,1
U0a50ee7c13c2,1
U0a655eba50e8,1
U0a709be2c370,1
Ue82059364130,1
Ue822feec0fe1,1
Ue82979cab6c0,1
Ue83040ba3cdd,1
Ue70ccf3c715a,1
Ue7121a75105d,1
Ue71df6a2ee26,1
Ue72614cf6bd2,1
Ue727ce3255ce,1
Ue72b0e74f700,1
Ue72f5c92115b,1
Ue7395187d78c,1
Ue744c7dfa784,1
Ue7566ff0431a,1
Ue765d364096a,1
Ue7702ffdc2a2,1
U09b6a2891edd,1
U09b8ca33f898,1
U09c9f4c7c6ad,1
U09dad69d1552,1
U09e80571fd89,1
U09edd58c5e46,1
Ue7a0a4730e88,1
Ue7a18dccf8bd,1
Ue7b22638a329,1
Ue7b6918350d6,1
Ue7bdd3f962c9,1
Ue7d459493808,1
Ue7f1e4451f00,1
Ue7fad93d57f6,1
Ue7fc89a49296,1
Ue81907971cb7,1
Ue831822cb31a,1
Ue83d7430f0fb,1
Ue83ec3f3052f,1
Ue84f74859bdb,1
Ue8650ffbb217,1
Ue869035311a4,1
Ue86af36f80a7,1
Ue87ac93bbc4b,1
Ue87bc727f137,1
Ue87ee8847ad4,1
Ue880b35893a5,1
U096ae0bfd33c,1
U097079fe28df,1
U097622b10245,1
U0981e56e2bda,1
U09a11071f327,1
U093cd04adcdd,1
U094960f6352c,1
U09502dc66d1b,1
U0954a8a9ae5f,1
Ue8c90175e139,1
Ue8c9fac34ca9,1
Ue8e24c95d3f2,1
Ue8f53dc89a8b,1
Ue8fe7288648e,1
Ue90011550055,1
Ue905d1ea4482,1
Ue90f7339a1c5,1
Ue92a156a9061,1
Ue92d4dfe6676,1
Ue9380e6c278e,1
Ue943e97f4e81,1
Uea8fe78ef2a3,1
Ueab4b130ce42,1
Ue95b8df3e35f,1
Ue9813cda0302,1
Ue996484a2122,1
Ue99760bcddb7,1
Ue99afa8b170a,1
Ue99bc0e623b5,1
Ue9af78577481,1
Ue9cec67ed83e,1
U08f4971eb640,1
U08f9d0153ff8,1
U091906c42aa5,1
U091e81e5b119,1
U0922ea79a962,1
U092b87ae70a1,1
U0862c2c127ac,1
U08a8083212e5,1
U08b0c785f13b,1
U08b2f80f6c6c,1
U08d37b26fa0f,1
U08e14c719fb3,1
Ue9dbb7fc6bdd,1
Ue9f0bbb68131,1
Ue9ff38d0b808,1
Uea083e68d3a2,1
Uea0e825a75d9,1
Uea1682b63790,1
Uea42332e9ae7,1
Uea7e8fa3ccdd,1
Uea85f28d61b0,1
Uea888debac98,1
Uebebe2faf6a2,1
Ueac1f0a5c3c3,1
Ueac90211f7ff,1
Uead9de3f92ec,1
Ueaf6283585ce,1
Ueb1011897a88,1
Ueb157ac6e603,1
Ueb21ec29eceb,1
Ueb33b518d01a,1
Ueb3cc80804fb,1
Ueb498d26423f,1
Ueb5176e8fe02,1
U082cc5399474,1
U084da7a10681,1
U0858a6e98f99,1
U0861a679fb34,1
Uec2e870e0cae,1
Uec5540755785,1
Uec8249958f43,1
Uec9ad69d7e84,1
Ueb51f3517d8e,1
Ueb5b09aeef26,1
Ueb731d6640c0,1
Ueb772aa7e669,1
Ueb7766641703,1
Ueb7d263ab6a8,1
Ueb872f9b9d9e,1
Ueb9adc8b2af4,1
Ueb9e624190af,1
Uebbcaa73ebe1,1
Uebc6ad28949f,1
Uebdf1289018c,1
U077f7692b908,1
U078c1307f993,1
U07b2ba9ad549,1
U07c3333e2d06,1
U07d0a42216e7,1
U07e2cbd58237,1
U07f4c99ed407,1
U0806a483a4f9,1
U08231d43b48a,1
Uebfc130a47ab,1
Uebff6ea984dc,1
Uec035173e9d9,1
Uec045f37f01c,1
Uec060a10cb2d,1
Uec187a4c4259,1
Uec2c8a25868a,1
Uedcaaae0c496,1
Ueca218aae107,1
Ueca49f1bb4b1,1
Uecb118f05a6c,1
Uecc37ff1c69e,1
Uecebd4935c7f,1
Ueced0d479ba1,1
Uecf1c33e30d4,1
Ued16b9d69436,1
Ued21fb5bee42,1
Ued33af1d484c,1
Ued36d90aae62,1
Ued462da3b17d,1
U076069fe5c08,1
U077ca5e12771,1
U077e5d2d26c5,1
Uee1ba71acd46,1
Uee21110d2dd2,1
Uee2a1a6b1eb2,1
Uee2da1243ddb,1
Uee378ea4db85,1
Uee40cb4c604d,1
Uee4f26c75417,1
Uee54c78f6493,1
Uee7d4674c70d,1
Ued4d538f9b9f,1
Ued50f427bb97,1
Ued577aafe6e5,1
Ued62e8f3db9b,1
Ued6728903899,1
Ued6fc9479b35,1
Ueda4d01950f4,1
U070134b832e2,1
U070255e69fcc,1
U0708fcf5da48,1
U070b5c0d2623,1
U0717359ad803,1
U071855043229,1
U071e6f6dadf1,1
U072e897f50c5,1
U073f4f458e1a,1
U07497f965dc8,1
U07560acdb88b,1
Ueddd492f1c14,1
Uede2e6c3d089,1
Uedfce8310a17,1
Uedff19f35137,1
Uee12ff42be8e,1
Uef99904a438a,1
Uefa093699358,1
Uefb53380e0ed,1
Uee80897c5223,1
Ueea663666f88,1
Ueeac4568cd2b,1
Ueecdf24a4c4d,1
Ueee056869799,1
Ueee640f17506,1
Ueee9a721e978,1
Ueeedba0d85c6,1
Ueeefbb3cc075,1
Uef01a39b0abf,1
Uef33b7ce4bfa,1
U06f080fde87c,1
U0700313a14ac,1
Uf0053d079ad1,1
Uf01a7807b5fb,1
Uf025dff5c4be,1
Uf026bba31324,1
Uf02e06bbbb64,1
Uf03ae08e5722,1
Uf03b50f8d7b6,1
Uf03f03d59d47,1
Uef42302f3492,1
Uef42eb7834cb,1
Uef484981fb36,1
Uef4b13dc12d0,1
Uef562e7c6e49,1
Uef8324b7bd3e,1
Uef833f519ccc,1
Uef9212f1267c,1
Uf07e3107c918,1
Uf080d647eba1,1
Uf08764ec188a,1
Uf097013a4ef0,1
Uf0bf0b8dfadc,1
Uf0c180b7e1b9,1
Uf0c36f9790c3,1
Uf0d7d28d3228,1
Uf1075fae393c,1
Uefcd7b062121,1
Uefda7391966d,1
Uefda8b8ede5c,1
Uefdce2855319,1
Uefe39009fffe,1
Uefeb808df0da,1
Uf002842f2c6e,1
U0651420019f7,1
U0653b901d301,1
U0655acfceeb6,1
U065663e9c662,1
U068d1a96a2c1,1
U06903078a7ee,1
U069b031f5799,1
U069eb58e14a0,1
U06a341927364,1
U06bd0e1d984f,1
U06cf9c52fa2c,1
U06e8d9e0782d,1
Uf0494c3da12c,1
Uf064e8900bd9,1
Uf06c933c09c5,1
Uf06e165e6693,1
U060b6ea5d77b,1
U060dd222a708,1
U0615a0d384b1,1
U0631eba85d86,1
Uf10b24065bf2,1
Uf120825b3060,1
Uf12caf0515f3,1
Uf14e11c8e36c,1
Uf15cbf039d0d,1
Uf15e1f7d0cc3,1
Uf1728e3722cb,1
Uf1a694ca86cc,1
Uf1ace8fbf58e,1
Uf1af323233c8,1
U06363f672ec1,1
U064bcc1551a2,1
Uf1bbdc0ed0c6,1
Uf1c6d2d13e74,1
Uf20562446d09,1
Uf20c8a8ba45f,1
Uf213eb286231,1
Uf23cf97aa3af,1
Uf245af3eae37,1
Uf257fe00b73b,1
Uf25d61ee5ae5,1
Uf25dda07ec27,1
U05a440328761,1
U05a5c7530168,1
U05c009c13739,1
U05c1d71e828f,1
U05f5be91462f,1
U060b3d96718e,1
Uf3320b1036c9,1
Uf332ba3eddd6,1
Uf33b0f09788f,1
Uf34e0b86e1c6,1
Uf35a2b79604e,1
Uf26c2f049b7c,1
Uf26dcd764bfd,1
Uf283779e4220,1
Uf286ad260880,1
Uf29e9b0fd09a,1
Uf2a55bf4e300,1
Uf2be5e20a1f1,1
Uf2c638b6718b,1
Uf2d5e90fdf4f,1
Uf2dddbf25fe6,1
Uf2dede542317,1
U052577e62bc0,1
U053dee4fae6f,1
U05421bd5bafd,1
U05450ba5430a,1
U0545a5bcdc24,1
U056067b0b8c6,1
U0566d4c2cad0,1
U056715cda837,1
U05770f225dbd,1
U0593277cfaab,1
Uf2ee698ad63b,1
Uf2f3bbcf70bd,1
Uf2f6974f953a,1
Uf2f71a1bd016,1
Uf32dabf134f5,1
Uf32f5091766b,1
Uf42e44b84a3c,1
Uf436a9d44e87,1
Uf362dcbd6e65,1
Uf3643ef284f2,1
Uf36606335e99,1
Uf36a50463339,1
Uf373f88dbee8,1
Uf3764f970d84,1
Uf37924d654de,1
Uf39304d905f5,1
Uf3943d096d45,1
Uf399a3575585,1
Uf3aab74a1fc6,1
Uf3af7194420d,1
U0506189499bf,1
U0507007cc9fa,1
U04d4c745061c,1
U04e9b2f258c5,1
U04ed72bb2045,1
U04edeba09e29,1
U04f0af87d62b,1
Uf3b87a4cf1af,1
Uf3d217d94225,1
Uf3d7747ebd88,1
Uf3dad073d775,1
Uf3de1feaef5d,1
Uf3df47959de0,1
Uf3e7fee16650,1
Uf3ea7b0fbef8,1
Uf3ec055b9988,1
Uf3f6a9342453,1
Uf41ea1a58022,1
Uf46bc6a0bd80,1
Uf4773b1ac214,1
Uf47f78105005,1
Uf494e16baaba,1
Uf4b830d7c60a,1
Uf4b92097b636,1
Uf4c00b384cf8,1
Uf4c397347009,1
Uf4cb311d5a6e,1
Uf4d162311196,1
U04752e4a31e5,1
U0497953d38a9,1
U04a26059bdcc,1
U04b1e7cf9dcc,1
U04c765a3ca33,1
U04c890a6ee12,1
Uf610639fcc7c,1
Uf6157e10b7ea,1
Uf615d077a520,1
Uf4e8ae00ad63,1
Uf4ea3a54f0e4,1
Uf4eae3ed338d,1
Uf4edcaa8d49d,1
Uf4f929beb7a3,1
Uf4fb6872f1da,1
Uf501175e0753,1
Uf501535373dd,1
Uf5080dd9395f,1
Uf5301638e2b6,1
Uf53263a83801,1
Uf5555fbec366,1
Uf55b52411aa4,1
Uf680aead23d1,1
Uf6819a7604fd,1
Uf68b2b6a3980,1
Uf68bcef7c7a7,1
Uf68f272a079f,1
Uf69131352c07,1
Uf5637e06f8b3,1
Uf56ec7135053,1
Uf573c88a740a,1
Uf57d6fa5beed,1
Uf5c8ed861553,1
Uf5cce1eb5931,1
Uf5d54e95447f,1
Uf5e96aad9952,1
Uf60c0e7770fa,1
Uf60f60055081,1
U0404167ea0f2,1
U0414e94d413d,1
U0428d4ca30af,1
U0434e303453e,1
U0437222ab84b,1
U043b79e39e42,1
U044844ead52f,1
U044d8084504c,1
U0455ef199915,1
U04597d94864a,1
Uf61733b4073d,1
Uf61755ed31ee,1
Uf6486483c2c8,1
Uf65114a66e8d,1
Uf655f3a951af,1
Uf6602fb16544,1
Uf7e1a64213b2,1
Uf6b65781c5e0,1
Uf6be437f26c8,1
Uf6d968cb418c,1
Uf6e97fd4a561,1
Uf6f6cc450c71,1
Uf6fbf6ae2046,1
Uf6ffd39cd853,1
Uf705f866ea04,1
Uf726c0e271d9,1
Uf729845ba3e8,1
Uf72a31d2a9a9,1
Uf7337ddd7108,1
Uf744ce26088f,1
U03fd0f47a13a,1
U0400ff852eeb,1
Uf83345790d63,1
Uf8369438fba8,1
Uf83d671cc6f4,1
Uf857e3aeabde,1
Uf86e6114be75,1
Uf87462df5355,1
Uf87e06b60381,1
Uf75904e790a0,1
Uf75aeb4283b6,1
Uf76f2071a54f,1
Uf77db9fd9c99,1
Uf795d29d9dc7,1
Uf79b29f6f986,1
Uf7ac97d17e02,1
Uf7cc183bb300,1
Uf7d87661276d,1
U037fa9187f0f,1
U0388c3852828,1
U03939d42a739,1
U0393af633498,1
U039ad88eae73,1
U03a52ab26d30,1
U03ac773d4b96,1
U03bd60b299ef,1
U03dcc52f6bbb,1
U03ee321825eb,1
Uf7f73302c612,1
Uf7fd8f680eb7,1
Uf7fe7eebccba,1
Uf8001b4e67fa,1
Uf820c716ae5f,1
Uf82c54f892a0,1
U03289cb10645,1
Uf8af675202cb,1
Uf8c2d55709e9,1
Uf8d7032b88dd,1
Uf8eb2c7b8dfd,1
Uf8f031aa2731,1
Uf912436ba503,1
Uf920f2161200,1
Uf921cef5ef45,1
Uf938310bc0ad,1
Uf93dd9d08466,1
Uf95d86a8d069,1
U0331d8ad6e03,1
U034274381dfa,1
U0352148b518b,1
U03788a12ca3f,1
Uf97c676ecfad,1
Uf98d2e5975d7,1
Uf99fc72bbde0,1
Uf9c48e0d550a,1
Uf9ff1adb4569,1
Ufa06531a9361,1
Ufa0ba5186ce2,1
Ufa1158e2834a,1
Ufa178ce9ab32,1
Ufa19d0afa4cb,1
Ufa3a4553dc2b,1
U02ac9c6b752f,1
U02b979025627,1
U02d561763f22,1
U02e9a9394f2b,1
U0324e5df5a16,1
Ufb04e8a62cf3,1
Ufb1a9a1c6758,1
Ufb1e858dc239,1
Ufb21e2b33a79,1
Ufa4ecada33e7,1
Ufa547aa5929f,1
Ufa71e2c456d8,1
Ufa7f502ede37,1
Ufa8a962f450b,1
Ufa8c187cee01,1
Ufa9097f7970e,1
Ufa9404c75688,1
Ufa98a559ad1b,1
Ufab920426c55,1
Uface7c852c4e,1
Ufad55f1c6d73,1
Ufb6fa5c6cdc5,1
Ufb76bf2860ce,1
Ufb76d8ac71f8,1
Ufb80f8813be5,1
Ufb8dfb6a8659,1
Ufb9e6a87dcf5,1
Ufae36b547bb4,1
Ufae96fd5351e,1
Ufaef53ff7b60,1
Ufaf3df89bc39,1
Ufaf7b12e0cf0,1
Ufafb28525bb5,1
Ufafbc6d07e40,1
Ufafd8e346cf5,1
Ufafeab59023c,1
Ufb00d46743a5,1
U0264c518c2f2,1
U026f26210e42,1
U0273a3e75c33,1
U027a26c9bee2,1
U027a7ee573ea,1
U027ea74a4313,1
U027fe40532cd,1
U0280ce93b7e5,1
U029648d7832f,1
U02973c7d57a4,1
U029e374ae4de,1
Ufb291e989b47,1
Ufb3301c1915a,1
Ufb4c71550833,1
Ufb63e2a972c8,1
Ufb68ff7340a0,1
Ufcfc9414448d,1
Ufd09cd9fb89a,1
Ufd110c054b5d,1
Ufba4fcba5855,1
Ufbc25843fee2,1
Ufc137b92cd53,1
Ufc143bad9477,1
Ufc258615752a,1
Ufc331d8e9620,1
Ufc480b012971,1
Ufc4930b91ce1,1
Ufc498d7ee98b,1
Ufc50bcbbd57c,1
Ufc5cc5bc974a,1
U0261c86c94ba,1
U026480a0908e,1
U01c9a780c5b6,1
U01ce4e3aae0c,1
U01d379229a0a,1
U01d78ed91bb5,1
U01e835625ac5,1
U01fe0da1b0cf,1
U020c0ff535c9,1
U0214b9fd356b,1
U021e97c451c9,1
U0238aa48ec5b,1
U0256e81c14f4,1
Ufc5f5be67f7c,1
Ufc75a22da69a,1
Ufcb719c131cb,1
Ufcbfb401004c,1
Ufccee6ce9e10,1
Ufdfd040539ff,1
Ufe0f70017611,1
Ufd177b4b9067,1
Ufd21cd948a00,1
Ufd24d0f617dc,1
Ufd296012670b,1
Ufd2d6f2a171b,1
Ufd307986488f,1
Ufd62cdb3a297,1
Ufd6c27265ce2,1
Ufd7dcfb532fb,1
Ufd841b9f958d,1
Ufd9462645b99,1
Ufd974a6b15a1,1
U01b2a8eff30e,1
U01c0d8ef89ea,1
Ufe7c183977d9,1
Ufe9ca7d5c856,1
Ufea38cdcf292,1
Ufea52d0cea40,1
Ufea6121bc9b9,1
Ufdab27e555c7,1
Ufdb0f1b12802,1
Ufdb19d888b6c,1
Ufdb60b41fd35,1
Ufdc2072430a5,1
Ufdcfa98886c6,1
Ufdd845755a36,1
Ufdd984746116,1
Ufddb855ecddd,1
Ufdf0a2ca9d3f,1
Ufdf4da0a220d,1
Uff5db8008e67,1
U00047cc88a3c,1
U002340032e18,1
U0026a5c5c215,1
U002bae9ceebb,1
U00597864e783,1
U0075e9553872,1
U0079b623662e,1
U008b67a7dbc8,1
U008fa2ae1b58,1
U009aac4ea8de,1
U00bb4ab9c35b,1
U00c341d10c98,1
U00ff0cdb4af1,1
U0104174ba243,1
U0110d2e45758,1
U4ed83a5ba97d,1
U4edba5dad34c,1
U4ee23d63141b,1
U4ee253bd9bca,1
U4ee7ab7424f5,1
Ufeba08ef8add,1
Ufecb13047e11,1
Ufecd4f132a9e,1
Ufedd97aa2d3d,1
Uff0029342e64,1
Uff29237090c5,1
Uff2aaac3c94f,1
Uff33e26be9cb,1
Uff3ac202adde,1
Uff47cfd7a9c0,1
Uff4ef17356b7,1
